Barcode,Design No,MRP,Total Quantity,Available Quantity,Purchase Order ID,Action Recommendation
00000075,A136127,55994.99,0,0,,Remove (Orphaned - No PO)
00000373,S-3481 (XL),15195,0,0,,Remove (Orphaned - No PO)
00000378,S - 3841 XL,14295,0,0,,Remove (Orphaned - No PO)
00000468,KS-526 W,10595,0,0,,Remove (Orphaned - No PO)
00000473,SKW-2108 BR,10595,1,1,,Remove (Orphaned - No PO)
00000915,4188,0,0,0,,Remove (Orphaned - No PO)
00000916,3797,0,0,0,,Remove (Orphaned - No PO)
00000917,4281,0,0,0,,Remove (Orphaned - No PO)
00000918,4091,0,0,0,,Remove (Orphaned - No PO)
00000919,4052,0,0,0,,Remove (Orphaned - No PO)
00000920,2513 GR,0,0,0,,Remove (Orphaned - No PO)
00000927,2541 PE,0,0,0,,Remove (Orphaned - No PO)
00000928,2598 L,0,0,0,,Remove (Orphaned - No PO)
00000929,5225,0,0,0,,Remove (Orphaned - No PO)
00000930,2563,0,0,0,,Remove (Orphaned - No PO)
00000931,642,0,0,0,,Remove (Orphaned - No PO)
00000937,ME-01,0,0,0,,Remove (Orphaned - No PO)
00000938,M-781 BR,0,0,0,,Remove (Orphaned - No PO)
00000939,M-772 ,0,0,0,,Remove (Orphaned - No PO)
00000940,M-568 B,0,0,0,,Remove (Orphaned - No PO)
00000941,11041,0,0,0,,Remove (Orphaned - No PO)
00000942,M-842,0,0,0,,Remove (Orphaned - No PO)
00000943,M-748 ,0,0,0,,Remove (Orphaned - No PO)
00000024,2525 BG,31995.02,1,1,1450a36e-9b6a-4a82-a814-c1b64a6cca8c,Keep
00000025,2525 PINK,32995.00,1,0,1450a36e-9b6a-4a82-a814-c1b64a6cca8c,Keep
00000026,2516 BG,39995.00,1,1,1450a36e-9b6a-4a82-a814-c1b64a6cca8c,Keep
00000027,2510 PINK,24995.00,1,1,1450a36e-9b6a-4a82-a814-c1b64a6cca8c,Keep
00000028,2521 PINK,26995.00,1,0,1450a36e-9b6a-4a82-a814-c1b64a6cca8c,Keep
00000029,2520 PINK,26994.99,1,0,1450a36e-9b6a-4a82-a814-c1b64a6cca8c,Keep
00000030,2588 RN,25995.00,1,1,1450a36e-9b6a-4a82-a814-c1b64a6cca8c,Keep
00000031,2504 CM,26995.00,1,0,1450a36e-9b6a-4a82-a814-c1b64a6cca8c,Keep
00000032,2515 ON,26994.99,1,1,1450a36e-9b6a-4a82-a814-c1b64a6cca8c,Keep
00000033,2543 CM,32995.00,1,0,1450a36e-9b6a-4a82-a814-c1b64a6cca8c,Keep
00000034,9811 RANI,30995.00,1,0,6d9b3769-aaa6-43bd-a91a-987bb6646110,Keep
00000035,10212 PINK,20995.00,1,0,6d9b3769-aaa6-43bd-a91a-987bb6646110,Keep
00000036,10602 PINK,30995.00,1,0,6d9b3769-aaa6-43bd-a91a-987bb6646110,Keep
00000037,10604 YE,30995.00,1,1,6d9b3769-aaa6-43bd-a91a-987bb6646110,Keep
00000038,10601 BLUE,28995.00,1,0,6d9b3769-aaa6-43bd-a91a-987bb6646110,Keep
00000039,PN-7842 ( PK ),138995.00,1,1,24dc42ed-281d-4536-a0bc-3a20dbf67f04,Keep
00000040,PN-7844 ( PH ),110995.00,1,1,24dc42ed-281d-4536-a0bc-3a20dbf67f04,Keep
00000041,PN-7860 ( BG ),102995.00,1,1,24dc42ed-281d-4536-a0bc-3a20dbf67f04,Keep
00000042,PN-7764 ( PU ),50995.00,1,1,24dc42ed-281d-4536-a0bc-3a20dbf67f04,Keep
00000043,PN-7706A,58995.00,1,1,24dc42ed-281d-4536-a0bc-3a20dbf67f04,Keep
00000044,PN-7725A,46995.00,1,0,24dc42ed-281d-4536-a0bc-3a20dbf67f04,Keep
00000045,659,100999.00,1,1,f9034d75-b93b-4eba-9f02-cdafc0b7558d,Keep
00000046,11004,36995.00,1,0,0c5c2cec-c72a-4803-867f-7b3794cf30e9,Keep
00000047,11016,36999.00,1,1,f82028cd-df60-4f3e-aef7-56e2eccffd97,Keep
00000048,10067,32999.00,1,0,f156f8a5-ff9f-47b2-96fc-2afc40853bce,Keep
00000049,10049,32999.01,1,0,6e3004c5-b069-4731-8103-96ed4102f103,Keep
00000050,1993,29995,1,1,5aa99477-c42e-4340-867e-30e45984ada5,Keep
00000051,2015,26995,1,0,5aa99477-c42e-4340-867e-30e45984ada5,Keep
00000052,2015 B,26995,1,1,5aa99477-c42e-4340-867e-30e45984ada5,Keep
00000053,1946,27995,1,0,5aa99477-c42e-4340-867e-30e45984ada5,Keep
00000054,1946 XL,27994.99,1,0,5aa99477-c42e-4340-867e-30e45984ada5,Keep
00000055,2925,18995,1,0,5aa99477-c42e-4340-867e-30e45984ada5,Keep
00000056,2925 XL,17995,1,1,5aa99477-c42e-4340-867e-30e45984ada5,Keep
00000057,2021,22995,2,2,5aa99477-c42e-4340-867e-30e45984ada5,Keep
00000058,2021 XL,22995,1,1,5aa99477-c42e-4340-867e-30e45984ada5,Keep
00000059,2056,22995,1,1,5aa99477-c42e-4340-867e-30e45984ada5,Keep
00000060,2056 XL,22995,1,0,5aa99477-c42e-4340-867e-30e45984ada5,Keep
00000061,2028,22995,2,1,5aa99477-c42e-4340-867e-30e45984ada5,Keep
00000062,2043,24995,2,2,5aa99477-c42e-4340-867e-30e45984ada5,Keep
00000063,1861 PINK,14995,2,2,5aa99477-c42e-4340-867e-30e45984ada5,Keep
00000064,1861 R,14995,1,1,5aa99477-c42e-4340-867e-30e45984ada5,Keep
00000065,2836 R1,10995,2,1,5aa99477-c42e-4340-867e-30e45984ada5,Keep
00000066,2836 GN,10995,1,0,5aa99477-c42e-4340-867e-30e45984ada5,Keep
00000067,1849 XL,13995,1,1,5aa99477-c42e-4340-867e-30e45984ada5,Keep
00000068,1849,13995,1,1,5aa99477-c42e-4340-867e-30e45984ada5,Keep
00000069,2002,12995,2,2,5aa99477-c42e-4340-867e-30e45984ada5,Keep
00000070,10093,32999.00,1,0,b2f2308d-ccbe-465f-ad64-37129394d758,Keep
00000071,10069,28999.00,1,1,b2f2308d-ccbe-465f-ad64-37129394d758,Keep
00000072,10040,38999.00,1,1,b2f2308d-ccbe-465f-ad64-37129394d758,Keep
00000073,10087,38999.00,1,0,b2f2308d-ccbe-465f-ad64-37129394d758,Keep
00000074,10014,32999.00,1,1,b2f2308d-ccbe-465f-ad64-37129394d758,Keep
00000076,10066,24999.00,1,1,f156f8a5-ff9f-47b2-96fc-2afc40853bce,Keep
00000077,10045,30999.00,1,1,f156f8a5-ff9f-47b2-96fc-2afc40853bce,Keep
00000078,I 10045,30999.00,1,1,f156f8a5-ff9f-47b2-96fc-2afc40853bce,Keep
00000079,10058,32999.00,1,1,f156f8a5-ff9f-47b2-96fc-2afc40853bce,Keep
00000080,10080,30999.00,1,0,f156f8a5-ff9f-47b2-96fc-2afc40853bce,Keep
00000081,IW1239,21595.00,1,1,ab294ca4-a864-460d-81ea-0c1c02446dac,Keep
00000082,OMKL125,61195.00,1,1,ab294ca4-a864-460d-81ea-0c1c02446dac,Keep
00000083,SGH2957R,30595.00,1,1,ab294ca4-a864-460d-81ea-0c1c02446dac,Keep
00000084,10088,50999.00,1,0,2a37f0b6-2c42-46f5-87cb-f2e3bb757559,Keep
00000085,SGH2822,32395.00,1,0,c41c9be5-1b23-48a3-8539-fbc923e6c033,Keep
00000086,SGH2823,35995.00,1,1,c41c9be5-1b23-48a3-8539-fbc923e6c033,Keep
00000087,G884,25195.00,1,1,90e36d8f-08b6-466d-9218-2af573ba1ee1,Keep
00000088,OMKL 176,43195.00,1,1,90e36d8f-08b6-466d-9218-2af573ba1ee1,Keep
00000089,SGH2923,48595.00,1,1,90e36d8f-08b6-466d-9218-2af573ba1ee1,Keep
00000090,11001,32999.00,1,0,37aa2da0-cc4f-498f-bf34-bbfa472ed4a2,Keep
00000091,10076,38999.00,1,1,37aa2da0-cc4f-498f-bf34-bbfa472ed4a2,Keep
00000092,561,100999.00,1,1,37aa2da0-cc4f-498f-bf34-bbfa472ed4a2,Keep
00000093,11033,36999.00,1,0,37aa2da0-cc4f-498f-bf34-bbfa472ed4a2,Keep
00000094,G870,30595.00,1,1,c2db61c3-03c9-479e-86d8-dba15b5bc571,Keep
00000095,SGH2838,28795.00,1,0,c2db61c3-03c9-479e-86d8-dba15b5bc571,Keep
00000096,SGH2875R,44995.00,1,1,c2db61c3-03c9-479e-86d8-dba15b5bc571,Keep
00000097,IW1229,32395.00,1,1,f4d03865-5cb3-47a2-bddc-29b84eeed405,Keep
00000098,SGH2512,41395.00,1,0,f4d03865-5cb3-47a2-bddc-29b84eeed405,Keep
00000099,SGH3003,41395.00,1,1,f4d03865-5cb3-47a2-bddc-29b84eeed405,Keep
00000100,G839,32395.00,1,0,673903b2-8504-44f3-9c54-6ca81c4b732a,Keep
00000101,G886,26995.00,1,0,673903b2-8504-44f3-9c54-6ca81c4b732a,Keep
00000102,NDDS NOV 03,26995.00,1,0,673903b2-8504-44f3-9c54-6ca81c4b732a,Keep
00000103,SGH2900,28795.00,1,0,673903b2-8504-44f3-9c54-6ca81c4b732a,Keep
00000104,DS1066,34195.00,1,0,74c80376-5dbd-414c-b5dc-37af482607ad,Keep
00000105,DS1104,34195.00,1,1,74c80376-5dbd-414c-b5dc-37af482607ad,Keep
00000106,DS1131,26995.00,1,1,74c80376-5dbd-414c-b5dc-37af482607ad,Keep
00000107,IW1166,23395.00,1,0,74c80376-5dbd-414c-b5dc-37af482607ad,Keep
00000108,IW1182A,34195.00,1,1,74c80376-5dbd-414c-b5dc-37af482607ad,Keep
00000109,IW1185,37795.00,1,0,74c80376-5dbd-414c-b5dc-37af482607ad,Keep
00000110,IW1337A,30595.00,1,1,74c80376-5dbd-414c-b5dc-37af482607ad,Keep
00000111,IW1348,34195.00,1,1,74c80376-5dbd-414c-b5dc-37af482607ad,Keep
00000112,PE55,19795.00,1,1,74c80376-5dbd-414c-b5dc-37af482607ad,Keep
00000113,SP1681 A,16195.00,1,1,74c80376-5dbd-414c-b5dc-37af482607ad,Keep
00000114,SP1681,16195.00,1,1,74c80376-5dbd-414c-b5dc-37af482607ad,Keep
00000115,K2002-M7//,64995.00,1,1,b17d2cd8-ed41-4dda-a6a8-4052fc212976,Keep
00000116,K2124-TSC/C107//,38995.00,1,1,b17d2cd8-ed41-4dda-a6a8-4052fc212976,Keep
00000117,A2024-TS11/TS01// 12883,48995.00,1,1,b17d2cd8-ed41-4dda-a6a8-4052fc212976,Keep
00000118,A1-109-M8/SP01// 12884,52995.00,1,1,b17d2cd8-ed41-4dda-a6a8-4052fc212976,Keep
00000119,A2027-M94/D1/NET/SELF// 12887,56995.00,1,1,b17d2cd8-ed41-4dda-a6a8-4052fc212976,Keep
00000120,DS1068,28795.00,1,1,2853a013-0b2b-4c17-9891-7bca76e62b1c,Keep
00000121,DS1069,23395.00,1,1,2853a013-0b2b-4c17-9891-7bca76e62b1c,Keep
00000122,DS1071,35995.00,1,0,2853a013-0b2b-4c17-9891-7bca76e62b1c,Keep
00000123,DS1110,35995.00,1,0,2853a013-0b2b-4c17-9891-7bca76e62b1c,Keep
00000124,DS1171,34195.00,1,0,2853a013-0b2b-4c17-9891-7bca76e62b1c,Keep
00000125,DS1203,26995.00,1,0,2853a013-0b2b-4c17-9891-7bca76e62b1c,Keep
00000126,DS997,30595.00,1,1,2853a013-0b2b-4c17-9891-7bca76e62b1c,Keep
00000127,IW1346,26995.00,1,1,2853a013-0b2b-4c17-9891-7bca76e62b1c,Keep
00000128,AF2052-M4/D21/M9/SELF// 12886,60995.00,1,1,2048c458-e79f-4ecd-a441-2720f5266a5d,Keep
00000129,RJ2024,75995.00,1,1,cf81005d-f927-48f7-9d21-f0db1a93a05d,Keep
00000130,GD2516,82995.00,1,1,cf81005d-f927-48f7-9d21-f0db1a93a05d,Keep
00000131,RJ1791,64799.00,1,1,cad61c3e-388c-4248-b3f0-778c185df433,Keep
00000132,RJ1919,87995.00,1,0,075a83de-daf9-4fa4-b835-6b834dd2f57f,Keep
00000133,RJ1953,101995.00,1,1,075a83de-daf9-4fa4-b835-6b834dd2f57f,Keep
00000134,RJ1988,94995.00,1,1,075a83de-daf9-4fa4-b835-6b834dd2f57f,Keep
00000135,RJ1965,77995.00,1,0,075a83de-daf9-4fa4-b835-6b834dd2f57f,Keep
00000136,RJ1994,94995.00,1,1,075a83de-daf9-4fa4-b835-6b834dd2f57f,Keep
00000137,RJ1995,87995.00,1,0,075a83de-daf9-4fa4-b835-6b834dd2f57f,Keep
00000138,GD2571,49995.00,1,1,075a83de-daf9-4fa4-b835-6b834dd2f57f,Keep
00000139,RJ1852,44995.00,1,1,075a83de-daf9-4fa4-b835-6b834dd2f57f,Keep
00000140,AB103,56995.00,1,1,075a83de-daf9-4fa4-b835-6b834dd2f57f,Keep
00000141,AB101,56995.00,1,1,075a83de-daf9-4fa4-b835-6b834dd2f57f,Keep
00000142,RJ1811,44995.00,1,1,075a83de-daf9-4fa4-b835-6b834dd2f57f,Keep
00000143,L-922D,36995,0,0,79cd158d-8d4f-409b-90ae-c612d361c656,Keep
00000144,L-926,120995,1,1,79cd158d-8d4f-409b-90ae-c612d361c656,Keep
00000145,L-927,110995,1,1,79cd158d-8d4f-409b-90ae-c612d361c656,Keep
00000146,L-939,74995,1,0,79cd158d-8d4f-409b-90ae-c612d361c656,Keep
00000147,L-947,160995,1,1,79cd158d-8d4f-409b-90ae-c612d361c656,Keep
00000148,ST-028,44995,1,1,79cd158d-8d4f-409b-90ae-c612d361c656,Keep
00000149,L-922D,36995,1,1,79cd158d-8d4f-409b-90ae-c612d361c656,Keep
00000150,KAN12682,207995.00,1,0,cb483539-6c43-42f6-abe7-4b83999d054b,Keep
00000151,KAN12683,178995.00,1,1,cb483539-6c43-42f6-abe7-4b83999d054b,Keep
00000152,KAN12733,43995.00,2,2,cb483539-6c43-42f6-abe7-4b83999d054b,Keep
00000153,KAN15335,273995.00,1,1,cb483539-6c43-42f6-abe7-4b83999d054b,Keep
00000154,KAN18182,120995.00,1,1,cb483539-6c43-42f6-abe7-4b83999d054b,Keep
00000155,KAN18202,114995.00,1,1,cb483539-6c43-42f6-abe7-4b83999d054b,Keep
00000156,KAN18663,114995.00,1,1,cb483539-6c43-42f6-abe7-4b83999d054b,Keep
00000157,KAN19271,82995.00,1,1,cb483539-6c43-42f6-abe7-4b83999d054b,Keep
00000158,KAN6105,122995.00,1,1,cb483539-6c43-42f6-abe7-4b83999d054b,Keep
00000159,KAN18449,36995.00,1,1,cb483539-6c43-42f6-abe7-4b83999d054b,Keep
00000160,KAN19248,40995.00,1,0,cb483539-6c43-42f6-abe7-4b83999d054b,Keep
00000161,KAN8763,47995.00,1,1,cb483539-6c43-42f6-abe7-4b83999d054b,Keep
00000162,KAN19965,48995.00,1,1,cb483539-6c43-42f6-abe7-4b83999d054b,Keep
00000163,KAN11043,51995.00,1,1,cb483539-6c43-42f6-abe7-4b83999d054b,Keep
00000164,KAN19398,117995.00,1,1,cb483539-6c43-42f6-abe7-4b83999d054b,Keep
00000165,KAN20606,50995.00,1,1,cb483539-6c43-42f6-abe7-4b83999d054b,Keep
00000166,KAN8264,48995.00,1,1,cb483539-6c43-42f6-abe7-4b83999d054b,Keep
00000167,KAN9967,152995.00,1,0,cb483539-6c43-42f6-abe7-4b83999d054b,Keep
00000168,KAN11626,50995.00,1,1,cb483539-6c43-42f6-abe7-4b83999d054b,Keep
00000169,KAN19000,50995.00,1,1,cb483539-6c43-42f6-abe7-4b83999d054b,Keep
00000170,KAN9280,47995.00,1,1,cb483539-6c43-42f6-abe7-4b83999d054b,Keep
00000171,A136127,46795.00,1,1,1cc2a3b0-5bba-4dfc-ae4e-c60294d320a6,Keep
00000172,S1SS24,144995.00,1,0,c97e88c3-017d-486b-a178-38f7f3dc7c03,Keep
00000173,OD2768,152995.00,1,1,0fb726ef-7fb0-43fb-b38c-a83e008b5b7d,Keep
00000174,MMK01,192995.00,1,1,92a057ad-173c-4ba8-b2e1-8c274d0871f6,Keep
00000175,S1SS23,204995.00,1,1,9b95f7e9-ce14-4ff5-aa2e-9e991f2ee8c0,Keep
00000176,S1SS24 AK,150995,1,1,c4cc42bf-8a7f-4448-8b60-f93a1b6bd0c0,Keep
00000177,TRK01,108995,1,1,7a7a7640-710d-4f69-a594-3d4c2b527f19,Keep
00000178,MK01,126995.00,1,1,45b76271-ac67-4041-8e16-e1b382368948,Keep
00000179,SK01,126995,1,1,4e98d911-41b1-4980-8a18-0804413ed484,Keep
00000180,GH 1088,41995.00,1,1,5d9c8567-b279-465c-b5a8-2e78f33836ea,Keep
00000181,GH 1178,50799.00,1,0,5d9c8567-b279-465c-b5a8-2e78f33836ea,Keep
00000182,GH 1212,41595.00,1,1,5d9c8567-b279-465c-b5a8-2e78f33836ea,Keep
00000183,GH 1189,45995.00,1,1,5d9c8567-b279-465c-b5a8-2e78f33836ea,Keep
00000184,GH 978,30599.00,1,1,5d9c8567-b279-465c-b5a8-2e78f33836ea,Keep
00000185,GH 1177,44599.00,1,1,5d9c8567-b279-465c-b5a8-2e78f33836ea,Keep
00000186,GH 1190,35799.00,1,0,5d9c8567-b279-465c-b5a8-2e78f33836ea,Keep
00000187,GH 1134,37199.00,1,1,5d9c8567-b279-465c-b5a8-2e78f33836ea,Keep
00000188,GH 1140,31995.00,1,1,5d9c8567-b279-465c-b5a8-2e78f33836ea,Keep
00000189,GH 1182,39995.00,1,1,5d9c8567-b279-465c-b5a8-2e78f33836ea,Keep
00000190,S1SS24CK,128995.00,1,1,6aaee000-8a95-4f3e-9f7a-cb01faef278d,Keep
00000191,SGH2946,35995.00,1,1,8b9d3288-4232-4878-8a48-9ff73d37e7c2,Keep
00000192,V-1043L,30695.00,1,0,97406339-991c-4c11-9de3-20455441442f,Keep
00000193,V-4020L,32699.00,1,0,97406339-991c-4c11-9de3-20455441442f,Keep
00000194,DC 23057,86995.00,1,1,af81142a-48cf-4b76-b844-efd198d6e6c9,Keep
00000195,V-6030L,46699.00,1,1,3ed3fd59-012e-4b25-83d7-1ca816a1d9c9,Keep
00000196,V-1010L,50699.00,1,1,3ed3fd59-012e-4b25-83d7-1ca816a1d9c9,Keep
00000197,V-1930S,24699.00,1,0,21d42bff-3d93-4aaf-bb4c-b248873e6712,Keep
00000198,V-5025NSH,28699.00,1,1,21d42bff-3d93-4aaf-bb4c-b248873e6712,Keep
00000199,V-1045L,30699.00,1,0,21d42bff-3d93-4aaf-bb4c-b248873e6712,Keep
00000200,V-1931S,24099.00,1,1,21d42bff-3d93-4aaf-bb4c-b248873e6712,Keep
00000201,V-4065SH,28699.00,1,1,21d42bff-3d93-4aaf-bb4c-b248873e6712,Keep
00000202,V-4051NL,40699.00,1,1,21d42bff-3d93-4aaf-bb4c-b248873e6712,Keep
00000204,251036,198995.00,1,1,c33c5831-bdda-4d36-80fa-454f86305829,Keep
00000205,241015,258995.00,1,1,c33c5831-bdda-4d36-80fa-454f86305829,Keep
00000206,25251,114395.00,1,1,c33c5831-bdda-4d36-80fa-454f86305829,Keep
00000207,24030,100995.00,1,1,c33c5831-bdda-4d36-80fa-454f86305829,Keep
00000208,251043,198995.00,1,0,c33c5831-bdda-4d36-80fa-454f86305829,Keep
00000209,25209,106995.00,1,1,c33c5831-bdda-4d36-80fa-454f86305829,Keep
00000210,24746,318995.00,1,1,c33c5831-bdda-4d36-80fa-454f86305829,Keep
00000211,25203,114995.00,1,1,c33c5831-bdda-4d36-80fa-454f86305829,Keep
00000212,25073,42995.00,1,1,c33c5831-bdda-4d36-80fa-454f86305829,Keep
00000213,25186,234995.00,1,1,c33c5831-bdda-4d36-80fa-454f86305829,Keep
00000214,251009,118995.00,1,1,c33c5831-bdda-4d36-80fa-454f86305829,Keep
00000215,251031,170995.00,1,1,c33c5831-bdda-4d36-80fa-454f86305829,Keep
00000216,251046,198995.00,1,1,c33c5831-bdda-4d36-80fa-454f86305829,Keep
00000217,25187,234995.00,1,0,c33c5831-bdda-4d36-80fa-454f86305829,Keep
00000218,DC 24702 LC,318995.00,1,1,1ec02e8d-1445-466a-aaa3-326c4497c2cd,Keep
00000219,AM01,132995.00,1,1,f5c278a2-d031-4279-9aa8-9a0df7a30bfd,Keep
00000220,DC 23077,36995,1,1,a601d073-f4c1-43f5-be33-6638b5661c04,Keep
00000221,DC 242527,114995.00,1,1,a0c7302c-20b9-40b0-9476-70078e68e056,Keep
00000223,AS001,36995,1,0,faeb7a82-7883-440c-8d72-414a50216e40,Keep
00000224,V1925S,25995.45,1,0,a06b625d-90e3-4511-8d57-f21e657aff8c,Keep
00000225,7845 L,90995.00,1,1,49dd3108-1b9f-4b69-8a2e-c40d067b4780,Keep
00000226,7688 L,53995.00,1,1,49dd3108-1b9f-4b69-8a2e-c40d067b4780,Keep
00000227,7080,45995.00,1,1,49dd3108-1b9f-4b69-8a2e-c40d067b4780,Keep
00000228,7750,65995.00,1,1,49dd3108-1b9f-4b69-8a2e-c40d067b4780,Keep
00000229,7902,82995.00,1,1,49dd3108-1b9f-4b69-8a2e-c40d067b4780,Keep
00000230,7829,61995.00,1,1,49dd3108-1b9f-4b69-8a2e-c40d067b4780,Keep
00000231,7790,49995.00,1,1,49dd3108-1b9f-4b69-8a2e-c40d067b4780,Keep
00000232,7868,65995.00,1,1,49dd3108-1b9f-4b69-8a2e-c40d067b4780,Keep
00000233,V-7001L,30995.00,1,0,3d2c4895-125f-4e9e-8c74-0beca1f2fcef,Keep
00000234,V-4056L,30995.00,1,0,3d2c4895-125f-4e9e-8c74-0beca1f2fcef,Keep
00000235,L01,13995.00,1,0,bdd7e297-28f6-41cb-8b5a-23fc6f47ca21,Keep
00000236,L02,13995.00,1,0,bdd7e297-28f6-41cb-8b5a-23fc6f47ca21,Keep
00000237,L03,13995.00,1,0,bdd7e297-28f6-41cb-8b5a-23fc6f47ca21,Keep
00000238,L04,13995.00,1,0,bdd7e297-28f6-41cb-8b5a-23fc6f47ca21,Keep
00000239,L05,29995.00,1,1,bdd7e297-28f6-41cb-8b5a-23fc6f47ca21,Keep
00000240,L06,29995.00,1,1,bdd7e297-28f6-41cb-8b5a-23fc6f47ca21,Keep
00000241,2535,169995.00,1,1,ac2be775-e1cb-4264-b29d-0f1a2a9b2f0b,Keep
00000242,2506,109995.00,1,1,ac2be775-e1cb-4264-b29d-0f1a2a9b2f0b,Keep
00000243,2562,169995.00,1,1,ac2be775-e1cb-4264-b29d-0f1a2a9b2f0b,Keep
00000244,2555 L,24995.00,1,0,d0c2dff5-720e-4368-8f4e-0a03a9791582,Keep
00000245,2515-L,26995.00,1,0,d0c2dff5-720e-4368-8f4e-0a03a9791582,Keep
00000246,ST-193D,56995.00,1,1,ee90e415-14ec-4edb-849f-599d20c88995,Keep
00000247,ST-193,56995.00,1,1,ee90e415-14ec-4edb-849f-599d20c88995,Keep
00000248,ST-236 A,45995.00,1,1,ee90e415-14ec-4edb-849f-599d20c88995,Keep
00000249,ST-236 C,45995.00,1,0,ee90e415-14ec-4edb-849f-599d20c88995,Keep
00000250,ST-312 B,59995.00,1,1,ee90e415-14ec-4edb-849f-599d20c88995,Keep
00000251,US-295,56995.00,1,0,ee90e415-14ec-4edb-849f-599d20c88995,Keep
00000252,8371 GN,28995.00,1,0,7562beb9-5cfd-4a5f-b5f8-0af071d6ade5,Keep
00000253,8371 P,28995.00,1,0,7562beb9-5cfd-4a5f-b5f8-0af071d6ade5,Keep
00000254,8332,25995.00,1,1,7562beb9-5cfd-4a5f-b5f8-0af071d6ade5,Keep
00000255,8416,21995.00,1,1,7562beb9-5cfd-4a5f-b5f8-0af071d6ade5,Keep
00000256,SUKTARA KALI,120995.00,1,1,a5aaf126-4b5e-4d39-bbfc-ceb449686949,Keep
00000257,S1SS24 AMBIKA KALI,102995.00,1,1,b016ceaf-b894-46bb-bc47-695d4b1cf3f1,Keep
00000258,9669,66995.00,1,1,320e1516-94f3-467f-af82-5bd0a40cafbd,Keep
00000259,9821,48995.00,1,1,320e1516-94f3-467f-af82-5bd0a40cafbd,Keep
00000260,9813 R,74995.00,1,1,320e1516-94f3-467f-af82-5bd0a40cafbd,Keep
00000261,9882,57995.00,1,1,320e1516-94f3-467f-af82-5bd0a40cafbd,Keep
00000262,9882 R,57995.00,1,0,320e1516-94f3-467f-af82-5bd0a40cafbd,Keep
00000263,0315,21995.00,1,1,320e1516-94f3-467f-af82-5bd0a40cafbd,Keep
00000264,9539,82995.00,1,1,320e1516-94f3-467f-af82-5bd0a40cafbd,Keep
00000265,K2121-M08// 12877,56995.00,1,1,67e10595-c259-43d6-bb74-5fd896f5fd7c,Keep
00000266,K2076-M7// 12879,62995.00,1,1,67e10595-c259-43d6-bb74-5fd896f5fd7c,Keep
00000267,K2128-M7// 12880,60995.00,1,1,67e10595-c259-43d6-bb74-5fd896f5fd7c,Keep
00000268,K2126-TS/C128// 12881,42995.00,1,1,67e10595-c259-43d6-bb74-5fd896f5fd7c,Keep
00000269,A2023-M702/D11/ORZ/SELF// 12885,76995.00,1,1,67e10595-c259-43d6-bb74-5fd896f5fd7c,Keep
00000270,1115,38995.00,1,0,d78617b2-46af-4b32-b054-608c253731af,Keep
00000271,1091,40995.00,1,1,d78617b2-46af-4b32-b054-608c253731af,Keep
00000272,1195,38994.98,1,1,d78617b2-46af-4b32-b054-608c253731af,Keep
00000273,1196,40995.00,1,1,d78617b2-46af-4b32-b054-608c253731af,Keep
00000274,1113,36995.00,1,1,d78617b2-46af-4b32-b054-608c253731af,Keep
00000275,9888-R,80995.00,1,1,f83e4a70-4a9a-419a-a259-658d4cc0882b,Keep
00000276,9718-R,74995.00,1,1,f83e4a70-4a9a-419a-a259-658d4cc0882b,Keep
00000277,9734,83995.00,1,1,f83e4a70-4a9a-419a-a259-658d4cc0882b,Keep
00000278,9733-R,92995.00,1,0,f83e4a70-4a9a-419a-a259-658d4cc0882b,Keep
00000279,AL-500,118995.00,1,0,d13f896a-1b04-44ae-ba8e-05a3de331201,Keep
00000280,AL-456,158995.00,1,1,d13f896a-1b04-44ae-ba8e-05a3de331201,Keep
00000281,AL-555,118995.00,1,0,d13f896a-1b04-44ae-ba8e-05a3de331201,Keep
00000282,AL-468,144995.00,1,1,d13f896a-1b04-44ae-ba8e-05a3de331201,Keep
00000283,AL-460,158995.00,1,1,d13f896a-1b04-44ae-ba8e-05a3de331201,Keep
00000284,AL-442,148995.00,1,1,d13f896a-1b04-44ae-ba8e-05a3de331201,Keep
00000285,AL-551,158995.00,1,1,d13f896a-1b04-44ae-ba8e-05a3de331201,Keep
00000286,AL-560,150995.00,1,1,d13f896a-1b04-44ae-ba8e-05a3de331201,Keep
00000287,AS-145,63173.25,1,0,d13f896a-1b04-44ae-ba8e-05a3de331201,Keep
00000288,AS-228,96985.35,1,0,d13f896a-1b04-44ae-ba8e-05a3de331201,Keep
00000289,AL-563,168995.00,1,1,d13f896a-1b04-44ae-ba8e-05a3de331201,Keep
00000290,DC 241046 LC,198995.00,1,1,915f23d0-acb2-45eb-97d8-61869f79a425,Keep
00000291,DC 25892 LC,326995.00,1,1,915f23d0-acb2-45eb-97d8-61869f79a425,Keep
00000292,8363-R,32995.00,1,0,b8115e3c-ef7d-492c-83cf-9948a7bffb55,Keep
00000293,8396,33995.00,1,1,b8115e3c-ef7d-492c-83cf-9948a7bffb55,Keep
00000294,8351-R,20995.00,2,2,b8115e3c-ef7d-492c-83cf-9948a7bffb55,Keep
00000295,8027-R,34995.00,1,1,b8115e3c-ef7d-492c-83cf-9948a7bffb55,Keep
00000296,8070-R,38995.00,1,1,b8115e3c-ef7d-492c-83cf-9948a7bffb55,Keep
00000297,8283-R,30995.00,1,1,b8115e3c-ef7d-492c-83cf-9948a7bffb55,Keep
00000298,5139,18995.00,1,0,8e43b74d-db51-40e0-9fd9-dbbc90409035,Keep
00000299,5040,24995.00,1,0,8e43b74d-db51-40e0-9fd9-dbbc90409035,Keep
00000300,5141,14995.00,1,0,8e43b74d-db51-40e0-9fd9-dbbc90409035,Keep
00000301,653,14995.00,1,0,8e43b74d-db51-40e0-9fd9-dbbc90409035,Keep
00000302,1409,14995.00,1,0,8e43b74d-db51-40e0-9fd9-dbbc90409035,Keep
00000303,5188,18995.00,1,0,8e43b74d-db51-40e0-9fd9-dbbc90409035,Keep
00000304,5152,14995.00,1,1,8e43b74d-db51-40e0-9fd9-dbbc90409035,Keep
00000305,5044,26995.00,1,0,8e43b74d-db51-40e0-9fd9-dbbc90409035,Keep
00000306,647,30995.00,1,0,8e43b74d-db51-40e0-9fd9-dbbc90409035,Keep
00000307,SS 375,60995.00,1,1,903b86d7-410a-4b35-8d9c-68593867755b,Keep
00000308,R092,24995,1,1,8be15e40-1e93-4d4a-a061-d56a8feaa3b6,Keep
00000309,SS 369,104995.00,1,1,903b86d7-410a-4b35-8d9c-68593867755b,Keep
00000310,SS 306,161995.00,1,1,903b86d7-410a-4b35-8d9c-68593867755b,Keep
00000311,SS-433,144995.00,1,1,903b86d7-410a-4b35-8d9c-68593867755b,Keep
00000313,C764,58995,1,0,8be15e40-1e93-4d4a-a061-d56a8feaa3b6,Keep
00000314,C765,58995,1,1,8be15e40-1e93-4d4a-a061-d56a8feaa3b6,Keep
00000315,C771,34995,1,0,8be15e40-1e93-4d4a-a061-d56a8feaa3b6,Keep
00000317,C785,30995,1,1,8be15e40-1e93-4d4a-a061-d56a8feaa3b6,Keep
00000318,C816,34995,1,1,8be15e40-1e93-4d4a-a061-d56a8feaa3b6,Keep
00000319,C818,50995,1,1,8be15e40-1e93-4d4a-a061-d56a8feaa3b6,Keep
00000320,C868,54995,1,1,8be15e40-1e93-4d4a-a061-d56a8feaa3b6,Keep
00000321,C871,28995,1,1,8be15e40-1e93-4d4a-a061-d56a8feaa3b6,Keep
00000323,1,62995.00,1,1,9ea6ac21-f3cb-4233-9d2b-536f46b76a5e,Keep
00000326,793,7495.00,1,0,085cf2ec-401e-4cf8-b923-c83b08ba5d32,Keep
00000327,793,7495.00,1,0,085cf2ec-401e-4cf8-b923-c83b08ba5d32,Keep
00000328,795,8595.00,1,0,085cf2ec-401e-4cf8-b923-c83b08ba5d32,Keep
00000329,795,8595.00,1,0,085cf2ec-401e-4cf8-b923-c83b08ba5d32,Keep
00000330,3773,6995.00,1,1,085cf2ec-401e-4cf8-b923-c83b08ba5d32,Keep
00000331,3773,6995.00,1,1,085cf2ec-401e-4cf8-b923-c83b08ba5d32,Keep
00000332,3773,6995.00,1,1,085cf2ec-401e-4cf8-b923-c83b08ba5d32,Keep
00000333,3773,6995.00,1,1,085cf2ec-401e-4cf8-b923-c83b08ba5d32,Keep
00000334,3925,7495.00,1,1,085cf2ec-401e-4cf8-b923-c83b08ba5d32,Keep
00000335,3925,7495.00,1,1,085cf2ec-401e-4cf8-b923-c83b08ba5d32,Keep
00000336,3925,7495.00,1,0,085cf2ec-401e-4cf8-b923-c83b08ba5d32,Keep
00000337,3925,7495.00,1,0,085cf2ec-401e-4cf8-b923-c83b08ba5d32,Keep
00000338,3926,7495.00,1,1,085cf2ec-401e-4cf8-b923-c83b08ba5d32,Keep
00000339,3926,7495.00,1,0,085cf2ec-401e-4cf8-b923-c83b08ba5d32,Keep
00000340,3926,7495.00,1,0,085cf2ec-401e-4cf8-b923-c83b08ba5d32,Keep
00000341,3926,7495.00,1,0,085cf2ec-401e-4cf8-b923-c83b08ba5d32,Keep
00000342,3926 A,7495.00,1,0,085cf2ec-401e-4cf8-b923-c83b08ba5d32,Keep
00000343,3926 A,7495.00,1,0,085cf2ec-401e-4cf8-b923-c83b08ba5d32,Keep
00000344,3926 A,7495.00,1,1,085cf2ec-401e-4cf8-b923-c83b08ba5d32,Keep
00000345,3926 A,7495.00,1,0,085cf2ec-401e-4cf8-b923-c83b08ba5d32,Keep
00000346,260 A,6495.00,1,1,085cf2ec-401e-4cf8-b923-c83b08ba5d32,Keep
00000347,260 A,6495.00,1,0,085cf2ec-401e-4cf8-b923-c83b08ba5d32,Keep
00000348,260 A,6495.00,1,1,085cf2ec-401e-4cf8-b923-c83b08ba5d32,Keep
00000349,260 A,6495.00,1,1,085cf2ec-401e-4cf8-b923-c83b08ba5d32,Keep
00000350,257,6495.00,1,1,085cf2ec-401e-4cf8-b923-c83b08ba5d32,Keep
00000351,257,6495.00,1,1,085cf2ec-401e-4cf8-b923-c83b08ba5d32,Keep
00000352,257,6495.00,1,1,085cf2ec-401e-4cf8-b923-c83b08ba5d32,Keep
00000353,257,6495.00,1,1,085cf2ec-401e-4cf8-b923-c83b08ba5d32,Keep
00000354,3914,6995.00,1,0,085cf2ec-401e-4cf8-b923-c83b08ba5d32,Keep
00000355,3914,6995.00,1,0,085cf2ec-401e-4cf8-b923-c83b08ba5d32,Keep
00000356,3729,8595.00,1,1,085cf2ec-401e-4cf8-b923-c83b08ba5d32,Keep
00000357,3729,8595.00,1,1,085cf2ec-401e-4cf8-b923-c83b08ba5d32,Keep
00000358,3729 A,8595.00,1,1,085cf2ec-401e-4cf8-b923-c83b08ba5d32,Keep
00000359,3729 A,8595.00,1,1,085cf2ec-401e-4cf8-b923-c83b08ba5d32,Keep
00000360,3925 A,7495.00,1,1,085cf2ec-401e-4cf8-b923-c83b08ba5d32,Keep
00000361,3925 A,7495.00,1,1,085cf2ec-401e-4cf8-b923-c83b08ba5d32,Keep
00000362,3925 A,7495.00,1,0,085cf2ec-401e-4cf8-b923-c83b08ba5d32,Keep
00000363,3925 A,7495.00,1,0,085cf2ec-401e-4cf8-b923-c83b08ba5d32,Keep
00000364,1B,112995,1,1,3488c890-7c55-4b08-ac6a-5a6dfc8e0a78,Keep
00000365,2M,120994.99,1,1,3488c890-7c55-4b08-ac6a-5a6dfc8e0a78,Keep
00000366,3,111995.00,1,1,9ea6ac21-f3cb-4233-9d2b-536f46b76a5e,Keep
00000367,2,119995.00,1,1,9ea6ac21-f3cb-4233-9d2b-536f46b76a5e,Keep
00000368,C893,24995.00,0,0,8be15e40-1e93-4d4a-a061-d56a8feaa3b6,Keep
00000369,R099,20995,1,0,8be15e40-1e93-4d4a-a061-d56a8feaa3b6,Keep
00000370,C773,30995,1,1,8be15e40-1e93-4d4a-a061-d56a8feaa3b6,Keep
00000371,S- 3448,30095,1,1,caf87f58-7a1b-42c4-8b79-5817aa0bebfc,Keep
00000372,S-3481,14095,2,2,caf87f58-7a1b-42c4-8b79-5817aa0bebfc,Keep
00000374,V-1085,9095,2,0,caf87f58-7a1b-42c4-8b79-5817aa0bebfc,Keep
00000375,V-1085 (XL),9295,1,1,caf87f58-7a1b-42c4-8b79-5817aa0bebfc,Keep
00000376,1570,27995,1,1,b9279e4f-bff4-48d3-b457-296be475623d,Keep
00000377,1533,47995,1,0,a6e19d69-deb5-4f49-aa3c-87b89f7056c1,Keep
00000379,S-3481 (XL),14295,1,0,caf87f58-7a1b-42c4-8b79-5817aa0bebfc,Keep
00000380,SS 15719,17995.00,2,1,4af6de7b-10e9-4409-bd15-4e31360c512e,Keep
00000381,SS 15719,17995.00,1,1,4af6de7b-10e9-4409-bd15-4e31360c512e,Keep
00000382,ISH 654,10595.00,2,2,4af6de7b-10e9-4409-bd15-4e31360c512e,Keep
00000383,ISH 654,10595.00,1,1,4af6de7b-10e9-4409-bd15-4e31360c512e,Keep
00000384,ISH 654 1,10594.99,2,2,4af6de7b-10e9-4409-bd15-4e31360c512e,Keep
00000385,ISH 654 1,10594.99,1,1,4af6de7b-10e9-4409-bd15-4e31360c512e,Keep
00000386,ISH 652,15795.00,2,1,e4737e3d-6edd-4943-81c8-544e73a38708,Keep
00000387,ISH 652,15795.00,1,1,e4737e3d-6edd-4943-81c8-544e73a38708,Keep
00000388,ISH 652 B,15794.52,2,1,e4737e3d-6edd-4943-81c8-544e73a38708,Keep
00000389,ISH 652 B,15794.52,1,1,e4737e3d-6edd-4943-81c8-544e73a38708,Keep
00000390,SN 2384,12195.00,2,2,e4737e3d-6edd-4943-81c8-544e73a38708,Keep
00000391,SN 2384,12195.00,1,0,e4737e3d-6edd-4943-81c8-544e73a38708,Keep
00000392,SN 2384G,12195.00,2,1,e4737e3d-6edd-4943-81c8-544e73a38708,Keep
00000393,SN 2384G,12195.00,1,1,e4737e3d-6edd-4943-81c8-544e73a38708,Keep
00000394,SS 15743G,16195.00,2,2,e4737e3d-6edd-4943-81c8-544e73a38708,Keep
00000395,SS 15743G,16195.00,1,1,e4737e3d-6edd-4943-81c8-544e73a38708,Keep
00000396,SS 15743P,16195.00,2,2,e4737e3d-6edd-4943-81c8-544e73a38708,Keep
00000397,SS 15743P,16195.00,1,1,e4737e3d-6edd-4943-81c8-544e73a38708,Keep
00000398,1473,53995.00,1,1,e1daba10-a2ac-448c-b8c6-4205253121be,Keep
00000399,1498,63995.00,1,1,e1daba10-a2ac-448c-b8c6-4205253121be,Keep
00000400,2915P,17995.00,1,0,fa5dc543-df8b-4a38-ab78-9b997ed87e30,Keep
00000401,2915C,17995.00,1,0,fa5dc543-df8b-4a38-ab78-9b997ed87e30,Keep
00000402,2915XL,18995.00,1,1,fa5dc543-df8b-4a38-ab78-9b997ed87e30,Keep
00000403,2915XXL,18994.99,1,0,fa5dc543-df8b-4a38-ab78-9b997ed87e30,Keep
00000404,2003,19995.00,1,0,fa5dc543-df8b-4a38-ab78-9b997ed87e30,Keep
00000405,2003XL,20995.00,1,0,fa5dc543-df8b-4a38-ab78-9b997ed87e30,Keep
00000406,2040XL,23995.00,1,0,fa5dc543-df8b-4a38-ab78-9b997ed87e30,Keep
00000407,2873,15995.00,1,0,fa5dc543-df8b-4a38-ab78-9b997ed87e30,Keep
00000408,2873P,15995.00,1,0,fa5dc543-df8b-4a38-ab78-9b997ed87e30,Keep
00000409,2873XL,16995.00,1,1,fa5dc543-df8b-4a38-ab78-9b997ed87e30,Keep
00000410,1 Y,79995.00,1,0,ec5270da-3339-4698-a222-e2a5d6da61a0,Keep
00000411,2 C,149995.00,1,0,ec5270da-3339-4698-a222-e2a5d6da61a0,Keep
00000412,S-3387,8395.00,2,1,3e38afc3-f21a-4420-831c-811b9d55fccc,Keep
00000413,S-3387 (XL),8595.00,1,1,3e38afc3-f21a-4420-831c-811b9d55fccc,Keep
00000414,S-3400,21995.00,1,1,3e38afc3-f21a-4420-831c-811b9d55fccc,Keep
00000415,S-3418,21995.00,1,1,3e38afc3-f21a-4420-831c-811b9d55fccc,Keep
00000416,S-3434,14995.00,1,0,3e38afc3-f21a-4420-831c-811b9d55fccc,Keep
00000417,S-3445,8395.00,2,1,3e38afc3-f21a-4420-831c-811b9d55fccc,Keep
00000418,S-3445 XL,8595.00,1,0,3e38afc3-f21a-4420-831c-811b9d55fccc,Keep
00000419,S-3445 ( PURPLE ),8395.00,2,0,3e38afc3-f21a-4420-831c-811b9d55fccc,Keep
00000420,S-3445 (XL) PURPLE,8595.00,1,0,3e38afc3-f21a-4420-831c-811b9d55fccc,Keep
00000421,S-3446,7395.00,1,1,3e38afc3-f21a-4420-831c-811b9d55fccc,Keep
00000422,S-3446 (XL),7595.00,2,2,3e38afc3-f21a-4420-831c-811b9d55fccc,Keep
00000423,S-3450,11995.00,2,1,3e38afc3-f21a-4420-831c-811b9d55fccc,Keep
00000424,S-3450 (XL),12195.00,1,0,3e38afc3-f21a-4420-831c-811b9d55fccc,Keep
00000425,V-1021,7395.00,2,0,3e38afc3-f21a-4420-831c-811b9d55fccc,Keep
00000426,V-1021-XL,7595.00,1,1,3e38afc3-f21a-4420-831c-811b9d55fccc,Keep
00000427,V-1098,5995.00,1,1,3e38afc3-f21a-4420-831c-811b9d55fccc,Keep
00000428,V-1098 (XL),6195.00,2,2,3e38afc3-f21a-4420-831c-811b9d55fccc,Keep
00000429,KS-611 BR,9995.00,1,1,e01036f4-9fce-470b-9685-4d3430e1ce11,Keep
00000430,KS-611 BR,9995.00,1,1,e01036f4-9fce-470b-9685-4d3430e1ce11,Keep
00000431,KS-611 BR,9995.00,1,1,e01036f4-9fce-470b-9685-4d3430e1ce11,Keep
00000432,KS-611 YL,9995.00,1,1,e01036f4-9fce-470b-9685-4d3430e1ce11,Keep
00000433,KS-611 YL,9995.00,1,1,e01036f4-9fce-470b-9685-4d3430e1ce11,Keep
00000434,KS-623 BR,9595.00,1,0,e01036f4-9fce-470b-9685-4d3430e1ce11,Keep
00000435,KS-623 BR,9595.00,1,0,e01036f4-9fce-470b-9685-4d3430e1ce11,Keep
00000436,KS-623 BR,9595.00,1,0,e01036f4-9fce-470b-9685-4d3430e1ce11,Keep
00000437,KS-639 P,11595.00,1,0,e01036f4-9fce-470b-9685-4d3430e1ce11,Keep
00000438,KS-639 P,11595.00,1,0,e01036f4-9fce-470b-9685-4d3430e1ce11,Keep
00000439,TS-638 B,9995.00,1,0,e01036f4-9fce-470b-9685-4d3430e1ce11,Keep
00000440,TS-638 B,9995.00,1,1,e01036f4-9fce-470b-9685-4d3430e1ce11,Keep
00000441,TS-638 B,9995.00,1,0,e01036f4-9fce-470b-9685-4d3430e1ce11,Keep
00000442,TS-638 B,9995.00,1,0,e01036f4-9fce-470b-9685-4d3430e1ce11,Keep
00000443,TS-638 B,9995.00,1,1,e01036f4-9fce-470b-9685-4d3430e1ce11,Keep
00000444,KS-631 PK,10995.00,1,0,e01036f4-9fce-470b-9685-4d3430e1ce11,Keep
00000445,KS-631 PK,10995.00,1,0,e01036f4-9fce-470b-9685-4d3430e1ce11,Keep
00000446,KS-631 PK,10995.00,1,0,e01036f4-9fce-470b-9685-4d3430e1ce11,Keep
00000447,KS-631 YL,10995.00,1,1,e01036f4-9fce-470b-9685-4d3430e1ce11,Keep
00000448,KS-631 YL,10995.00,1,1,e01036f4-9fce-470b-9685-4d3430e1ce11,Keep
00000449,DS-601 PK,10195,0,0,2277eabe-934a-4a68-ab60-457f460550f4,Keep
00000450,DS-601 PK,10195,0,0,2277eabe-934a-4a68-ab60-457f460550f4,Keep
00000451,DS-601 PK,10195,0,0,2277eabe-934a-4a68-ab60-457f460550f4,Keep
00000452,DS-601 YL,9995.00,1,1,e01036f4-9fce-470b-9685-4d3430e1ce11,Keep
00000453,DS-601 YL,9995.00,1,1,e01036f4-9fce-470b-9685-4d3430e1ce11,Keep
00000454,KW-2511/PL B,7595.00,1,0,e01036f4-9fce-470b-9685-4d3430e1ce11,Keep
00000455,KW-2511/PL B,7595.00,1,0,e01036f4-9fce-470b-9685-4d3430e1ce11,Keep
00000456,KW-2511/PL B,7595.00,1,0,e01036f4-9fce-470b-9685-4d3430e1ce11,Keep
00000457,KW-2511-PL P,7595.00,1,0,e01036f4-9fce-470b-9685-4d3430e1ce11,Keep
00000458,KW-2511-PL P,7595.00,1,0,e01036f4-9fce-470b-9685-4d3430e1ce11,Keep
00000459,KS-602 BR,9795.00,1,0,e01036f4-9fce-470b-9685-4d3430e1ce11,Keep
00000460,KS-602 BR,9795.00,1,0,e01036f4-9fce-470b-9685-4d3430e1ce11,Keep
00000461,KS-602 BR,9795.00,1,0,e01036f4-9fce-470b-9685-4d3430e1ce11,Keep
00000462,KS-602 WH,9795.00,1,1,e01036f4-9fce-470b-9685-4d3430e1ce11,Keep
00000463,KS-602 WH,9795.00,1,1,e01036f4-9fce-470b-9685-4d3430e1ce11,Keep
00000464,KW-639 G,11595.00,1,1,e01036f4-9fce-470b-9685-4d3430e1ce11,Keep
00000465,KW-639 G,11595.00,1,0,e01036f4-9fce-470b-9685-4d3430e1ce11,Keep
00000466,KW-639 G,11595.00,1,0,e01036f4-9fce-470b-9685-4d3430e1ce11,Keep
00000467,KS-526 W,10095.00,1,1,e01036f4-9fce-470b-9685-4d3430e1ce11,Keep
00000469,SKW-2108 WN,10595,0,0,2277eabe-934a-4a68-ab60-457f460550f4,Keep
00000470,KSW-2108 GD,10595,0,0,2277eabe-934a-4a68-ab60-457f460550f4,Keep
00000471,SKW-2108 YL,10595,0,0,2277eabe-934a-4a68-ab60-457f460550f4,Keep
00000472,SKW-2108 BL,10595,0,0,2277eabe-934a-4a68-ab60-457f460550f4,Keep
00000474,KSW-2108  GY,11195,0,0,2277eabe-934a-4a68-ab60-457f460550f4,Keep
00000475,KSW-2108 GR,11195,0,0,2277eabe-934a-4a68-ab60-457f460550f4,Keep
00000476,SC-100 WH,2395.00,4,4,e01036f4-9fce-470b-9685-4d3430e1ce11,Keep
00000477,SC-103 BK,2695.00,2,1,e01036f4-9fce-470b-9685-4d3430e1ce11,Keep
00000478,SC-35  WH,1995.00,2,2,e01036f4-9fce-470b-9685-4d3430e1ce11,Keep
00000479,SC-79 BK,2395.00,1,1,e01036f4-9fce-470b-9685-4d3430e1ce11,Keep
00000480,SC-112 BK,1595.00,1,0,e01036f4-9fce-470b-9685-4d3430e1ce11,Keep
00000481,SC-101 WH,2695.00,1,0,e01036f4-9fce-470b-9685-4d3430e1ce11,Keep
00000482,260138,10395.00,1,0,9216f21f-ec64-4c8e-95ef-21681d08b796,Keep
00000483,260138,10395.00,1,0,9216f21f-ec64-4c8e-95ef-21681d08b796,Keep
00000484,260138,10395.00,1,0,9216f21f-ec64-4c8e-95ef-21681d08b796,Keep
00000485,260138,10395.00,1,1,9216f21f-ec64-4c8e-95ef-21681d08b796,Keep
00000486,260138,10395.00,1,1,9216f21f-ec64-4c8e-95ef-21681d08b796,Keep
00000487,260162,10495.00,1,1,9216f21f-ec64-4c8e-95ef-21681d08b796,Keep
00000488,260162,10495.00,1,0,9216f21f-ec64-4c8e-95ef-21681d08b796,Keep
00000489,260162,10495.00,1,0,9216f21f-ec64-4c8e-95ef-21681d08b796,Keep
00000490,260162,10495.00,1,1,9216f21f-ec64-4c8e-95ef-21681d08b796,Keep
00000491,260162,10495.00,1,1,9216f21f-ec64-4c8e-95ef-21681d08b796,Keep
00000492,260136,10295.00,1,0,9216f21f-ec64-4c8e-95ef-21681d08b796,Keep
00000493,260136,10295.00,1,0,9216f21f-ec64-4c8e-95ef-21681d08b796,Keep
00000494,260136,10295.00,1,0,9216f21f-ec64-4c8e-95ef-21681d08b796,Keep
00000495,260136,10295.00,1,0,9216f21f-ec64-4c8e-95ef-21681d08b796,Keep
00000496,260136,10295.00,1,1,9216f21f-ec64-4c8e-95ef-21681d08b796,Keep
00000497,250371,9795.00,1,1,9216f21f-ec64-4c8e-95ef-21681d08b796,Keep
00000498,250371,9795.00,1,1,9216f21f-ec64-4c8e-95ef-21681d08b796,Keep
00000499,250371,9795.00,1,0,9216f21f-ec64-4c8e-95ef-21681d08b796,Keep
00000500,250730,5795.00,1,0,9216f21f-ec64-4c8e-95ef-21681d08b796,Keep
00000501,250730,5795.00,1,0,9216f21f-ec64-4c8e-95ef-21681d08b796,Keep
00000502,250730,5795.00,1,0,9216f21f-ec64-4c8e-95ef-21681d08b796,Keep
00000503,250730,5795.00,1,0,9216f21f-ec64-4c8e-95ef-21681d08b796,Keep
00000504,250730,5795.00,1,0,9216f21f-ec64-4c8e-95ef-21681d08b796,Keep
00000505,250578,11295.00,1,0,9216f21f-ec64-4c8e-95ef-21681d08b796,Keep
00000506,250578,11295.00,1,0,9216f21f-ec64-4c8e-95ef-21681d08b796,Keep
00000507,250578,11295.00,1,0,9216f21f-ec64-4c8e-95ef-21681d08b796,Keep
00000508,250578,11295.00,1,0,9216f21f-ec64-4c8e-95ef-21681d08b796,Keep
00000509,250578,11295.00,1,0,9216f21f-ec64-4c8e-95ef-21681d08b796,Keep
00000510,260728,5495.00,1,0,9216f21f-ec64-4c8e-95ef-21681d08b796,Keep
00000511,260728,5495.00,1,0,9216f21f-ec64-4c8e-95ef-21681d08b796,Keep
00000512,260728,5495.00,1,0,9216f21f-ec64-4c8e-95ef-21681d08b796,Keep
00000513,260728,5495.00,1,0,9216f21f-ec64-4c8e-95ef-21681d08b796,Keep
00000514,260728,5495.00,1,0,9216f21f-ec64-4c8e-95ef-21681d08b796,Keep
00000515,260141,9195.00,1,0,9216f21f-ec64-4c8e-95ef-21681d08b796,Keep
00000516,260141,9195.00,1,0,9216f21f-ec64-4c8e-95ef-21681d08b796,Keep
00000517,260141,9195.00,1,0,9216f21f-ec64-4c8e-95ef-21681d08b796,Keep
00000518,260141,9195.00,1,0,9216f21f-ec64-4c8e-95ef-21681d08b796,Keep
00000519,260141,9195.00,1,0,9216f21f-ec64-4c8e-95ef-21681d08b796,Keep
00000520,250720,5795.00,1,1,9216f21f-ec64-4c8e-95ef-21681d08b796,Keep
00000521,250720,5795.00,1,1,9216f21f-ec64-4c8e-95ef-21681d08b796,Keep
00000522,250720,5795.00,1,0,9216f21f-ec64-4c8e-95ef-21681d08b796,Keep
00000523,250720,5795.00,1,1,9216f21f-ec64-4c8e-95ef-21681d08b796,Keep
00000524,250725,5795.00,1,1,9216f21f-ec64-4c8e-95ef-21681d08b796,Keep
00000525,250725,5795.00,1,0,9216f21f-ec64-4c8e-95ef-21681d08b796,Keep
00000526,250725,5795.00,1,1,9216f21f-ec64-4c8e-95ef-21681d08b796,Keep
00000527,250725,5795.00,1,0,9216f21f-ec64-4c8e-95ef-21681d08b796,Keep
00000528,250725,5795.00,1,1,9216f21f-ec64-4c8e-95ef-21681d08b796,Keep
00000529,260149,9795.00,1,0,9216f21f-ec64-4c8e-95ef-21681d08b796,Keep
00000530,260149,9795.00,1,0,9216f21f-ec64-4c8e-95ef-21681d08b796,Keep
00000531,260149,9795.00,1,0,9216f21f-ec64-4c8e-95ef-21681d08b796,Keep
00000532,260149,9795.00,1,0,9216f21f-ec64-4c8e-95ef-21681d08b796,Keep
00000533,260149,9795.00,1,0,9216f21f-ec64-4c8e-95ef-21681d08b796,Keep
00000534,250721,4995.00,1,0,9216f21f-ec64-4c8e-95ef-21681d08b796,Keep
00000535,250721,4995.00,1,0,9216f21f-ec64-4c8e-95ef-21681d08b796,Keep
00000536,250721,4995.00,1,0,9216f21f-ec64-4c8e-95ef-21681d08b796,Keep
00000537,250721,4995.00,1,0,9216f21f-ec64-4c8e-95ef-21681d08b796,Keep
00000538,250721,4995.00,1,0,9216f21f-ec64-4c8e-95ef-21681d08b796,Keep
00000539,260040,10195.00,1,1,9216f21f-ec64-4c8e-95ef-21681d08b796,Keep
00000540,260040,10195.00,1,0,9216f21f-ec64-4c8e-95ef-21681d08b796,Keep
00000541,260040,10195.00,1,0,9216f21f-ec64-4c8e-95ef-21681d08b796,Keep
00000542,260040,10195.00,1,0,9216f21f-ec64-4c8e-95ef-21681d08b796,Keep
00000543,260040,10195.00,1,0,9216f21f-ec64-4c8e-95ef-21681d08b796,Keep
00000544,250098,5995.00,1,1,9216f21f-ec64-4c8e-95ef-21681d08b796,Keep
00000545,250098,5995.00,1,1,9216f21f-ec64-4c8e-95ef-21681d08b796,Keep
00000546,250098,5995,1,0,9216f21f-ec64-4c8e-95ef-21681d08b796,Keep
00000547,250098,5995.00,1,1,9216f21f-ec64-4c8e-95ef-21681d08b796,Keep
00000548,250098,5995.00,1,1,9216f21f-ec64-4c8e-95ef-21681d08b796,Keep
00000549,260130,8795.00,1,0,9216f21f-ec64-4c8e-95ef-21681d08b796,Keep
00000550,260130,8795.00,1,1,9216f21f-ec64-4c8e-95ef-21681d08b796,Keep
00000551,260130,8795.00,1,0,9216f21f-ec64-4c8e-95ef-21681d08b796,Keep
00000552,260130,8795.00,1,0,9216f21f-ec64-4c8e-95ef-21681d08b796,Keep
00000553,260130,8795.00,1,0,9216f21f-ec64-4c8e-95ef-21681d08b796,Keep
00000554,250726,5795.00,1,1,9216f21f-ec64-4c8e-95ef-21681d08b796,Keep
00000555,250726,5795.00,1,1,9216f21f-ec64-4c8e-95ef-21681d08b796,Keep
00000556,250726,5795.00,1,0,9216f21f-ec64-4c8e-95ef-21681d08b796,Keep
00000557,250726,5795.00,1,0,9216f21f-ec64-4c8e-95ef-21681d08b796,Keep
00000558,250726,5795.00,1,1,9216f21f-ec64-4c8e-95ef-21681d08b796,Keep
00000559,260060,11295.00,1,0,9216f21f-ec64-4c8e-95ef-21681d08b796,Keep
00000560,260060,11295.00,1,0,9216f21f-ec64-4c8e-95ef-21681d08b796,Keep
00000561,260060,11295.00,1,1,9216f21f-ec64-4c8e-95ef-21681d08b796,Keep
00000562,260060,11295.00,1,0,9216f21f-ec64-4c8e-95ef-21681d08b796,Keep
00000563,260060,11295.00,1,0,9216f21f-ec64-4c8e-95ef-21681d08b796,Keep
00000564,260053,12095.00,1,0,9216f21f-ec64-4c8e-95ef-21681d08b796,Keep
00000565,260053,12095.00,1,0,9216f21f-ec64-4c8e-95ef-21681d08b796,Keep
00000566,260053,12095.00,1,0,9216f21f-ec64-4c8e-95ef-21681d08b796,Keep
00000567,260053,12095.00,1,1,9216f21f-ec64-4c8e-95ef-21681d08b796,Keep
00000568,260053,12095.00,1,1,9216f21f-ec64-4c8e-95ef-21681d08b796,Keep
00000569,260139,10195.00,1,0,9216f21f-ec64-4c8e-95ef-21681d08b796,Keep
00000570,260139,10195.00,1,0,9216f21f-ec64-4c8e-95ef-21681d08b796,Keep
00000571,260139,10195.00,1,0,9216f21f-ec64-4c8e-95ef-21681d08b796,Keep
00000572,260139,10195.00,1,1,9216f21f-ec64-4c8e-95ef-21681d08b796,Keep
00000573,260139,10195.00,1,1,9216f21f-ec64-4c8e-95ef-21681d08b796,Keep
00000574,202107 BLACK,2395.00,1,0,9216f21f-ec64-4c8e-95ef-21681d08b796,Keep
00000575,202107 BLACK,2395.00,1,0,9216f21f-ec64-4c8e-95ef-21681d08b796,Keep
00000576,202107 BLACK,2395.00,1,0,9216f21f-ec64-4c8e-95ef-21681d08b796,Keep
00000577,202107 BLACK,2395.00,1,0,9216f21f-ec64-4c8e-95ef-21681d08b796,Keep
00000578,202107 BLACK,2395.00,1,0,9216f21f-ec64-4c8e-95ef-21681d08b796,Keep
00000579,202107 BLUE,2395.00,1,0,9216f21f-ec64-4c8e-95ef-21681d08b796,Keep
00000580,202107 BLUE,2395.00,1,0,9216f21f-ec64-4c8e-95ef-21681d08b796,Keep
00000581,202107 BLUE,2395.00,1,0,9216f21f-ec64-4c8e-95ef-21681d08b796,Keep
00000582,202107 BLUE,2395.00,1,0,9216f21f-ec64-4c8e-95ef-21681d08b796,Keep
00000583,202107 BLUE,2395.00,1,0,9216f21f-ec64-4c8e-95ef-21681d08b796,Keep
00000584,202107 PEACH,2395.00,1,0,9216f21f-ec64-4c8e-95ef-21681d08b796,Keep
00000585,202107 PEACH,2395.00,1,0,9216f21f-ec64-4c8e-95ef-21681d08b796,Keep
00000586,202107 PEACH,2395.00,1,0,9216f21f-ec64-4c8e-95ef-21681d08b796,Keep
00000587,202107 PEACH,2395.00,1,0,9216f21f-ec64-4c8e-95ef-21681d08b796,Keep
00000588,202107 PEACH,2395.00,1,0,9216f21f-ec64-4c8e-95ef-21681d08b796,Keep
00000589,202107 (GREY),2395.00,1,0,9216f21f-ec64-4c8e-95ef-21681d08b796,Keep
00000590,202107 (GREY),2395.00,1,0,9216f21f-ec64-4c8e-95ef-21681d08b796,Keep
00000591,202107 (GREY),2395.00,1,0,9216f21f-ec64-4c8e-95ef-21681d08b796,Keep
00000592,202107 (GREY),2395.00,1,0,9216f21f-ec64-4c8e-95ef-21681d08b796,Keep
00000593,202107 (GREY),2395.00,1,0,9216f21f-ec64-4c8e-95ef-21681d08b796,Keep
00000594,202107 (BEIGE),2395.00,1,0,9216f21f-ec64-4c8e-95ef-21681d08b796,Keep
00000595,202107 (BEIGE),2395.00,1,0,9216f21f-ec64-4c8e-95ef-21681d08b796,Keep
00000596,202107 (BEIGE),2395.00,1,0,9216f21f-ec64-4c8e-95ef-21681d08b796,Keep
00000597,202107 (BEIGE),2395.00,1,0,9216f21f-ec64-4c8e-95ef-21681d08b796,Keep
00000598,202107 (BEIGE),2395.00,1,1,9216f21f-ec64-4c8e-95ef-21681d08b796,Keep
00000599,202107 PINK,2395.00,1,0,9216f21f-ec64-4c8e-95ef-21681d08b796,Keep
00000600,202107 PINK,2395.00,1,0,9216f21f-ec64-4c8e-95ef-21681d08b796,Keep
00000601,202107 PINK,2395.00,1,0,9216f21f-ec64-4c8e-95ef-21681d08b796,Keep
00000602,202107 PINK,2395.00,1,0,9216f21f-ec64-4c8e-95ef-21681d08b796,Keep
00000603,202107 PINK,2395.00,1,0,9216f21f-ec64-4c8e-95ef-21681d08b796,Keep
00000604,202107 (WHITE),2395.00,1,0,9216f21f-ec64-4c8e-95ef-21681d08b796,Keep
00000605,202107 (WHITE),2395.00,1,0,9216f21f-ec64-4c8e-95ef-21681d08b796,Keep
00000606,202107 (WHITE),2395.00,1,0,9216f21f-ec64-4c8e-95ef-21681d08b796,Keep
00000607,202107 (WHITE),2395.00,1,0,9216f21f-ec64-4c8e-95ef-21681d08b796,Keep
00000608,202107 (WHITE),2395.00,1,0,9216f21f-ec64-4c8e-95ef-21681d08b796,Keep
00000609,0393-R BR,19695.00,1,0,10a1596e-7164-4b53-9702-7e15683d3ee2,Keep
00000610,0393-R GY,19695.00,1,1,10a1596e-7164-4b53-9702-7e15683d3ee2,Keep
00000611,9335-R RD,70995.00,1,1,823775b0-829c-4967-bcbf-c0ce52d3ca5e,Keep
00000613,2533,21995,1,0,c9629ca9-580c-4ab7-be4f-e60a2449d3d1,Keep
00000615,2592,27995,1,0,c9629ca9-580c-4ab7-be4f-e60a2449d3d1,Keep
00000616,SS-430,85995.00,1,1,b8d56e61-6def-4fe3-9d96-fa1d44584549,Keep
00000617,2533 YL,21995.00,1,1,cca57e3e-a491-423d-a5ed-ee02209bf408,Keep
00000618,104411,15995.00,1,0,33ba29d5-0be8-4abf-8d4a-680c0d91e6b3,Keep
00000619,2129 1,3376.96,1,0,d509e4a5-a686-4019-9a6f-e66c81433840,Keep
00000620,2129 1,3376.96,1,0,d509e4a5-a686-4019-9a6f-e66c81433840,Keep
00000621,2129 1,3376.96,1,0,d509e4a5-a686-4019-9a6f-e66c81433840,Keep
00000622,2129 1,3376.96,1,1,d509e4a5-a686-4019-9a6f-e66c81433840,Keep
00000623,2129 1,3377,1,1,d509e4a5-a686-4019-9a6f-e66c81433840,Keep
00000624,2129 1,3377,1,1,d509e4a5-a686-4019-9a6f-e66c81433840,Keep
00000625,2129 1,3377,1,1,d509e4a5-a686-4019-9a6f-e66c81433840,Keep
00000626,25416 1,2842.99,1,0,d509e4a5-a686-4019-9a6f-e66c81433840,Keep
00000627,25416 1,2842.99,1,0,d509e4a5-a686-4019-9a6f-e66c81433840,Keep
00000628,25416 1,2842.99,1,0,d509e4a5-a686-4019-9a6f-e66c81433840,Keep
00000629,25416 1,2842.99,1,1,d509e4a5-a686-4019-9a6f-e66c81433840,Keep
00000630,25416 1,2843.04,1,1,d509e4a5-a686-4019-9a6f-e66c81433840,Keep
00000631,25416 1,2843.04,1,1,d509e4a5-a686-4019-9a6f-e66c81433840,Keep
00000632,25429 1,2842.99,2,2,d509e4a5-a686-4019-9a6f-e66c81433840,Keep
00000633,25429 1,2842.99,2,2,d509e4a5-a686-4019-9a6f-e66c81433840,Keep
00000634,25429 1,2842.99,2,2,d509e4a5-a686-4019-9a6f-e66c81433840,Keep
00000635,25429 1,2842.99,2,2,d509e4a5-a686-4019-9a6f-e66c81433840,Keep
00000636,25429 1,2843.04,1,1,d509e4a5-a686-4019-9a6f-e66c81433840,Keep
00000637,25429 1,2843.04,1,0,d509e4a5-a686-4019-9a6f-e66c81433840,Keep
00000638,25429 1,2843.04,1,1,d509e4a5-a686-4019-9a6f-e66c81433840,Keep
00000639,25440 1,2842.99,1,0,d509e4a5-a686-4019-9a6f-e66c81433840,Keep
00000640,25440 1,2842.99,1,1,d509e4a5-a686-4019-9a6f-e66c81433840,Keep
00000641,25440 1,2842.99,1,0,d509e4a5-a686-4019-9a6f-e66c81433840,Keep
00000642,25440 1,2842.99,1,1,d509e4a5-a686-4019-9a6f-e66c81433840,Keep
00000643,25440 1,2843.04,1,1,d509e4a5-a686-4019-9a6f-e66c81433840,Keep
00000644,25440 1,2843.04,1,0,d509e4a5-a686-4019-9a6f-e66c81433840,Keep
00000645,25441 1,2842.99,2,1,d509e4a5-a686-4019-9a6f-e66c81433840,Keep
00000646,25441 1,2842.99,2,0,d509e4a5-a686-4019-9a6f-e66c81433840,Keep
00000647,25441 1,2842.99,2,1,d509e4a5-a686-4019-9a6f-e66c81433840,Keep
00000648,25441 1,2842.99,2,1,d509e4a5-a686-4019-9a6f-e66c81433840,Keep
00000649,25441 1,2843.04,1,0,d509e4a5-a686-4019-9a6f-e66c81433840,Keep
00000650,25441 1,2843.04,1,1,d509e4a5-a686-4019-9a6f-e66c81433840,Keep
00000651,25441 1,2843.04,1,1,d509e4a5-a686-4019-9a6f-e66c81433840,Keep
00000652,6879 1,6495,1,1,d509e4a5-a686-4019-9a6f-e66c81433840,Keep
00000653,6879 1,6495,1,1,d509e4a5-a686-4019-9a6f-e66c81433840,Keep
00000654,6879 1,6495,1,1,d509e4a5-a686-4019-9a6f-e66c81433840,Keep
00000655,6879 1,6495,1,0,d509e4a5-a686-4019-9a6f-e66c81433840,Keep
00000656,6879 1,6495,1,1,d509e4a5-a686-4019-9a6f-e66c81433840,Keep
00000657,6879 1,6495,1,1,d509e4a5-a686-4019-9a6f-e66c81433840,Keep
00000658,6879 1,6495,1,1,d509e4a5-a686-4019-9a6f-e66c81433840,Keep
00000659,6898 1,2843.04,2,2,d509e4a5-a686-4019-9a6f-e66c81433840,Keep
00000660,6898 1,2843.04,2,1,d509e4a5-a686-4019-9a6f-e66c81433840,Keep
00000661,6898 1,2843.04,2,2,d509e4a5-a686-4019-9a6f-e66c81433840,Keep
00000662,6898 1,2843.04,2,2,d509e4a5-a686-4019-9a6f-e66c81433840,Keep
00000663,6898 1,2843.04,2,2,d509e4a5-a686-4019-9a6f-e66c81433840,Keep
00000664,9006 1,5495,1,1,d509e4a5-a686-4019-9a6f-e66c81433840,Keep
00000665,9006 1,5495,1,0,d509e4a5-a686-4019-9a6f-e66c81433840,Keep
00000666,9006 1,5495,1,1,d509e4a5-a686-4019-9a6f-e66c81433840,Keep
00000667,9006 1,5495,1,1,d509e4a5-a686-4019-9a6f-e66c81433840,Keep
00000668,9006 1,5495,1,1,d509e4a5-a686-4019-9a6f-e66c81433840,Keep
00000669,9006 1,5495,1,0,d509e4a5-a686-4019-9a6f-e66c81433840,Keep
00000670,9009 1,4266.79,2,1,d509e4a5-a686-4019-9a6f-e66c81433840,Keep
00000671,9009 1,4266.79,2,1,d509e4a5-a686-4019-9a6f-e66c81433840,Keep
00000672,9009 1,4266.79,2,2,d509e4a5-a686-4019-9a6f-e66c81433840,Keep
00000673,9009 1,4266.79,2,2,d509e4a5-a686-4019-9a6f-e66c81433840,Keep
00000674,9009 1,4266.61,1,1,d509e4a5-a686-4019-9a6f-e66c81433840,Keep
00000675,9009 1,4266.61,1,1,d509e4a5-a686-4019-9a6f-e66c81433840,Keep
00000676,K-0356 1,2195,1,1,d509e4a5-a686-4019-9a6f-e66c81433840,Keep
00000677,K-0356 1,2195,1,1,d509e4a5-a686-4019-9a6f-e66c81433840,Keep
00000678,K-0356 1,2195,1,1,d509e4a5-a686-4019-9a6f-e66c81433840,Keep
00000679,K-0356 1,2195,1,0,d509e4a5-a686-4019-9a6f-e66c81433840,Keep
00000680,K-0356 1,2195,1,1,d509e4a5-a686-4019-9a6f-e66c81433840,Keep
00000681,K-0356 1,2195,1,0,d509e4a5-a686-4019-9a6f-e66c81433840,Keep
00000682,K-0356 1,2195,1,1,d509e4a5-a686-4019-9a6f-e66c81433840,Keep
00000683,K-6761 1,2295,1,1,d509e4a5-a686-4019-9a6f-e66c81433840,Keep
00000684,K-6761 1,2295,1,1,d509e4a5-a686-4019-9a6f-e66c81433840,Keep
00000685,K-6761 1,2295,1,1,d509e4a5-a686-4019-9a6f-e66c81433840,Keep
00000686,K-6761 1,2295,1,1,d509e4a5-a686-4019-9a6f-e66c81433840,Keep
00000687,K-6761 1,2295,1,1,d509e4a5-a686-4019-9a6f-e66c81433840,Keep
00000688,K-6761 1,2295,1,0,d509e4a5-a686-4019-9a6f-e66c81433840,Keep
00000689,K-6761 1,2295,1,1,d509e4a5-a686-4019-9a6f-e66c81433840,Keep
00000690,K-6762 1,2295,1,0,d509e4a5-a686-4019-9a6f-e66c81433840,Keep
00000691,K-6762 1,2295,1,1,d509e4a5-a686-4019-9a6f-e66c81433840,Keep
00000692,K-6762 1,2295,1,1,d509e4a5-a686-4019-9a6f-e66c81433840,Keep
00000693,K-6762 1,2295,1,1,d509e4a5-a686-4019-9a6f-e66c81433840,Keep
00000694,K-6762 1,2295,1,1,d509e4a5-a686-4019-9a6f-e66c81433840,Keep
00000695,K-6762 1,2295,1,0,d509e4a5-a686-4019-9a6f-e66c81433840,Keep
00000696,K-6762 1,2295,1,1,d509e4a5-a686-4019-9a6f-e66c81433840,Keep
00000697,EH1533 PK,27995.00,1,1,71356dc2-4113-4254-bee3-d7339654ff3b,Keep
00000698,1533 GD,27995.00,1,1,71356dc2-4113-4254-bee3-d7339654ff3b,Keep
00000699,1799 GR,29995.00,1,1,71356dc2-4113-4254-bee3-d7339654ff3b,Keep
00000700,S20/3119,25595.00,1,1,beb37922-ef1f-42d1-a742-cbcfaa24c49d,Keep
00000701,S20/2079,39995.00,1,0,beb37922-ef1f-42d1-a742-cbcfaa24c49d,Keep
00000702,S20/3267,57095.00,1,1,beb37922-ef1f-42d1-a742-cbcfaa24c49d,Keep
00000703,S20/3429,21995.00,1,0,beb37922-ef1f-42d1-a742-cbcfaa24c49d,Keep
00000704,S20/3172,43095.00,1,0,beb37922-ef1f-42d1-a742-cbcfaa24c49d,Keep
00000705,735,17995,1,1,5a8e4fec-4632-4a87-85ee-f8d385abe7b2,Keep
00000706,735,17995,1,1,5a8e4fec-4632-4a87-85ee-f8d385abe7b2,Keep
00000707,740,13995,1,1,5a8e4fec-4632-4a87-85ee-f8d385abe7b2,Keep
00000708,740,13995,1,1,5a8e4fec-4632-4a87-85ee-f8d385abe7b2,Keep
00000709,742,12995.00,1,1,a9cc3dd8-5030-4277-9692-76475fb368bb,Keep
00000710,742,12995.00,1,1,a9cc3dd8-5030-4277-9692-76475fb368bb,Keep
00000711,25417 1,3195,1,0,ecbefa94-e427-4f92-ae42-cf7dffcea59c,Keep
00000712,25417 1,3195,1,0,ecbefa94-e427-4f92-ae42-cf7dffcea59c,Keep
00000713,25417 1,3195,1,1,ecbefa94-e427-4f92-ae42-cf7dffcea59c,Keep
00000714,25417 1,3195,1,1,ecbefa94-e427-4f92-ae42-cf7dffcea59c,Keep
00000715,25417 1,3195,1,1,ecbefa94-e427-4f92-ae42-cf7dffcea59c,Keep
00000716,25417 1,3195,1,1,ecbefa94-e427-4f92-ae42-cf7dffcea59c,Keep
00000717,25417 1,3195,1,1,ecbefa94-e427-4f92-ae42-cf7dffcea59c,Keep
00000718,6288 1,4895,1,0,ecbefa94-e427-4f92-ae42-cf7dffcea59c,Keep
00000719,6288 1,4895,1,0,ecbefa94-e427-4f92-ae42-cf7dffcea59c,Keep
00000720,6288 1,4895,1,1,ecbefa94-e427-4f92-ae42-cf7dffcea59c,Keep
00000721,6288 1,4895,1,1,ecbefa94-e427-4f92-ae42-cf7dffcea59c,Keep
00000722,6288 1,4895,1,0,ecbefa94-e427-4f92-ae42-cf7dffcea59c,Keep
00000723,6288 1,4895,1,0,ecbefa94-e427-4f92-ae42-cf7dffcea59c,Keep
00000724,6824 1,7411.7,1,0,ecbefa94-e427-4f92-ae42-cf7dffcea59c,Keep
00000725,6824 1,7411.7,1,0,ecbefa94-e427-4f92-ae42-cf7dffcea59c,Keep
00000726,6824 1,7411.7,1,0,ecbefa94-e427-4f92-ae42-cf7dffcea59c,Keep
00000727,6824 1,7411.7,1,0,ecbefa94-e427-4f92-ae42-cf7dffcea59c,Keep
00000728,6824 1,7361.1,1,0,ecbefa94-e427-4f92-ae42-cf7dffcea59c,Keep
00000729,6824 1,7361.1,1,0,ecbefa94-e427-4f92-ae42-cf7dffcea59c,Keep
00000730,6824 1,7361.1,1,0,ecbefa94-e427-4f92-ae42-cf7dffcea59c,Keep
00000731,6839 1,4295,1,0,ecbefa94-e427-4f92-ae42-cf7dffcea59c,Keep
00000732,6839 1,4295,1,0,ecbefa94-e427-4f92-ae42-cf7dffcea59c,Keep
00000733,6839 1,4295,1,0,ecbefa94-e427-4f92-ae42-cf7dffcea59c,Keep
00000734,6839 1,4295,1,1,ecbefa94-e427-4f92-ae42-cf7dffcea59c,Keep
00000735,6839 1,4295,1,0,ecbefa94-e427-4f92-ae42-cf7dffcea59c,Keep
00000736,6853 1,3695,1,0,ecbefa94-e427-4f92-ae42-cf7dffcea59c,Keep
00000737,6853 1,3695,1,1,ecbefa94-e427-4f92-ae42-cf7dffcea59c,Keep
00000738,6853 1,3695,1,0,ecbefa94-e427-4f92-ae42-cf7dffcea59c,Keep
00000739,6853 1,3695,1,1,ecbefa94-e427-4f92-ae42-cf7dffcea59c,Keep
00000740,4305,23995.00,1,1,c0360cfd-daca-43a9-8466-143a29835acf,Keep
00000741,4303,23995.00,1,1,c0360cfd-daca-43a9-8466-143a29835acf,Keep
00000742,6854 1,3595,1,1,ecbefa94-e427-4f92-ae42-cf7dffcea59c,Keep
00000743,6854 1,3595,1,0,ecbefa94-e427-4f92-ae42-cf7dffcea59c,Keep
00000744,6854 1,3595,1,0,ecbefa94-e427-4f92-ae42-cf7dffcea59c,Keep
00000745,6854 1,3595,1,0,ecbefa94-e427-4f92-ae42-cf7dffcea59c,Keep
00000746,6854 1,3595,1,1,ecbefa94-e427-4f92-ae42-cf7dffcea59c,Keep
00000747,6874 B,6595,1,1,ecbefa94-e427-4f92-ae42-cf7dffcea59c,Keep
00000748,6874 B,6595,1,1,ecbefa94-e427-4f92-ae42-cf7dffcea59c,Keep
00000749,6874 B,6595,1,1,ecbefa94-e427-4f92-ae42-cf7dffcea59c,Keep
00000750,6874 B,6595,1,1,ecbefa94-e427-4f92-ae42-cf7dffcea59c,Keep
00000751,6874 G,6595,1,1,ecbefa94-e427-4f92-ae42-cf7dffcea59c,Keep
00000752,6874 G,6595,1,1,ecbefa94-e427-4f92-ae42-cf7dffcea59c,Keep
00000753,6874 G,6595,1,1,ecbefa94-e427-4f92-ae42-cf7dffcea59c,Keep
00000754,8984 1,5695,1,1,ecbefa94-e427-4f92-ae42-cf7dffcea59c,Keep
00000755,8984 1,5695,1,0,ecbefa94-e427-4f92-ae42-cf7dffcea59c,Keep
00000756,8984 1,5695,1,1,ecbefa94-e427-4f92-ae42-cf7dffcea59c,Keep
00000757,8984 1,5695,1,0,ecbefa94-e427-4f92-ae42-cf7dffcea59c,Keep
00000758,9010 1,5195,1,1,ecbefa94-e427-4f92-ae42-cf7dffcea59c,Keep
00000759,9010 1,5195,1,1,ecbefa94-e427-4f92-ae42-cf7dffcea59c,Keep
00000760,9010 1,5195,1,1,ecbefa94-e427-4f92-ae42-cf7dffcea59c,Keep
00000761,9010 1,5195,1,1,ecbefa94-e427-4f92-ae42-cf7dffcea59c,Keep
00000762,9012,5295,1,1,ecbefa94-e427-4f92-ae42-cf7dffcea59c,Keep
00000763,9012,5295,1,1,ecbefa94-e427-4f92-ae42-cf7dffcea59c,Keep
00000764,9012,5295,1,1,ecbefa94-e427-4f92-ae42-cf7dffcea59c,Keep
00000765,9012,5295,1,1,ecbefa94-e427-4f92-ae42-cf7dffcea59c,Keep
00000766,9012,5295,1,1,ecbefa94-e427-4f92-ae42-cf7dffcea59c,Keep
00000767,9015 1,3595,1,0,ecbefa94-e427-4f92-ae42-cf7dffcea59c,Keep
00000768,9015 1,3595,1,1,ecbefa94-e427-4f92-ae42-cf7dffcea59c,Keep
00000769,9015 1,3595,1,0,ecbefa94-e427-4f92-ae42-cf7dffcea59c,Keep
00000770,9015 1,3595,1,1,ecbefa94-e427-4f92-ae42-cf7dffcea59c,Keep
00000771,9015 1,3595,1,1,ecbefa94-e427-4f92-ae42-cf7dffcea59c,Keep
00000772,9015 1,3595,1,1,ecbefa94-e427-4f92-ae42-cf7dffcea59c,Keep
00000773,6874 B,6595,1,1,ecbefa94-e427-4f92-ae42-cf7dffcea59c,Keep
00000774,6874 B,6595,1,1,ecbefa94-e427-4f92-ae42-cf7dffcea59c,Keep
00000775,6874 G,6595,1,1,ecbefa94-e427-4f92-ae42-cf7dffcea59c,Keep
00000776,6874 G,6595,1,1,ecbefa94-e427-4f92-ae42-cf7dffcea59c,Keep
00000777,6874 G,6595,1,1,ecbefa94-e427-4f92-ae42-cf7dffcea59c,Keep
00000778,6874 G,6595,1,1,ecbefa94-e427-4f92-ae42-cf7dffcea59c,Keep
00000779,2566,149995.00,1,1,efc52ff6-54f4-4916-9bdc-4bd25198b131,Keep
00000780,2622,159995.00,1,1,efc52ff6-54f4-4916-9bdc-4bd25198b131,Keep
00000781,800,78995.00,1,1,67398a62-3f1c-4518-b1b8-e34fdb815587,Keep
00000782,844,76995.00,1,1,67398a62-3f1c-4518-b1b8-e34fdb815587,Keep
00000783,753,148995.00,1,0,67398a62-3f1c-4518-b1b8-e34fdb815587,Keep
00000784,855,71995.00,1,1,67398a62-3f1c-4518-b1b8-e34fdb815587,Keep
00000785,864,71995.00,1,1,67398a62-3f1c-4518-b1b8-e34fdb815587,Keep
00000786,863,80995.00,1,1,67398a62-3f1c-4518-b1b8-e34fdb815587,Keep
00000787,713,71995.00,1,1,67398a62-3f1c-4518-b1b8-e34fdb815587,Keep
00000788,590,87995.00,1,1,67398a62-3f1c-4518-b1b8-e34fdb815587,Keep
00000789,2505,117995.00,1,1,b65b688b-121f-468b-844c-d80f16eeb3b0,Keep
00000790,2390,101995.00,1,1,b65b688b-121f-468b-844c-d80f16eeb3b0,Keep
00000791,SS 361,103995.00,1,1,903b86d7-410a-4b35-8d9c-68593867755b,Keep
00000792,035-5694,26995,1,1,3f8c68bd-0787-4bab-a37b-e95e37fb5ab2,Keep
00000793,035-5694 01,26995,1,1,3f8c68bd-0787-4bab-a37b-e95e37fb5ab2,Keep
00000794,035-7047,39595,1,1,3f8c68bd-0787-4bab-a37b-e95e37fb5ab2,Keep
00000795,035-6446 B,34195,1,0,3f8c68bd-0787-4bab-a37b-e95e37fb5ab2,Keep
00000796,036-6967,10995,1,1,3f8c68bd-0787-4bab-a37b-e95e37fb5ab2,Keep
00000797,036-6967 01,10995,1,1,3f8c68bd-0787-4bab-a37b-e95e37fb5ab2,Keep
00000798,7077,13995.00,2,0,dd6f4543-e929-473e-82fc-05cd8799350a,Keep
00000799,7185,10995.00,1,1,dd6f4543-e929-473e-82fc-05cd8799350a,Keep
00000800,7185 M,10995.00,1,0,dd6f4543-e929-473e-82fc-05cd8799350a,Keep
00000801,7082,13995.00,1,1,dd6f4543-e929-473e-82fc-05cd8799350a,Keep
00000802,7082 GN,13995.00,1,1,dd6f4543-e929-473e-82fc-05cd8799350a,Keep
00000803,6494,23995.00,1,1,dd6f4543-e929-473e-82fc-05cd8799350a,Keep
00000804,7211,9995.00,1,0,dd6f4543-e929-473e-82fc-05cd8799350a,Keep
00000805,7211 GN,9995.00,1,0,dd6f4543-e929-473e-82fc-05cd8799350a,Keep
00000806,7213,19995.00,1,1,dd6f4543-e929-473e-82fc-05cd8799350a,Keep
00000807,7263,12995.00,1,1,dd6f4543-e929-473e-82fc-05cd8799350a,Keep
00000808,7263 GR,12995.00,1,1,dd6f4543-e929-473e-82fc-05cd8799350a,Keep
00000809,7048,19995.00,1,1,dd6f4543-e929-473e-82fc-05cd8799350a,Keep
00000810,7049,19995.00,1,1,dd6f4543-e929-473e-82fc-05cd8799350a,Keep
00000811,6473,19995.00,1,0,dd6f4543-e929-473e-82fc-05cd8799350a,Keep
00000812,4443,19995.00,1,0,dd6f4543-e929-473e-82fc-05cd8799350a,Keep
00000813,4420,17995.00,1,1,dd6f4543-e929-473e-82fc-05cd8799350a,Keep
00000814,7079,13995.00,1,0,dd6f4543-e929-473e-82fc-05cd8799350a,Keep
00000815,7079 PU,13995.00,1,0,dd6f4543-e929-473e-82fc-05cd8799350a,Keep
00000816,J1,8595,28,26,0a09e1fe-eb68-4609-8965-ca82136c125d,Keep
00000817,J2,8795,8,6,0a09e1fe-eb68-4609-8965-ca82136c125d,Keep
00000818,KS-611 BR,9995.00,1,1,e01036f4-9fce-470b-9685-4d3430e1ce11,Keep
00000819,KS-611 BR,9995.00,1,0,e01036f4-9fce-470b-9685-4d3430e1ce11,Keep
00000820,KS-611 YL,9995.00,1,1,e01036f4-9fce-470b-9685-4d3430e1ce11,Keep
00000821,KS-611 YL,9995.00,1,0,e01036f4-9fce-470b-9685-4d3430e1ce11,Keep
00000822,KS-611 YL,9995.00,1,0,e01036f4-9fce-470b-9685-4d3430e1ce11,Keep
00000823,KS-623 BR,9595.00,1,0,e01036f4-9fce-470b-9685-4d3430e1ce11,Keep
00000824,KS-623 BR,9595.00,1,0,e01036f4-9fce-470b-9685-4d3430e1ce11,Keep
00000825,KS-631 PK,10995.00,1,1,e01036f4-9fce-470b-9685-4d3430e1ce11,Keep
00000826,KS-631 PK,10995.00,1,0,e01036f4-9fce-470b-9685-4d3430e1ce11,Keep
00000827,KS-631 YL,10995.00,1,0,e01036f4-9fce-470b-9685-4d3430e1ce11,Keep
00000828,KS-631 YL,10995.00,1,0,e01036f4-9fce-470b-9685-4d3430e1ce11,Keep
00000829,KS-631 YL,10995.00,1,0,e01036f4-9fce-470b-9685-4d3430e1ce11,Keep
00000830,1251,97995.00,1,1,79aa2645-8b0c-4dc4-8d56-689a05a9e65b,Keep
00000831,1185,39995.00,1,1,79aa2645-8b0c-4dc4-8d56-689a05a9e65b,Keep
00000832,1121,57995.00,1,1,79aa2645-8b0c-4dc4-8d56-689a05a9e65b,Keep
00000833,1255,37995.00,1,1,79aa2645-8b0c-4dc4-8d56-689a05a9e65b,Keep
00000834,DS-611 BR,9995.00,1,0,e01036f4-9fce-470b-9685-4d3430e1ce11,Keep
00000835,035-3034,34195,1,1,15344658-9513-4d92-9f5e-348404e26454,Keep
00000836,038-5756 A,32395,1,0,15344658-9513-4d92-9f5e-348404e26454,Keep
00000837,038-5756 B,32395,1,1,15344658-9513-4d92-9f5e-348404e26454,Keep
00000838,038-6328,35995,1,1,15344658-9513-4d92-9f5e-348404e26454,Keep
00000839,035-7236 01,26995,1,1,15344658-9513-4d92-9f5e-348404e26454,Keep
00000840,035-7236 02,26995,1,1,15344658-9513-4d92-9f5e-348404e26454,Keep
00000841,035-7236 03,26995,1,1,15344658-9513-4d92-9f5e-348404e26454,Keep
00000842,035-7052 01,23395,1,0,15344658-9513-4d92-9f5e-348404e26454,Keep
00000843,035-7052 02,23395,1,1,15344658-9513-4d92-9f5e-348404e26454,Keep
00000844,035-7050 01,26995,0,0,15344658-9513-4d92-9f5e-348404e26454,Keep
00000845,035-7050 02,26995,1,1,15344658-9513-4d92-9f5e-348404e26454,Keep
00000846,DS-611 BR,9995.00,1,1,e01036f4-9fce-470b-9685-4d3430e1ce11,Keep
00000847,DS-611 BR,9995.00,1,0,e01036f4-9fce-470b-9685-4d3430e1ce11,Keep
00000848,DS-611 BR,9995.00,1,1,e01036f4-9fce-470b-9685-4d3430e1ce11,Keep
00000849,DS-611 BR,9995.00,1,0,e01036f4-9fce-470b-9685-4d3430e1ce11,Keep
00000850,DS-611 YE,9995.00,1,1,e01036f4-9fce-470b-9685-4d3430e1ce11,Keep
00000851,DS-611 YE,9995.00,1,0,e01036f4-9fce-470b-9685-4d3430e1ce11,Keep
00000852,DS-611 YE,9995.00,1,0,e01036f4-9fce-470b-9685-4d3430e1ce11,Keep
00000853,DS-611 YE,9995.00,1,1,e01036f4-9fce-470b-9685-4d3430e1ce11,Keep
00000854,DS-611 YE,9995.00,1,1,e01036f4-9fce-470b-9685-4d3430e1ce11,Keep
00000855,DS-601,9995.00,1,0,e01036f4-9fce-470b-9685-4d3430e1ce11,Keep
00000856,DS-601,9995.00,1,0,e01036f4-9fce-470b-9685-4d3430e1ce11,Keep
00000857,DS-601,9995.00,1,1,e01036f4-9fce-470b-9685-4d3430e1ce11,Keep
00000858,KW-2511/PL B,7595.00,1,0,e01036f4-9fce-470b-9685-4d3430e1ce11,Keep
00000859,KW-2511/PL B,7595.00,1,1,e01036f4-9fce-470b-9685-4d3430e1ce11,Keep
00000860,KW-2511-PL P,7595.00,1,0,e01036f4-9fce-470b-9685-4d3430e1ce11,Keep
00000861,KW-2511-PL P,7595.00,1,0,e01036f4-9fce-470b-9685-4d3430e1ce11,Keep
00000862,KW-2511-PL P,7595.00,1,0,e01036f4-9fce-470b-9685-4d3430e1ce11,Keep
00000863,KS-602 WH,9795.00,1,0,e01036f4-9fce-470b-9685-4d3430e1ce11,Keep
00000864,KS-602 WH,9795.00,1,0,e01036f4-9fce-470b-9685-4d3430e1ce11,Keep
00000865,KS-602 WH,9795.00,1,0,e01036f4-9fce-470b-9685-4d3430e1ce11,Keep
00000866,KS-602 BR,9795.00,1,1,e01036f4-9fce-470b-9685-4d3430e1ce11,Keep
00000867,KS-602 BR,9795.00,1,0,e01036f4-9fce-470b-9685-4d3430e1ce11,Keep
00000868,KS-526 W,10095.00,1,0,e01036f4-9fce-470b-9685-4d3430e1ce11,Keep
00000869,KS-526 W,10095.00,1,0,e01036f4-9fce-470b-9685-4d3430e1ce11,Keep
00000870,KS-526 W,10095.00,1,0,e01036f4-9fce-470b-9685-4d3430e1ce11,Keep
00000871,KS-526 W,10095.00,1,1,e01036f4-9fce-470b-9685-4d3430e1ce11,Keep
00000872,KW-639 G,11595.00,1,0,e01036f4-9fce-470b-9685-4d3430e1ce11,Keep
00000873,KW-639 G,11595.00,1,0,e01036f4-9fce-470b-9685-4d3430e1ce11,Keep
00000874,KS-639 P,11595.00,1,1,e01036f4-9fce-470b-9685-4d3430e1ce11,Keep
00000875,KS-639 P,11595.00,1,0,e01036f4-9fce-470b-9685-4d3430e1ce11,Keep
00000876,KS-639 P,11595.00,1,0,e01036f4-9fce-470b-9685-4d3430e1ce11,Keep
00000877,SKW-2108 WN,10595.00,1,0,e01036f4-9fce-470b-9685-4d3430e1ce11,Keep
00000878,KSW-2108 GD,10595.00,1,0,e01036f4-9fce-470b-9685-4d3430e1ce11,Keep
00000879,SKW-2108 YL,10595.00,1,0,e01036f4-9fce-470b-9685-4d3430e1ce11,Keep
00000880,KSW-2108 BR,10595.00,1,0,e01036f4-9fce-470b-9685-4d3430e1ce11,Keep
00000881,SKW-2108 BL,10595.00,1,1,e01036f4-9fce-470b-9685-4d3430e1ce11,Keep
00000882,KSW-2108  GY,10595.00,1,1,e01036f4-9fce-470b-9685-4d3430e1ce11,Keep
00000883,KSW-2108 GR,10595.00,1,1,e01036f4-9fce-470b-9685-4d3430e1ce11,Keep
00000884,SC-100 BR,2395.00,4,3,e01036f4-9fce-470b-9685-4d3430e1ce11,Keep
00000885,SC-35 BL,1995.00,1,0,e01036f4-9fce-470b-9685-4d3430e1ce11,Keep
00000886,SC-79 BR,2395.00,1,0,e01036f4-9fce-470b-9685-4d3430e1ce11,Keep
00000887,SC-79 WH,2395.00,1,0,e01036f4-9fce-470b-9685-4d3430e1ce11,Keep
00000888,SC-112 WH,1595.00,1,0,e01036f4-9fce-470b-9685-4d3430e1ce11,Keep
00000889,SC-35 BR,1595.00,1,1,e01036f4-9fce-470b-9685-4d3430e1ce11,Keep
00000890,SC-101 BK,2695.00,1,1,e01036f4-9fce-470b-9685-4d3430e1ce11,Keep
00000891,SC-101 BR,2695.00,1,1,e01036f4-9fce-470b-9685-4d3430e1ce11,Keep
00000892,035-6111,26995,1,1,585245f2-361b-4d38-9318-1aaa4be444f2,Keep
00000893,039-5482,26995,1,0,585245f2-361b-4d38-9318-1aaa4be444f2,Keep
00000894,041-2213,19995,1,1,585245f2-361b-4d38-9318-1aaa4be444f2,Keep
00000895,035-5155 A,17995,1,1,585245f2-361b-4d38-9318-1aaa4be444f2,Keep
00000896,035-4341,23395,1,1,585245f2-361b-4d38-9318-1aaa4be444f2,Keep
00000897,035-4481 A,23395,1,1,585245f2-361b-4d38-9318-1aaa4be444f2,Keep
00000898,035-4481 B,23395,1,0,585245f2-361b-4d38-9318-1aaa4be444f2,Keep
00000899,035-6766,19995,1,1,585245f2-361b-4d38-9318-1aaa4be444f2,Keep
00000900,035-6899,21595,1,1,585245f2-361b-4d38-9318-1aaa4be444f2,Keep
00000901,035-6899 B,21595,1,1,585245f2-361b-4d38-9318-1aaa4be444f2,Keep
00000902,003-7335,80995,1,1,87ca7318-4638-4fcd-91ad-1b63a364f2ae,Keep
00000903,003-7460,53995,1,1,87ca7318-4638-4fcd-91ad-1b63a364f2ae,Keep
00000904,042-5887,53995,1,1,87ca7318-4638-4fcd-91ad-1b63a364f2ae,Keep
00000905,042-7455,35995,1,0,87ca7318-4638-4fcd-91ad-1b63a364f2ae,Keep
00000906,003-6007,44995,1,1,87ca7318-4638-4fcd-91ad-1b63a364f2ae,Keep
00000907,005-6914,30595,0,0,87ca7318-4638-4fcd-91ad-1b63a364f2ae,Keep
00000908,005-6914,30595,0,0,af528d87-ad00-4532-816e-57a7c307fc1e,Keep
00000909,KSW-2108 BR,10595,0,0,2277eabe-934a-4a68-ab60-457f460550f4,Keep
00000921,4052,21595,1,1,ae0f70e6-6c37-4a45-b26a-6470ae859661,Keep
00000922,3797,47595,1,1,ae0f70e6-6c37-4a45-b26a-6470ae859661,Keep
00000923,4091,19595,1,1,ae0f70e6-6c37-4a45-b26a-6470ae859661,Keep
00000924,4188,33595,1,1,ae0f70e6-6c37-4a45-b26a-6470ae859661,Keep
00000925,4281,57595,1,1,ae0f70e6-6c37-4a45-b26a-6470ae859661,Keep
00000926,2513 GR,31995.00,1,0,455dc1e8-cf8f-4c62-8a48-7ff8d0032002,Keep
00000932,2541 PE,39995.00,1,1,81bb16f1-a057-449a-88dc-5de2992a3262,Keep
00000933,2598 L,39995.00,1,0,81bb16f1-a057-449a-88dc-5de2992a3262,Keep
00000934,2563,33995.00,1,0,81bb16f1-a057-449a-88dc-5de2992a3262,Keep
00000935,5225,17995,1,1,9ea0013d-4461-4eb7-a1db-56e2f905d9b9,Keep
00000936,642,14985.00,1,0,9ea0013d-4461-4eb7-a1db-56e2f905d9b9,Keep
00000944,11041,29995.00,1,0,d731d155-74a3-4333-9788-3d6696888387,Keep
00000945,ME-01,62995.00,1,1,fc1af37c-9422-46cd-9599-e38ec2b95ed0,Keep
00000946,M-748 ,116995.00,0,0,fc1af37c-9422-46cd-9599-e38ec2b95ed0,Keep
00000947,M-781 BR,116995.00,1,1,fc1af37c-9422-46cd-9599-e38ec2b95ed0,Keep
00000948,M-842,120995.00,1,1,fc1af37c-9422-46cd-9599-e38ec2b95ed0,Keep
00000949,M-772 ,118995.00,0,0,fc1af37c-9422-46cd-9599-e38ec2b95ed0,Keep
00000950,M-568 B,120995.00,1,1,fc1af37c-9422-46cd-9599-e38ec2b95ed0,Keep
00000953,2107 ,63995.00,0,0,164f6101-7f75-40e0-aaef-283cf10449d9,Keep
00000954,2048 ,59995,0,0,164f6101-7f75-40e0-aaef-283cf10449d9,Keep
00000955,15160,165095.00,1,1,84404373-c070-474c-9d9a-fd9096a432b1,Keep
00000956,S1SS22,95995.00,1,1,e7e71c00-8271-4482-99d5-1a279dd2f2ba,Keep
00000957,JS439840,3595,1,0,dbc8e3ee-75d7-4ac4-9409-2b996c4ec469,Keep
00000958,JS439842,3595,1,1,dbc8e3ee-75d7-4ac4-9409-2b996c4ec469,Keep
00000959,JS439844,3595,1,1,dbc8e3ee-75d7-4ac4-9409-2b996c4ec469,Keep
00000960,JS439847,3595,1,1,dbc8e3ee-75d7-4ac4-9409-2b996c4ec469,Keep
00000961,JS4398948,3595,1,1,dbc8e3ee-75d7-4ac4-9409-2b996c4ec469,Keep
00000962,JS439850,3595,1,1,dbc8e3ee-75d7-4ac4-9409-2b996c4ec469,Keep
00000963,JS439861,3595,1,1,dbc8e3ee-75d7-4ac4-9409-2b996c4ec469,Keep
00000964,JS439863,3595,1,1,dbc8e3ee-75d7-4ac4-9409-2b996c4ec469,Keep
00000965,JS439865,3595,1,1,dbc8e3ee-75d7-4ac4-9409-2b996c4ec469,Keep
00000966,JS439872,3595,1,1,dbc8e3ee-75d7-4ac4-9409-2b996c4ec469,Keep
00000967,JS439875,3595,1,1,dbc8e3ee-75d7-4ac4-9409-2b996c4ec469,Keep
00000968,JS439876,3595,1,1,dbc8e3ee-75d7-4ac4-9409-2b996c4ec469,Keep
00000969,JS439877,3595,1,1,dbc8e3ee-75d7-4ac4-9409-2b996c4ec469,Keep
00000970,JS439878,3595,1,1,dbc8e3ee-75d7-4ac4-9409-2b996c4ec469,Keep
00000971,JS439880,3595,1,1,dbc8e3ee-75d7-4ac4-9409-2b996c4ec469,Keep
00000972,JS439886,3595,1,1,dbc8e3ee-75d7-4ac4-9409-2b996c4ec469,Keep
00000973,JS439887,3595,1,1,dbc8e3ee-75d7-4ac4-9409-2b996c4ec469,Keep
00000974,JS438718,3595,1,1,dbc8e3ee-75d7-4ac4-9409-2b996c4ec469,Keep
00000975,JS438720,3595,1,1,dbc8e3ee-75d7-4ac4-9409-2b996c4ec469,Keep
00000976,JS438723,3595,1,1,dbc8e3ee-75d7-4ac4-9409-2b996c4ec469,Keep
00000977,JS438726,3595,1,1,dbc8e3ee-75d7-4ac4-9409-2b996c4ec469,Keep
00000978,JS438729,3595,1,1,dbc8e3ee-75d7-4ac4-9409-2b996c4ec469,Keep
00000979,JS440529,3595,1,1,dbc8e3ee-75d7-4ac4-9409-2b996c4ec469,Keep
00000980,JS440530,3595,1,1,dbc8e3ee-75d7-4ac4-9409-2b996c4ec469,Keep
00000981,JS440532,3595,1,1,dbc8e3ee-75d7-4ac4-9409-2b996c4ec469,Keep
00000982,JS440066,2195.00,0,0,dbc8e3ee-75d7-4ac4-9409-2b996c4ec469,Keep
00000983,JS440072,2195,1,1,dbc8e3ee-75d7-4ac4-9409-2b996c4ec469,Keep
00000984,JS440073,2195,1,1,dbc8e3ee-75d7-4ac4-9409-2b996c4ec469,Keep
00000985,JS440086,2195,1,1,dbc8e3ee-75d7-4ac4-9409-2b996c4ec469,Keep
00000986,2598 L,2099.16,0,0,8782cb35-539e-48d3-b2a7-d8e966dc6a28,Keep
00000987,AKR-4284,6295.00,1,1,82413483-da96-494a-94c1-08ab1d325b0c,Keep
00000988,AKR-4284 ,6295.00,0,0,82413483-da96-494a-94c1-08ab1d325b0c,Keep
00000989,AKR-4284,6295.00,1,1,82413483-da96-494a-94c1-08ab1d325b0c,Keep
00000990,SR-479,8995.00,1,1,82413483-da96-494a-94c1-08ab1d325b0c,Keep
00000991,BF-1913,21695.00,1,1,82413483-da96-494a-94c1-08ab1d325b0c,Keep
00000992,LM-254,21695.00,1,1,82413483-da96-494a-94c1-08ab1d325b0c,Keep
00000993,LM-254,21695.00,1,0,82413483-da96-494a-94c1-08ab1d325b0c,Keep
00000994,BF-1948,19895.00,1,0,82413483-da96-494a-94c1-08ab1d325b0c,Keep
00000995,BF-1857,22795.00,1,1,82413483-da96-494a-94c1-08ab1d325b0c,Keep
00000996,LM-257,34395.00,1,1,82413483-da96-494a-94c1-08ab1d325b0c,Keep
00000997,LM-257,34395.00,1,1,82413483-da96-494a-94c1-08ab1d325b0c,Keep
00000998,BF-1752,8995.00,1,1,82413483-da96-494a-94c1-08ab1d325b0c,Keep
00000999,BF-1752,8995.00,1,1,82413483-da96-494a-94c1-08ab1d325b0c,Keep
00001000,SDM-101,21695.00,1,1,82413483-da96-494a-94c1-08ab1d325b0c,Keep
00001001,AKR-4383,8095.00,1,0,82413483-da96-494a-94c1-08ab1d325b0c,Keep
00001002,AKR-4383,8095.00,1,1,82413483-da96-494a-94c1-08ab1d325b0c,Keep
00001003,BK-315,8095.00,1,1,82413483-da96-494a-94c1-08ab1d325b0c,Keep
00001004,BF-1915,9395.00,1,1,82413483-da96-494a-94c1-08ab1d325b0c,Keep
00001005,SZ-483,10695.00,1,0,82413483-da96-494a-94c1-08ab1d325b0c,Keep
00001006,BK-150,8295.00,2,0,82413483-da96-494a-94c1-08ab1d325b0c,Keep
00001007,BK-150,8295.00,1,0,82413483-da96-494a-94c1-08ab1d325b0c,Keep
00001008,BDR-296,5395.00,1,0,82413483-da96-494a-94c1-08ab1d325b0c,Keep
00001009,BDR-296,5395.00,1,1,82413483-da96-494a-94c1-08ab1d325b0c,Keep
00001010,YSH-011,7395.00,1,0,82413483-da96-494a-94c1-08ab1d325b0c,Keep
00001011,RIS-101,16995.00,1,1,82413483-da96-494a-94c1-08ab1d325b0c,Keep
00001012,BF-1914,10895.00,1,0,82413483-da96-494a-94c1-08ab1d325b0c,Keep
00001013,PS-1426,6195.00,1,0,82413483-da96-494a-94c1-08ab1d325b0c,Keep
00001014,SRP/K/AU/6734-GRN,122995.00,1,1,1bf12274-b80e-4300-80fa-385680ad2241,Keep
00001015,SRP/490/201-BLU,146995.00,1,1,1bf12274-b80e-4300-80fa-385680ad2241,Keep
00001016,SRP/490/218-BEG,138995.00,1,1,1bf12274-b80e-4300-80fa-385680ad2241,Keep
00001017,SRP/490/233-PCH,156995.00,1,1,1bf12274-b80e-4300-80fa-385680ad2241,Keep
00001018,SRP/490/195-RED,142995.00,1,1,1bf12274-b80e-4300-80fa-385680ad2241,Keep
00001019,SRP/665/36-BLK,105995.00,1,1,1bf12274-b80e-4300-80fa-385680ad2241,Keep
00001020,395-0018,5995,1,1,b9aa8364-1c56-4f12-af63-3427da69aad7,Keep
00001021,395-0018,5995,1,1,b9aa8364-1c56-4f12-af63-3427da69aad7,Keep
00001022,395-0018,5995,1,1,b9aa8364-1c56-4f12-af63-3427da69aad7,Keep
00001023,395-0018,5995,1,1,b9aa8364-1c56-4f12-af63-3427da69aad7,Keep
00001024,395-0027,5995,1,1,b9aa8364-1c56-4f12-af63-3427da69aad7,Keep
00001025,395-0027,5995,1,1,b9aa8364-1c56-4f12-af63-3427da69aad7,Keep
00001026,395-0027,5995,1,1,b9aa8364-1c56-4f12-af63-3427da69aad7,Keep
00001027,395-0027,5995,1,1,b9aa8364-1c56-4f12-af63-3427da69aad7,Keep
00001028,112L-06C,6795,1,0,b9aa8364-1c56-4f12-af63-3427da69aad7,Keep
00001029,112L-06C,6795,1,1,b9aa8364-1c56-4f12-af63-3427da69aad7,Keep
00001030,112L-0027,6795,1,1,b9aa8364-1c56-4f12-af63-3427da69aad7,Keep
00001031,112L-0027,6795,2,1,b9aa8364-1c56-4f12-af63-3427da69aad7,Keep
00001032,682-5606,6595,1,1,b9aa8364-1c56-4f12-af63-3427da69aad7,Keep
00001033,682-5606,6595,1,0,b9aa8364-1c56-4f12-af63-3427da69aad7,Keep
00001034,682-5606,6595,1,1,b9aa8364-1c56-4f12-af63-3427da69aad7,Keep
00001035,BM262G,14995,1,1,97393ac5-b9ac-47da-827b-649e2c3d5f35,Keep
00001036,BM262N,14995,1,0,97393ac5-b9ac-47da-827b-649e2c3d5f35,Keep
00001037,BM262P,14995,1,0,97393ac5-b9ac-47da-827b-649e2c3d5f35,Keep
00001038,FY-008,32595.00,0,0,97393ac5-b9ac-47da-827b-649e2c3d5f35,Keep
00001039,JI-181J,71995,1,0,97393ac5-b9ac-47da-827b-649e2c3d5f35,Keep
00001040,RW-019,23995,1,1,97393ac5-b9ac-47da-827b-649e2c3d5f35,Keep
00001041,JY-473,16995,1,0,97393ac5-b9ac-47da-827b-649e2c3d5f35,Keep
00001042,JG-109,28995,1,0,97393ac5-b9ac-47da-827b-649e2c3d5f35,Keep
00001043,CE341,34995,1,0,97393ac5-b9ac-47da-827b-649e2c3d5f35,Keep
00001044,CQ1045,16995,1,0,97393ac5-b9ac-47da-827b-649e2c3d5f35,Keep
00001045,CQ1058,14995,1,0,97393ac5-b9ac-47da-827b-649e2c3d5f35,Keep
00001046,ZA-336J,16195,1,0,97393ac5-b9ac-47da-827b-649e2c3d5f35,Keep
00001047,ZA-199F,14395,1,1,97393ac5-b9ac-47da-827b-649e2c3d5f35,Keep
00001048,ZA-199C,14395,1,1,97393ac5-b9ac-47da-827b-649e2c3d5f35,Keep
00001049,KU-119F,26995,1,0,97393ac5-b9ac-47da-827b-649e2c3d5f35,Keep
00001050,KU-319G,26995,1,0,97393ac5-b9ac-47da-827b-649e2c3d5f35,Keep
00001051,KU-302A,26995,1,0,97393ac5-b9ac-47da-827b-649e2c3d5f35,Keep
00001052,KU-302 i,26995,1,0,97393ac5-b9ac-47da-827b-649e2c3d5f35,Keep
00001053,KU-253,30595,1,1,97393ac5-b9ac-47da-827b-649e2c3d5f35,Keep
00001054,KU-253 2,30595,1,1,97393ac5-b9ac-47da-827b-649e2c3d5f35,Keep
00001055,KU-253 3,30595,1,0,97393ac5-b9ac-47da-827b-649e2c3d5f35,Keep
00001056,KU-248F,32395,1,1,97393ac5-b9ac-47da-827b-649e2c3d5f35,Keep
00001057,KU-248C,32395,1,1,97393ac5-b9ac-47da-827b-649e2c3d5f35,Keep
00001058,ZA-336D,16195,1,0,97393ac5-b9ac-47da-827b-649e2c3d5f35,Keep
00001059,335-2038,3895.00,1,1,31267633-3ee6-464e-a006-00cc9313957d,Keep
00001060,335-2038,3895.00,1,1,31267633-3ee6-464e-a006-00cc9313957d,Keep
00001061,335-2038,3895.00,1,1,31267633-3ee6-464e-a006-00cc9313957d,Keep
00001062,335-2038,3895.00,1,1,31267633-3ee6-464e-a006-00cc9313957d,Keep
00001063,54082218,3895.00,1,1,31267633-3ee6-464e-a006-00cc9313957d,Keep
00001064,112D-45,3395.00,1,1,31267633-3ee6-464e-a006-00cc9313957d,Keep
00001065,112D-45,3395.00,1,1,31267633-3ee6-464e-a006-00cc9313957d,Keep
00001066,112D-45,3395.00,2,2,31267633-3ee6-464e-a006-00cc9313957d,Keep
00001067,112D-45,3395.00,1,1,31267633-3ee6-464e-a006-00cc9313957d,Keep
00001068,112D-45 ,3395.00,0,0,31267633-3ee6-464e-a006-00cc9313957d,Keep
00001069,2543-L,31995.00,1,0,e119aa38-57fb-4512-8dab-0a5e5cc5b69b,Keep
00001070,JS439866,2195,2,2,dbc8e3ee-75d7-4ac4-9409-2b996c4ec469,Keep
00001071,D943 BR,5995.00,1,0,1307c5d5-c52c-4afc-823e-572627fdbef6,Keep
00001072,D943 BL,5995.00,1,0,1307c5d5-c52c-4afc-823e-572627fdbef6,Keep
00001073,D912,6995.00,2,0,1307c5d5-c52c-4afc-823e-572627fdbef6,Keep
00001074,D2330,10495.00,1,0,1307c5d5-c52c-4afc-823e-572627fdbef6,Keep
00001075,D2330 R,10495.00,1,0,1307c5d5-c52c-4afc-823e-572627fdbef6,Keep
00001076,D2344 PK,10495.00,1,0,1307c5d5-c52c-4afc-823e-572627fdbef6,Keep
00001077,D2344 BK,10495.00,1,0,1307c5d5-c52c-4afc-823e-572627fdbef6,Keep
00001078,D2344,10495.00,1,0,1307c5d5-c52c-4afc-823e-572627fdbef6,Keep
00001079,D2344 PUR,10495.00,1,0,1307c5d5-c52c-4afc-823e-572627fdbef6,Keep
00001080,D2344 RD,10495.00,1,0,1307c5d5-c52c-4afc-823e-572627fdbef6,Keep
00001081,D863,4695.00,1,0,1307c5d5-c52c-4afc-823e-572627fdbef6,Keep
00001082,D863 BK,4695.00,1,1,1307c5d5-c52c-4afc-823e-572627fdbef6,Keep
00001083,D863 BL,4695.00,1,0,1307c5d5-c52c-4afc-823e-572627fdbef6,Keep
00001084,D863 BR 2,4695.00,1,0,1307c5d5-c52c-4afc-823e-572627fdbef6,Keep
00001085,D406,6995.00,1,0,1307c5d5-c52c-4afc-823e-572627fdbef6,Keep
00001086,D406 RD,6995.00,1,0,1307c5d5-c52c-4afc-823e-572627fdbef6,Keep
00001087,FF/335/2057,3995.00,1,1,3cd65a83-9b51-4860-a892-aacd0ad8031d,Keep
00001088,FF/335/2057,3995.00,1,1,3cd65a83-9b51-4860-a892-aacd0ad8031d,Keep
00001089,FF/335/2057,3995.00,1,1,3cd65a83-9b51-4860-a892-aacd0ad8031d,Keep
00001090,FF/335/2057,3995.00,1,1,3cd65a83-9b51-4860-a892-aacd0ad8031d,Keep
00001091,FF/335/2057,3955.00,1,1,3cd65a83-9b51-4860-a892-aacd0ad8031d,Keep
00001092,FF/335/2036,3995.00,1,1,3cd65a83-9b51-4860-a892-aacd0ad8031d,Keep
00001093,FF/335/2036,3955.00,2,2,3cd65a83-9b51-4860-a892-aacd0ad8031d,Keep
00001094,FF/335/2036,3994.98,1,1,3cd65a83-9b51-4860-a892-aacd0ad8031d,Keep
00001095,FF/335/2036,3995.00,1,1,3cd65a83-9b51-4860-a892-aacd0ad8031d,Keep
00001096,FF/335/7249,2995.00,1,1,3cd65a83-9b51-4860-a892-aacd0ad8031d,Keep
00001097,FF/335/7249,2995.00,1,1,3cd65a83-9b51-4860-a892-aacd0ad8031d,Keep
00001098,FF/335/7249,2995.00,1,1,3cd65a83-9b51-4860-a892-aacd0ad8031d,Keep
00001099,FF/335/7249,2995.00,1,1,3cd65a83-9b51-4860-a892-aacd0ad8031d,Keep
00001100,FF/335/7249,2995.00,1,1,3cd65a83-9b51-4860-a892-aacd0ad8031d,Keep
00001101,FF/335/2056,3095.00,1,1,3cd65a83-9b51-4860-a892-aacd0ad8031d,Keep
00001102,FF/335/2056,3095.00,1,1,3cd65a83-9b51-4860-a892-aacd0ad8031d,Keep
00001103,FF/335/2056,3095.00,1,1,3cd65a83-9b51-4860-a892-aacd0ad8031d,Keep
00001104,FF/335/2056,3095.00,1,1,3cd65a83-9b51-4860-a892-aacd0ad8031d,Keep
00001105,FF/335/2056,3095.00,1,1,3cd65a83-9b51-4860-a892-aacd0ad8031d,Keep
00001106,FF/335/1900,3595.00,1,1,3cd65a83-9b51-4860-a892-aacd0ad8031d,Keep
00001107,FF/335/1900,3595.00,1,1,3cd65a83-9b51-4860-a892-aacd0ad8031d,Keep
00001108,FF/335/1900,3595.00,1,1,3cd65a83-9b51-4860-a892-aacd0ad8031d,Keep
00001109,FF/335/1900,3595.00,1,1,3cd65a83-9b51-4860-a892-aacd0ad8031d,Keep
00001110,FF/335/1900,3595.00,1,1,3cd65a83-9b51-4860-a892-aacd0ad8031d,Keep
00001111,FF/335/1900,3595.00,1,1,3cd65a83-9b51-4860-a892-aacd0ad8031d,Keep
00001112,FF/335/7248,2995.00,1,1,3cd65a83-9b51-4860-a892-aacd0ad8031d,Keep
00001113,FF/335/7248,2995.00,1,1,3cd65a83-9b51-4860-a892-aacd0ad8031d,Keep
00001114,FF/335/7248,2995.00,1,1,3cd65a83-9b51-4860-a892-aacd0ad8031d,Keep
00001115,FF/335/7248,2995.00,1,1,3cd65a83-9b51-4860-a892-aacd0ad8031d,Keep
00001116,FF/335/7248,2995.00,1,1,3cd65a83-9b51-4860-a892-aacd0ad8031d,Keep
00001117,FF/335/2006,3095.00,1,1,3cd65a83-9b51-4860-a892-aacd0ad8031d,Keep
00001118,FF/335/2006,3095.00,1,1,3cd65a83-9b51-4860-a892-aacd0ad8031d,Keep
00001119,FF/335/2006,3095.00,1,1,3cd65a83-9b51-4860-a892-aacd0ad8031d,Keep
00001120,DES 6498 BR,15195.00,0,0,39d28c76-c493-4380-8427-db863b5b7fa4,Keep
00001121,DES 6498 PK,15195.00,0,0,39d28c76-c493-4380-8427-db863b5b7fa4,Keep
00001122,DES 6498 GR,15195.00,0,0,39d28c76-c493-4380-8427-db863b5b7fa4,Keep
00001123,EV-G-06,17195.00,1,0,9d7c18f8-a5f2-4403-a2b4-bd230b8e4bd0,Keep
00001124,EV-D-79,12595.00,1,0,9d7c18f8-a5f2-4403-a2b4-bd230b8e4bd0,Keep
00001125,2410,169995.00,1,1,aff79bc0-a40c-45ff-802e-57134d629139,Keep
00001126,RJ1689,119995.00,1,1,3d2f059c-5ecc-48c8-bf84-220c6f526723,Keep
00001127,RJ1736,139995.00,1,1,3d2f059c-5ecc-48c8-bf84-220c6f526723,Keep
00001128,GD2561,179995.00,1,1,3d2f059c-5ecc-48c8-bf84-220c6f526723,Keep
00001129,GD2566,179995.00,1,1,3d2f059c-5ecc-48c8-bf84-220c6f526723,Keep
00001130,MASABA SUIT-2,55995.00,1,1,98c75b33-4aa2-4fce-ad7e-cdfaac7f7be7,Keep
00001131,DES 6298,19995,0,0,39d28c76-c493-4380-8427-db863b5b7fa4,Keep
00001132,DES 6298,19995,0,0,39d28c76-c493-4380-8427-db863b5b7fa4,Keep
00001133,DES 6297,23995,0,0,39d28c76-c493-4380-8427-db863b5b7fa4,Keep
00001134,DES 6377,13995,0,0,39d28c76-c493-4380-8427-db863b5b7fa4,Keep
00001135,DES 6352,17995,0,0,39d28c76-c493-4380-8427-db863b5b7fa4,Keep
00001136,DES 6352,17995,0,0,39d28c76-c493-4380-8427-db863b5b7fa4,Keep
00001137,DES 6375,9995,0,0,39d28c76-c493-4380-8427-db863b5b7fa4,Keep
00001138,DES 6375,9995,0,0,39d28c76-c493-4380-8427-db863b5b7fa4,Keep
00001139,DES 6375,9995,0,0,39d28c76-c493-4380-8427-db863b5b7fa4,Keep
00001140,DES 6400,14395,0,0,39d28c76-c493-4380-8427-db863b5b7fa4,Keep
00001141,DES 6400,14395,0,0,39d28c76-c493-4380-8427-db863b5b7fa4,Keep
00001142,DES 6400,14395,0,0,39d28c76-c493-4380-8427-db863b5b7fa4,Keep
00001143,DES 6458,11995,0,0,39d28c76-c493-4380-8427-db863b5b7fa4,Keep
00001144,DES 6458,11995,0,0,39d28c76-c493-4380-8427-db863b5b7fa4,Keep
00001145,DES 6404,15995,0,0,39d28c76-c493-4380-8427-db863b5b7fa4,Keep
00001146,DES 6404,15995,0,0,39d28c76-c493-4380-8427-db863b5b7fa4,Keep
00001147,DES 6404,15995,0,0,39d28c76-c493-4380-8427-db863b5b7fa4,Keep
00001148,DES 6392,13995,0,1,39d28c76-c493-4380-8427-db863b5b7fa4,Keep
00001149,DES 6386,11995,0,0,39d28c76-c493-4380-8427-db863b5b7fa4,Keep
00001150,DES 6386,11995,0,0,39d28c76-c493-4380-8427-db863b5b7fa4,Keep
00001151,DES 6386,11995,0,0,39d28c76-c493-4380-8427-db863b5b7fa4,Keep
00001152,DES 6276,23995,0,0,39d28c76-c493-4380-8427-db863b5b7fa4,Keep
00001153,DES 6273,13995,0,0,39d28c76-c493-4380-8427-db863b5b7fa4,Keep
00001154,DES 6273,13995,0,0,39d28c76-c493-4380-8427-db863b5b7fa4,Keep
00001155,DES 6273,13995,0,0,39d28c76-c493-4380-8427-db863b5b7fa4,Keep
00001156,DES 6054,13995,0,0,39d28c76-c493-4380-8427-db863b5b7fa4,Keep
00001157,DES 6054,14595,1,0,39d28c76-c493-4380-8427-db863b5b7fa4,Keep
00001158,DES 6054,14595,0,0,39d28c76-c493-4380-8427-db863b5b7fa4,Keep
00001159,DES 6345,13995,0,0,39d28c76-c493-4380-8427-db863b5b7fa4,Keep
00001160,DES 6345,13995,0,0,39d28c76-c493-4380-8427-db863b5b7fa4,Keep
00001161,DES 6322,12595,0,0,39d28c76-c493-4380-8427-db863b5b7fa4,Keep
00001162,DES 6223,14995,1,0,39d28c76-c493-4380-8427-db863b5b7fa4,Keep
00001163,DES 6223,14195,1,1,39d28c76-c493-4380-8427-db863b5b7fa4,Keep
00001164,DES 6350,15995,1,1,39d28c76-c493-4380-8427-db863b5b7fa4,Keep
00001165,DES 6214,11995,1,0,39d28c76-c493-4380-8427-db863b5b7fa4,Keep
00001166,DES 6214,11995,1,0,39d28c76-c493-4380-8427-db863b5b7fa4,Keep
00001167,DES 6374,13995,1,0,39d28c76-c493-4380-8427-db863b5b7fa4,Keep
00001168,01,42995.00,1,1,c7e75845-d3da-4d44-82d6-d0ccee07f75a,Keep
00001169,01,32495.00,1,1,0f747fbd-051c-4789-9006-d70bd1f78cf0,Keep
00001170,01,32495.00,1,1,0f747fbd-051c-4789-9006-d70bd1f78cf0,Keep
00001171,02,34295.00,1,1,0f747fbd-051c-4789-9006-d70bd1f78cf0,Keep
00001172,03,33395.00,1,1,0f747fbd-051c-4789-9006-d70bd1f78cf0,Keep
00001173,04,34295.00,1,1,0f747fbd-051c-4789-9006-d70bd1f78cf0,Keep
00001174,05,32495.00,1,1,0f747fbd-051c-4789-9006-d70bd1f78cf0,Keep
00001175,06,32494.99,1,1,0f747fbd-051c-4789-9006-d70bd1f78cf0,Keep
00001176,07,32495.00,1,1,0f747fbd-051c-4789-9006-d70bd1f78cf0,Keep
00001177,7403,11995.00,1,0,a8b0c949-1a1b-4927-86bf-c30c58f27ecb,Keep
00001178,7430,13995.00,1,0,a8b0c949-1a1b-4927-86bf-c30c58f27ecb,Keep
00001179,DES 6498 BR,15195,0,1,39d28c76-c493-4380-8427-db863b5b7fa4,Keep
00001180,DES 6498 PK,15195,0,1,39d28c76-c493-4380-8427-db863b5b7fa4,Keep
00001181,DES 6498 GR,15195,0,1,39d28c76-c493-4380-8427-db863b5b7fa4,Keep
00001182,DES 6298,19995,1,0,39d28c76-c493-4380-8427-db863b5b7fa4,Keep
00001183,DES 6298,19995,1,1,39d28c76-c493-4380-8427-db863b5b7fa4,Keep
00001184,DES 6297,23995,2,1,39d28c76-c493-4380-8427-db863b5b7fa4,Keep
00001185,DES 6377,13995,0,1,39d28c76-c493-4380-8427-db863b5b7fa4,Keep
00001186,DES 6352,17995,1,0,39d28c76-c493-4380-8427-db863b5b7fa4,Keep
00001187,DES 6352,17995,0,1,39d28c76-c493-4380-8427-db863b5b7fa4,Keep
00001188,DES 6375,9995,1,0,39d28c76-c493-4380-8427-db863b5b7fa4,Keep
00001189,DES 6375,9995,1,1,39d28c76-c493-4380-8427-db863b5b7fa4,Keep
00001190,DES 6375,9995,1,0,39d28c76-c493-4380-8427-db863b5b7fa4,Keep
00001191,DES 6400,14395,1,0,39d28c76-c493-4380-8427-db863b5b7fa4,Keep
00001192,DES 6400,14395,1,0,39d28c76-c493-4380-8427-db863b5b7fa4,Keep
00001193,DES 6400,14395,1,0,39d28c76-c493-4380-8427-db863b5b7fa4,Keep
00001194,DES 6458,11995,0,1,39d28c76-c493-4380-8427-db863b5b7fa4,Keep
00001195,DES 6458,11995,1,1,39d28c76-c493-4380-8427-db863b5b7fa4,Keep
00001196,DES 6404,15995,1,1,39d28c76-c493-4380-8427-db863b5b7fa4,Keep
00001197,DES 6404,15995,2,0,39d28c76-c493-4380-8427-db863b5b7fa4,Keep
00001198,DES 6404,15995,1,0,39d28c76-c493-4380-8427-db863b5b7fa4,Keep
00001199,DES 6392,13995,1,0,39d28c76-c493-4380-8427-db863b5b7fa4,Keep
00001200,DES 6386,11995,1,0,39d28c76-c493-4380-8427-db863b5b7fa4,Keep
00001201,DES 6386,11995,1,1,39d28c76-c493-4380-8427-db863b5b7fa4,Keep
00001202,DES 6386,11995,0,1,39d28c76-c493-4380-8427-db863b5b7fa4,Keep
00001203,DES 6276,23995,1,1,39d28c76-c493-4380-8427-db863b5b7fa4,Keep
00001204,DES 6273,13995,1,1,39d28c76-c493-4380-8427-db863b5b7fa4,Keep
00001205,DES 6273,13995,1,1,39d28c76-c493-4380-8427-db863b5b7fa4,Keep
00001206,DES 6273,13995,0,0,39d28c76-c493-4380-8427-db863b5b7fa4,Keep
00001207,DES 6054,13995,0,1,39d28c76-c493-4380-8427-db863b5b7fa4,Keep
00001208,DES 6054,14595,0,0,39d28c76-c493-4380-8427-db863b5b7fa4,Keep
00001209,DES 6345,13995,1,1,39d28c76-c493-4380-8427-db863b5b7fa4,Keep
00001210,DES 6345,13995,1,1,39d28c76-c493-4380-8427-db863b5b7fa4,Keep
00001211,DES 6322,12595,1,0,39d28c76-c493-4380-8427-db863b5b7fa4,Keep
00001212,DES 6193,21595,1,1,39d28c76-c493-4380-8427-db863b5b7fa4,Keep
00001213,DES 6193,19995,1,0,39d28c76-c493-4380-8427-db863b5b7fa4,Keep
00001214,DES 6265,15995,1,1,39d28c76-c493-4380-8427-db863b5b7fa4,Keep
00001215,DES 6265,16595,1,0,39d28c76-c493-4380-8427-db863b5b7fa4,Keep
00001216,DES 6201,17995,1,0,39d28c76-c493-4380-8427-db863b5b7fa4,Keep
00001217,DES 6201,17995,1,1,39d28c76-c493-4380-8427-db863b5b7fa4,Keep
00001218,DES 6218,14195,1,0,39d28c76-c493-4380-8427-db863b5b7fa4,Keep
00001219,DES 6146,14595,1,0,39d28c76-c493-4380-8427-db863b5b7fa4,Keep
00001220,DES 6369,14995,1,1,39d28c76-c493-4380-8427-db863b5b7fa4,Keep
00001221,DES 6369,15395,1,0,39d28c76-c493-4380-8427-db863b5b7fa4,Keep
00001222,DES 6369,14995,1,0,39d28c76-c493-4380-8427-db863b5b7fa4,Keep
00001223,DES 6369,15395,0,1,39d28c76-c493-4380-8427-db863b5b7fa4,Keep
00001224,DES 6431,9995,1,1,39d28c76-c493-4380-8427-db863b5b7fa4,Keep
00001225,DES 6431,9995,1,0,39d28c76-c493-4380-8427-db863b5b7fa4,Keep
00001226,DES 6431,9995,1,0,39d28c76-c493-4380-8427-db863b5b7fa4,Keep
00001227,DES 6272,12595,1,0,39d28c76-c493-4380-8427-db863b5b7fa4,Keep
00001228,DES 6272,12595,1,0,39d28c76-c493-4380-8427-db863b5b7fa4,Keep
00001229,DES 6299,7995,1,0,39d28c76-c493-4380-8427-db863b5b7fa4,Keep
00001230,DES 6299,7995,1,0,39d28c76-c493-4380-8427-db863b5b7fa4,Keep
00001231,DES 6244,11995,1,0,39d28c76-c493-4380-8427-db863b5b7fa4,Keep
00001232,DES 6383,13995,1,1,39d28c76-c493-4380-8427-db863b5b7fa4,Keep
00001233,DES 6435,16395,1,1,39d28c76-c493-4380-8427-db863b5b7fa4,Keep
00001234,DES 6444,11995,1,0,39d28c76-c493-4380-8427-db863b5b7fa4,Keep
00001235,DES 6444,12395,1,0,39d28c76-c493-4380-8427-db863b5b7fa4,Keep
00001236,EV-D-67,15995,1,0,3c99e0ac-5b06-4359-8408-0d54658ccae5,Keep
00001237,495,33995.00,1,0,66933a2c-7d84-4648-b063-977c7662a1c5,Keep
00001238,7402 L,11995.00,1,1,2d5c49a6-a5fd-4cbe-a285-70674adeab1e,Keep
00001239,7428 L,13995.00,1,1,2d5c49a6-a5fd-4cbe-a285-70674adeab1e,Keep
00001240,8226 L,31995.00,1,1,2d5c49a6-a5fd-4cbe-a285-70674adeab1e,Keep
00001241,1175-786,33995.00,1,1,0d88b74e-7350-4680-8584-c5c9548dfb2b,Keep
00001242,1187-786,37995.00,1,1,0d88b74e-7350-4680-8584-c5c9548dfb2b,Keep
00001243,BG-095 PK,14395.00,1,0,5d09ae2a-2fd4-4e19-8593-2c680d978e6e,Keep
00001244,AE-382,12595.00,1,0,5d09ae2a-2fd4-4e19-8593-2c680d978e6e,Keep
00001245,AE-382,12595.00,1,0,5d09ae2a-2fd4-4e19-8593-2c680d978e6e,Keep
00001246,BG-093,11595.00,1,0,5d09ae2a-2fd4-4e19-8593-2c680d978e6e,Keep
00001247,BG-093 PK,11595.00,1,0,5d09ae2a-2fd4-4e19-8593-2c680d978e6e,Keep
00001248,AA-481 PK,10795.00,1,1,5d09ae2a-2fd4-4e19-8593-2c680d978e6e,Keep
00001249,AA-481,10795.00,1,0,5d09ae2a-2fd4-4e19-8593-2c680d978e6e,Keep
00001250,AA-471 GY,17995.00,1,1,5d09ae2a-2fd4-4e19-8593-2c680d978e6e,Keep
00001251,AA-1022,17995.00,1,0,5d09ae2a-2fd4-4e19-8593-2c680d978e6e,Keep
00001252,AA-482,17995.00,1,1,5d09ae2a-2fd4-4e19-8593-2c680d978e6e,Keep
00001253,AE-375,26995.00,1,0,5d09ae2a-2fd4-4e19-8593-2c680d978e6e,Keep
00001254,AT-1187,28795.00,1,1,5d09ae2a-2fd4-4e19-8593-2c680d978e6e,Keep
00001255,AT-1213,35995.00,1,0,5d09ae2a-2fd4-4e19-8593-2c680d978e6e,Keep
00001256,AA-1006,23395.00,1,0,5d09ae2a-2fd4-4e19-8593-2c680d978e6e,Keep
00001257,AA-461,21595.00,1,0,5d09ae2a-2fd4-4e19-8593-2c680d978e6e,Keep
00001258,AA-492,21595.00,1,1,5d09ae2a-2fd4-4e19-8593-2c680d978e6e,Keep
00001259,AA-492,21594.98,1,0,5d09ae2a-2fd4-4e19-8593-2c680d978e6e,Keep
00001260,AA-1006,23395.00,1,0,5d09ae2a-2fd4-4e19-8593-2c680d978e6e,Keep
00001261,NO-100,16195.00,1,0,5d09ae2a-2fd4-4e19-8593-2c680d978e6e,Keep
00001262,NO-096,14395.00,1,1,5d09ae2a-2fd4-4e19-8593-2c680d978e6e,Keep
00001263,DS104,5995,1,1,e51a242a-48e2-4d06-a85d-721e7f71348e,Keep
00001264,DS 104,5995,1,1,e51a242a-48e2-4d06-a85d-721e7f71348e,Keep
00001265,AKR 4278,7595,1,1,e51a242a-48e2-4d06-a85d-721e7f71348e,Keep
00001266,AKR 4278,7595,1,1,e51a242a-48e2-4d06-a85d-721e7f71348e,Keep
00001267,AKR 4202,8495,1,0,e51a242a-48e2-4d06-a85d-721e7f71348e,Keep
00001268,BK 288,11195,1,0,e51a242a-48e2-4d06-a85d-721e7f71348e,Keep
00001269,BK 288,11195,1,0,e51a242a-48e2-4d06-a85d-721e7f71348e,Keep
00001270,IK 307,30995,1,1,e51a242a-48e2-4d06-a85d-721e7f71348e,Keep
00001271,SR 499,8995,1,1,e51a242a-48e2-4d06-a85d-721e7f71348e,Keep
00001272,BDR 306,5795,1,0,e51a242a-48e2-4d06-a85d-721e7f71348e,Keep
00001273,BF 1772,14395,1,1,e51a242a-48e2-4d06-a85d-721e7f71348e,Keep
00001274,BR1772,14395,0,0,e51a242a-48e2-4d06-a85d-721e7f71348e,Keep
00001275,BDR 309,10095,1,0,e51a242a-48e2-4d06-a85d-721e7f71348e,Keep
00001276,BF 1987,8495,1,1,e51a242a-48e2-4d06-a85d-721e7f71348e,Keep
00001277,BF 1987,8495,1,0,e51a242a-48e2-4d06-a85d-721e7f71348e,Keep
00001278,BF 1761,17995,1,1,e51a242a-48e2-4d06-a85d-721e7f71348e,Keep
00001279,RIS 196,17995,1,1,e51a242a-48e2-4d06-a85d-721e7f71348e,Keep
00001280,BR 1765,14395,0,0,e51a242a-48e2-4d06-a85d-721e7f71348e,Keep
00001281,BDR 269,7695,1,1,e51a242a-48e2-4d06-a85d-721e7f71348e,Keep
00001282,BDR 269,7695,1,1,e51a242a-48e2-4d06-a85d-721e7f71348e,Keep
00001283,BF 1914,15295,1,1,e51a242a-48e2-4d06-a85d-721e7f71348e,Keep
00001284,BF 1918,11695,1,0,e51a242a-48e2-4d06-a85d-721e7f71348e,Keep
00001285,AKR 4375,8094.98,1,0,e51a242a-48e2-4d06-a85d-721e7f71348e,Keep
00001286,AKR 4375,8095,1,1,e51a242a-48e2-4d06-a85d-721e7f71348e,Keep
00001287,AKR 3999,9995,1,1,e51a242a-48e2-4d06-a85d-721e7f71348e,Keep
00001288,MB 396,8295,1,0,e51a242a-48e2-4d06-a85d-721e7f71348e,Keep
00001289,BK 315,8095,1,0,e51a242a-48e2-4d06-a85d-721e7f71348e,Keep
00001290,181,9495,1,1,87ff7a01-4ba6-4348-ae1a-1a6f1003215e,Keep
00001291,181,9495,1,1,87ff7a01-4ba6-4348-ae1a-1a6f1003215e,Keep
00001292,181,9195,1,1,87ff7a01-4ba6-4348-ae1a-1a6f1003215e,Keep
00001293,181,9195,1,1,87ff7a01-4ba6-4348-ae1a-1a6f1003215e,Keep
00001294,181,9195,1,0,87ff7a01-4ba6-4348-ae1a-1a6f1003215e,Keep
00001295,181,9195,1,1,87ff7a01-4ba6-4348-ae1a-1a6f1003215e,Keep
00001296,181,9195,1,0,87ff7a01-4ba6-4348-ae1a-1a6f1003215e,Keep
00001297,181,9195,1,1,87ff7a01-4ba6-4348-ae1a-1a6f1003215e,Keep
00001298,181,9195,1,1,87ff7a01-4ba6-4348-ae1a-1a6f1003215e,Keep
00001299,181,9195,1,1,87ff7a01-4ba6-4348-ae1a-1a6f1003215e,Keep
00001300,181,9495,1,1,87ff7a01-4ba6-4348-ae1a-1a6f1003215e,Keep
00001301,181,9495,1,1,87ff7a01-4ba6-4348-ae1a-1a6f1003215e,Keep
00001302,212,9695,1,0,87ff7a01-4ba6-4348-ae1a-1a6f1003215e,Keep
00001303,212,9695,1,0,87ff7a01-4ba6-4348-ae1a-1a6f1003215e,Keep
00001304,212,9695,1,0,87ff7a01-4ba6-4348-ae1a-1a6f1003215e,Keep
00001305,212,9695,1,1,87ff7a01-4ba6-4348-ae1a-1a6f1003215e,Keep
00001306,212,9995,1,0,87ff7a01-4ba6-4348-ae1a-1a6f1003215e,Keep
00001307,212,9995,1,1,87ff7a01-4ba6-4348-ae1a-1a6f1003215e,Keep
00001308,183,9695,1,1,87ff7a01-4ba6-4348-ae1a-1a6f1003215e,Keep
00001309,183,9695,1,1,87ff7a01-4ba6-4348-ae1a-1a6f1003215e,Keep
00001310,183,9695,1,1,87ff7a01-4ba6-4348-ae1a-1a6f1003215e,Keep
00001311,183,9695,1,1,87ff7a01-4ba6-4348-ae1a-1a6f1003215e,Keep
00001312,183,9995,1,1,87ff7a01-4ba6-4348-ae1a-1a6f1003215e,Keep
00001313,183,9995,1,1,87ff7a01-4ba6-4348-ae1a-1a6f1003215e,Keep
00001314,PN-7910,137995.00,1,1,a08e9c6f-358c-4eff-b335-cce8584e4342,Keep
00001315,PN-7851,137995.00,1,1,a08e9c6f-358c-4eff-b335-cce8584e4342,Keep
00001316,PN-7766,53995.00,1,0,a08e9c6f-358c-4eff-b335-cce8584e4342,Keep
00001317,PN-7889,137995.00,1,1,a08e9c6f-358c-4eff-b335-cce8584e4342,Keep
00001318,PN-7899,137995.00,1,1,a08e9c6f-358c-4eff-b335-cce8584e4342,Keep
00001319,PN-7888,109995.00,1,1,a08e9c6f-358c-4eff-b335-cce8584e4342,Keep
00001320,KDS-25/140,19695.00,1,0,fd619fdd-7cf6-4d1d-9665-9845602864a5,Keep
00001321,RR1205,13995.00,1,1,4e8962f5-1c00-424b-a290-a5e0be0ea4fa,Keep
00001322,RR1205,13995.00,1,1,4e8962f5-1c00-424b-a290-a5e0be0ea4fa,Keep
00001323,BF 1772,14395,1,1,e51a242a-48e2-4d06-a85d-721e7f71348e,Keep
00001324,BF1765,14395,1,0,e51a242a-48e2-4d06-a85d-721e7f71348e,Keep
00001325,977A-PNK,68995.00,1,1,e3f8e588-a139-4fe6-a3d0-5d838214db7c,Keep
00001326,7182-BEG,36995.00,1,0,e3f8e588-a139-4fe6-a3d0-5d838214db7c,Keep
00001327,7248-RNI,38995.00,1,0,e3f8e588-a139-4fe6-a3d0-5d838214db7c,Keep
00001328,6560A-RNI,62995.00,1,1,e3f8e588-a139-4fe6-a3d0-5d838214db7c,Keep
00001329,7010A-BEG,57395.00,1,1,e3f8e588-a139-4fe6-a3d0-5d838214db7c,Keep
00001330,7223-PRP,53295.00,1,1,e3f8e588-a139-4fe6-a3d0-5d838214db7c,Keep
00001331,7303,30195.00,1,1,e3f8e588-a139-4fe6-a3d0-5d838214db7c,Keep
00001332,7219-PNK,32395.00,1,1,e3f8e588-a139-4fe6-a3d0-5d838214db7c,Keep
00001333,7227,27495.00,1,0,e3f8e588-a139-4fe6-a3d0-5d838214db7c,Keep
00001334,7134,24295.00,1,1,e3f8e588-a139-4fe6-a3d0-5d838214db7c,Keep
00001335,7134,24295.00,1,1,e3f8e588-a139-4fe6-a3d0-5d838214db7c,Keep
00001336,7134,24295.00,1,0,e3f8e588-a139-4fe6-a3d0-5d838214db7c,Keep
00001337,7134,24295.00,1,1,e3f8e588-a139-4fe6-a3d0-5d838214db7c,Keep
00001338,2280-MVE,25795.00,1,1,e3f8e588-a139-4fe6-a3d0-5d838214db7c,Keep
00001339,2445-PCH,22295.00,1,0,e3f8e588-a139-4fe6-a3d0-5d838214db7c,Keep
00001340,7314,25395.00,1,0,e3f8e588-a139-4fe6-a3d0-5d838214db7c,Keep
00001341,IK-276,59995,1,1,e3cc39bc-304b-403f-8de5-7f7f9e78ddc0,Keep
00001342,IK-192,37195,1,1,e3cc39bc-304b-403f-8de5-7f7f9e78ddc0,Keep
00001343,COT FEB,3095.00,12,5,fa0f4a83-4a4a-45ee-a1db-83233200e587,Keep
00001344,COT FEB 2,1995.00,13,7,fa0f4a83-4a4a-45ee-a1db-83233200e587,Keep
00001345,CHAND FEB,3395.00,35,32,fa0f4a83-4a4a-45ee-a1db-83233200e587,Keep
00001346,DES-6445,10995,1,0,35834a3b-9245-4979-b589-87233d1d447a,Keep
00001347,DES-6322,11995,1,1,35834a3b-9245-4979-b589-87233d1d447a,Keep
00001348,DES-6322,11995,1,0,35834a3b-9245-4979-b589-87233d1d447a,Keep
00001349,DES-6374,14595,1,0,35834a3b-9245-4979-b589-87233d1d447a,Keep
00001350,DES-6218,14595,1,0,35834a3b-9245-4979-b589-87233d1d447a,Keep
00001351,DES-6272,11995,1,0,35834a3b-9245-4979-b589-87233d1d447a,Keep
00001352,DES-6054,13995.00,0,0,35834a3b-9245-4979-b589-87233d1d447a,Keep
00001353,D2252,9895.00,1,0,bafe2116-ccca-422c-96cc-36f801db98cf,Keep
00001354,D2252,9895.00,1,0,bafe2116-ccca-422c-96cc-36f801db98cf,Keep
00001355,D2264,10695.00,1,0,bafe2116-ccca-422c-96cc-36f801db98cf,Keep
00001356,D2265,10695.00,1,1,bafe2116-ccca-422c-96cc-36f801db98cf,Keep
00001357,D2264,10695.00,1,1,bafe2116-ccca-422c-96cc-36f801db98cf,Keep
00001358,D2264,10695.00,1,0,bafe2116-ccca-422c-96cc-36f801db98cf,Keep
00001359,D2264,10695.00,1,1,bafe2116-ccca-422c-96cc-36f801db98cf,Keep
00001360,D2264,10695.00,1,0,bafe2116-ccca-422c-96cc-36f801db98cf,Keep
00001361,D2262,15895.00,1,0,bafe2116-ccca-422c-96cc-36f801db98cf,Keep
00001362,D2340,11395.00,1,0,bafe2116-ccca-422c-96cc-36f801db98cf,Keep
00001363,D2340,11395.00,1,0,bafe2116-ccca-422c-96cc-36f801db98cf,Keep
00001364,D2312,36895.00,1,1,bafe2116-ccca-422c-96cc-36f801db98cf,Keep
00001365,KX-304J,34195.00,1,1,b1497371-294f-4aae-a622-55958dea034d,Keep
00001366,KX-312EE,28795.00,1,0,b1497371-294f-4aae-a622-55958dea034d,Keep
00001367,KX-312P,28795.00,1,1,b1497371-294f-4aae-a622-55958dea034d,Keep
00001368,KX-304P,34195.00,1,0,b1497371-294f-4aae-a622-55958dea034d,Keep
00001369,AA-434,11695.00,1,0,b1497371-294f-4aae-a622-55958dea034d,Keep
00001370,AA-434,11695.00,1,1,b1497371-294f-4aae-a622-55958dea034d,Keep
00001371,CL-443,28095.00,1,1,b1497371-294f-4aae-a622-55958dea034d,Keep
00001372,CL-453,22695.00,1,1,b1497371-294f-4aae-a622-55958dea034d,Keep
00001373,KU-177,44995.00,1,1,b1497371-294f-4aae-a622-55958dea034d,Keep
00001374,MSQ-018N,62995.00,1,1,b1497371-294f-4aae-a622-55958dea034d,Keep
00001375,BS-125J,59395.00,1,0,b1497371-294f-4aae-a622-55958dea034d,Keep
00001376,BS-109 EE,53995.00,1,1,b1497371-294f-4aae-a622-55958dea034d,Keep
00001377,NO-046,16195.00,1,1,b1497371-294f-4aae-a622-55958dea034d,Keep
00001378,NO-046L,16195.00,1,1,b1497371-294f-4aae-a622-55958dea034d,Keep
00001379,NO-048,21595.00,1,0,b1497371-294f-4aae-a622-55958dea034d,Keep
00001380,BF-1152,12595.00,1,1,b1497371-294f-4aae-a622-55958dea034d,Keep
00001381,BF-1152L,12595.00,1,0,b1497371-294f-4aae-a622-55958dea034d,Keep
00001382,BF-1158,19795.00,1,0,b1497371-294f-4aae-a622-55958dea034d,Keep
00001383,D 1,1995.00,12,10,ef9f8e39-8173-4f56-b861-8f5646edddd2,Keep
00001384,D 2,3395.00,4,4,ef9f8e39-8173-4f56-b861-8f5646edddd2,Keep
00001385,D 3,5595.00,3,3,ef9f8e39-8173-4f56-b861-8f5646edddd2,Keep
00001386,D 4,6295.00,16,16,ef9f8e39-8173-4f56-b861-8f5646edddd2,Keep
00001387,D 5,3395.00,2,2,ef9f8e39-8173-4f56-b861-8f5646edddd2,Keep
00001388,D 6,3395.00,4,2,ef9f8e39-8173-4f56-b861-8f5646edddd2,Keep
00001389,D 7,3095.00,2,2,ef9f8e39-8173-4f56-b861-8f5646edddd2,Keep
00001390,D 8,4195.00,11,9,ef9f8e39-8173-4f56-b861-8f5646edddd2,Keep
00001391,D 9,3495.00,4,4,ef9f8e39-8173-4f56-b861-8f5646edddd2,Keep
00001392,D 10,4195.00,2,2,ef9f8e39-8173-4f56-b861-8f5646edddd2,Keep
00001393,D 11,6695.00,3,3,ef9f8e39-8173-4f56-b861-8f5646edddd2,Keep
00001394,D 12,3395.00,3,3,ef9f8e39-8173-4f56-b861-8f5646edddd2,Keep
00001395,D 13,5695.00,9,9,ef9f8e39-8173-4f56-b861-8f5646edddd2,Keep
00001396,DES-6197,13995,1,0,5569d308-be9f-430d-a4e2-13ab478e6e73,Keep
00001397,DES-6197,14595,1,0,5569d308-be9f-430d-a4e2-13ab478e6e73,Keep
00001398,DES-6197,13995,1,0,5569d308-be9f-430d-a4e2-13ab478e6e73,Keep
00001399,DES-6197,14595,1,0,5569d308-be9f-430d-a4e2-13ab478e6e73,Keep
00001400,E 1,4495.00,10,10,d65ecab0-9e57-47cb-af2b-41237276089f,Keep
00001401,E 2,4495.00,23,19,d65ecab0-9e57-47cb-af2b-41237276089f,Keep
00001402,E 3,5595.00,4,2,d65ecab0-9e57-47cb-af2b-41237276089f,Keep
00001403,E 5,3395.00,22,19,d65ecab0-9e57-47cb-af2b-41237276089f,Keep
00001404,1879,16295,0,0,050e55a0-4d54-43fa-8645-be71f7f2c082,Keep
00001405,1879,16295,0,0,050e55a0-4d54-43fa-8645-be71f7f2c082,Keep
00001406,1879,16295,0,0,050e55a0-4d54-43fa-8645-be71f7f2c082,Keep
00001407,1879,16295,0,0,050e55a0-4d54-43fa-8645-be71f7f2c082,Keep
00001408,1879,16295,0,0,050e55a0-4d54-43fa-8645-be71f7f2c082,Keep
00001409,1591,10595,1,1,050e55a0-4d54-43fa-8645-be71f7f2c082,Keep
00001410,1591,10595,1,0,050e55a0-4d54-43fa-8645-be71f7f2c082,Keep
00001411,1591,10595,1,0,050e55a0-4d54-43fa-8645-be71f7f2c082,Keep
00001412,2001,10495,1,0,050e55a0-4d54-43fa-8645-be71f7f2c082,Keep
00001413,2001,10495,1,0,050e55a0-4d54-43fa-8645-be71f7f2c082,Keep
00001414,BF-1158,19795.00,1,0,8963f790-eb63-45fd-8675-5e98df4b9347,Keep
00001415,BF-1162,11995.00,1,0,8963f790-eb63-45fd-8675-5e98df4b9347,Keep
00001416,BF-1162,11995.00,1,0,8963f790-eb63-45fd-8675-5e98df4b9347,Keep
00001417,N-581,10795.00,1,1,8963f790-eb63-45fd-8675-5e98df4b9347,Keep
00001418,N-581,10795.00,1,1,8963f790-eb63-45fd-8675-5e98df4b9347,Keep
00001419,BS-574,28795.00,1,1,8963f790-eb63-45fd-8675-5e98df4b9347,Keep
00001420,BS-574,28795.00,1,1,8963f790-eb63-45fd-8675-5e98df4b9347,Keep
00001421,BS-578,32195.00,1,0,8963f790-eb63-45fd-8675-5e98df4b9347,Keep
00001422,DG-536,15195.00,1,1,8963f790-eb63-45fd-8675-5e98df4b9347,Keep
00001423,DG-503,15195.00,1,0,8963f790-eb63-45fd-8675-5e98df4b9347,Keep
00001424,DG-503,15195.00,1,1,8963f790-eb63-45fd-8675-5e98df4b9347,Keep
00001425,N-580,12495.00,1,1,8963f790-eb63-45fd-8675-5e98df4b9347,Keep
00001426,N-580,12495.00,1,1,8963f790-eb63-45fd-8675-5e98df4b9347,Keep
00001427,N-577,11895.00,1,1,8963f790-eb63-45fd-8675-5e98df4b9347,Keep
00001428,N-577,11895.00,1,1,8963f790-eb63-45fd-8675-5e98df4b9347,Keep
00001429,5849,116995.00,1,1,3e6e66e6-8832-4b2a-ab38-aa861ba08e77,Keep
00001430,7203,143695.00,1,0,3e6e66e6-8832-4b2a-ab38-aa861ba08e77,Keep
00001431,4788,35895.00,1,0,3e6e66e6-8832-4b2a-ab38-aa861ba08e77,Keep
00001432,1187 A,25195.00,1,0,3e6e66e6-8832-4b2a-ab38-aa861ba08e77,Keep
00001433,4129,28795.00,1,1,3e6e66e6-8832-4b2a-ab38-aa861ba08e77,Keep
00001434,6331,32295.00,1,0,3e6e66e6-8832-4b2a-ab38-aa861ba08e77,Keep
00001435,SGH2876,48595.00,1,1,0502dc40-b93e-49ed-82a5-d7b7175bccca,Keep
00001436,S11151,39595.00,1,0,0502dc40-b93e-49ed-82a5-d7b7175bccca,Keep
00001437,S11084,41395.00,1,0,0502dc40-b93e-49ed-82a5-d7b7175bccca,Keep
00001438,S10968,43195.00,1,0,0502dc40-b93e-49ed-82a5-d7b7175bccca,Keep
00001439,US-298,23395.00,1,1,0502dc40-b93e-49ed-82a5-d7b7175bccca,Keep
00001440,MTPUS-327,25195.00,1,0,0502dc40-b93e-49ed-82a5-d7b7175bccca,Keep
00001441,7196,30395,0,0,a67b5713-cc7c-4564-b67b-fa7d59016760,Keep
00001442,7196,30395,0,0,a67b5713-cc7c-4564-b67b-fa7d59016760,Keep
00001443,7198,33895,0,0,a67b5713-cc7c-4564-b67b-fa7d59016760,Keep
00001444,7197,30395,0,0,a67b5713-cc7c-4564-b67b-fa7d59016760,Keep
00001445,7197,30395,0,0,a67b5713-cc7c-4564-b67b-fa7d59016760,Keep
00001446,7377,35695,0,0,a67b5713-cc7c-4564-b67b-fa7d59016760,Keep
00001447,7377,35695,0,0,a67b5713-cc7c-4564-b67b-fa7d59016760,Keep
00001448,1718,28595,0,0,a67b5713-cc7c-4564-b67b-fa7d59016760,Keep
00001449,1718,28595,0,0,a67b5713-cc7c-4564-b67b-fa7d59016760,Keep
00001450,7196,30595.00,1,1,a67b5713-cc7c-4564-b67b-fa7d59016760,Keep
00001451,7196,30595.00,1,1,a67b5713-cc7c-4564-b67b-fa7d59016760,Keep
00001452,7198,34195.00,1,1,a67b5713-cc7c-4564-b67b-fa7d59016760,Keep
00001453,7197,30595.00,1,1,a67b5713-cc7c-4564-b67b-fa7d59016760,Keep
00001454,7197,30595.00,1,1,a67b5713-cc7c-4564-b67b-fa7d59016760,Keep
00001455,7377,35995.00,1,1,a67b5713-cc7c-4564-b67b-fa7d59016760,Keep
00001456,7377,35595.00,1,1,a67b5713-cc7c-4564-b67b-fa7d59016760,Keep
00001457,1718,28795.00,1,1,a67b5713-cc7c-4564-b67b-fa7d59016760,Keep
00001458,1718,28795.00,1,1,a67b5713-cc7c-4564-b67b-fa7d59016760,Keep
00001459,1530,48695.00,1,1,95f1d968-7cff-4aa7-a659-bff555fbaf32,Keep
00001460,7269,30595.00,1,1,95f1d968-7cff-4aa7-a659-bff555fbaf32,Keep
00001461,7269,30595.00,1,1,95f1d968-7cff-4aa7-a659-bff555fbaf32,Keep
00001462,7456,35995.00,1,1,95f1d968-7cff-4aa7-a659-bff555fbaf32,Keep
00001463,1188,26995.00,1,1,95f1d968-7cff-4aa7-a659-bff555fbaf32,Keep
00001464,1188,26995.00,1,1,95f1d968-7cff-4aa7-a659-bff555fbaf32,Keep
00001465,6607,25195.00,1,0,95f1d968-7cff-4aa7-a659-bff555fbaf32,Keep
00001466,6607,25195.00,1,0,95f1d968-7cff-4aa7-a659-bff555fbaf32,Keep
00001467,7243,28795.00,1,1,95f1d968-7cff-4aa7-a659-bff555fbaf32,Keep
00001468,6791 A,32395.00,1,1,95f1d968-7cff-4aa7-a659-bff555fbaf32,Keep
00001469,SM2526127,16695.00,1,1,eabe5f89-5fae-47b9-bc40-4942887c8164,Keep
00001470,KO2523937,26995.00,1,1,eabe5f89-5fae-47b9-bc40-4942887c8164,Keep
00001471,KO2524456,26295.00,1,1,eabe5f89-5fae-47b9-bc40-4942887c8164,Keep
00001472,KO2523937,26955.00,1,1,eabe5f89-5fae-47b9-bc40-4942887c8164,Keep
00001473,SM2525377,16695.00,1,1,eabe5f89-5fae-47b9-bc40-4942887c8164,Keep
00001474,SM2525377,16695.00,1,1,eabe5f89-5fae-47b9-bc40-4942887c8164,Keep
00001475,SM2526127,16695.00,1,1,eabe5f89-5fae-47b9-bc40-4942887c8164,Keep
00001476,AG1872,21995.00,1,1,2c4d8257-6911-42c2-870e-76f74055438d,Keep
00001477,10836,6795.00,2,2,bb4993bf-5e1c-4fbf-9dc6-1d923c8bc361,Keep
00001478,10836,6795.00,1,1,bb4993bf-5e1c-4fbf-9dc6-1d923c8bc361,Keep
00001479,12802,6795.00,1,0,bb4993bf-5e1c-4fbf-9dc6-1d923c8bc361,Keep
00001480,12802,6795.00,1,1,bb4993bf-5e1c-4fbf-9dc6-1d923c8bc361,Keep
00001481,15898,6795.00,1,1,bb4993bf-5e1c-4fbf-9dc6-1d923c8bc361,Keep
00001482,15898,6795.00,1,1,bb4993bf-5e1c-4fbf-9dc6-1d923c8bc361,Keep
00001483,7964,6795.00,1,1,bb4993bf-5e1c-4fbf-9dc6-1d923c8bc361,Keep
00001484,7694,6795.00,1,1,bb4993bf-5e1c-4fbf-9dc6-1d923c8bc361,Keep
00001485,8852,6795.00,1,1,bb4993bf-5e1c-4fbf-9dc6-1d923c8bc361,Keep
00001486,8852,6795.00,1,0,bb4993bf-5e1c-4fbf-9dc6-1d923c8bc361,Keep
00001487,13473,7095.00,1,1,bb4993bf-5e1c-4fbf-9dc6-1d923c8bc361,Keep
00001488,13473,7095.00,1,1,bb4993bf-5e1c-4fbf-9dc6-1d923c8bc361,Keep
00001489,0008,7095.00,1,1,bb4993bf-5e1c-4fbf-9dc6-1d923c8bc361,Keep
00001490,0008,7095.00,1,1,bb4993bf-5e1c-4fbf-9dc6-1d923c8bc361,Keep
00001491,10185,7095.00,1,1,bb4993bf-5e1c-4fbf-9dc6-1d923c8bc361,Keep
00001492,10185,7095.00,1,1,bb4993bf-5e1c-4fbf-9dc6-1d923c8bc361,Keep
00001493,13270,7095.00,1,1,bb4993bf-5e1c-4fbf-9dc6-1d923c8bc361,Keep
00001494,13270,7095.00,1,1,bb4993bf-5e1c-4fbf-9dc6-1d923c8bc361,Keep
00001495,11727,7295.00,2,2,bb4993bf-5e1c-4fbf-9dc6-1d923c8bc361,Keep
00001496,11928,7295.00,1,1,bb4993bf-5e1c-4fbf-9dc6-1d923c8bc361,Keep
00001497,11928,7295.00,2,2,bb4993bf-5e1c-4fbf-9dc6-1d923c8bc361,Keep
00001498,12992,7295.00,1,1,bb4993bf-5e1c-4fbf-9dc6-1d923c8bc361,Keep
00001499,12992,7295.00,2,2,bb4993bf-5e1c-4fbf-9dc6-1d923c8bc361,Keep
00001500,13269,7295.00,2,2,bb4993bf-5e1c-4fbf-9dc6-1d923c8bc361,Keep
00001501,15479,7295.00,1,1,bb4993bf-5e1c-4fbf-9dc6-1d923c8bc361,Keep
00001502,11928,7295.00,1,0,bb4993bf-5e1c-4fbf-9dc6-1d923c8bc361,Keep
00001503,13057,17595.00,1,1,ff0fdd3e-8450-410e-acd0-7ecf835897be,Keep
00001504,9638,17595.00,1,1,ff0fdd3e-8450-410e-acd0-7ecf835897be,Keep
00001505,11998,28795.00,1,0,d9490422-bd54-483d-bbcf-76b4cacc68bf,Keep
00001506,13451,25195.00,1,1,d9490422-bd54-483d-bbcf-76b4cacc68bf,Keep
00001507,13451,25195.00,1,1,d9490422-bd54-483d-bbcf-76b4cacc68bf,Keep
00001508,16675,24495.00,1,1,d9490422-bd54-483d-bbcf-76b4cacc68bf,Keep
00001509,16676,22695.00,1,0,d9490422-bd54-483d-bbcf-76b4cacc68bf,Keep
00001510,17275,26295.00,1,0,d9490422-bd54-483d-bbcf-76b4cacc68bf,Keep
00001511,17275,26295.00,3,3,d9490422-bd54-483d-bbcf-76b4cacc68bf,Keep
00001512,17411,28095.00,1,1,d9490422-bd54-483d-bbcf-76b4cacc68bf,Keep
00001513,18309,23395.00,1,1,d9490422-bd54-483d-bbcf-76b4cacc68bf,Keep
00001514,19951,26295.00,1,0,d9490422-bd54-483d-bbcf-76b4cacc68bf,Keep
00001515,20738,21595.00,1,1,d9490422-bd54-483d-bbcf-76b4cacc68bf,Keep
00001516,20738,23395.00,1,1,d9490422-bd54-483d-bbcf-76b4cacc68bf,Keep
00001517,5214,23359.56,2,1,d9490422-bd54-483d-bbcf-76b4cacc68bf,Keep
00001518,527,4095.00,4,4,145af3a5-273c-4e84-8f7d-54f9b0e97d50,Keep
00001519,2838,5395.00,3,3,145af3a5-273c-4e84-8f7d-54f9b0e97d50,Keep
00001520,7246,2495.00,4,4,145af3a5-273c-4e84-8f7d-54f9b0e97d50,Keep
00001521,533,6695.00,4,2,145af3a5-273c-4e84-8f7d-54f9b0e97d50,Keep
00001522,1011,9595.00,1,1,145af3a5-273c-4e84-8f7d-54f9b0e97d50,Keep
00001523,6737,8995.00,2,0,145af3a5-273c-4e84-8f7d-54f9b0e97d50,Keep
00001524,790,6295.00,1,1,145af3a5-273c-4e84-8f7d-54f9b0e97d50,Keep
00001525,8956,6395.00,4,4,145af3a5-273c-4e84-8f7d-54f9b0e97d50,Keep
00001526,860,2495.00,4,3,145af3a5-273c-4e84-8f7d-54f9b0e97d50,Keep
00001527,510,5995.00,3,2,145af3a5-273c-4e84-8f7d-54f9b0e97d50,Keep
00001528,821,8295.00,3,3,145af3a5-273c-4e84-8f7d-54f9b0e97d50,Keep
00001529,507,4495.00,3,3,145af3a5-273c-4e84-8f7d-54f9b0e97d50,Keep
00001530,8616,6095.00,3,3,145af3a5-273c-4e84-8f7d-54f9b0e97d50,Keep
00001531,8611,3595.00,4,4,145af3a5-273c-4e84-8f7d-54f9b0e97d50,Keep
00001532,8618,4395.00,1,1,145af3a5-273c-4e84-8f7d-54f9b0e97d50,Keep
00001533,8620,4355.83,1,0,145af3a5-273c-4e84-8f7d-54f9b0e97d50,Keep
00001534,3813,4195.00,4,1,145af3a5-273c-4e84-8f7d-54f9b0e97d50,Keep
00001535,10030,8595.00,3,3,145af3a5-273c-4e84-8f7d-54f9b0e97d50,Keep
00001536,4699,4995.00,2,2,145af3a5-273c-4e84-8f7d-54f9b0e97d50,Keep
00001537,822,8095.00,3,1,145af3a5-273c-4e84-8f7d-54f9b0e97d50,Keep
00001538,508,5895.00,3,3,145af3a5-273c-4e84-8f7d-54f9b0e97d50,Keep
00001539,13604,16195.00,4,4,f766444e-c258-4e4a-8651-0c9217cde844,Keep
00001540,21208,16195.00,1,0,f766444e-c258-4e4a-8651-0c9217cde844,Keep
00001541,12793,10795.00,10,8,f766444e-c258-4e4a-8651-0c9217cde844,Keep
00001542,3678,8995.00,18,9,f766444e-c258-4e4a-8651-0c9217cde844,Keep
00001543,S/151-445M,3395.00,1,0,d5df26de-8651-4985-b06e-e9b7959e347b,Keep
00001544,S/151-445M,3395,0,0,d5df26de-8651-4985-b06e-e9b7959e347b,Keep
00001545,S/151-445M,3395.00,2,1,d5df26de-8651-4985-b06e-e9b7959e347b,Keep
00001546,S/151-445M,3395.00,1,1,d5df26de-8651-4985-b06e-e9b7959e347b,Keep
00001547,S/151-445M,3395.00,1,1,d5df26de-8651-4985-b06e-e9b7959e347b,Keep
00001548,S/151-445M,3395.00,1,1,d5df26de-8651-4985-b06e-e9b7959e347b,Keep
00001549,S/151-445M,3395.00,1,0,d5df26de-8651-4985-b06e-e9b7959e347b,Keep
00001550,S/151-445M,3395.00,1,0,d5df26de-8651-4985-b06e-e9b7959e347b,Keep
00001551,S151-445,3195.00,1,0,d5df26de-8651-4985-b06e-e9b7959e347b,Keep
00001552,S151-445,3195,1,1,d5df26de-8651-4985-b06e-e9b7959e347b,Keep
00001553,S151-445,3195.00,1,1,d5df26de-8651-4985-b06e-e9b7959e347b,Keep
00001554,S151-445,3195.00,1,1,d5df26de-8651-4985-b06e-e9b7959e347b,Keep
00001555,S151-445,3195.00,1,1,d5df26de-8651-4985-b06e-e9b7959e347b,Keep
00001556,S151-445,3195,1,1,d5df26de-8651-4985-b06e-e9b7959e347b,Keep
00001557,S151-445,3195.00,1,1,d5df26de-8651-4985-b06e-e9b7959e347b,Keep
00001558,S151-445,3195,1,0,d5df26de-8651-4985-b06e-e9b7959e347b,Keep
00001559,656,3395,4,2,034678ad-93ac-4a25-a10e-03848c081a67,Keep
00001560,1903,7495.00,4,2,034678ad-93ac-4a25-a10e-03848c081a67,Keep
00001561,10119,3795.00,4,2,034678ad-93ac-4a25-a10e-03848c081a67,Keep
00001562,757,7095.00,3,3,034678ad-93ac-4a25-a10e-03848c081a67,Keep
00001563,1901,7495.00,4,3,034678ad-93ac-4a25-a10e-03848c081a67,Keep
00001564,7184,4095.00,4,4,034678ad-93ac-4a25-a10e-03848c081a67,Keep
00001565,676,6795.00,5,5,034678ad-93ac-4a25-a10e-03848c081a67,Keep
00001566,101 2D,3195.00,2,0,034678ad-93ac-4a25-a10e-03848c081a67,Keep
00001567,108 4D,3795.00,4,2,034678ad-93ac-4a25-a10e-03848c081a67,Keep
00001568,1863,7795.00,4,4,034678ad-93ac-4a25-a10e-03848c081a67,Keep
00001569,677,6795.00,6,6,034678ad-93ac-4a25-a10e-03848c081a67,Keep
00001570,862,6495.00,4,4,034678ad-93ac-4a25-a10e-03848c081a67,Keep
00001571,546,5695.00,3,3,034678ad-93ac-4a25-a10e-03848c081a67,Keep
00001572,1861,9995.00,4,2,034678ad-93ac-4a25-a10e-03848c081a67,Keep
00001573,1905,7495.00,4,4,034678ad-93ac-4a25-a10e-03848c081a67,Keep
00001574,541,4695.00,1,0,034678ad-93ac-4a25-a10e-03848c081a67,Keep
00001575,HP-739,12595,2,0,d4fde3fb-c39a-4cda-a028-ff87c9b37dc2,Keep
00001576,HP-202,13495,4,3,d4fde3fb-c39a-4cda-a028-ff87c9b37dc2,Keep
00001577,F-1894,21295,1,1,d4fde3fb-c39a-4cda-a028-ff87c9b37dc2,Keep
00001578,F-1893,20095,1,1,d4fde3fb-c39a-4cda-a028-ff87c9b37dc2,Keep
00001579,1601U,15095,1,1,d4fde3fb-c39a-4cda-a028-ff87c9b37dc2,Keep
00001580,F-1876,17795,1,0,d4fde3fb-c39a-4cda-a028-ff87c9b37dc2,Keep
00001581,F-1127,5195,3,2,d4fde3fb-c39a-4cda-a028-ff87c9b37dc2,Keep
00001582,HP-212E,7695,4,2,d4fde3fb-c39a-4cda-a028-ff87c9b37dc2,Keep
00001583,HP-212,5895,3,2,d4fde3fb-c39a-4cda-a028-ff87c9b37dc2,Keep
00001584,HL-083E,5895,3,2,d4fde3fb-c39a-4cda-a028-ff87c9b37dc2,Keep
00001585,HP-901,11195,9,7,d4fde3fb-c39a-4cda-a028-ff87c9b37dc2,Keep
00001586,HP-156,10895,5,4,d4fde3fb-c39a-4cda-a028-ff87c9b37dc2,Keep
00001587,HL-107,3595,6,4,d4fde3fb-c39a-4cda-a028-ff87c9b37dc2,Keep
00001588,HL-105,3995,3,2,d4fde3fb-c39a-4cda-a028-ff87c9b37dc2,Keep
00001589,HP-101,4095,3,2,d4fde3fb-c39a-4cda-a028-ff87c9b37dc2,Keep
00001590,GUS-328,3095,3,3,d4fde3fb-c39a-4cda-a028-ff87c9b37dc2,Keep
00001591,GUS-305,2495,1,1,d4fde3fb-c39a-4cda-a028-ff87c9b37dc2,Keep
00001592,GUS-305,2495,1,1,d4fde3fb-c39a-4cda-a028-ff87c9b37dc2,Keep
00001593,1876,6395.00,2,1,5c8f4cb2-2336-489c-a750-a14577110845,Keep
00001594,571,7995.00,2,1,5c8f4cb2-2336-489c-a750-a14577110845,Keep
00001595,632,5095.00,3,2,5c8f4cb2-2336-489c-a750-a14577110845,Keep
00001596,103 2D,3795.00,2,1,5c8f4cb2-2336-489c-a750-a14577110845,Keep
00001597,10115,3395.00,4,3,5c8f4cb2-2336-489c-a750-a14577110845,Keep
00001598,547,3095.00,4,4,5c8f4cb2-2336-489c-a750-a14577110845,Keep
00001599,656,3395.00,0,0,034678ad-93ac-4a25-a10e-03848c081a67,Keep
00001600,894,3795.00,2,0,5c8f4cb2-2336-489c-a750-a14577110845,Keep
00001601,9717,5595,1,1,5c8f4cb2-2336-489c-a750-a14577110845,Keep
00001602,10108,3195.00,4,3,5c8f4cb2-2336-489c-a750-a14577110845,Keep
00001603,1877,5595.00,4,4,5c8f4cb2-2336-489c-a750-a14577110845,Keep
00001604,1870,7295.00,5,4,5c8f4cb2-2336-489c-a750-a14577110845,Keep
00001605,1902,7995.00,2,2,5c8f4cb2-2336-489c-a750-a14577110845,Keep
00001606,726,3595.00,1,1,5c8f4cb2-2336-489c-a750-a14577110845,Keep
00001607,9948,3995.00,2,2,5c8f4cb2-2336-489c-a750-a14577110845,Keep
00001608,1906,6595.00,4,3,5c8f4cb2-2336-489c-a750-a14577110845,Keep
00001609,1897,6595.00,4,4,5c8f4cb2-2336-489c-a750-a14577110845,Keep
00001610,1849,4695.00,4,4,5c8f4cb2-2336-489c-a750-a14577110845,Keep
00001611,1852,4695.00,4,1,5c8f4cb2-2336-489c-a750-a14577110845,Keep
00001612,1852,4695.00,4,4,5c8f4cb2-2336-489c-a750-a14577110845,Keep
00001613,1188B,5595.00,3,2,4bb13e41-5f30-4b44-aed5-b88c4edd6bfe,Keep
00001614,1188C,5595.00,2,1,4bb13e41-5f30-4b44-aed5-b88c4edd6bfe,Keep
00001615,NB10607,8395,0,0,1c77a7f6-e6c4-49f6-8d87-985ae3aca03b,Keep
00001616,NB10493,9995.00,0,0,1c77a7f6-e6c4-49f6-8d87-985ae3aca03b,Keep
00001617,NB10580,8395.00,0,0,1c77a7f6-e6c4-49f6-8d87-985ae3aca03b,Keep
00001618,NB10581,8595.00,0,0,1c77a7f6-e6c4-49f6-8d87-985ae3aca03b,Keep
00001619,NB10504,8795.00,0,0,1c77a7f6-e6c4-49f6-8d87-985ae3aca03b,Keep
00001620,NB10510,11695.00,0,0,1c77a7f6-e6c4-49f6-8d87-985ae3aca03b,Keep
00001621,1188A,5595.00,1,0,4bb13e41-5f30-4b44-aed5-b88c4edd6bfe,Keep
00001622,212-221,4295.00,3,3,4bb13e41-5f30-4b44-aed5-b88c4edd6bfe,Keep
00001623,254-22,4462.22,3,1,4bb13e41-5f30-4b44-aed5-b88c4edd6bfe,Keep
00001624,212-210,3095.00,3,3,4bb13e41-5f30-4b44-aed5-b88c4edd6bfe,Keep
00001625,212-194,3795.00,3,2,4bb13e41-5f30-4b44-aed5-b88c4edd6bfe,Keep
00001626,212-189,2695.00,3,1,4bb13e41-5f30-4b44-aed5-b88c4edd6bfe,Keep
00001627,190-231,3295.00,3,0,4bb13e41-5f30-4b44-aed5-b88c4edd6bfe,Keep
00001628,391,22995.00,1,1,2c3c5836-6900-4ecf-b384-ba15e99ff3bf,Keep
00001629,819,6695.00,3,1,02583427-d88c-4c42-b7ce-0e89383ce1aa,Keep
00001630,818,6695.00,3,1,02583427-d88c-4c42-b7ce-0e89383ce1aa,Keep
00001631,7268,3995.00,4,4,02583427-d88c-4c42-b7ce-0e89383ce1aa,Keep
00001632,662,5195.00,4,4,02583427-d88c-4c42-b7ce-0e89383ce1aa,Keep
00001633,758,3795.00,20,13,02583427-d88c-4c42-b7ce-0e89383ce1aa,Keep
00001634,539,4795.00,4,4,02583427-d88c-4c42-b7ce-0e89383ce1aa,Keep
00001635,662,5195.00,4,4,02583427-d88c-4c42-b7ce-0e89383ce1aa,Keep
00001636,3389,4595.00,4,4,02583427-d88c-4c42-b7ce-0e89383ce1aa,Keep
00001637,658,3395.00,4,4,02583427-d88c-4c42-b7ce-0e89383ce1aa,Keep
00001638,820,8295.00,3,2,02583427-d88c-4c42-b7ce-0e89383ce1aa,Keep
00001639,112 4D,4935.00,4,4,02583427-d88c-4c42-b7ce-0e89383ce1aa,Keep
00001640,10037,3595.00,3,3,02583427-d88c-4c42-b7ce-0e89383ce1aa,Keep
00001641,NB10607,8395.00,0,0,1c77a7f6-e6c4-49f6-8d87-985ae3aca03b,Keep
00001642,1150F,12195,1,0,63abc4bd-ee5c-444a-9954-b62f9e6854a3,Keep
00001643,1150F,12195,1,0,63abc4bd-ee5c-444a-9954-b62f9e6854a3,Keep
00001644,1267 F,15195,1,1,63abc4bd-ee5c-444a-9954-b62f9e6854a3,Keep
00001645,1267 F,15195,1,0,63abc4bd-ee5c-444a-9954-b62f9e6854a3,Keep
00001646,1290 F,10995,1,0,63abc4bd-ee5c-444a-9954-b62f9e6854a3,Keep
00001647,1290 F,10994.99,1,0,63abc4bd-ee5c-444a-9954-b62f9e6854a3,Keep
00001648,1292 F,15395,1,0,63abc4bd-ee5c-444a-9954-b62f9e6854a3,Keep
00001649,1216 F,15395,1,0,63abc4bd-ee5c-444a-9954-b62f9e6854a3,Keep
00001650,1299 F,11794.99,1,1,63abc4bd-ee5c-444a-9954-b62f9e6854a3,Keep
00001651,1043 38,13295,1,1,63abc4bd-ee5c-444a-9954-b62f9e6854a3,Keep
00001652,1043 40,13295,1,1,63abc4bd-ee5c-444a-9954-b62f9e6854a3,Keep
00001653,1282 F,13995,1,0,63abc4bd-ee5c-444a-9954-b62f9e6854a3,Keep
00001654,4491 F,12595,1,0,63abc4bd-ee5c-444a-9954-b62f9e6854a3,Keep
00001655,1269 F,14595,1,1,63abc4bd-ee5c-444a-9954-b62f9e6854a3,Keep
00001656,4403 F,11794.99,1,0,63abc4bd-ee5c-444a-9954-b62f9e6854a3,Keep
00001657,8439-R,27695.00,1,1,e06136b6-f0d8-474f-bc63-1f7a28e255e2,Keep
00001658,8487-R,28495.00,1,1,e06136b6-f0d8-474f-bc63-1f7a28e255e2,Keep
00001659,8740,1495.00,4,4,e2dd479e-2fe0-4939-bdf7-c44df8016fa3,Keep
00001660,8738,1495.00,4,4,e2dd479e-2fe0-4939-bdf7-c44df8016fa3,Keep
00001661,2855,2495.00,4,4,e2dd479e-2fe0-4939-bdf7-c44df8016fa3,Keep
00001662,5295,2495.00,4,4,e2dd479e-2fe0-4939-bdf7-c44df8016fa3,Keep
00001663,8733,1695.00,4,4,e2dd479e-2fe0-4939-bdf7-c44df8016fa3,Keep
00001664,8036,1995.00,2,2,e2dd479e-2fe0-4939-bdf7-c44df8016fa3,Keep
00001665,5395,2995.00,4,3,e2dd479e-2fe0-4939-bdf7-c44df8016fa3,Keep
00001666,11318,1595.00,4,0,e2dd479e-2fe0-4939-bdf7-c44df8016fa3,Keep
00001667,5600,7595.00,2,2,e2dd479e-2fe0-4939-bdf7-c44df8016fa3,Keep
00001668,6729,8995.00,2,2,e2dd479e-2fe0-4939-bdf7-c44df8016fa3,Keep
00001669,7259,5895.00,4,4,e2dd479e-2fe0-4939-bdf7-c44df8016fa3,Keep
00001670,7274,5295.00,4,4,e2dd479e-2fe0-4939-bdf7-c44df8016fa3,Keep
00001671,2852,2595,3,2,e2dd479e-2fe0-4939-bdf7-c44df8016fa3,Keep
00001672,2827,11495.00,2,2,e2dd479e-2fe0-4939-bdf7-c44df8016fa3,Keep
00001673,5389,2430.00,4,4,e2dd479e-2fe0-4939-bdf7-c44df8016fa3,Keep
00001674,532,2655.00,4,4,e2dd479e-2fe0-4939-bdf7-c44df8016fa3,Keep
00001675,5386,3295.00,4,4,e2dd479e-2fe0-4939-bdf7-c44df8016fa3,Keep
00001676,11110,2195.00,3,3,e2dd479e-2fe0-4939-bdf7-c44df8016fa3,Keep
00001677,5384,2795.00,4,4,e2dd479e-2fe0-4939-bdf7-c44df8016fa3,Keep
00001678,3414,2395.00,4,4,e2dd479e-2fe0-4939-bdf7-c44df8016fa3,Keep
00001679,8309,5295.00,2,1,e2dd479e-2fe0-4939-bdf7-c44df8016fa3,Keep
00001680,704,10395.00,3,1,e2dd479e-2fe0-4939-bdf7-c44df8016fa3,Keep
00001681,1128,11395.00,2,1,e2dd479e-2fe0-4939-bdf7-c44df8016fa3,Keep
00001682,1148,12495.00,2,1,e2dd479e-2fe0-4939-bdf7-c44df8016fa3,Keep
00001683,598,14495.00,4,2,e2dd479e-2fe0-4939-bdf7-c44df8016fa3,Keep
00001684,598,14495.00,2,2,e2dd479e-2fe0-4939-bdf7-c44df8016fa3,Keep
00001685,7267,13995.00,1,1,9fe84bdb-8a3b-4307-b4a7-0f6e3a8620db,Keep
00001686,7267,13995.00,1,1,9fe84bdb-8a3b-4307-b4a7-0f6e3a8620db,Keep
00001687,4426,21995.00,1,0,9fe84bdb-8a3b-4307-b4a7-0f6e3a8620db,Keep
00001688,2824,5395.00,1,0,e56fedcc-75e2-4be9-97f8-95e59b07344a,Keep
00001689,866,6295.00,2,1,e56fedcc-75e2-4be9-97f8-95e59b07344a,Keep
00001690,2835,5395.00,1,1,e56fedcc-75e2-4be9-97f8-95e59b07344a,Keep
00001691,7045,2495.00,4,2,e56fedcc-75e2-4be9-97f8-95e59b07344a,Keep
00001692,504,5295.00,3,2,e56fedcc-75e2-4be9-97f8-95e59b07344a,Keep
00001693,2817,6295.00,1,1,e56fedcc-75e2-4be9-97f8-95e59b07344a,Keep
00001694,665,2495.00,5,4,e56fedcc-75e2-4be9-97f8-95e59b07344a,Keep
00001695,4617,6295.00,2,0,e56fedcc-75e2-4be9-97f8-95e59b07344a,Keep
00001696,629,5595.00,1,1,e56fedcc-75e2-4be9-97f8-95e59b07344a,Keep
00001697,4718,11495.00,1,1,e56fedcc-75e2-4be9-97f8-95e59b07344a,Keep
00001698,505,4495.00,2,1,e56fedcc-75e2-4be9-97f8-95e59b07344a,Keep
00001699,630,5995.00,2,1,e56fedcc-75e2-4be9-97f8-95e59b07344a,Keep
00001700,631,5395.00,1,1,e56fedcc-75e2-4be9-97f8-95e59b07344a,Keep
00001701,509,5695.00,3,2,e56fedcc-75e2-4be9-97f8-95e59b07344a,Keep
00001702,879,4695.00,1,0,e56fedcc-75e2-4be9-97f8-95e59b07344a,Keep
00001703,629,5595.00,1,0,e56fedcc-75e2-4be9-97f8-95e59b07344a,Keep
00001704,10121,8695.00,1,1,e56fedcc-75e2-4be9-97f8-95e59b07344a,Keep
00001705,7237,5395.00,3,2,e56fedcc-75e2-4be9-97f8-95e59b07344a,Keep
00001706,615,4595.00,2,1,e56fedcc-75e2-4be9-97f8-95e59b07344a,Keep
00001707,753,3595.00,3,1,e56fedcc-75e2-4be9-97f8-95e59b07344a,Keep
00001708,3375,3695.00,2,2,e56fedcc-75e2-4be9-97f8-95e59b07344a,Keep
00001709,864,2995.00,6,3,e56fedcc-75e2-4be9-97f8-95e59b07344a,Keep
00001710,493,10095.00,2,1,e56fedcc-75e2-4be9-97f8-95e59b07344a,Keep
00001711,612,4275.00,1,1,e56fedcc-75e2-4be9-97f8-95e59b07344a,Keep
00001712,754,4495.00,2,2,e56fedcc-75e2-4be9-97f8-95e59b07344a,Keep
00001713,3426,4495.00,3,2,e56fedcc-75e2-4be9-97f8-95e59b07344a,Keep
00001714,2864,2395.00,3,0,e56fedcc-75e2-4be9-97f8-95e59b07344a,Keep
00001715,9717,5595.00,0,0,5c8f4cb2-2336-489c-a750-a14577110845,Keep
00001716,837,6995.00,3,0,ce1559f3-7968-48f0-8d3e-066617827fa1,Keep
00001717,620,7595,4,3,ce1559f3-7968-48f0-8d3e-066617827fa1,Keep
00001718,1010,17995.00,2,1,ce1559f3-7968-48f0-8d3e-066617827fa1,Keep
00001719,754,8095.00,4,3,ce1559f3-7968-48f0-8d3e-066617827fa1,Keep
00001720,620,7595.00,7,6,ce1559f3-7968-48f0-8d3e-066617827fa1,Keep
00001721,723,7795.00,8,0,ce1559f3-7968-48f0-8d3e-066617827fa1,Keep
00001722,754,8095.00,7,3,ce1559f3-7968-48f0-8d3e-066617827fa1,Keep
00001723,2905,4095.00,2,2,9d723dd7-c539-493c-aa36-e692535c88c9,Keep
00001724,593-95,4494.99,3,0,9d723dd7-c539-493c-aa36-e692535c88c9,Keep
00001725,854,5995.00,3,3,9d723dd7-c539-493c-aa36-e692535c88c9,Keep
00001726,2906,3295.00,1,1,9d723dd7-c539-493c-aa36-e692535c88c9,Keep
00001727,2891,4095.00,2,2,9d723dd7-c539-493c-aa36-e692535c88c9,Keep
00001728,2913,3395.00,3,3,9d723dd7-c539-493c-aa36-e692535c88c9,Keep
00001729,2902,4095.00,2,2,9d723dd7-c539-493c-aa36-e692535c88c9,Keep
00001730,3335,3395.00,3,2,9d723dd7-c539-493c-aa36-e692535c88c9,Keep
00001731,3124,3295.00,3,2,9d723dd7-c539-493c-aa36-e692535c88c9,Keep
00001732,3394,3195.00,4,4,9d723dd7-c539-493c-aa36-e692535c88c9,Keep
00001733,IRT/CW/321,8195.00,1,1,08384f86-f534-4ee1-b522-b34ce640a7da,Keep
00001734,IRT/CW/321,8195.00,1,1,08384f86-f534-4ee1-b522-b34ce640a7da,Keep
00001735,IRT/CW/321,8195.00,1,1,08384f86-f534-4ee1-b522-b34ce640a7da,Keep
00001736,IRT/CW/322,8195.00,2,1,08384f86-f534-4ee1-b522-b34ce640a7da,Keep
00001737,IRT/CW/322,8195.00,1,1,08384f86-f534-4ee1-b522-b34ce640a7da,Keep
00001738,IRT/CW/322,8195.00,2,1,08384f86-f534-4ee1-b522-b34ce640a7da,Keep
00001739,IRT/CW/322,8195.00,1,1,08384f86-f534-4ee1-b522-b34ce640a7da,Keep
00001740,IRT/CW/322,8195.00,2,2,08384f86-f534-4ee1-b522-b34ce640a7da,Keep
00001741,IRT/CW/322,8195.00,1,0,08384f86-f534-4ee1-b522-b34ce640a7da,Keep
00001742,2408,331695,1,0,600dc760-2890-4050-847c-3ff15797a460,Keep
00001743,2411,180895,1,0,600dc760-2890-4050-847c-3ff15797a460,Keep
00001744,14969,16095,1,1,d3f97efe-e003-4a91-b146-37f1cb268d75,Keep
00001745,16494,23295.00,1,1,d3f97efe-e003-4a91-b146-37f1cb268d75,Keep
00001746,16494,23295.00,1,1,d3f97efe-e003-4a91-b146-37f1cb268d75,Keep
00001747,16610,25095.00,1,1,d3f97efe-e003-4a91-b146-37f1cb268d75,Keep
00001748,16844,25095.00,1,1,d3f97efe-e003-4a91-b146-37f1cb268d75,Keep
00001749,18035,22595.00,1,1,d3f97efe-e003-4a91-b146-37f1cb268d75,Keep
00001750,18035,22595.00,1,1,d3f97efe-e003-4a91-b146-37f1cb268d75,Keep
00001751,18604,19695.00,1,1,d3f97efe-e003-4a91-b146-37f1cb268d75,Keep
00001752,18604,19695.00,1,1,d3f97efe-e003-4a91-b146-37f1cb268d75,Keep
00001753,19078,23295.00,1,1,d3f97efe-e003-4a91-b146-37f1cb268d75,Keep
00001754,19525,31495.00,1,1,d3f97efe-e003-4a91-b146-37f1cb268d75,Keep
00001755,19612,16095.00,1,1,d3f97efe-e003-4a91-b146-37f1cb268d75,Keep
00001756,19612,16095.00,1,1,d3f97efe-e003-4a91-b146-37f1cb268d75,Keep
00001757,19817,24295.00,1,1,d3f97efe-e003-4a91-b146-37f1cb268d75,Keep
00001758,19817,24295.00,1,1,d3f97efe-e003-4a91-b146-37f1cb268d75,Keep
00001759,19829,19695.00,1,1,d3f97efe-e003-4a91-b146-37f1cb268d75,Keep
00001760,20712,25095.00,4,4,d3f97efe-e003-4a91-b146-37f1cb268d75,Keep
00001761,13916,10795.00,2,2,d3f97efe-e003-4a91-b146-37f1cb268d75,Keep
00001762,2286,3495.00,2,2,9d723dd7-c539-493c-aa36-e692535c88c9,Keep
00001763,3139,4795.00,3,1,9d723dd7-c539-493c-aa36-e692535c88c9,Keep
00001764,3275,4495.00,3,2,9d723dd7-c539-493c-aa36-e692535c88c9,Keep
00001765,3131,3195.00,3,3,9d723dd7-c539-493c-aa36-e692535c88c9,Keep
00001766,3067,3495.00,2,2,9d723dd7-c539-493c-aa36-e692535c88c9,Keep
00001767,2511,3794.97,4,4,9d723dd7-c539-493c-aa36-e692535c88c9,Keep
00001768,2917,3395.00,3,2,9d723dd7-c539-493c-aa36-e692535c88c9,Keep
00001769,8739,1495.00,8,8,9d723dd7-c539-493c-aa36-e692535c88c9,Keep
00001770,8450,7695.00,2,1,9d723dd7-c539-493c-aa36-e692535c88c9,Keep
00001771,3339,3895.00,4,4,9d723dd7-c539-493c-aa36-e692535c88c9,Keep
00001772,10485,23295.00,1,1,5f138695-f39c-4bf1-ad02-155644e11e30,Keep
00001773,10487,23295.00,1,1,5f138695-f39c-4bf1-ad02-155644e11e30,Keep
00001774,11778,19695.00,1,1,5f138695-f39c-4bf1-ad02-155644e11e30,Keep
00001775,11778,19695.00,1,1,5f138695-f39c-4bf1-ad02-155644e11e30,Keep
00001776,11786,19695.00,1,1,5f138695-f39c-4bf1-ad02-155644e11e30,Keep
00001777,16856,16095,1,1,5f138695-f39c-4bf1-ad02-155644e11e30,Keep
00001778,16856,16095.00,1,1,5f138695-f39c-4bf1-ad02-155644e11e30,Keep
00001779,18720,26895.00,1,1,5f138695-f39c-4bf1-ad02-155644e11e30,Keep
00001780,18720,26895.00,1,1,5f138695-f39c-4bf1-ad02-155644e11e30,Keep
00001781,18720,26895.00,1,1,5f138695-f39c-4bf1-ad02-155644e11e30,Keep
00001782,20089,25095.00,2,2,5f138695-f39c-4bf1-ad02-155644e11e30,Keep
00001783,21119,21495.00,1,1,5f138695-f39c-4bf1-ad02-155644e11e30,Keep
00001784,21119,21495.00,1,0,5f138695-f39c-4bf1-ad02-155644e11e30,Keep
00001785,21120,21495.00,1,1,5f138695-f39c-4bf1-ad02-155644e11e30,Keep
00001786,21120,21495.00,1,1,5f138695-f39c-4bf1-ad02-155644e11e30,Keep
00001787,21120,21495.00,1,0,5f138695-f39c-4bf1-ad02-155644e11e30,Keep
00001788,21124,19695.00,1,0,5f138695-f39c-4bf1-ad02-155644e11e30,Keep
00001789,21124,19695.00,1,1,5f138695-f39c-4bf1-ad02-155644e11e30,Keep
00001790,21125,25095.00,1,1,5f138695-f39c-4bf1-ad02-155644e11e30,Keep
00001791,21125,25095.00,1,1,5f138695-f39c-4bf1-ad02-155644e11e30,Keep
00001792,21439,16095.00,1,0,5f138695-f39c-4bf1-ad02-155644e11e30,Keep
00001793,21439,16095.00,1,1,5f138695-f39c-4bf1-ad02-155644e11e30,Keep
00001794,9863,16095.00,1,1,5f138695-f39c-4bf1-ad02-155644e11e30,Keep
00001795,12350,21495.00,1,0,534bb8eb-3036-494e-9a6e-dc4d76bc0a6a,Keep
00001796,12350,21495.00,1,1,534bb8eb-3036-494e-9a6e-dc4d76bc0a6a,Keep
00001797,12400,23295.00,1,1,534bb8eb-3036-494e-9a6e-dc4d76bc0a6a,Keep
00001798,12775,19695.00,1,1,534bb8eb-3036-494e-9a6e-dc4d76bc0a6a,Keep
00001799,12775,19695.00,1,1,534bb8eb-3036-494e-9a6e-dc4d76bc0a6a,Keep
00001800,12775,19695.00,1,1,534bb8eb-3036-494e-9a6e-dc4d76bc0a6a,Keep
00001801,15710,19695.00,1,1,534bb8eb-3036-494e-9a6e-dc4d76bc0a6a,Keep
00001802,15771,16095.00,2,1,534bb8eb-3036-494e-9a6e-dc4d76bc0a6a,Keep
00001803,15873,16095.00,4,4,534bb8eb-3036-494e-9a6e-dc4d76bc0a6a,Keep
00001804,17538,18995.00,1,1,534bb8eb-3036-494e-9a6e-dc4d76bc0a6a,Keep
00001805,19379,18995.00,2,2,534bb8eb-3036-494e-9a6e-dc4d76bc0a6a,Keep
00001806,19475,19695.00,3,2,534bb8eb-3036-494e-9a6e-dc4d76bc0a6a,Keep
00001807,20718,23295.00,1,1,534bb8eb-3036-494e-9a6e-dc4d76bc0a6a,Keep
00001808,3023,19695.00,1,1,534bb8eb-3036-494e-9a6e-dc4d76bc0a6a,Keep
00001809,3023,19695.00,1,1,534bb8eb-3036-494e-9a6e-dc4d76bc0a6a,Keep
00001810,2852,2595.00,0,0,e2dd479e-2fe0-4939-bdf7-c44df8016fa3,Keep
00001811,10118,3195.00,3,2,88636100-00e7-4e28-8109-8db5ebd43937,Keep
00001812,6735,9195.00,1,0,88636100-00e7-4e28-8109-8db5ebd43937,Keep
00001813,6734,8995.00,1,1,88636100-00e7-4e28-8109-8db5ebd43937,Keep
00001814,6770,8995.00,1,1,88636100-00e7-4e28-8109-8db5ebd43937,Keep
00001815,4618,4095.00,2,1,88636100-00e7-4e28-8109-8db5ebd43937,Keep
00001816,596,5795.00,1,1,88636100-00e7-4e28-8109-8db5ebd43937,Keep
00001817,672,6795.00,2,1,88636100-00e7-4e28-8109-8db5ebd43937,Keep
00001818,2814,7195.00,2,2,88636100-00e7-4e28-8109-8db5ebd43937,Keep
00001819,10085,9595.00,2,2,88636100-00e7-4e28-8109-8db5ebd43937,Keep
00001820,760,5595.00,3,0,88636100-00e7-4e28-8109-8db5ebd43937,Keep
00001821,8619,4395.00,2,2,88636100-00e7-4e28-8109-8db5ebd43937,Keep
00001822,768,7895.00,1,0,88636100-00e7-4e28-8109-8db5ebd43937,Keep
00001823,4616,6495.00,1,0,88636100-00e7-4e28-8109-8db5ebd43937,Keep
00001824,670,5795.00,2,2,88636100-00e7-4e28-8109-8db5ebd43937,Keep
00001825,795,6795.00,3,1,88636100-00e7-4e28-8109-8db5ebd43937,Keep
00001826,4614,6995.00,3,2,88636100-00e7-4e28-8109-8db5ebd43937,Keep
00001827,503,6795.00,3,3,88636100-00e7-4e28-8109-8db5ebd43937,Keep
00001828,4605,7695.00,1,1,88636100-00e7-4e28-8109-8db5ebd43937,Keep
00001829,628,5795.00,1,1,88636100-00e7-4e28-8109-8db5ebd43937,Keep
00001830,876,5695.00,3,3,88636100-00e7-4e28-8109-8db5ebd43937,Keep
00001831,10120,8695.00,4,4,88636100-00e7-4e28-8109-8db5ebd43937,Keep
00001832,670,5795.00,1,1,88636100-00e7-4e28-8109-8db5ebd43937,Keep
00001833,506,6995.00,3,3,88636100-00e7-4e28-8109-8db5ebd43937,Keep
00001834,44669,7595.00,3,3,88636100-00e7-4e28-8109-8db5ebd43937,Keep
00001835,625,6295.00,3,3,88636100-00e7-4e28-8109-8db5ebd43937,Keep
00001836,150,2595.00,3,3,88636100-00e7-4e28-8109-8db5ebd43937,Keep
00001837,156,2295.00,4,3,88636100-00e7-4e28-8109-8db5ebd43937,Keep
00001838,12497,16095.00,4,3,80f52708-5b7e-4574-ba97-53f5bfe6bb94,Keep
00001839,15730,18930.00,6,6,80f52708-5b7e-4574-ba97-53f5bfe6bb94,Keep
00001840,15771,16095.00,1,1,80f52708-5b7e-4574-ba97-53f5bfe6bb94,Keep
00001841,5236,19695.00,5,3,80f52708-5b7e-4574-ba97-53f5bfe6bb94,Keep
00001842,5362,14295.00,5,4,80f52708-5b7e-4574-ba97-53f5bfe6bb94,Keep
00001843,18723,26095.00,1,1,e44d1df0-c52d-47c7-bc8e-a9ecf2d6ebea,Keep
00001844,18723,26095.00,1,0,e44d1df0-c52d-47c7-bc8e-a9ecf2d6ebea,Keep
00001845,1887,55495.00,1,1,e44d1df0-c52d-47c7-bc8e-a9ecf2d6ebea,Keep
00001846,19154,54795.00,1,1,e44d1df0-c52d-47c7-bc8e-a9ecf2d6ebea,Keep
00001847,19742,18995.00,1,1,e44d1df0-c52d-47c7-bc8e-a9ecf2d6ebea,Keep
00001848,19880,80595.00,1,0,e44d1df0-c52d-47c7-bc8e-a9ecf2d6ebea,Keep
00001849,20048,85195.00,1,1,e44d1df0-c52d-47c7-bc8e-a9ecf2d6ebea,Keep
00001850,21466,81595.00,1,0,e44d1df0-c52d-47c7-bc8e-a9ecf2d6ebea,Keep
00001851,2500,61895.00,1,0,e44d1df0-c52d-47c7-bc8e-a9ecf2d6ebea,Keep
00001852,9005,22595.00,1,1,e44d1df0-c52d-47c7-bc8e-a9ecf2d6ebea,Keep
00001853,YSH-06,16195.00,1,0,b0df03e2-33c4-4096-af43-5804e577001f,Keep
00001854,YSH-06,16195.00,1,0,b0df03e2-33c4-4096-af43-5804e577001f,Keep
00001855,BDR-305,11195.00,1,0,b0df03e2-33c4-4096-af43-5804e577001f,Keep
00001856,BDR-305,11195.00,1,1,b0df03e2-33c4-4096-af43-5804e577001f,Keep
00001857,BDR-301,6495.00,1,0,b0df03e2-33c4-4096-af43-5804e577001f,Keep
00001858,BDR-301,6495.00,1,1,b0df03e2-33c4-4096-af43-5804e577001f,Keep
00001859,BDR-161,5195.00,1,1,b0df03e2-33c4-4096-af43-5804e577001f,Keep
00001860,BDR-161,5195.00,1,1,b0df03e2-33c4-4096-af43-5804e577001f,Keep
00001861,BF-1812,19795.00,1,1,b0df03e2-33c4-4096-af43-5804e577001f,Keep
00001862,BF-1812,19795.00,1,0,b0df03e2-33c4-4096-af43-5804e577001f,Keep
00001863,AKR-4390,6695.00,1,1,b0df03e2-33c4-4096-af43-5804e577001f,Keep
00001864,AKR-4390,6695.00,1,1,b0df03e2-33c4-4096-af43-5804e577001f,Keep
00001865,BF-1883,38895.00,1,1,b0df03e2-33c4-4096-af43-5804e577001f,Keep
00001866,BF-1892,16195.00,1,0,b0df03e2-33c4-4096-af43-5804e577001f,Keep
00001867,BF-1892,16195.00,1,0,b0df03e2-33c4-4096-af43-5804e577001f,Keep
00001868,BF-1755,11895.00,1,0,b0df03e2-33c4-4096-af43-5804e577001f,Keep
00001869,BF-1755,11895.00,1,0,b0df03e2-33c4-4096-af43-5804e577001f,Keep
00001870,AKR-4193,9395.00,1,1,b0df03e2-33c4-4096-af43-5804e577001f,Keep
00001871,AKR-4384,7895.00,1,1,b0df03e2-33c4-4096-af43-5804e577001f,Keep
00001872,AKR-4384,7895.00,1,1,b0df03e2-33c4-4096-af43-5804e577001f,Keep
00001873,BF-1947,15295.00,1,1,b0df03e2-33c4-4096-af43-5804e577001f,Keep
00001874,BF-1947,15295.00,1,0,b0df03e2-33c4-4096-af43-5804e577001f,Keep
00001875,MB-396,8295.00,1,0,b0df03e2-33c4-4096-af43-5804e577001f,Keep
00001876,BK-112,7195.00,1,0,b0df03e2-33c4-4096-af43-5804e577001f,Keep
00001877,BK-112,7195.00,1,0,b0df03e2-33c4-4096-af43-5804e577001f,Keep
00001878,12806,24295.00,2,1,81552240-5f40-4901-b8f9-9ff5e3acc675,Keep
00001879,13261,20795.00,1,1,81552240-5f40-4901-b8f9-9ff5e3acc675,Keep
00001880,13812,24295.00,1,1,81552240-5f40-4901-b8f9-9ff5e3acc675,Keep
00001881,16857,16095.00,4,3,81552240-5f40-4901-b8f9-9ff5e3acc675,Keep
00001882,17524,26795.00,1,1,81552240-5f40-4901-b8f9-9ff5e3acc675,Keep
00001883,19917,23295.00,2,2,81552240-5f40-4901-b8f9-9ff5e3acc675,Keep
00001884,20514,22495.00,1,1,81552240-5f40-4901-b8f9-9ff5e3acc675,Keep
00001885,20516,22595.00,1,1,81552240-5f40-4901-b8f9-9ff5e3acc675,Keep
00001886,20954,19695.00,2,2,81552240-5f40-4901-b8f9-9ff5e3acc675,Keep
00001887,21205,18995.00,2,1,81552240-5f40-4901-b8f9-9ff5e3acc675,Keep
00001888,21474,22595.00,2,2,81552240-5f40-4901-b8f9-9ff5e3acc675,Keep
00001889,21516,22595.00,3,3,81552240-5f40-4901-b8f9-9ff5e3acc675,Keep
00001890,3640,23295.00,2,1,81552240-5f40-4901-b8f9-9ff5e3acc675,Keep
00001891,12752,73095.00,1,0,eb0571d5-e423-4933-b9e7-fd0d46cd824a,Keep
00001892,19850,65895.00,1,1,eb0571d5-e423-4933-b9e7-fd0d46cd824a,Keep
00001893,20123,62295.00,1,1,eb0571d5-e423-4933-b9e7-fd0d46cd824a,Keep
00001894,20432,65895.00,1,1,eb0571d5-e423-4933-b9e7-fd0d46cd824a,Keep
00001895,20436,71995.00,1,1,eb0571d5-e423-4933-b9e7-fd0d46cd824a,Keep
00001896,20568,80295.00,1,1,eb0571d5-e423-4933-b9e7-fd0d46cd824a,Keep
00001897,20569,80295.00,1,1,eb0571d5-e423-4933-b9e7-fd0d46cd824a,Keep
00001898,20930,73095.00,1,1,eb0571d5-e423-4933-b9e7-fd0d46cd824a,Keep
00001899,21465,62295.00,1,1,eb0571d5-e423-4933-b9e7-fd0d46cd824a,Keep
00001900,21500,71295.00,1,0,eb0571d5-e423-4933-b9e7-fd0d46cd824a,Keep
00001901,21501,65895.00,1,1,eb0571d5-e423-4933-b9e7-fd0d46cd824a,Keep
00001902,8919,59395.00,1,1,eb0571d5-e423-4933-b9e7-fd0d46cd824a,Keep
00001903,LILY-3003,7895,1,1,80a34090-cacf-4760-9f44-9fba251f36d4,Keep
00001904,LILY-3003,7895,1,0,80a34090-cacf-4760-9f44-9fba251f36d4,Keep
00001905,LILY-3003,7895,1,0,80a34090-cacf-4760-9f44-9fba251f36d4,Keep
00001906,LILY-3003,8095,1,0,80a34090-cacf-4760-9f44-9fba251f36d4,Keep
00001907,LILY-3003,8095,1,0,80a34090-cacf-4760-9f44-9fba251f36d4,Keep
00001908,MARIGOLD-3039,7195,1,0,80a34090-cacf-4760-9f44-9fba251f36d4,Keep
00001909,MARIGOLD-3039,7195,1,0,80a34090-cacf-4760-9f44-9fba251f36d4,Keep
00001910,MARIGOLD-3039,7195,1,0,80a34090-cacf-4760-9f44-9fba251f36d4,Keep
00001911,MARIGOLD-3039,7395,1,0,80a34090-cacf-4760-9f44-9fba251f36d4,Keep
00001912,MARIGOLD-3039,7195,1,0,80a34090-cacf-4760-9f44-9fba251f36d4,Keep
00001913,MARIGOLD-3039,7195,1,0,80a34090-cacf-4760-9f44-9fba251f36d4,Keep
00001914,MARIGOLD-3039,7195,1,1,80a34090-cacf-4760-9f44-9fba251f36d4,Keep
00001915,MARIGOLD-3039,7395,1,0,80a34090-cacf-4760-9f44-9fba251f36d4,Keep
00001916,MARIGOLD-2009,9195,1,0,80a34090-cacf-4760-9f44-9fba251f36d4,Keep
00001917,MARIGOLD-2009,9195,1,0,80a34090-cacf-4760-9f44-9fba251f36d4,Keep
00001918,MARIGOLD-2009,9195,1,0,80a34090-cacf-4760-9f44-9fba251f36d4,Keep
00001919,MARIGOLD-2009,9295,1,0,80a34090-cacf-4760-9f44-9fba251f36d4,Keep
00001920,MARIGOLD-3072,7995,0,0,80a34090-cacf-4760-9f44-9fba251f36d4,Keep
00001921,MARIGOLD-3072,7995,0,2,80a34090-cacf-4760-9f44-9fba251f36d4,Keep
00001922,MARIGOLD-3072,8195,0,0,80a34090-cacf-4760-9f44-9fba251f36d4,Keep
00001923,MARIGOLD-3122,7995,1,0,80a34090-cacf-4760-9f44-9fba251f36d4,Keep
00001924,MARIGOLD-3122,7995,1,0,80a34090-cacf-4760-9f44-9fba251f36d4,Keep
00001925,MARIGOLD-3122,7995,1,1,80a34090-cacf-4760-9f44-9fba251f36d4,Keep
00001926,MARIGOLD-3122,8195,1,0,80a34090-cacf-4760-9f44-9fba251f36d4,Keep
00001927,LILY-3009,7995,1,0,80a34090-cacf-4760-9f44-9fba251f36d4,Keep
00001928,LILY-3009,7995,1,0,80a34090-cacf-4760-9f44-9fba251f36d4,Keep
00001929,LILY-3009,7995,1,0,80a34090-cacf-4760-9f44-9fba251f36d4,Keep
00001930,LILY-3009,8195,1,0,80a34090-cacf-4760-9f44-9fba251f36d4,Keep
00001931,LILY-3009,8195,1,0,80a34090-cacf-4760-9f44-9fba251f36d4,Keep
00001932,MARIGOLD-1037,8495,1,0,80a34090-cacf-4760-9f44-9fba251f36d4,Keep
00001933,MARIGOLD-1037,8495,1,1,80a34090-cacf-4760-9f44-9fba251f36d4,Keep
00001934,MARIGOLD-1037,8495,1,1,80a34090-cacf-4760-9f44-9fba251f36d4,Keep
00001935,MARIGOLD-1037,8695,1,0,80a34090-cacf-4760-9f44-9fba251f36d4,Keep
00001936,MARIGOLD-1052,8095,1,0,80a34090-cacf-4760-9f44-9fba251f36d4,Keep
00001937,MARIGOLD-1052,8095,1,0,80a34090-cacf-4760-9f44-9fba251f36d4,Keep
00001938,MARIGOLD-1052,8095,1,0,80a34090-cacf-4760-9f44-9fba251f36d4,Keep
00001939,MARIGOLD-1052,8295,1,0,80a34090-cacf-4760-9f44-9fba251f36d4,Keep
00001940,MARIGOLD-3159,8395,1,0,80a34090-cacf-4760-9f44-9fba251f36d4,Keep
00001941,MARIGOLD-3159,8395,1,1,80a34090-cacf-4760-9f44-9fba251f36d4,Keep
00001942,MARIGOLD-3159,8395,1,0,80a34090-cacf-4760-9f44-9fba251f36d4,Keep
00001943,MARIGOLD-3159,8595,1,0,80a34090-cacf-4760-9f44-9fba251f36d4,Keep
00001944,MARIGOLD-3137,7295,1,0,80a34090-cacf-4760-9f44-9fba251f36d4,Keep
00001945,MARIGOLD-3137,7295,1,1,80a34090-cacf-4760-9f44-9fba251f36d4,Keep
00001946,MARIGOLD-3137,7295,1,0,80a34090-cacf-4760-9f44-9fba251f36d4,Keep
00001947,MARIGOLD-3137,7495,1,0,80a34090-cacf-4760-9f44-9fba251f36d4,Keep
00001948,MARIGOLD-1023,7595,1,0,80a34090-cacf-4760-9f44-9fba251f36d4,Keep
00001949,MARIGOLD-1023,7595,1,1,80a34090-cacf-4760-9f44-9fba251f36d4,Keep
00001950,MARIGOLD-1023,7595,1,0,80a34090-cacf-4760-9f44-9fba251f36d4,Keep
00001951,MARIGOLD-1023,7695,1,0,80a34090-cacf-4760-9f44-9fba251f36d4,Keep
00001952,MARIGOLD-1023,7695,1,0,80a34090-cacf-4760-9f44-9fba251f36d4,Keep
00001953,MARIGOLD-1023,7595,1,0,80a34090-cacf-4760-9f44-9fba251f36d4,Keep
00001954,MARIGOLD-1023,7595,1,0,80a34090-cacf-4760-9f44-9fba251f36d4,Keep
00001955,MARIGOLD-1023,7595,1,0,80a34090-cacf-4760-9f44-9fba251f36d4,Keep
00001956,MARIGOLD-1023,7695,1,0,80a34090-cacf-4760-9f44-9fba251f36d4,Keep
00001957,10359,23395.00,1,1,b10dbfc6-e56e-4824-8c31-4c74af81c46a,Keep
00001958,12494`,23395.00,1,1,b10dbfc6-e56e-4824-8c31-4c74af81c46a,Keep
00001959,13261,20895.00,3,3,b10dbfc6-e56e-4824-8c31-4c74af81c46a,Keep
00001960,14472,25195.00,1,1,b10dbfc6-e56e-4824-8c31-4c74af81c46a,Keep
00001961,15015,23395.00,1,0,b10dbfc6-e56e-4824-8c31-4c74af81c46a,Keep
00001962,15202,20895.00,1,1,b10dbfc6-e56e-4824-8c31-4c74af81c46a,Keep
00001963,16229,24495.00,1,0,b10dbfc6-e56e-4824-8c31-4c74af81c46a,Keep
00001964,16229,24495.00,1,1,b10dbfc6-e56e-4824-8c31-4c74af81c46a,Keep
00001965,16720,19795.00,1,1,b10dbfc6-e56e-4824-8c31-4c74af81c46a,Keep
00001966,16721,19795.00,2,2,b10dbfc6-e56e-4824-8c31-4c74af81c46a,Keep
00001967,17987,23395.00,2,2,b10dbfc6-e56e-4824-8c31-4c74af81c46a,Keep
00001968,18004,19795.00,2,2,b10dbfc6-e56e-4824-8c31-4c74af81c46a,Keep
00001969,21141,23395.00,1,1,b10dbfc6-e56e-4824-8c31-4c74af81c46a,Keep
00001970,21514,19095.00,3,3,b10dbfc6-e56e-4824-8c31-4c74af81c46a,Keep
00001971,8998,14395.00,1,1,b10dbfc6-e56e-4824-8c31-4c74af81c46a,Keep
00001972,9867,19795.00,1,1,b10dbfc6-e56e-4824-8c31-4c74af81c46a,Keep
00001973,9867,19795.00,1,1,b10dbfc6-e56e-4824-8c31-4c74af81c46a,Keep
00001974,14967,14395,1,1,739405cc-b3c3-48c4-9914-02fdceeaee59,Keep
00001975,14969,16095.00,0,0,d3f97efe-e003-4a91-b146-37f1cb268d75,Keep
00001976,16430,22695,1,1,739405cc-b3c3-48c4-9914-02fdceeaee59,Keep
00001977,16430,22695,1,1,739405cc-b3c3-48c4-9914-02fdceeaee59,Keep
00001978,16589,22695,1,1,739405cc-b3c3-48c4-9914-02fdceeaee59,Keep
00001979,18034,22695,1,1,739405cc-b3c3-48c4-9914-02fdceeaee59,Keep
00001980,18924,16195,1,1,739405cc-b3c3-48c4-9914-02fdceeaee59,Keep
00001981,19279,19095,1,1,739405cc-b3c3-48c4-9914-02fdceeaee59,Keep
00001982,19279,19095,1,1,739405cc-b3c3-48c4-9914-02fdceeaee59,Keep
00001983,19280,19095,1,1,739405cc-b3c3-48c4-9914-02fdceeaee59,Keep
00001984,19280,19095,1,1,739405cc-b3c3-48c4-9914-02fdceeaee59,Keep
00001985,19280,19095,1,1,739405cc-b3c3-48c4-9914-02fdceeaee59,Keep
00001986,19584,16195,1,1,739405cc-b3c3-48c4-9914-02fdceeaee59,Keep
00001987,19788,19795,1,1,739405cc-b3c3-48c4-9914-02fdceeaee59,Keep
00001988,19788,19795,1,1,739405cc-b3c3-48c4-9914-02fdceeaee59,Keep
00001989,19788,19795,1,1,739405cc-b3c3-48c4-9914-02fdceeaee59,Keep
00001990,19950,25195,1,0,739405cc-b3c3-48c4-9914-02fdceeaee59,Keep
00001991,19950,25195,1,1,739405cc-b3c3-48c4-9914-02fdceeaee59,Keep
00001992,21009,19795,1,1,739405cc-b3c3-48c4-9914-02fdceeaee59,Keep
00001993,21009,19795,1,1,739405cc-b3c3-48c4-9914-02fdceeaee59,Keep
00001994,4190,52695.00,1,1,828c92fe-01ec-4708-9d91-5387ed01c9a6,Keep
00001995,3717,257295.00,1,1,828c92fe-01ec-4708-9d91-5387ed01c9a6,Keep
00001996,3718,222995.00,1,1,828c92fe-01ec-4708-9d91-5387ed01c9a6,Keep
00001997,3718,222995.00,1,1,828c92fe-01ec-4708-9d91-5387ed01c9a6,Keep
00001998,4037,233895.00,1,1,828c92fe-01ec-4708-9d91-5387ed01c9a6,Keep
00001999,4196,44595.00,1,1,828c92fe-01ec-4708-9d91-5387ed01c9a6,Keep
00002000,4200,44595.00,1,1,828c92fe-01ec-4708-9d91-5387ed01c9a6,Keep
00002001,4201,46995.00,1,1,828c92fe-01ec-4708-9d91-5387ed01c9a6,Keep
00002002,4198,44595.00,1,1,828c92fe-01ec-4708-9d91-5387ed01c9a6,Keep
00002003,UV2A SHOO,6195,1,1,8ab48ec7-7b27-4b61-863b-3198bf5d7289,Keep
00002004,UV2A SHOO,6195,1,1,8ab48ec7-7b27-4b61-863b-3198bf5d7289,Keep
00002005,UV2A SHOO,6195,1,1,8ab48ec7-7b27-4b61-863b-3198bf5d7289,Keep
00002006,UV2A SHOO,6195,1,1,8ab48ec7-7b27-4b61-863b-3198bf5d7289,Keep
00002007,UV2A SHOO,6195,1,1,8ab48ec7-7b27-4b61-863b-3198bf5d7289,Keep
00002008,UV2A SHOO,6195,1,1,8ab48ec7-7b27-4b61-863b-3198bf5d7289,Keep
00002009,UV2A SHOO,6195,1,1,8ab48ec7-7b27-4b61-863b-3198bf5d7289,Keep
00002010,UV2A SHOO,6195,1,1,8ab48ec7-7b27-4b61-863b-3198bf5d7289,Keep
00002011,UV2A SHOO,6195,1,1,8ab48ec7-7b27-4b61-863b-3198bf5d7289,Keep
00002012,UV2A SHOO,6195,1,1,8ab48ec7-7b27-4b61-863b-3198bf5d7289,Keep
00002013,UV2 1042,11195,1,1,8ab48ec7-7b27-4b61-863b-3198bf5d7289,Keep
00002014,UV2 1042,11195,1,1,8ab48ec7-7b27-4b61-863b-3198bf5d7289,Keep
00002015,UV2 1042,11195,1,1,8ab48ec7-7b27-4b61-863b-3198bf5d7289,Keep
00002016,UV2 1042,11195,1,1,8ab48ec7-7b27-4b61-863b-3198bf5d7289,Keep
00002017,UV2 1042,11195,2,2,8ab48ec7-7b27-4b61-863b-3198bf5d7289,Keep
00002018,UV2 1042,11195,0,0,8ab48ec7-7b27-4b61-863b-3198bf5d7289,Keep
00002019,UV3A HSOO,12695,1,1,8ab48ec7-7b27-4b61-863b-3198bf5d7289,Keep
00002020,UV3A HSOO,12695,1,1,8ab48ec7-7b27-4b61-863b-3198bf5d7289,Keep
00002021,UV3A HSOO,12695,1,1,8ab48ec7-7b27-4b61-863b-3198bf5d7289,Keep
00002022,UV3A HSOO,12695,1,1,8ab48ec7-7b27-4b61-863b-3198bf5d7289,Keep
00002023,UV3A RPOO,15395,1,1,8ab48ec7-7b27-4b61-863b-3198bf5d7289,Keep
00002024,UV3A RPOO,15395,1,1,8ab48ec7-7b27-4b61-863b-3198bf5d7289,Keep
00002025,UV3A RPOO,15395,1,1,8ab48ec7-7b27-4b61-863b-3198bf5d7289,Keep
00002026,UV3A RPOO,15395,1,1,8ab48ec7-7b27-4b61-863b-3198bf5d7289,Keep
00002027,UV3A RPOO,15395,1,1,8ab48ec7-7b27-4b61-863b-3198bf5d7289,Keep
00002028,UV2 481,8195,1,1,8ab48ec7-7b27-4b61-863b-3198bf5d7289,Keep
00002029,UV2 481,8195,1,1,8ab48ec7-7b27-4b61-863b-3198bf5d7289,Keep
00002030,UV2 481,8195,1,1,8ab48ec7-7b27-4b61-863b-3198bf5d7289,Keep
00002031,UV2 481,8195,1,1,8ab48ec7-7b27-4b61-863b-3198bf5d7289,Keep
00002032,UV2 481,8195,1,1,8ab48ec7-7b27-4b61-863b-3198bf5d7289,Keep
00002033,UV2 481,8195,1,1,8ab48ec7-7b27-4b61-863b-3198bf5d7289,Keep
00002034,UV2 481,8195,1,1,8ab48ec7-7b27-4b61-863b-3198bf5d7289,Keep
00002035,UV2 481,8195,1,1,8ab48ec7-7b27-4b61-863b-3198bf5d7289,Keep
00002036,UV2 481,8195,1,1,8ab48ec7-7b27-4b61-863b-3198bf5d7289,Keep
00002037,UV2 481,8195,1,1,8ab48ec7-7b27-4b61-863b-3198bf5d7289,Keep
00002038,2612,22095.00,0,0,df1d6617-8659-4599-91cc-33e7f06e068d,Keep
00002039,2612,22095.00,2,2,df1d6617-8659-4599-91cc-33e7f06e068d,Keep
00002040,2612,22095.00,1,0,df1d6617-8659-4599-91cc-33e7f06e068d,Keep
00002041,2612,22095.00,1,1,df1d6617-8659-4599-91cc-33e7f06e068d,Keep
00002042,2612,22095.00,1,1,df1d6617-8659-4599-91cc-33e7f06e068d,Keep
00002043,2614,25795.00,1,1,df1d6617-8659-4599-91cc-33e7f06e068d,Keep
00002044,3984,50395.00,1,0,df1d6617-8659-4599-91cc-33e7f06e068d,Keep
00002045,3933,44595.00,1,1,df1d6617-8659-4599-91cc-33e7f06e068d,Keep
00002046,4011,32195.00,1,1,df1d6617-8659-4599-91cc-33e7f06e068d,Keep
00002047,4011,32195.00,1,1,df1d6617-8659-4599-91cc-33e7f06e068d,Keep
00002048,4011,32195.00,1,1,df1d6617-8659-4599-91cc-33e7f06e068d,Keep
00002049,4011,32195.00,1,1,df1d6617-8659-4599-91cc-33e7f06e068d,Keep
00002050,097680,21595,1,1,30dafac4-ae51-45a0-9ab5-6859940c6142,Keep
00002051,097680,21595,1,1,30dafac4-ae51-45a0-9ab5-6859940c6142,Keep
00002052,097680,21595,1,1,30dafac4-ae51-45a0-9ab5-6859940c6142,Keep
00002053,097680,21595,1,0,30dafac4-ae51-45a0-9ab5-6859940c6142,Keep
00002054,097680,21595,1,1,30dafac4-ae51-45a0-9ab5-6859940c6142,Keep
00002055,039-6798,25195,1,0,30dafac4-ae51-45a0-9ab5-6859940c6142,Keep
00002056,035-6985,28795,1,1,30dafac4-ae51-45a0-9ab5-6859940c6142,Keep
00002057,035-6985,28795,1,1,30dafac4-ae51-45a0-9ab5-6859940c6142,Keep
00002058,UV2A,6195.00,10,10,f23060d1-f48b-4d43-b434-ddaaa77574fd,Keep
00002059,UV2,11195.00,6,6,f23060d1-f48b-4d43-b434-ddaaa77574fd,Keep
00002060,UV3A,12595.00,1,1,f23060d1-f48b-4d43-b434-ddaaa77574fd,Keep
00002061,UV3A,12595.00,1,1,f23060d1-f48b-4d43-b434-ddaaa77574fd,Keep
00002062,UV3A,12595.00,1,1,f23060d1-f48b-4d43-b434-ddaaa77574fd,Keep
00002063,UV3A,12595.00,1,1,f23060d1-f48b-4d43-b434-ddaaa77574fd,Keep
00002064,UV3A RP,15295.00,1,1,f23060d1-f48b-4d43-b434-ddaaa77574fd,Keep
00002065,UV3A RP,15295.00,1,1,f23060d1-f48b-4d43-b434-ddaaa77574fd,Keep
00002066,UV3A RP,15295.00,1,1,f23060d1-f48b-4d43-b434-ddaaa77574fd,Keep
00002067,UV3A RP,15295.00,1,1,f23060d1-f48b-4d43-b434-ddaaa77574fd,Keep
00002068,UV3A RP,15295.00,1,1,f23060d1-f48b-4d43-b434-ddaaa77574fd,Keep
00002069,UV2 481,8095.00,10,10,f23060d1-f48b-4d43-b434-ddaaa77574fd,Keep
00002070,039-6403,30595,1,1,92d5dda9-5d3f-436c-a3c1-362b11e7a2ea,Keep
00002071,039-5081 A,32395,1,0,92d5dda9-5d3f-436c-a3c1-362b11e7a2ea,Keep
00002072,035-6336,25195,1,1,92d5dda9-5d3f-436c-a3c1-362b11e7a2ea,Keep
00002073,035-6336,25195,1,1,92d5dda9-5d3f-436c-a3c1-362b11e7a2ea,Keep
00002074,035-4700 A,23395,1,0,92d5dda9-5d3f-436c-a3c1-362b11e7a2ea,Keep
00002075,035-4700 A,23395,1,1,92d5dda9-5d3f-436c-a3c1-362b11e7a2ea,Keep
00002076,038-5966 A,26995,1,1,92d5dda9-5d3f-436c-a3c1-362b11e7a2ea,Keep
00002077,038-5966 A,26995,1,1,92d5dda9-5d3f-436c-a3c1-362b11e7a2ea,Keep
00002078,035-4700,28995,1,0,92d5dda9-5d3f-436c-a3c1-362b11e7a2ea,Keep
00002079,035-6442,26995,1,1,92d5dda9-5d3f-436c-a3c1-362b11e7a2ea,Keep
00002080,2362,159995.00,1,0,0e5a1fb2-dd1b-427a-be39-0c158909b444,Keep
00002081,2380,135995.00,1,0,0e5a1fb2-dd1b-427a-be39-0c158909b444,Keep
00002082,2394,135995.00,1,0,0e5a1fb2-dd1b-427a-be39-0c158909b444,Keep
00002083,035-6884,17995.00,1,1,475098ef-e460-43d0-b402-93b94b975247,Keep
00002084,035-6884,17995.00,1,1,475098ef-e460-43d0-b402-93b94b975247,Keep
00002085,035-6979,17995.00,1,1,475098ef-e460-43d0-b402-93b94b975247,Keep
00002086,035-6979,17995.00,1,1,475098ef-e460-43d0-b402-93b94b975247,Keep
00002087,035-6979,17995.00,1,1,475098ef-e460-43d0-b402-93b94b975247,Keep
00002088,035-7151,17995.00,1,1,475098ef-e460-43d0-b402-93b94b975247,Keep
00002089,99,2295.00,1,0,b87e80ad-1ed4-49c9-a850-c12105d01bc6,Keep
00002090,99,2295.00,1,1,b87e80ad-1ed4-49c9-a850-c12105d01bc6,Keep
00002091,98,2295.00,2,2,b87e80ad-1ed4-49c9-a850-c12105d01bc6,Keep
00002092,97,2295.00,4,3,b87e80ad-1ed4-49c9-a850-c12105d01bc6,Keep
00002093,96,2295.00,2,1,b87e80ad-1ed4-49c9-a850-c12105d01bc6,Keep
00002094,21,6695.00,1,1,b87e80ad-1ed4-49c9-a850-c12105d01bc6,Keep
00002095,21,6695.00,1,1,b87e80ad-1ed4-49c9-a850-c12105d01bc6,Keep
00002096,33,6695.00,1,0,b87e80ad-1ed4-49c9-a850-c12105d01bc6,Keep
00002097,33,6695.00,1,0,b87e80ad-1ed4-49c9-a850-c12105d01bc6,Keep
00002098,24,6695.00,0,0,b87e80ad-1ed4-49c9-a850-c12105d01bc6,Keep
00002099,24,6695.00,2,2,b87e80ad-1ed4-49c9-a850-c12105d01bc6,Keep
00002100,08,6695.00,1,0,b87e80ad-1ed4-49c9-a850-c12105d01bc6,Keep
00002101,08,6695,1,1,b87e80ad-1ed4-49c9-a850-c12105d01bc6,Keep
00002102,75,6695.00,0,0,b87e80ad-1ed4-49c9-a850-c12105d01bc6,Keep
00002103,75,6695.00,2,2,b87e80ad-1ed4-49c9-a850-c12105d01bc6,Keep
00002104,09,6695,1,0,b87e80ad-1ed4-49c9-a850-c12105d01bc6,Keep
00002105,09,6695.00,1,0,b87e80ad-1ed4-49c9-a850-c12105d01bc6,Keep
00002106,90,6695.00,1,0,b87e80ad-1ed4-49c9-a850-c12105d01bc6,Keep
00002107,20,6695.00,1,0,b87e80ad-1ed4-49c9-a850-c12105d01bc6,Keep
00002108,110,6695.00,1,1,b87e80ad-1ed4-49c9-a850-c12105d01bc6,Keep
00002109,32,6695.00,1,0,b87e80ad-1ed4-49c9-a850-c12105d01bc6,Keep
00002110,86,6695.00,1,0,b87e80ad-1ed4-49c9-a850-c12105d01bc6,Keep
00002111,18,6695.00,1,0,b87e80ad-1ed4-49c9-a850-c12105d01bc6,Keep
00002112,6666,9995.00,1,0,30f32d95-51a5-4084-8bd2-98dcaf3421f8,Keep
00002113,6666,10195.00,1,0,30f32d95-51a5-4084-8bd2-98dcaf3421f8,Keep
00002114,6760,16995.00,1,0,30f32d95-51a5-4084-8bd2-98dcaf3421f8,Keep
00002115,6760,16995.00,1,0,30f32d95-51a5-4084-8bd2-98dcaf3421f8,Keep
00002116,6805,16995.00,1,0,30f32d95-51a5-4084-8bd2-98dcaf3421f8,Keep
00002117,6836,17995.00,1,0,30f32d95-51a5-4084-8bd2-98dcaf3421f8,Keep
00002118,6836,18595.00,1,0,30f32d95-51a5-4084-8bd2-98dcaf3421f8,Keep
00002119,6844,14395.00,1,1,30f32d95-51a5-4084-8bd2-98dcaf3421f8,Keep
00002120,6844,13995.00,1,1,30f32d95-51a5-4084-8bd2-98dcaf3421f8,Keep
00002121,UV6,14095.00,21,12,e75451f3-5cbe-4838-9f55-d25a181b04f0,Keep
00002122,UV3A,20695.00,11,11,e75451f3-5cbe-4838-9f55-d25a181b04f0,Keep
00002123,UV3A 1197,17095.00,1,1,e75451f3-5cbe-4838-9f55-d25a181b04f0,Keep
00002124,UV3A 1167,19795.00,8,5,cbdd3378-adb1-4f58-8954-c35a5f87bf2a,Keep
00002125,UV3A 1174,17995.00,7,7,cbdd3378-adb1-4f58-8954-c35a5f87bf2a,Keep
00002126,UV3A 1149,22495.00,5,5,cbdd3378-adb1-4f58-8954-c35a5f87bf2a,Keep
00002127,UV3A 1158,17095.00,5,3,cbdd3378-adb1-4f58-8954-c35a5f87bf2a,Keep
00002128,UV3A 1215,15195.00,5,5,cbdd3378-adb1-4f58-8954-c35a5f87bf2a,Keep
00002129,UV3A 1191,17995.00,5,5,cbdd3378-adb1-4f58-8954-c35a5f87bf2a,Keep
00002130,035-7151,17995.00,1,1,475098ef-e460-43d0-b402-93b94b975247,Keep
00002131,035-7151,17995.00,1,1,475098ef-e460-43d0-b402-93b94b975247,Keep
00002132,036-6656,19795.00,2,2,475098ef-e460-43d0-b402-93b94b975247,Keep
00002133,036-01121 A,16195.00,2,2,475098ef-e460-43d0-b402-93b94b975247,Keep
00002134,035-4491,23395,1,1,f1488a38-90e7-4f60-83c1-34360cb5854d,Keep
00002135,035-4491,23395,1,1,f1488a38-90e7-4f60-83c1-34360cb5854d,Keep
00002136,035-4491,23395,1,1,f1488a38-90e7-4f60-83c1-34360cb5854d,Keep
00002137,035-4491,23395,1,1,f1488a38-90e7-4f60-83c1-34360cb5854d,Keep
00002138,035-5695,17995,1,0,f1488a38-90e7-4f60-83c1-34360cb5854d,Keep
00002139,035-1598,17995,1,1,f1488a38-90e7-4f60-83c1-34360cb5854d,Keep
00002140,035-1598,17995,1,1,f1488a38-90e7-4f60-83c1-34360cb5854d,Keep
00002141,035-1598,17995,1,1,f1488a38-90e7-4f60-83c1-34360cb5854d,Keep
00002142,035-1598,17995,1,1,f1488a38-90e7-4f60-83c1-34360cb5854d,Keep
00002143,035-1598,17995,1,1,f1488a38-90e7-4f60-83c1-34360cb5854d,Keep
00002144,035-1598,17995,1,1,f1488a38-90e7-4f60-83c1-34360cb5854d,Keep
00002145,035-1598,17995,1,1,f1488a38-90e7-4f60-83c1-34360cb5854d,Keep
00002146,002-4775,125994.99,1,1,3f8f0be7-ec45-4d09-9002-e9cc8ee00c27,Keep
00002147,008-7266,143995.00,1,0,3f8f0be7-ec45-4d09-9002-e9cc8ee00c27,Keep
00002148,035-4694,44995.00,1,1,3f8f0be7-ec45-4d09-9002-e9cc8ee00c27,Keep
00002149,035-4694,44995.00,1,1,3f8f0be7-ec45-4d09-9002-e9cc8ee00c27,Keep
00002150,035-5367,19795.00,3,2,3f8f0be7-ec45-4d09-9002-e9cc8ee00c27,Keep
00002151,1,20995,1,0,5bad9f85-ffbb-416f-99d5-e457b17a7f25,Keep
00002152,2,20995,1,0,5bad9f85-ffbb-416f-99d5-e457b17a7f25,Keep
00002153,3,20995,1,0,5bad9f85-ffbb-416f-99d5-e457b17a7f25,Keep
00002154,4,20995,1,1,5bad9f85-ffbb-416f-99d5-e457b17a7f25,Keep
00002155,5,20995,1,0,5bad9f85-ffbb-416f-99d5-e457b17a7f25,Keep
00002156,6,20995,1,1,5bad9f85-ffbb-416f-99d5-e457b17a7f25,Keep
00002157,7,20995,1,1,5bad9f85-ffbb-416f-99d5-e457b17a7f25,Keep
00002158,8,20995,1,1,5bad9f85-ffbb-416f-99d5-e457b17a7f25,Keep
00002159,9,15995,1,0,5bad9f85-ffbb-416f-99d5-e457b17a7f25,Keep
00002160,10,15995,1,1,5bad9f85-ffbb-416f-99d5-e457b17a7f25,Keep
00002161,11,20995,1,1,5bad9f85-ffbb-416f-99d5-e457b17a7f25,Keep
00002162,12,20995,1,1,5bad9f85-ffbb-416f-99d5-e457b17a7f25,Keep
00002163,13,20995,1,1,5bad9f85-ffbb-416f-99d5-e457b17a7f25,Keep
00002164,14,20995,1,1,5bad9f85-ffbb-416f-99d5-e457b17a7f25,Keep
00002165,15,20995,1,0,c24b8242-7bff-4aef-b279-054494aa697e,Keep
00002166,16,20995,1,1,c24b8242-7bff-4aef-b279-054494aa697e,Keep
00002167,17,20995,1,0,c24b8242-7bff-4aef-b279-054494aa697e,Keep
00002168,18,20995,1,0,c24b8242-7bff-4aef-b279-054494aa697e,Keep
00002169,DES-6492,15995,1,1,cfe90199-20b2-4b54-a7ff-fcb66c8dcfea,Keep
00002170,096229,46795.00,1,1,dd1cd0cb-5d16-49ac-a6f8-76eeacc79de2,Keep
00002171,035-6984,26995.00,1,0,dd1cd0cb-5d16-49ac-a6f8-76eeacc79de2,Keep
00002172,035-7157,19995.00,1,1,dd1cd0cb-5d16-49ac-a6f8-76eeacc79de2,Keep
00002173,035-7157,19994.98,1,1,dd1cd0cb-5d16-49ac-a6f8-76eeacc79de2,Keep
00002174,035-7157,19995.00,1,1,dd1cd0cb-5d16-49ac-a6f8-76eeacc79de2,Keep
00002175,035-7157,19995.00,1,1,dd1cd0cb-5d16-49ac-a6f8-76eeacc79de2,Keep
00002176,004-7078,25195.00,1,0,dd1cd0cb-5d16-49ac-a6f8-76eeacc79de2,Keep
00002177,004-7101,28995.00,1,1,dd1cd0cb-5d16-49ac-a6f8-76eeacc79de2,Keep
00002178,036-7259,21595.00,3,3,dd1cd0cb-5d16-49ac-a6f8-76eeacc79de2,Keep
00002179,2357,95995.00,1,0,e2450bd6-6776-43f0-82f7-ccc218947e20,Keep
00002180,036-7328,8995,1,1,dfb2b226-13df-406a-85b3-a24296a3836c,Keep
00002181,036-7328,8995,1,1,dfb2b226-13df-406a-85b3-a24296a3836c,Keep
00002182,036-7328,8995,1,1,dfb2b226-13df-406a-85b3-a24296a3836c,Keep
00002183,036-7256,9995,1,1,dfb2b226-13df-406a-85b3-a24296a3836c,Keep
00002184,036-7256,9995,1,1,dfb2b226-13df-406a-85b3-a24296a3836c,Keep
00002185,035-6820,12595,1,1,dfb2b226-13df-406a-85b3-a24296a3836c,Keep
00002186,036-7065,23395,1,1,dfb2b226-13df-406a-85b3-a24296a3836c,Keep
00002187,036-0526,16195,1,1,dfb2b226-13df-406a-85b3-a24296a3836c,Keep
00002188,036-0526,16195,1,1,dfb2b226-13df-406a-85b3-a24296a3836c,Keep
00002189,036-6504,26995,1,0,dfb2b226-13df-406a-85b3-a24296a3836c,Keep
00002190,039-6401,32395.00,1,1,4111cc73-833f-4a2c-a47e-ed274505e401,Keep
00002191,001-6207,30595.00,1,1,4111cc73-833f-4a2c-a47e-ed274505e401,Keep
00002192,004-6370,35995.00,1,0,4111cc73-833f-4a2c-a47e-ed274505e401,Keep
00002193,035-6996,25195.00,1,1,4111cc73-833f-4a2c-a47e-ed274505e401,Keep
00002194,035-7268,19595.00,1,1,4111cc73-833f-4a2c-a47e-ed274505e401,Keep
00002195,008-4269,143795.00,1,1,4111cc73-833f-4a2c-a47e-ed274505e401,Keep
00002196,1524,57795,1,1,a9c2ccb1-fc8e-4500-ada0-ae966ce5b587,Keep
00002197,0815,23395.00,2,2,61593ac3-16d6-4f05-9592-143b90061311,Keep
00002198,0146,14395.00,1,1,61593ac3-16d6-4f05-9592-143b90061311,Keep
00002199,6987,19795.00,1,1,61593ac3-16d6-4f05-9592-143b90061311,Keep
00002200,7228,14395.00,3,3,61593ac3-16d6-4f05-9592-143b90061311,Keep
00002201,6655,14395.00,2,1,61593ac3-16d6-4f05-9592-143b90061311,Keep
00002202,6654,14395.00,3,3,61593ac3-16d6-4f05-9592-143b90061311,Keep
00002203,6801,125795.00,1,1,b68a2997-3bea-434f-8123-cecf75aa1825,Keep
00002204,4726,89895.00,1,1,b68a2997-3bea-434f-8123-cecf75aa1825,Keep
00002205,1086,107795.00,1,1,b68a2997-3bea-434f-8123-cecf75aa1825,Keep
00002206,7017,179795.00,1,1,b68a2997-3bea-434f-8123-cecf75aa1825,Keep
00002207,035-6822,21595,1,0,73cc9a4d-282e-4454-a292-01e7b194299f,Keep
00002208,035-6822,21595,1,1,73cc9a4d-282e-4454-a292-01e7b194299f,Keep
00002209,035-6826,25195,1,0,73cc9a4d-282e-4454-a292-01e7b194299f,Keep
00002210,035-6826,25195,1,1,73cc9a4d-282e-4454-a292-01e7b194299f,Keep
00002211,035-6343 A,30595,1,1,73cc9a4d-282e-4454-a292-01e7b194299f,Keep
00002212,035-6343 A,30595,1,1,73cc9a4d-282e-4454-a292-01e7b194299f,Keep
00002213,035-7231,28795,1,1,73cc9a4d-282e-4454-a292-01e7b194299f,Keep
00002214,035-7231,28795,1,1,73cc9a4d-282e-4454-a292-01e7b194299f,Keep
00002215,035-6263,21595,1,1,73cc9a4d-282e-4454-a292-01e7b194299f,Keep
00002216,2357,95995.00,1,0,0c5030d3-aac4-4ec4-a5c2-18fe9c515f62,Keep
00002217,2395,189995.00,1,0,0c5030d3-aac4-4ec4-a5c2-18fe9c515f62,Keep
00002218,DES-6193,21595,1,0,e7cf01cd-5da8-4a23-b82f-92ac6d0a6588,Keep
00002219,DES-6298,19995,1,1,e7cf01cd-5da8-4a23-b82f-92ac6d0a6588,Keep
00002220,038-6640,30595.00,1,1,5e05b3c1-5f29-4f8e-a6f9-1256f0902481,Keep
00002221,035-7046,28795.00,1,1,5e05b3c1-5f29-4f8e-a6f9-1256f0902481,Keep
00002222,039-7313,28795.00,2,2,5e05b3c1-5f29-4f8e-a6f9-1256f0902481,Keep
00002223,039-4349,25195.00,2,2,5e05b3c1-5f29-4f8e-a6f9-1256f0902481,Keep
00002224,035-6929,23395.00,1,0,5e05b3c1-5f29-4f8e-a6f9-1256f0902481,Keep
00002225,035-6929,23395.00,1,1,5e05b3c1-5f29-4f8e-a6f9-1256f0902481,Keep
00002226,033-7335 A,21595.00,1,1,ebe20702-c488-4cd9-aff9-37632fb1685f,Keep
00002227,035-7320,17995.00,1,1,ebe20702-c488-4cd9-aff9-37632fb1685f,Keep
00002228,036-6334,25195.00,2,2,ebe20702-c488-4cd9-aff9-37632fb1685f,Keep
00002229,035-5014 A,17995.00,3,3,ebe20702-c488-4cd9-aff9-37632fb1685f,Keep
00002230,035-7036,21595.00,2,2,ebe20702-c488-4cd9-aff9-37632fb1685f,Keep
00002231,039-5149,21595.00,3,2,ebe20702-c488-4cd9-aff9-37632fb1685f,Keep
00002232,035-0276,26995.00,1,0,ca24fce5-db80-4739-ae0f-e264e20e7273,Keep
00002233,035-6440,28795.00,2,1,ca24fce5-db80-4739-ae0f-e264e20e7273,Keep
00002234,035-7044,21595.00,1,1,ca24fce5-db80-4739-ae0f-e264e20e7273,Keep
00002235,035-6044,25195.00,1,1,ca24fce5-db80-4739-ae0f-e264e20e7273,Keep
00002236,035-6989,25295.00,1,1,ca24fce5-db80-4739-ae0f-e264e20e7273,Keep
00002237,035-5086,19795.00,3,3,0f69a4dc-aba1-4474-8e04-5bc2438ab30e,Keep
00002238,035-6044 A,16195.00,3,3,0f69a4dc-aba1-4474-8e04-5bc2438ab30e,Keep
00002239,035-7230,19795.00,2,2,0f69a4dc-aba1-4474-8e04-5bc2438ab30e,Keep
00002240,036-6715 A,17995.00,3,3,0f69a4dc-aba1-4474-8e04-5bc2438ab30e,Keep
00002241,036-6930 A,16195.00,1,1,0f69a4dc-aba1-4474-8e04-5bc2438ab30e,Keep
00002242,M-502,103995,1,1,642827a6-1942-437a-9cd9-b770410254bd,Keep
00002243,M-819,134995,1,1,642827a6-1942-437a-9cd9-b770410254bd,Keep
00002244,004-1029,125995.00,1,1,fb66e412-d49a-48de-9971-59466df6788a,Keep
00002245,004-5112,80995.00,1,1,fb66e412-d49a-48de-9971-59466df6788a,Keep
00002246,004-7454,125995.00,1,1,fb66e412-d49a-48de-9971-59466df6788a,Keep
00002247,003-6425,52195.00,1,0,fb66e412-d49a-48de-9971-59466df6788a,Keep
00002248,001-7219,53995.00,1,0,fb66e412-d49a-48de-9971-59466df6788a,Keep
00002249,001-7453,107995.00,1,1,fb66e412-d49a-48de-9971-59466df6788a,Keep
00002250,004-6550,35995.00,1,1,b40f2576-eebc-434b-b400-09f25421053e,Keep
00002251,004-6939,70195.00,1,1,b40f2576-eebc-434b-b400-09f25421053e,Keep
00002252,011-6033,35995.00,1,1,b40f2576-eebc-434b-b400-09f25421053e,Keep
00002253,011-6033,35995.00,1,1,b40f2576-eebc-434b-b400-09f25421053e,Keep
00002254,011-6757,48595.00,1,1,b40f2576-eebc-434b-b400-09f25421053e,Keep
00002255,004-6530,25195.00,1,1,b40f2576-eebc-434b-b400-09f25421053e,Keep
00002256,004-6566,35995.00,2,2,b40f2576-eebc-434b-b400-09f25421053e,Keep
00002257,004-6579,36095.00,1,0,b40f2576-eebc-434b-b400-09f25421053e,Keep
00002258,004-1120,25195.00,1,1,b40f2576-eebc-434b-b400-09f25421053e,Keep
00002259,004-5032,25195.00,2,2,b40f2576-eebc-434b-b400-09f25421053e,Keep
00002260,035-5875,28795.00,1,0,5fc9a9d5-ca3d-4825-9afb-9626757c259e,Keep
00002261,035-5875,28795.00,1,1,5fc9a9d5-ca3d-4825-9afb-9626757c259e,Keep
00002262,035-7314,26995.00,1,1,5fc9a9d5-ca3d-4825-9afb-9626757c259e,Keep
00002263,035-0639,34195.00,2,2,5fc9a9d5-ca3d-4825-9afb-9626757c259e,Keep
00002264,035-0639,34195.00,1,1,5fc9a9d5-ca3d-4825-9afb-9626757c259e,Keep
00002265,035-6779,35995.00,1,1,5fc9a9d5-ca3d-4825-9afb-9626757c259e,Keep
00002266,037-0786,23395.00,1,1,5fc9a9d5-ca3d-4825-9afb-9626757c259e,Keep
00002267,038-5717 C,28795.00,1,1,5fc9a9d5-ca3d-4825-9afb-9626757c259e,Keep
00002268,038-5717 A,34195.00,1,1,5fc9a9d5-ca3d-4825-9afb-9626757c259e,Keep
00002269,004-6351 A,34195.00,1,1,80bae209-464a-4b55-a108-f8686cc7787b,Keep
00002270,004-6577,44995.00,1,1,80bae209-464a-4b55-a108-f8686cc7787b,Keep
00002271,004-6945,34195.00,1,1,80bae209-464a-4b55-a108-f8686cc7787b,Keep
00002272,028-6532,35995.00,1,1,80bae209-464a-4b55-a108-f8686cc7787b,Keep
00002273,004-6938,34195.00,1,1,80bae209-464a-4b55-a108-f8686cc7787b,Keep
00002274,004-6580,41395.00,1,1,80bae209-464a-4b55-a108-f8686cc7787b,Keep
00002275,004-6676,35995.00,1,1,80bae209-464a-4b55-a108-f8686cc7787b,Keep
00002276,005-6922,25195.00,1,1,80bae209-464a-4b55-a108-f8686cc7787b,Keep
00002277,003-7376,30595.00,2,2,80bae209-464a-4b55-a108-f8686cc7787b,Keep
00002278,003-7415,26995.00,1,1,80bae209-464a-4b55-a108-f8686cc7787b,Keep
00002279,5071,26995.00,1,1,a7b13c66-8c9c-49c7-a98d-1e2b62893f87,Keep
00002280,4676,26995.00,1,1,a7b13c66-8c9c-49c7-a98d-1e2b62893f87,Keep
00002281,1234,44995.00,1,1,a7b13c66-8c9c-49c7-a98d-1e2b62893f87,Keep
00002282,1244,25195.00,1,1,a7b13c66-8c9c-49c7-a98d-1e2b62893f87,Keep
00002283,7330,26995.00,2,2,a7b13c66-8c9c-49c7-a98d-1e2b62893f87,Keep
00002284,72252,23395.00,1,1,a7b13c66-8c9c-49c7-a98d-1e2b62893f87,Keep
00002285,7225,23495.00,1,1,a7b13c66-8c9c-49c7-a98d-1e2b62893f87,Keep
00002286,6316,21595.00,2,1,a7b13c66-8c9c-49c7-a98d-1e2b62893f87,Keep
00002287,50165,26995.00,1,1,a7b13c66-8c9c-49c7-a98d-1e2b62893f87,Keep
00002288,5339,25195.00,1,1,a7b13c66-8c9c-49c7-a98d-1e2b62893f87,Keep
00002289,1977,9195.00,1,0,cf3de99e-6081-4cdd-b098-6cea7ec84b91,Keep
00002290,1977,9195.00,1,0,cf3de99e-6081-4cdd-b098-6cea7ec84b91,Keep
00002291,1977,9195.00,1,0,cf3de99e-6081-4cdd-b098-6cea7ec84b91,Keep
00002292,1977,9195.00,1,0,cf3de99e-6081-4cdd-b098-6cea7ec84b91,Keep
00002293,1977,9195.00,1,0,cf3de99e-6081-4cdd-b098-6cea7ec84b91,Keep
00002294,1998,13395.00,1,1,cf3de99e-6081-4cdd-b098-6cea7ec84b91,Keep
00002295,1998,13395.00,1,0,cf3de99e-6081-4cdd-b098-6cea7ec84b91,Keep
00002296,1998,13395.00,1,0,cf3de99e-6081-4cdd-b098-6cea7ec84b91,Keep
00002297,1998,13395.00,1,0,cf3de99e-6081-4cdd-b098-6cea7ec84b91,Keep
00002298,1998,13395.00,1,1,cf3de99e-6081-4cdd-b098-6cea7ec84b91,Keep
00002299,SFD-426,6095,1,0,9e895a21-dc1f-4b8a-afe7-2a0fd6003ca7,Keep
00002300,SFD-426,6095,1,1,9e895a21-dc1f-4b8a-afe7-2a0fd6003ca7,Keep
00002301,SFD-426,6095,1,0,9e895a21-dc1f-4b8a-afe7-2a0fd6003ca7,Keep
00002302,SFD-426,6095,1,0,9e895a21-dc1f-4b8a-afe7-2a0fd6003ca7,Keep
00002303,SFD-426,6395,1,0,9e895a21-dc1f-4b8a-afe7-2a0fd6003ca7,Keep
00002304,SFD-426,6395,1,1,9e895a21-dc1f-4b8a-afe7-2a0fd6003ca7,Keep
00002305,SFD-551,5695,1,1,9e895a21-dc1f-4b8a-afe7-2a0fd6003ca7,Keep
00002306,SFD-551,5695,1,0,9e895a21-dc1f-4b8a-afe7-2a0fd6003ca7,Keep
00002307,SFD-551,5695,1,1,9e895a21-dc1f-4b8a-afe7-2a0fd6003ca7,Keep
00002308,SFD-551,5695,1,1,9e895a21-dc1f-4b8a-afe7-2a0fd6003ca7,Keep
00002309,SFD-551,5995,1,1,9e895a21-dc1f-4b8a-afe7-2a0fd6003ca7,Keep
00002310,SFD-551,5995,1,1,9e895a21-dc1f-4b8a-afe7-2a0fd6003ca7,Keep
00002311,SFD-588,5395,1,1,9e895a21-dc1f-4b8a-afe7-2a0fd6003ca7,Keep
00002312,SFD-588,5395,1,1,9e895a21-dc1f-4b8a-afe7-2a0fd6003ca7,Keep
00002313,SFD-588,5395,1,1,9e895a21-dc1f-4b8a-afe7-2a0fd6003ca7,Keep
00002314,SFD-588,5395,1,1,9e895a21-dc1f-4b8a-afe7-2a0fd6003ca7,Keep
00002315,SFD-588,5395,1,1,9e895a21-dc1f-4b8a-afe7-2a0fd6003ca7,Keep
00002316,SFD-588,5695,1,1,9e895a21-dc1f-4b8a-afe7-2a0fd6003ca7,Keep
00002317,SFD-588,5695,1,1,9e895a21-dc1f-4b8a-afe7-2a0fd6003ca7,Keep
00002318,SFD-615,5495,1,0,9e895a21-dc1f-4b8a-afe7-2a0fd6003ca7,Keep
00002319,SFD-615,5495,1,0,9e895a21-dc1f-4b8a-afe7-2a0fd6003ca7,Keep
00002320,SFD-615,5495,1,1,9e895a21-dc1f-4b8a-afe7-2a0fd6003ca7,Keep
00002321,SFD-615,5495,1,1,9e895a21-dc1f-4b8a-afe7-2a0fd6003ca7,Keep
00002322,LKS-014K,6295,1,0,9e895a21-dc1f-4b8a-afe7-2a0fd6003ca7,Keep
00002323,LKS-014K,6295,1,1,9e895a21-dc1f-4b8a-afe7-2a0fd6003ca7,Keep
00002324,LKS-014K,6295,1,0,9e895a21-dc1f-4b8a-afe7-2a0fd6003ca7,Keep
00002325,LKS-014K,6295,1,0,9e895a21-dc1f-4b8a-afe7-2a0fd6003ca7,Keep
00002326,LKS-014K,6295,1,1,9e895a21-dc1f-4b8a-afe7-2a0fd6003ca7,Keep
00002327,LKS-014K,6695,1,1,9e895a21-dc1f-4b8a-afe7-2a0fd6003ca7,Keep
00002328,SAK-3825,8295,1,1,9e895a21-dc1f-4b8a-afe7-2a0fd6003ca7,Keep
00002329,SAK-3825,8295,1,0,9e895a21-dc1f-4b8a-afe7-2a0fd6003ca7,Keep
00002330,SAK-3825,8295,1,0,9e895a21-dc1f-4b8a-afe7-2a0fd6003ca7,Keep
00002331,SAK-3825,8295,1,1,9e895a21-dc1f-4b8a-afe7-2a0fd6003ca7,Keep
00002332,SAK-3825,8295,1,0,9e895a21-dc1f-4b8a-afe7-2a0fd6003ca7,Keep
00002333,SAK-3825,8495.00,1,1,9e895a21-dc1f-4b8a-afe7-2a0fd6003ca7,Keep
00002334,SAK-3825,8495,1,1,9e895a21-dc1f-4b8a-afe7-2a0fd6003ca7,Keep
00002335,SAK-3838,7095,1,1,9e895a21-dc1f-4b8a-afe7-2a0fd6003ca7,Keep
00002336,SAK-3838,7095,1,1,9e895a21-dc1f-4b8a-afe7-2a0fd6003ca7,Keep
00002337,SAK-3838,7095,1,1,9e895a21-dc1f-4b8a-afe7-2a0fd6003ca7,Keep
00002338,SAK-3838,7095,1,1,9e895a21-dc1f-4b8a-afe7-2a0fd6003ca7,Keep
00002339,SAK-3838,7095,1,1,9e895a21-dc1f-4b8a-afe7-2a0fd6003ca7,Keep
00002340,SAK-3838,7395,1,0,9e895a21-dc1f-4b8a-afe7-2a0fd6003ca7,Keep
00002341,LFD-025,6095,1,0,9e895a21-dc1f-4b8a-afe7-2a0fd6003ca7,Keep
00002342,LFD-025,6095,1,1,9e895a21-dc1f-4b8a-afe7-2a0fd6003ca7,Keep
00002343,LFD-025,6095,1,0,9e895a21-dc1f-4b8a-afe7-2a0fd6003ca7,Keep
00002344,LFD-025,6095,1,0,9e895a21-dc1f-4b8a-afe7-2a0fd6003ca7,Keep
00002345,LFD-025,6095,1,1,9e895a21-dc1f-4b8a-afe7-2a0fd6003ca7,Keep
00002346,LFD-025,6495,1,0,9e895a21-dc1f-4b8a-afe7-2a0fd6003ca7,Keep
00002347,LFD-027,7695,1,0,9e895a21-dc1f-4b8a-afe7-2a0fd6003ca7,Keep
00002348,LFD-027,7695,1,1,9e895a21-dc1f-4b8a-afe7-2a0fd6003ca7,Keep
00002349,LFD-027,7695,1,0,9e895a21-dc1f-4b8a-afe7-2a0fd6003ca7,Keep
00002350,LFD-027,7695,1,0,9e895a21-dc1f-4b8a-afe7-2a0fd6003ca7,Keep
00002351,LFD-027,7695,1,0,9e895a21-dc1f-4b8a-afe7-2a0fd6003ca7,Keep
00002352,SFS-224,5795,0,0,9e895a21-dc1f-4b8a-afe7-2a0fd6003ca7,Keep
00002353,SFS-224,5795,0,0,9e895a21-dc1f-4b8a-afe7-2a0fd6003ca7,Keep
00002354,SFS-224,5795,1,1,9e895a21-dc1f-4b8a-afe7-2a0fd6003ca7,Keep
00002355,SFS-224,5795,0,0,9e895a21-dc1f-4b8a-afe7-2a0fd6003ca7,Keep
00002356,SFS-224,5795,0,0,9e895a21-dc1f-4b8a-afe7-2a0fd6003ca7,Keep
00002357,LST-020,3395,1,0,9e895a21-dc1f-4b8a-afe7-2a0fd6003ca7,Keep
00002358,LST-020,3395,1,0,9e895a21-dc1f-4b8a-afe7-2a0fd6003ca7,Keep
00002359,LST-020,3395,1,0,9e895a21-dc1f-4b8a-afe7-2a0fd6003ca7,Keep
00002360,LST-020,3395,1,0,9e895a21-dc1f-4b8a-afe7-2a0fd6003ca7,Keep
00002361,LST-020,3395,1,0,9e895a21-dc1f-4b8a-afe7-2a0fd6003ca7,Keep
00002362,LST-021,3795,1,1,9e895a21-dc1f-4b8a-afe7-2a0fd6003ca7,Keep
00002363,LST-021,3795,1,0,9e895a21-dc1f-4b8a-afe7-2a0fd6003ca7,Keep
00002364,LST-021,3795,1,0,9e895a21-dc1f-4b8a-afe7-2a0fd6003ca7,Keep
00002365,LST-021,3795,1,0,9e895a21-dc1f-4b8a-afe7-2a0fd6003ca7,Keep
00002366,LST-021,3795,1,0,9e895a21-dc1f-4b8a-afe7-2a0fd6003ca7,Keep
00002367,023-BRKS 9057,14195,1,1,f3eb4b15-70e6-4de5-a0bc-32877fb29cd2,Keep
00002368,305-D 42044,22995,1,1,f3eb4b15-70e6-4de5-a0bc-32877fb29cd2,Keep
00002369,305- D 40088,17995,1,1,f3eb4b15-70e6-4de5-a0bc-32877fb29cd2,Keep
00002370,365-AH038,27995,1,1,f3eb4b15-70e6-4de5-a0bc-32877fb29cd2,Keep
00002371,EV-D-67,15995.00,1,1,134dfb9f-da78-436c-87f1-9cc8a6c8f927,Keep
00002372,ORT-211,19595,1,1,6ddc6d91-dcdc-43e3-859b-87bd51b06a64,Keep
00002373,ORT-211,19595,1,1,6ddc6d91-dcdc-43e3-859b-87bd51b06a64,Keep
00002374,ORT-211,19595,1,1,6ddc6d91-dcdc-43e3-859b-87bd51b06a64,Keep
00002375,ORT-211,19595,1,1,6ddc6d91-dcdc-43e3-859b-87bd51b06a64,Keep
00002376,ORT-211,11595,1,1,699c5e0a-ecae-48c8-8a8b-80d904b917ff,Keep
00002377,ORT-211,11595,1,0,699c5e0a-ecae-48c8-8a8b-80d904b917ff,Keep
00002378,ORT-211,19595.00,0,0,6ddc6d91-dcdc-43e3-859b-87bd51b06a64,Keep
00002379,ORT-211,19595.00,0,0,6ddc6d91-dcdc-43e3-859b-87bd51b06a64,Keep
00002380,ORT-211,19595.00,0,0,6ddc6d91-dcdc-43e3-859b-87bd51b06a64,Keep
00002381,ORT-211,19595.00,0,0,6ddc6d91-dcdc-43e3-859b-87bd51b06a64,Keep
00002382,ORT 211,20195,1,1,6ddc6d91-dcdc-43e3-859b-87bd51b06a64,Keep
00002383,ORT 211,20195,1,1,6ddc6d91-dcdc-43e3-859b-87bd51b06a64,Keep
00002384,1,19695,1,1,ce0a48f9-b16f-4899-bfcd-e87ecc6f45be,Keep
00002385,ORT 183,16995,1,1,898359e6-a7fd-4449-8013-abb59977d168,Keep
00002386,ORT 183,16995,1,0,898359e6-a7fd-4449-8013-abb59977d168,Keep
00002387,ORT 183,16995,1,0,898359e6-a7fd-4449-8013-abb59977d168,Keep
00002388,ORT 183,16995,1,1,898359e6-a7fd-4449-8013-abb59977d168,Keep
00002389,ORT-183,17595,1,1,898359e6-a7fd-4449-8013-abb59977d168,Keep
00002390,ORT-183,17595,1,1,898359e6-a7fd-4449-8013-abb59977d168,Keep
00002391,4310,33995.00,1,1,709e283d-90c4-405f-94e3-5bcb68eb7bbf,Keep
00002392,4311,33995.00,1,1,709e283d-90c4-405f-94e3-5bcb68eb7bbf,Keep
00002393,4312,33995.00,1,1,709e283d-90c4-405f-94e3-5bcb68eb7bbf,Keep
00002394,4308,33995.00,1,1,709e283d-90c4-405f-94e3-5bcb68eb7bbf,Keep
00002395,4309,33995.00,0,0,709e283d-90c4-405f-94e3-5bcb68eb7bbf,Keep
00002396,4290,44195.00,1,1,709e283d-90c4-405f-94e3-5bcb68eb7bbf,Keep
00002397,4291,44195.00,1,1,709e283d-90c4-405f-94e3-5bcb68eb7bbf,Keep
00002398,4292,44195.00,1,1,709e283d-90c4-405f-94e3-5bcb68eb7bbf,Keep
00002399,4293,44195.00,1,1,709e283d-90c4-405f-94e3-5bcb68eb7bbf,Keep
00002400,4294,44195.00,1,1,709e283d-90c4-405f-94e3-5bcb68eb7bbf,Keep
00002401,4295,44195.00,1,1,709e283d-90c4-405f-94e3-5bcb68eb7bbf,Keep
00002402,4296,44195.00,1,1,709e283d-90c4-405f-94e3-5bcb68eb7bbf,Keep
00002403,4297,44195.00,1,1,709e283d-90c4-405f-94e3-5bcb68eb7bbf,Keep
00002404,4298,44195.00,1,1,709e283d-90c4-405f-94e3-5bcb68eb7bbf,Keep
00002405,4299,44195.00,1,1,709e283d-90c4-405f-94e3-5bcb68eb7bbf,Keep
00002406,4309,33995.00,1,1,709e283d-90c4-405f-94e3-5bcb68eb7bbf,Keep
00002407,4301,44195.00,1,1,709e283d-90c4-405f-94e3-5bcb68eb7bbf,Keep
00002408,4303,44195.00,1,1,709e283d-90c4-405f-94e3-5bcb68eb7bbf,Keep
00002409,4313,57600.00,1,1,709e283d-90c4-405f-94e3-5bcb68eb7bbf,Keep
00002410,4302,47995.00,1,1,709e283d-90c4-405f-94e3-5bcb68eb7bbf,Keep
00002411,4304,47995.00,1,1,709e283d-90c4-405f-94e3-5bcb68eb7bbf,Keep
00002412,4306,47995.00,1,1,709e283d-90c4-405f-94e3-5bcb68eb7bbf,Keep
00002413,4305,47995.00,1,1,709e283d-90c4-405f-94e3-5bcb68eb7bbf,Keep
00002414,4307,40995.00,1,1,709e283d-90c4-405f-94e3-5bcb68eb7bbf,Keep
00002415,4315,35995.00,1,1,709e283d-90c4-405f-94e3-5bcb68eb7bbf,Keep
00002416,4314,68995.00,1,1,709e283d-90c4-405f-94e3-5bcb68eb7bbf,Keep
00002417,2554,29995,1,0,4669d94d-c00f-42e1-b201-5e67cd0bb076,Keep
00002418,2592,27995,1,1,4669d94d-c00f-42e1-b201-5e67cd0bb076,Keep
00002419,84664,5695,1,1,0a2d894d-9190-4ab5-abf1-272079482b65,Keep
00002420,84664,5695,1,0,0a2d894d-9190-4ab5-abf1-272079482b65,Keep
00002421,84664,5695,1,0,0a2d894d-9190-4ab5-abf1-272079482b65,Keep
00002422,84664,5695,1,0,0a2d894d-9190-4ab5-abf1-272079482b65,Keep
00002423,84664,5895,1,1,0a2d894d-9190-4ab5-abf1-272079482b65,Keep
00002424,84664 -05,5895,0,0,0a2d894d-9190-4ab5-abf1-272079482b65,Keep
00002425,84664 -05,5895,0,0,0a2d894d-9190-4ab5-abf1-272079482b65,Keep
00002426,84664 -05,5895,0,0,0a2d894d-9190-4ab5-abf1-272079482b65,Keep
00002427,84664-05,5995,0,0,0a2d894d-9190-4ab5-abf1-272079482b65,Keep
00002428,86894,5995,1,0,0a2d894d-9190-4ab5-abf1-272079482b65,Keep
00002429,86894,5995,1,0,0a2d894d-9190-4ab5-abf1-272079482b65,Keep
00002430,86894,5995,1,0,0a2d894d-9190-4ab5-abf1-272079482b65,Keep
00002431,86894,5995,1,0,0a2d894d-9190-4ab5-abf1-272079482b65,Keep
00002432,86894,5995,1,0,0a2d894d-9190-4ab5-abf1-272079482b65,Keep
00002433,86911,3395,1,0,0a2d894d-9190-4ab5-abf1-272079482b65,Keep
00002434,86911,3395,1,0,0a2d894d-9190-4ab5-abf1-272079482b65,Keep
00002435,86911,3395,1,0,0a2d894d-9190-4ab5-abf1-272079482b65,Keep
00002436,86911,3395,1,0,0a2d894d-9190-4ab5-abf1-272079482b65,Keep
00002437,86911,3595,1,0,0a2d894d-9190-4ab5-abf1-272079482b65,Keep
00002438,86542,4695,1,0,0a2d894d-9190-4ab5-abf1-272079482b65,Keep
00002439,86542,4695,1,0,0a2d894d-9190-4ab5-abf1-272079482b65,Keep
00002440,86542,4695,1,0,0a2d894d-9190-4ab5-abf1-272079482b65,Keep
00002441,86542,4895,1,0,0a2d894d-9190-4ab5-abf1-272079482b65,Keep
00002442,86578,3895,1,0,0a2d894d-9190-4ab5-abf1-272079482b65,Keep
00002443,86578,3895,1,0,0a2d894d-9190-4ab5-abf1-272079482b65,Keep
00002444,86578,3895,1,0,0a2d894d-9190-4ab5-abf1-272079482b65,Keep
00002445,86578,3895,1,1,0a2d894d-9190-4ab5-abf1-272079482b65,Keep
00002446,86578,3995,1,1,0a2d894d-9190-4ab5-abf1-272079482b65,Keep
00002447,86586,3095,1,1,0a2d894d-9190-4ab5-abf1-272079482b65,Keep
00002448,86586,3095,1,1,0a2d894d-9190-4ab5-abf1-272079482b65,Keep
00002449,86586,3095,1,0,0a2d894d-9190-4ab5-abf1-272079482b65,Keep
00002450,86586,3095,1,1,0a2d894d-9190-4ab5-abf1-272079482b65,Keep
00002451,86586,3095,1,1,0a2d894d-9190-4ab5-abf1-272079482b65,Keep
00002452,24058,3595,2,0,0a2d894d-9190-4ab5-abf1-272079482b65,Keep
00002453,24058,3595,2,0,0a2d894d-9190-4ab5-abf1-272079482b65,Keep
00002454,24058,3595,2,1,0a2d894d-9190-4ab5-abf1-272079482b65,Keep
00002455,24058,3595,2,0,0a2d894d-9190-4ab5-abf1-272079482b65,Keep
00002456,24058,3595,2,1,0a2d894d-9190-4ab5-abf1-272079482b65,Keep
00002457,24058-02,3495,2,2,0a2d894d-9190-4ab5-abf1-272079482b65,Keep
00002458,24058-02,3495,2,0,0a2d894d-9190-4ab5-abf1-272079482b65,Keep
00002459,24058-02,3495,2,0,0a2d894d-9190-4ab5-abf1-272079482b65,Keep
00002460,24058-02,3495,2,2,0a2d894d-9190-4ab5-abf1-272079482b65,Keep
00002461,24058-02,3595,2,0,0a2d894d-9190-4ab5-abf1-272079482b65,Keep
00002462,85682,3595,1,0,0a2d894d-9190-4ab5-abf1-272079482b65,Keep
00002463,85682,3595,1,0,0a2d894d-9190-4ab5-abf1-272079482b65,Keep
00002464,85682,3595,1,0,0a2d894d-9190-4ab5-abf1-272079482b65,Keep
00002465,85682,3595,1,1,0a2d894d-9190-4ab5-abf1-272079482b65,Keep
00002466,58682,3595,1,0,0a2d894d-9190-4ab5-abf1-272079482b65,Keep
00002467,85682-02,3595,1,0,0a2d894d-9190-4ab5-abf1-272079482b65,Keep
00002468,85682-02,3595,1,0,0a2d894d-9190-4ab5-abf1-272079482b65,Keep
00002469,85682-02,3595,1,0,0a2d894d-9190-4ab5-abf1-272079482b65,Keep
00002470,85682-02,3595,1,1,0a2d894d-9190-4ab5-abf1-272079482b65,Keep
00002471,85682-02,3595,1,1,0a2d894d-9190-4ab5-abf1-272079482b65,Keep
00002472,85724,3395,0,0,0a2d894d-9190-4ab5-abf1-272079482b65,Keep
00002473,85724,3395,0,0,0a2d894d-9190-4ab5-abf1-272079482b65,Keep
00002474,85724,3395,0,1,0a2d894d-9190-4ab5-abf1-272079482b65,Keep
00002475,85724,3395,0,0,0a2d894d-9190-4ab5-abf1-272079482b65,Keep
00002476,85724,3595,1,0,0a2d894d-9190-4ab5-abf1-272079482b65,Keep
00002477,85724-02,3395,1,0,0a2d894d-9190-4ab5-abf1-272079482b65,Keep
00002478,85724-02,3395,1,0,0a2d894d-9190-4ab5-abf1-272079482b65,Keep
00002479,85724-02,3395,1,0,0a2d894d-9190-4ab5-abf1-272079482b65,Keep
00002480,85724-02,3395,1,0,0a2d894d-9190-4ab5-abf1-272079482b65,Keep
00002481,85724-02,3395,1,1,0a2d894d-9190-4ab5-abf1-272079482b65,Keep
00002482,85801,3395,0,0,0a2d894d-9190-4ab5-abf1-272079482b65,Keep
00002483,85801,3395,0,1,0a2d894d-9190-4ab5-abf1-272079482b65,Keep
00002484,85801,3395,0,0,0a2d894d-9190-4ab5-abf1-272079482b65,Keep
00002485,85801,3395,0,1,0a2d894d-9190-4ab5-abf1-272079482b65,Keep
00002486,85801,3495,0,0,0a2d894d-9190-4ab5-abf1-272079482b65,Keep
00002487,85801-14,3395,1,0,0a2d894d-9190-4ab5-abf1-272079482b65,Keep
00002488,85801-14,3395,1,0,0a2d894d-9190-4ab5-abf1-272079482b65,Keep
00002489,85801-14,3395,1,1,0a2d894d-9190-4ab5-abf1-272079482b65,Keep
00002490,85801-14,3395,1,1,0a2d894d-9190-4ab5-abf1-272079482b65,Keep
00002491,85801-14,3195,1,1,0a2d894d-9190-4ab5-abf1-272079482b65,Keep
00002492,85801-15,3395,1,0,0a2d894d-9190-4ab5-abf1-272079482b65,Keep
00002493,85801-15,3395,1,0,0a2d894d-9190-4ab5-abf1-272079482b65,Keep
00002494,85801-15,3395,1,1,0a2d894d-9190-4ab5-abf1-272079482b65,Keep
00002495,85801-15,3395,1,1,0a2d894d-9190-4ab5-abf1-272079482b65,Keep
00002496,85801-15,3595,1,1,0a2d894d-9190-4ab5-abf1-272079482b65,Keep
00002497,85965,3695,0,1,0a2d894d-9190-4ab5-abf1-272079482b65,Keep
00002498,85965,3695,0,1,0a2d894d-9190-4ab5-abf1-272079482b65,Keep
00002499,85965,3695,0,1,0a2d894d-9190-4ab5-abf1-272079482b65,Keep
00002500,85965,3695,0,1,0a2d894d-9190-4ab5-abf1-272079482b65,Keep
00002501,85965,3795,0,0,0a2d894d-9190-4ab5-abf1-272079482b65,Keep
00002502,86330,3395,1,0,0a2d894d-9190-4ab5-abf1-272079482b65,Keep
00002503,86330,3395,1,0,0a2d894d-9190-4ab5-abf1-272079482b65,Keep
00002504,86330,3395,1,0,0a2d894d-9190-4ab5-abf1-272079482b65,Keep
00002505,86330,3395,1,0,0a2d894d-9190-4ab5-abf1-272079482b65,Keep
00002506,86330,3595,1,0,0a2d894d-9190-4ab5-abf1-272079482b65,Keep
00002507,86376,3895,1,0,0a2d894d-9190-4ab5-abf1-272079482b65,Keep
00002508,86376,3895,1,0,0a2d894d-9190-4ab5-abf1-272079482b65,Keep
00002509,86376,3895,1,1,0a2d894d-9190-4ab5-abf1-272079482b65,Keep
00002510,86376,3895,1,0,0a2d894d-9190-4ab5-abf1-272079482b65,Keep
00002511,86376,3995,1,0,0a2d894d-9190-4ab5-abf1-272079482b65,Keep
00002512,87112,3995,1,0,0a2d894d-9190-4ab5-abf1-272079482b65,Keep
00002513,87112,3995,1,0,0a2d894d-9190-4ab5-abf1-272079482b65,Keep
00002514,87112,3995,1,0,0a2d894d-9190-4ab5-abf1-272079482b65,Keep
00002515,87112,3995,1,0,0a2d894d-9190-4ab5-abf1-272079482b65,Keep
00002516,87112,4195,1,0,0a2d894d-9190-4ab5-abf1-272079482b65,Keep
00002517,87113,3595,1,0,0a2d894d-9190-4ab5-abf1-272079482b65,Keep
00002518,87113,3595,1,1,0a2d894d-9190-4ab5-abf1-272079482b65,Keep
00002519,87113,3595,1,0,0a2d894d-9190-4ab5-abf1-272079482b65,Keep
00002520,87113,3595,1,0,0a2d894d-9190-4ab5-abf1-272079482b65,Keep
00002521,87113,3595,1,1,0a2d894d-9190-4ab5-abf1-272079482b65,Keep
00002522,87115,3795,1,0,0a2d894d-9190-4ab5-abf1-272079482b65,Keep
00002523,87115,3795,1,0,0a2d894d-9190-4ab5-abf1-272079482b65,Keep
00002524,87115,3795,1,0,0a2d894d-9190-4ab5-abf1-272079482b65,Keep
00002525,87115,3795,1,0,0a2d894d-9190-4ab5-abf1-272079482b65,Keep
00002526,87115,3495,1,0,0a2d894d-9190-4ab5-abf1-272079482b65,Keep
00002527,87115-02,3795,1,1,0a2d894d-9190-4ab5-abf1-272079482b65,Keep
00002528,87115-02,3795,1,1,0a2d894d-9190-4ab5-abf1-272079482b65,Keep
00002529,87115-02,3795,1,0,0a2d894d-9190-4ab5-abf1-272079482b65,Keep
00002530,87115-02,3795,1,0,0a2d894d-9190-4ab5-abf1-272079482b65,Keep
00002531,87115-02,3795,1,1,0a2d894d-9190-4ab5-abf1-272079482b65,Keep
00002532,87226,3395,1,0,0a2d894d-9190-4ab5-abf1-272079482b65,Keep
00002533,87226,3395,1,1,0a2d894d-9190-4ab5-abf1-272079482b65,Keep
00002534,87226,3395,1,0,0a2d894d-9190-4ab5-abf1-272079482b65,Keep
00002535,87226,3395,1,0,0a2d894d-9190-4ab5-abf1-272079482b65,Keep
00002536,87226,3595,1,1,0a2d894d-9190-4ab5-abf1-272079482b65,Keep
00002537,87230,3595,1,0,0a2d894d-9190-4ab5-abf1-272079482b65,Keep
00002538,87230,3595,1,0,0a2d894d-9190-4ab5-abf1-272079482b65,Keep
00002539,87230,3595,1,0,0a2d894d-9190-4ab5-abf1-272079482b65,Keep
00002540,87230,3595,1,1,0a2d894d-9190-4ab5-abf1-272079482b65,Keep
00002541,87230,3695,1,0,0a2d894d-9190-4ab5-abf1-272079482b65,Keep
00002542,87230-04,3595,1,0,0a2d894d-9190-4ab5-abf1-272079482b65,Keep
00002543,87230-04,3595,1,0,0a2d894d-9190-4ab5-abf1-272079482b65,Keep
00002544,87230-04,3595,1,1,0a2d894d-9190-4ab5-abf1-272079482b65,Keep
00002545,87230-04,3595,1,0,0a2d894d-9190-4ab5-abf1-272079482b65,Keep
00002546,87230-04,3695,1,0,0a2d894d-9190-4ab5-abf1-272079482b65,Keep
00002547,87239,3595,1,0,0a2d894d-9190-4ab5-abf1-272079482b65,Keep
00002548,87239,3595,1,0,0a2d894d-9190-4ab5-abf1-272079482b65,Keep
00002549,87239,3595,1,0,0a2d894d-9190-4ab5-abf1-272079482b65,Keep
00002550,87239,3595,1,0,0a2d894d-9190-4ab5-abf1-272079482b65,Keep
00002551,87239,3595,1,1,0a2d894d-9190-4ab5-abf1-272079482b65,Keep
00002552,87239-02,3595,1,1,0a2d894d-9190-4ab5-abf1-272079482b65,Keep
00002553,87239-02,3595,1,0,0a2d894d-9190-4ab5-abf1-272079482b65,Keep
00002554,87239-02,3595,1,0,0a2d894d-9190-4ab5-abf1-272079482b65,Keep
00002555,87239-02,3595,1,0,0a2d894d-9190-4ab5-abf1-272079482b65,Keep
00002556,87239-02,3595,1,1,0a2d894d-9190-4ab5-abf1-272079482b65,Keep
00002557,87260,3695,1,0,0a2d894d-9190-4ab5-abf1-272079482b65,Keep
00002558,87260,3695,1,1,0a2d894d-9190-4ab5-abf1-272079482b65,Keep
00002559,87260,3695,1,0,0a2d894d-9190-4ab5-abf1-272079482b65,Keep
00002560,87260,3695,1,0,0a2d894d-9190-4ab5-abf1-272079482b65,Keep
00002561,87260,3795,1,0,0a2d894d-9190-4ab5-abf1-272079482b65,Keep
00002562,87264,3195,1,0,0a2d894d-9190-4ab5-abf1-272079482b65,Keep
00002563,87264,3195,1,1,0a2d894d-9190-4ab5-abf1-272079482b65,Keep
00002564,87264,3195,1,1,0a2d894d-9190-4ab5-abf1-272079482b65,Keep
00002565,87264,3195,1,0,0a2d894d-9190-4ab5-abf1-272079482b65,Keep
00002566,87264,3695,1,0,0a2d894d-9190-4ab5-abf1-272079482b65,Keep
00002567,87385,3795,1,0,0a2d894d-9190-4ab5-abf1-272079482b65,Keep
00002568,87385,3795,1,0,0a2d894d-9190-4ab5-abf1-272079482b65,Keep
00002569,87385,3795,1,0,0a2d894d-9190-4ab5-abf1-272079482b65,Keep
00002570,87385,3795,1,0,0a2d894d-9190-4ab5-abf1-272079482b65,Keep
00002571,87385,3795,1,0,0a2d894d-9190-4ab5-abf1-272079482b65,Keep
00002572,87385-02,3795,1,0,0a2d894d-9190-4ab5-abf1-272079482b65,Keep
00002573,87385-02,3795,1,0,0a2d894d-9190-4ab5-abf1-272079482b65,Keep
00002574,87385-02,3795,1,0,0a2d894d-9190-4ab5-abf1-272079482b65,Keep
00002575,87385-02,3795,1,1,0a2d894d-9190-4ab5-abf1-272079482b65,Keep
00002576,87385-02,3895,1,1,0a2d894d-9190-4ab5-abf1-272079482b65,Keep
00002577,87432,3395,1,0,0a2d894d-9190-4ab5-abf1-272079482b65,Keep
00002578,87432,3395,1,0,0a2d894d-9190-4ab5-abf1-272079482b65,Keep
00002579,87432,3395,1,0,0a2d894d-9190-4ab5-abf1-272079482b65,Keep
00002580,87432,3395,1,0,0a2d894d-9190-4ab5-abf1-272079482b65,Keep
00002581,87432,3395,1,0,0a2d894d-9190-4ab5-abf1-272079482b65,Keep
00002582,87433,3395,1,0,0a2d894d-9190-4ab5-abf1-272079482b65,Keep
00002583,87433,3395,1,0,0a2d894d-9190-4ab5-abf1-272079482b65,Keep
00002584,87433,3395,1,0,0a2d894d-9190-4ab5-abf1-272079482b65,Keep
00002585,87433,3395,1,0,0a2d894d-9190-4ab5-abf1-272079482b65,Keep
00002586,87433,3495,1,0,0a2d894d-9190-4ab5-abf1-272079482b65,Keep
00002587,87491,3495,0,0,0a2d894d-9190-4ab5-abf1-272079482b65,Keep
00002588,87491,3495,0,0,0a2d894d-9190-4ab5-abf1-272079482b65,Keep
00002589,87491,3495,0,1,0a2d894d-9190-4ab5-abf1-272079482b65,Keep
00002590,87491,3495,0,0,0a2d894d-9190-4ab5-abf1-272079482b65,Keep
00002591,87491,3495,0,0,0a2d894d-9190-4ab5-abf1-272079482b65,Keep
00002592,87491-02,3495,1,0,0a2d894d-9190-4ab5-abf1-272079482b65,Keep
00002593,87491-02,3495,1,0,0a2d894d-9190-4ab5-abf1-272079482b65,Keep
00002594,87491-02,3495,1,1,0a2d894d-9190-4ab5-abf1-272079482b65,Keep
00002595,87491-02,3495,1,0,0a2d894d-9190-4ab5-abf1-272079482b65,Keep
00002596,87491-02,3495,1,1,0a2d894d-9190-4ab5-abf1-272079482b65,Keep
00002597,87503,3595,1,1,0a2d894d-9190-4ab5-abf1-272079482b65,Keep
00002598,87503,3595,1,1,0a2d894d-9190-4ab5-abf1-272079482b65,Keep
00002599,87503,3595,1,0,0a2d894d-9190-4ab5-abf1-272079482b65,Keep
00002600,87503,3595,1,0,0a2d894d-9190-4ab5-abf1-272079482b65,Keep
00002601,87503,3795,1,0,0a2d894d-9190-4ab5-abf1-272079482b65,Keep
00002602,87503-06,3595,1,1,0a2d894d-9190-4ab5-abf1-272079482b65,Keep
00002603,87503-06,3595,1,0,0a2d894d-9190-4ab5-abf1-272079482b65,Keep
00002604,87503-06,3595,1,0,0a2d894d-9190-4ab5-abf1-272079482b65,Keep
00002605,87503-06,3595,1,0,0a2d894d-9190-4ab5-abf1-272079482b65,Keep
00002606,87503-06,3795,1,0,0a2d894d-9190-4ab5-abf1-272079482b65,Keep
00002607,87504,3595,1,0,0a2d894d-9190-4ab5-abf1-272079482b65,Keep
00002608,87504,3595,1,0,0a2d894d-9190-4ab5-abf1-272079482b65,Keep
00002609,87504,3595,1,1,0a2d894d-9190-4ab5-abf1-272079482b65,Keep
00002610,87504,3595,1,0,0a2d894d-9190-4ab5-abf1-272079482b65,Keep
00002611,87504,3795,1,0,0a2d894d-9190-4ab5-abf1-272079482b65,Keep
00002612,87504-04,3595,1,1,0a2d894d-9190-4ab5-abf1-272079482b65,Keep
00002613,87504-04,3595,1,0,0a2d894d-9190-4ab5-abf1-272079482b65,Keep
00002614,87504-04,3595,1,0,0a2d894d-9190-4ab5-abf1-272079482b65,Keep
00002615,87504-04,3595,1,0,0a2d894d-9190-4ab5-abf1-272079482b65,Keep
00002616,87504-04,3595,1,0,0a2d894d-9190-4ab5-abf1-272079482b65,Keep
00002617,4300,44195.00,1,1,709e283d-90c4-405f-94e3-5bcb68eb7bbf,Keep
00002618,FF/335/2055,2795,1,1,b2a66948-9206-40b4-9dc9-87c9c0e446e7,Keep
00002619,FF/335/2055,2795,1,0,b2a66948-9206-40b4-9dc9-87c9c0e446e7,Keep
00002620,FF/335/2055,2795,1,1,b2a66948-9206-40b4-9dc9-87c9c0e446e7,Keep
00002621,FF/335/2055,2795,1,1,b2a66948-9206-40b4-9dc9-87c9c0e446e7,Keep
00002622,FF/335/2055,2795,1,1,b2a66948-9206-40b4-9dc9-87c9c0e446e7,Keep
00002623,FF/112L/02E,3995,1,0,b2a66948-9206-40b4-9dc9-87c9c0e446e7,Keep
00002624,FF/112L/02E,3995,1,0,b2a66948-9206-40b4-9dc9-87c9c0e446e7,Keep
00002625,FF/112L/02E,3995,1,0,b2a66948-9206-40b4-9dc9-87c9c0e446e7,Keep
00002626,FF/112L/02E,3995,1,0,b2a66948-9206-40b4-9dc9-87c9c0e446e7,Keep
00002627,FF/335/1915,3695,1,1,b2a66948-9206-40b4-9dc9-87c9c0e446e7,Keep
00002628,FF/335/1915,3695,1,1,b2a66948-9206-40b4-9dc9-87c9c0e446e7,Keep
00002629,FF/335/1915,3695,1,0,b2a66948-9206-40b4-9dc9-87c9c0e446e7,Keep
00002630,FF/335/1915,3695,1,1,b2a66948-9206-40b4-9dc9-87c9c0e446e7,Keep
00002631,FF/112D/67,3095,1,0,b2a66948-9206-40b4-9dc9-87c9c0e446e7,Keep
00002632,FF/112D/67,3095,1,0,b2a66948-9206-40b4-9dc9-87c9c0e446e7,Keep
00002633,FF/112D/67,3095,1,0,b2a66948-9206-40b4-9dc9-87c9c0e446e7,Keep
00002634,FF/112D/67,3095,1,0,b2a66948-9206-40b4-9dc9-87c9c0e446e7,Keep
00002635,FF/670/1796,3495,1,1,b2a66948-9206-40b4-9dc9-87c9c0e446e7,Keep
00002636,FF/670/1796,3495,1,0,b2a66948-9206-40b4-9dc9-87c9c0e446e7,Keep
00002637,FF/670/1796,3495,1,0,b2a66948-9206-40b4-9dc9-87c9c0e446e7,Keep
00002638,FF/335/2014,3095,1,1,b2a66948-9206-40b4-9dc9-87c9c0e446e7,Keep
00002639,FF/335/2014,3095,1,0,b2a66948-9206-40b4-9dc9-87c9c0e446e7,Keep
00002640,FF/335/2014,3095,1,1,b2a66948-9206-40b4-9dc9-87c9c0e446e7,Keep
00002641,FF/335/2014,3095,1,1,b2a66948-9206-40b4-9dc9-87c9c0e446e7,Keep
00002642,FF/335/2014,3095,1,1,b2a66948-9206-40b4-9dc9-87c9c0e446e7,Keep
00002643,FF/335/2014,3095,1,1,b2a66948-9206-40b4-9dc9-87c9c0e446e7,Keep
00002644,FF/335/1994,2795,1,0,b2a66948-9206-40b4-9dc9-87c9c0e446e7,Keep
00002645,FF/335/1994,2795,1,0,b2a66948-9206-40b4-9dc9-87c9c0e446e7,Keep
00002646,FF/335/1994,2795,1,0,b2a66948-9206-40b4-9dc9-87c9c0e446e7,Keep
00002647,FF/335/1994,2794.97,1,1,b2a66948-9206-40b4-9dc9-87c9c0e446e7,Keep
00002648,FF/395/0009,5995,1,1,b2a66948-9206-40b4-9dc9-87c9c0e446e7,Keep
00002649,FF/395/0009,5995,1,1,b2a66948-9206-40b4-9dc9-87c9c0e446e7,Keep
00002650,FF/395/0009,5995,1,1,b2a66948-9206-40b4-9dc9-87c9c0e446e7,Keep
00002651,FF/395/0009,5995,1,0,b2a66948-9206-40b4-9dc9-87c9c0e446e7,Keep
00002652,UV7 60G,15295.00,27,25,df081706-5e62-47c8-b264-d3a71b6b8e2e,Keep
00002653,UV6 33G,9395.00,14,11,df081706-5e62-47c8-b264-d3a71b6b8e2e,Keep
00002654,UV3A,13695.00,2,2,df081706-5e62-47c8-b264-d3a71b6b8e2e,Keep
00002655,UV3A,13695,3,3,df081706-5e62-47c8-b264-d3a71b6b8e2e,Keep
00002656,UV3A,13695.00,1,1,df081706-5e62-47c8-b264-d3a71b6b8e2e,Keep
00002657,UV3A,13695.00,1,1,df081706-5e62-47c8-b264-d3a71b6b8e2e,Keep
00002658,UV3A,13695.00,1,1,df081706-5e62-47c8-b264-d3a71b6b8e2e,Keep
00002659,4134,4395,1,0,e9f33206-1947-4c2d-8854-7ee020b2a59a,Keep
00002660,4134,4395,1,1,e9f33206-1947-4c2d-8854-7ee020b2a59a,Keep
00002661,4134,4395,1,1,e9f33206-1947-4c2d-8854-7ee020b2a59a,Keep
00002662,4134,4395,1,1,e9f33206-1947-4c2d-8854-7ee020b2a59a,Keep
00002663,4142,4595,1,0,e9f33206-1947-4c2d-8854-7ee020b2a59a,Keep
00002664,4142,4595,1,1,e9f33206-1947-4c2d-8854-7ee020b2a59a,Keep
00002665,4142,4595,1,1,e9f33206-1947-4c2d-8854-7ee020b2a59a,Keep
00002666,4142,4595,1,1,e9f33206-1947-4c2d-8854-7ee020b2a59a,Keep
00002667,4143,4595,1,0,e9f33206-1947-4c2d-8854-7ee020b2a59a,Keep
00002668,4143,4595,1,0,e9f33206-1947-4c2d-8854-7ee020b2a59a,Keep
00002669,4143,4595,1,1,e9f33206-1947-4c2d-8854-7ee020b2a59a,Keep
00002670,4143,4595,1,1,e9f33206-1947-4c2d-8854-7ee020b2a59a,Keep
00002671,4153,8095,1,0,e9f33206-1947-4c2d-8854-7ee020b2a59a,Keep
00002672,4153,8095,1,0,e9f33206-1947-4c2d-8854-7ee020b2a59a,Keep
00002673,4153,8095,1,1,e9f33206-1947-4c2d-8854-7ee020b2a59a,Keep
00002674,4153,8095,1,1,e9f33206-1947-4c2d-8854-7ee020b2a59a,Keep
00002675,4157,8095,1,0,e9f33206-1947-4c2d-8854-7ee020b2a59a,Keep
00002676,4157,8095,1,1,e9f33206-1947-4c2d-8854-7ee020b2a59a,Keep
00002677,4157,8095,1,1,e9f33206-1947-4c2d-8854-7ee020b2a59a,Keep
00002678,4157,8095,1,1,e9f33206-1947-4c2d-8854-7ee020b2a59a,Keep
00002679,4159,8095,1,1,e9f33206-1947-4c2d-8854-7ee020b2a59a,Keep
00002680,4159,8095,1,0,e9f33206-1947-4c2d-8854-7ee020b2a59a,Keep
00002681,4159,8095,1,0,e9f33206-1947-4c2d-8854-7ee020b2a59a,Keep
00002682,4159,8095,1,1,e9f33206-1947-4c2d-8854-7ee020b2a59a,Keep
00002683,4160,8095,1,0,e9f33206-1947-4c2d-8854-7ee020b2a59a,Keep
00002684,4160,8095,1,1,e9f33206-1947-4c2d-8854-7ee020b2a59a,Keep
00002685,4160,8095,1,1,e9f33206-1947-4c2d-8854-7ee020b2a59a,Keep
00002686,4160,8095,1,1,e9f33206-1947-4c2d-8854-7ee020b2a59a,Keep
00002687,4158,8095,1,0,e9f33206-1947-4c2d-8854-7ee020b2a59a,Keep
00002688,4158,8095,1,0,e9f33206-1947-4c2d-8854-7ee020b2a59a,Keep
00002689,4158,8095,1,1,e9f33206-1947-4c2d-8854-7ee020b2a59a,Keep
00002690,4158,8095,1,1,e9f33206-1947-4c2d-8854-7ee020b2a59a,Keep
00002691,4154,8095,1,1,e9f33206-1947-4c2d-8854-7ee020b2a59a,Keep
00002692,4154,8095,1,1,e9f33206-1947-4c2d-8854-7ee020b2a59a,Keep
00002693,4154,8095,1,1,e9f33206-1947-4c2d-8854-7ee020b2a59a,Keep
00002694,4154,8095,1,1,e9f33206-1947-4c2d-8854-7ee020b2a59a,Keep
00002695,4152,8095,1,1,e9f33206-1947-4c2d-8854-7ee020b2a59a,Keep
00002696,4152,8095,1,0,e9f33206-1947-4c2d-8854-7ee020b2a59a,Keep
00002697,4152,8095,1,0,e9f33206-1947-4c2d-8854-7ee020b2a59a,Keep
00002698,4152,8095,1,1,e9f33206-1947-4c2d-8854-7ee020b2a59a,Keep
00002699,1,10495,4,4,fc1af338-6f9e-455d-9be0-e541b31747ce,Keep
00002700,2,8995,3,2,fc1af338-6f9e-455d-9be0-e541b31747ce,Keep
00002701,3,23795,4,4,fc1af338-6f9e-455d-9be0-e541b31747ce,Keep
00002702,4,14495,4,2,fc1af338-6f9e-455d-9be0-e541b31747ce,Keep
00002703,5,9395,6,5,fc1af338-6f9e-455d-9be0-e541b31747ce,Keep
00002704,6,12995,6,6,fc1af338-6f9e-455d-9be0-e541b31747ce,Keep
00002705,7,15395,4,4,fc1af338-6f9e-455d-9be0-e541b31747ce,Keep
00002706,8,11095,4,3,fc1af338-6f9e-455d-9be0-e541b31747ce,Keep
00002707,9,13695,4,2,fc1af338-6f9e-455d-9be0-e541b31747ce,Keep
00002708,10,16195,1,1,fc1af338-6f9e-455d-9be0-e541b31747ce,Keep
00002709,11,23795,2,1,fc1af338-6f9e-455d-9be0-e541b31747ce,Keep
00002710,12,15395,2,2,fc1af338-6f9e-455d-9be0-e541b31747ce,Keep
00002711,13,11795,4,4,fc1af338-6f9e-455d-9be0-e541b31747ce,Keep
00002712,14,14095,4,1,fc1af338-6f9e-455d-9be0-e541b31747ce,Keep
00002713,15,23495,1,0,fc1af338-6f9e-455d-9be0-e541b31747ce,Keep
00002714,16,22595,1,0,fc1af338-6f9e-455d-9be0-e541b31747ce,Keep
00002715,17,23495,0,0,fc1af338-6f9e-455d-9be0-e541b31747ce,Keep
00002716,18,26695,1,0,fc1af338-6f9e-455d-9be0-e541b31747ce,Keep
00002717,876,1995.00,5,2,0ebadfa1-eeb4-46d2-8a79-016fca123d1b,Keep
00002718,849,2395.00,3,3,0ebadfa1-eeb4-46d2-8a79-016fca123d1b,Keep
00002719,688,2895.00,4,3,0ebadfa1-eeb4-46d2-8a79-016fca123d1b,Keep
00002720,922,2895.00,3,3,0ebadfa1-eeb4-46d2-8a79-016fca123d1b,Keep
00002721,922,2895.00,2,0,0ebadfa1-eeb4-46d2-8a79-016fca123d1b,Keep
00002722,560,5395.00,1,1,0ebadfa1-eeb4-46d2-8a79-016fca123d1b,Keep
00002723,560,5395.00,1,1,0ebadfa1-eeb4-46d2-8a79-016fca123d1b,Keep
00002724,1569,5395.00,2,2,0ebadfa1-eeb4-46d2-8a79-016fca123d1b,Keep
00002725,610,5395.00,1,1,0ebadfa1-eeb4-46d2-8a79-016fca123d1b,Keep
00002726,610,5395.00,2,2,0ebadfa1-eeb4-46d2-8a79-016fca123d1b,Keep
00002727,554,5395.00,3,3,0ebadfa1-eeb4-46d2-8a79-016fca123d1b,Keep
00002728,USAS-5,2395,0,0,0ebadfa1-eeb4-46d2-8a79-016fca123d1b,Keep
00002729,USAS-4,2395,0,0,0ebadfa1-eeb4-46d2-8a79-016fca123d1b,Keep
00002730,USAS-2,2395,0,0,0ebadfa1-eeb4-46d2-8a79-016fca123d1b,Keep
00002731,DES-6475,12195,1,0,a19f3707-096b-4828-86be-3ab7a91e49a8,Keep
00002732,DES-6475,12195,1,0,a19f3707-096b-4828-86be-3ab7a91e49a8,Keep
00002733,DES-5925,12595,1,0,a19f3707-096b-4828-86be-3ab7a91e49a8,Keep
00002734,DES-5925,13195,1,0,a19f3707-096b-4828-86be-3ab7a91e49a8,Keep
00002735,DES-5925,12595,1,0,a19f3707-096b-4828-86be-3ab7a91e49a8,Keep
00002736,DES-5925,13195,1,0,a19f3707-096b-4828-86be-3ab7a91e49a8,Keep
00002737,DES-5962,20595,1,1,a19f3707-096b-4828-86be-3ab7a91e49a8,Keep
00002738,DES-5962,20595,1,0,a19f3707-096b-4828-86be-3ab7a91e49a8,Keep
00002739,DES-6148,14595,1,0,a19f3707-096b-4828-86be-3ab7a91e49a8,Keep
00002740,DES-6148,14595,1,0,a19f3707-096b-4828-86be-3ab7a91e49a8,Keep
00002741,DES-6417,13995,1,0,a19f3707-096b-4828-86be-3ab7a91e49a8,Keep
00002742,DES-6417,13995,1,0,a19f3707-096b-4828-86be-3ab7a91e49a8,Keep
00002743,DES-6417,13995,1,0,a19f3707-096b-4828-86be-3ab7a91e49a8,Keep
00002744,DES-6350,15995,1,0,a19f3707-096b-4828-86be-3ab7a91e49a8,Keep
00002745,DES-6350,15995,1,1,a19f3707-096b-4828-86be-3ab7a91e49a8,Keep
00002746,DES-6379,13995,1,0,a19f3707-096b-4828-86be-3ab7a91e49a8,Keep
00002747,DES-6379,14595,1,0,a19f3707-096b-4828-86be-3ab7a91e49a8,Keep
00002748,DES-6379,13995,1,0,a19f3707-096b-4828-86be-3ab7a91e49a8,Keep
00002749,DES-6206,14595,1,0,a19f3707-096b-4828-86be-3ab7a91e49a8,Keep
00002750,DES-6206,14995,1,0,a19f3707-096b-4828-86be-3ab7a91e49a8,Keep
00002751,DES-6400,14395,1,0,a19f3707-096b-4828-86be-3ab7a91e49a8,Keep
00002752,DES-6400,14395,1,0,a19f3707-096b-4828-86be-3ab7a91e49a8,Keep
00002753,DES-6316,16795,1,0,a19f3707-096b-4828-86be-3ab7a91e49a8,Keep
00002754,DES-6316,16795,1,0,a19f3707-096b-4828-86be-3ab7a91e49a8,Keep
00002755,DES-6408,25995,1,1,a19f3707-096b-4828-86be-3ab7a91e49a8,Keep
00002756,DES-6214,12595,1,1,a19f3707-096b-4828-86be-3ab7a91e49a8,Keep
00002757,DES-6357,15995,1,0,a19f3707-096b-4828-86be-3ab7a91e49a8,Keep
00002758,DES-6357,16595,1,1,a19f3707-096b-4828-86be-3ab7a91e49a8,Keep
00002759,DES-6357,17195,1,0,a19f3707-096b-4828-86be-3ab7a91e49a8,Keep
00002760,DES-6385,14995,1,0,a19f3707-096b-4828-86be-3ab7a91e49a8,Keep
00002761,DES-6385,14995,1,0,a19f3707-096b-4828-86be-3ab7a91e49a8,Keep
00002762,DES-6270,15995,1,0,a19f3707-096b-4828-86be-3ab7a91e49a8,Keep
00002763,DES-6200,16595,1,1,a19f3707-096b-4828-86be-3ab7a91e49a8,Keep
00002764,DES-6354,17995,1,1,a19f3707-096b-4828-86be-3ab7a91e49a8,Keep
00002765,DES-6354,17995,1,1,a19f3707-096b-4828-86be-3ab7a91e49a8,Keep
00002766,DES-6324,11995,1,1,a19f3707-096b-4828-86be-3ab7a91e49a8,Keep
00002767,DES-6324,11995,1,0,a19f3707-096b-4828-86be-3ab7a91e49a8,Keep
00002768,DES-6355,15995,1,0,a19f3707-096b-4828-86be-3ab7a91e49a8,Keep
00002769,DES-6445,10595,1,0,a19f3707-096b-4828-86be-3ab7a91e49a8,Keep
00002770,DES-6060,17995,1,0,a19f3707-096b-4828-86be-3ab7a91e49a8,Keep
00002771,DES-6060,18595,1,0,a19f3707-096b-4828-86be-3ab7a91e49a8,Keep
00002772,DES-6351,17995,1,0,a19f3707-096b-4828-86be-3ab7a91e49a8,Keep
00002773,DES-6265,15995,1,0,a19f3707-096b-4828-86be-3ab7a91e49a8,Keep
00002774,DES-6410,10995,1,0,a19f3707-096b-4828-86be-3ab7a91e49a8,Keep
00002775,DES-6410,10995,1,0,a19f3707-096b-4828-86be-3ab7a91e49a8,Keep
00002776,DES-6391,17995,1,0,a19f3707-096b-4828-86be-3ab7a91e49a8,Keep
00002777,DES-6322,12595,1,1,a19f3707-096b-4828-86be-3ab7a91e49a8,Keep
00002778,DES-6199,19995,1,1,a19f3707-096b-4828-86be-3ab7a91e49a8,Keep
00002779,DES-6485,10995,1,1,a19f3707-096b-4828-86be-3ab7a91e49a8,Keep
00002780,DES-6272,11995,1,0,a19f3707-096b-4828-86be-3ab7a91e49a8,Keep
00002781,DES-6358,13995,1,0,a19f3707-096b-4828-86be-3ab7a91e49a8,Keep
00002782,DES-6286,16595,1,0,a19f3707-096b-4828-86be-3ab7a91e49a8,Keep
00002783,DES-6195,17995,1,1,a19f3707-096b-4828-86be-3ab7a91e49a8,Keep
00002784,VTA-21,3095,4,1,6bfb018c-7e71-4497-8d15-64117ed68bba,Keep
00002785,VTA-83,2895,3,1,6bfb018c-7e71-4497-8d15-64117ed68bba,Keep
00002786,KFS-102,3395,4,0,6bfb018c-7e71-4497-8d15-64117ed68bba,Keep
00002787,KFS-92,3195,3,3,6bfb018c-7e71-4497-8d15-64117ed68bba,Keep
00002788,KFS-113,2795,4,0,6bfb018c-7e71-4497-8d15-64117ed68bba,Keep
00002789,VTA-100,3395,4,3,6bfb018c-7e71-4497-8d15-64117ed68bba,Keep
00002790,VTA-154,2195,1,0,6bfb018c-7e71-4497-8d15-64117ed68bba,Keep
00002791,VTA-154,2195,3,0,6bfb018c-7e71-4497-8d15-64117ed68bba,Keep
00002792,VTA-63,2495,2,1,6bfb018c-7e71-4497-8d15-64117ed68bba,Keep
00002793,1,16795,3,1,b3e321a2-6229-43f5-83ab-58380b53a3e4,Keep
00002794,2,26695,3,2,b3e321a2-6229-43f5-83ab-58380b53a3e4,Keep
00002795,3,25295,5,3,b3e321a2-6229-43f5-83ab-58380b53a3e4,Keep
00002796,4,23495,4,2,b3e321a2-6229-43f5-83ab-58380b53a3e4,Keep
00002797,5,22595,2,2,b3e321a2-6229-43f5-83ab-58380b53a3e4,Keep
00002798,6,22595,4,4,b3e321a2-6229-43f5-83ab-58380b53a3e4,Keep
00002799,7,16295,4,2,b3e321a2-6229-43f5-83ab-58380b53a3e4,Keep
00002800,8,12495,2,2,b3e321a2-6229-43f5-83ab-58380b53a3e4,Keep
00002801,9,23495,4,3,b3e321a2-6229-43f5-83ab-58380b53a3e4,Keep
00002802,10,21695,3,1,b3e321a2-6229-43f5-83ab-58380b53a3e4,Keep
00002803,11,10995,11,3,b3e321a2-6229-43f5-83ab-58380b53a3e4,Keep
00002804,12,15395,5,3,b3e321a2-6229-43f5-83ab-58380b53a3e4,Keep
00002805,13,54195,0,0,b3e321a2-6229-43f5-83ab-58380b53a3e4,Keep
00002806,14,14895,0,0,fc1af338-6f9e-455d-9be0-e541b31747ce,Keep
00002807,15,24695,0,0,fc1af338-6f9e-455d-9be0-e541b31747ce,Keep
00002808,16,23695,0,0,fc1af338-6f9e-455d-9be0-e541b31747ce,Keep
00002809,17,15395,4,3,b3e321a2-6229-43f5-83ab-58380b53a3e4,Keep
00002810,18,28195,0,0,fc1af338-6f9e-455d-9be0-e541b31747ce,Keep
00002811,19,31395,2,1,b3e321a2-6229-43f5-83ab-58380b53a3e4,Keep
00002812,20,30795,1,1,b3e321a2-6229-43f5-83ab-58380b53a3e4,Keep
00002813,21,30795,1,1,b3e321a2-6229-43f5-83ab-58380b53a3e4,Keep
00002814,22,32595,1,1,b3e321a2-6229-43f5-83ab-58380b53a3e4,Keep
00002815,23,37095,1,1,b3e321a2-6229-43f5-83ab-58380b53a3e4,Keep
00002816,24,35295,1,0,b3e321a2-6229-43f5-83ab-58380b53a3e4,Keep
00002817,25,33495,1,1,b3e321a2-6229-43f5-83ab-58380b53a3e4,Keep
00002818,26,44295,1,0,b3e321a2-6229-43f5-83ab-58380b53a3e4,Keep
00002819,27,50595,1,1,b3e321a2-6229-43f5-83ab-58380b53a3e4,Keep
00002820,28,52395,1,1,b3e321a2-6229-43f5-83ab-58380b53a3e4,Keep
00002821,DES-6239,24995,1,1,a19f3707-096b-4828-86be-3ab7a91e49a8,Keep
00002822,DES-6374,13995,1,0,a19f3707-096b-4828-86be-3ab7a91e49a8,Keep
00002823,DES-6374,14595,1,0,a19f3707-096b-4828-86be-3ab7a91e49a8,Keep
00002824,USAS-5,2395.00,3,3,0ebadfa1-eeb4-46d2-8a79-016fca123d1b,Keep
00002825,USAS-4,2395.00,4,4,0ebadfa1-eeb4-46d2-8a79-016fca123d1b,Keep
00002826,USAS-2,2395.00,4,4,0ebadfa1-eeb4-46d2-8a79-016fca123d1b,Keep
00002827,13,11795,0,0,fc1af338-6f9e-455d-9be0-e541b31747ce,Keep
00002828,KDS-26/07,15695,1,1,bd9deccc-56a8-494b-8120-27bd248c79de,Keep
00002829,KDS-25/112,19695,1,1,bd9deccc-56a8-494b-8120-27bd248c79de,Keep
00002830,20266,4395.00,19,18,b7234eb7-ea9f-4682-a673-a594a95a84f9,Keep
00002831,20265,4395.00,1,1,b7234eb7-ea9f-4682-a673-a594a95a84f9,Keep
00002832,20265,4395.00,1,1,b7234eb7-ea9f-4682-a673-a594a95a84f9,Keep
00002833,20265,4395.00,1,1,b7234eb7-ea9f-4682-a673-a594a95a84f9,Keep
00002834,20206,3995.00,2,2,b7234eb7-ea9f-4682-a673-a594a95a84f9,Keep
00002835,20208,4395.00,1,1,b7234eb7-ea9f-4682-a673-a594a95a84f9,Keep
00002836,20201,3695.00,3,3,b7234eb7-ea9f-4682-a673-a594a95a84f9,Keep
00002837,20210,4395.00,4,4,b7234eb7-ea9f-4682-a673-a594a95a84f9,Keep
00002838,SGN-205,13995,1,0,27c7d1b9-d875-4f00-95a5-6a5b16ea5159,Keep
00002839,SGN-221,15995,1,1,27c7d1b9-d875-4f00-95a5-6a5b16ea5159,Keep
00002840,S151-445,3195.00,0,0,d5df26de-8651-4985-b06e-e9b7959e347b,Keep
00002841,S 151-445,3195.00,1,1,b0c74ee2-c609-4f21-ac5e-366dd2b687db,Keep
00002842,S 151-445,3195.00,1,0,b0c74ee2-c609-4f21-ac5e-366dd2b687db,Keep
00002843,S 151-445,3195.00,1,1,b0c74ee2-c609-4f21-ac5e-366dd2b687db,Keep
00002844,S 151-445,3195.00,1,1,b0c74ee2-c609-4f21-ac5e-366dd2b687db,Keep
00002845,S 151-445,3195.00,1,1,b0c74ee2-c609-4f21-ac5e-366dd2b687db,Keep
00002846,S 151-445,3195.00,1,1,b0c74ee2-c609-4f21-ac5e-366dd2b687db,Keep
00002847,S 151-445,3195.00,1,1,b0c74ee2-c609-4f21-ac5e-366dd2b687db,Keep
00002848,S 151-445,3195.00,1,1,b0c74ee2-c609-4f21-ac5e-366dd2b687db,Keep
00002849,S 151-445,3195,1,1,b0c74ee2-c609-4f21-ac5e-366dd2b687db,Keep
00002850,S 151-445,3195,1,1,b0c74ee2-c609-4f21-ac5e-366dd2b687db,Keep
00002851,S 151-445,3195.00,1,1,b0c74ee2-c609-4f21-ac5e-366dd2b687db,Keep
00002852,S 151-445,3195,1,1,b0c74ee2-c609-4f21-ac5e-366dd2b687db,Keep
00002853,S 151-445,3195,1,1,b0c74ee2-c609-4f21-ac5e-366dd2b687db,Keep
00002854,S 151-445,3195,1,1,b0c74ee2-c609-4f21-ac5e-366dd2b687db,Keep
00002855,S 151-445,3195,1,1,b0c74ee2-c609-4f21-ac5e-366dd2b687db,Keep
00002856,S 151-445,3195,1,1,b0c74ee2-c609-4f21-ac5e-366dd2b687db,Keep
00002857,S 151-445,3195,1,1,b0c74ee2-c609-4f21-ac5e-366dd2b687db,Keep
00002858,S 151-445,3195,1,0,b0c74ee2-c609-4f21-ac5e-366dd2b687db,Keep
00002859,S 151-445,3195,1,0,b0c74ee2-c609-4f21-ac5e-366dd2b687db,Keep
00002860,S 151-445,3195,1,1,b0c74ee2-c609-4f21-ac5e-366dd2b687db,Keep
00002861,S 151-445,3195.00,1,1,b0c74ee2-c609-4f21-ac5e-366dd2b687db,Keep
00002862,S 151-445,3195.00,1,1,b0c74ee2-c609-4f21-ac5e-366dd2b687db,Keep
00002863,S 151-445,3195,1,1,b0c74ee2-c609-4f21-ac5e-366dd2b687db,Keep
00002864,S 151-445,3195,1,1,b0c74ee2-c609-4f21-ac5e-366dd2b687db,Keep
00002865,S 151-445,3195,1,1,b0c74ee2-c609-4f21-ac5e-366dd2b687db,Keep
00002866,S 151-445,3195,1,1,b0c74ee2-c609-4f21-ac5e-366dd2b687db,Keep
00002867,S 151-445,3195,1,1,b0c74ee2-c609-4f21-ac5e-366dd2b687db,Keep
00002868,S 151-1213,3695.00,1,0,b0c74ee2-c609-4f21-ac5e-366dd2b687db,Keep
00002869,S 151-1213,3695.00,13,12,b0c74ee2-c609-4f21-ac5e-366dd2b687db,Keep
00002870,SA-23296,23195,1,0,13701b57-31e0-40c1-bff9-329e92abde65,Keep
00002871,SA-23288,21995,1,0,13701b57-31e0-40c1-bff9-329e92abde65,Keep
00002872,SA-23295,17995,1,0,13701b57-31e0-40c1-bff9-329e92abde65,Keep
00002873,LV-US3715,3495,8,6,ed3a5a69-c0f2-47e4-a71e-411c5cb62df8,Keep
00002874,S151-1141,3395,8,7,ed3a5a69-c0f2-47e4-a71e-411c5cb62df8,Keep
00002875,S151-700G,4495,7,5,ed3a5a69-c0f2-47e4-a71e-411c5cb62df8,Keep
00002876,S151-2084,5395,8,8,ed3a5a69-c0f2-47e4-a71e-411c5cb62df8,Keep
00002877,SGN-153,27995,1,1,7378f324-d61c-468f-8c84-a0fe4fbc1c02,Keep
00002878,SGN-187,13995,1,1,7378f324-d61c-468f-8c84-a0fe4fbc1c02,Keep
00002879,NO-097,13195.00,1,1,6e775d9f-0124-428e-92f7-c854329807c0,Keep
00002880,097L,13195.00,1,0,6e775d9f-0124-428e-92f7-c854329807c0,Keep
00002881,096L,14395.00,1,1,6e775d9f-0124-428e-92f7-c854329807c0,Keep
00002882,NO-082,9595.00,1,0,6e775d9f-0124-428e-92f7-c854329807c0,Keep
00002883,NO-082-P,9595.00,1,0,6e775d9f-0124-428e-92f7-c854329807c0,Keep
00002884,AT-1212,39595.00,1,1,6e775d9f-0124-428e-92f7-c854329807c0,Keep
00002885,CL-428,19795.00,1,0,6e775d9f-0124-428e-92f7-c854329807c0,Keep
00002886,CL-433,39595.00,1,0,6e775d9f-0124-428e-92f7-c854329807c0,Keep
00002887,CL-1401,25195.00,1,1,6e775d9f-0124-428e-92f7-c854329807c0,Keep
00002888,1401,25195.00,1,0,6e775d9f-0124-428e-92f7-c854329807c0,Keep
00002889,KJ-091,17995.00,1,1,6e775d9f-0124-428e-92f7-c854329807c0,Keep
00002890,091,17995.00,1,1,6e775d9f-0124-428e-92f7-c854329807c0,Keep
00002891,CQ-1076,17995.00,1,1,6e775d9f-0124-428e-92f7-c854329807c0,Keep
00002892,1076,17995.00,1,0,6e775d9f-0124-428e-92f7-c854329807c0,Keep
00002893,BG-118,17995.00,1,1,6e775d9f-0124-428e-92f7-c854329807c0,Keep
00002894,118-L,17995.00,1,0,6e775d9f-0124-428e-92f7-c854329807c0,Keep
00002895,AA-1026,19794.98,1,0,6e775d9f-0124-428e-92f7-c854329807c0,Keep
00002896,0102,57795,1,1,76c29fa4-f9c8-48d2-a6ba-975148a36899,Keep
00002897,S52-282,14495.00,1,1,bb5d1de5-0b8f-4ae9-bfc2-54f3da93802e,Keep
00002898,LV-CT 9656,2195.00,2,2,bb5d1de5-0b8f-4ae9-bfc2-54f3da93802e,Keep
00002899,LV-CT 8909,2095.00,2,2,bb5d1de5-0b8f-4ae9-bfc2-54f3da93802e,Keep
00002900,S11-40,4195.00,1,1,bb5d1de5-0b8f-4ae9-bfc2-54f3da93802e,Keep
00002901,S11-08C,5095.00,4,4,bb5d1de5-0b8f-4ae9-bfc2-54f3da93802e,Keep
00002902,LV-CT 8494,2395.00,2,2,bb5d1de5-0b8f-4ae9-bfc2-54f3da93802e,Keep
00002903,LV-CT 7734,1995.00,3,3,bb5d1de5-0b8f-4ae9-bfc2-54f3da93802e,Keep
00002904,S151-2297C,2695.00,6,6,bb5d1de5-0b8f-4ae9-bfc2-54f3da93802e,Keep
00002905,S16-15AT,3595.00,1,1,bb5d1de5-0b8f-4ae9-bfc2-54f3da93802e,Keep
00002906,LV-CT 9569,2395.00,3,3,bb5d1de5-0b8f-4ae9-bfc2-54f3da93802e,Keep
00002907,S11-05,4595.00,2,2,bb5d1de5-0b8f-4ae9-bfc2-54f3da93802e,Keep
00002908,LV-US7556S,13995.00,1,0,bb5d1de5-0b8f-4ae9-bfc2-54f3da93802e,Keep
00002909,S154-3070,3795.00,2,2,bb5d1de5-0b8f-4ae9-bfc2-54f3da93802e,Keep
00002910,816-PA,9195,1,1,0155a7c4-7a3b-4c94-aa9f-53126702b947,Keep
00002911,816-PA,9195,1,1,0155a7c4-7a3b-4c94-aa9f-53126702b947,Keep
00002912,816-PA,9195,1,1,0155a7c4-7a3b-4c94-aa9f-53126702b947,Keep
00002913,816-PA,9195,1,1,0155a7c4-7a3b-4c94-aa9f-53126702b947,Keep
00002914,816-PA,9195,1,1,0155a7c4-7a3b-4c94-aa9f-53126702b947,Keep
00002915,816-PA,9195,1,1,0155a7c4-7a3b-4c94-aa9f-53126702b947,Keep
00002916,816-PA,9195,1,1,0155a7c4-7a3b-4c94-aa9f-53126702b947,Keep
00002917,816-PA,9195,1,1,0155a7c4-7a3b-4c94-aa9f-53126702b947,Keep
00002918,814-PA,8195,1,1,0155a7c4-7a3b-4c94-aa9f-53126702b947,Keep
00002919,814-PA,8195,1,1,0155a7c4-7a3b-4c94-aa9f-53126702b947,Keep
00002920,814-PA,8195,1,1,0155a7c4-7a3b-4c94-aa9f-53126702b947,Keep
00002921,814-PA,8195,1,0,0155a7c4-7a3b-4c94-aa9f-53126702b947,Keep
00002922,814-PA,8195,1,0,0155a7c4-7a3b-4c94-aa9f-53126702b947,Keep
00002923,814-PA,8195,1,0,0155a7c4-7a3b-4c94-aa9f-53126702b947,Keep
00002924,814-PA,8195,1,1,0155a7c4-7a3b-4c94-aa9f-53126702b947,Keep
00002925,814-PA,8195,1,0,0155a7c4-7a3b-4c94-aa9f-53126702b947,Keep
00002926,S-BH86,7195.00,1,1,60cd994e-ecb4-4164-97b1-b80dca1feecb,Keep
00002927,S-BH86,7195.00,1,1,60cd994e-ecb4-4164-97b1-b80dca1feecb,Keep
00002928,S-BH86,7195.00,1,1,60cd994e-ecb4-4164-97b1-b80dca1feecb,Keep
00002929,S-BH86,7195.00,1,1,60cd994e-ecb4-4164-97b1-b80dca1feecb,Keep
00002930,VTA87,3095.00,2,2,60cd994e-ecb4-4164-97b1-b80dca1feecb,Keep
00002931,VTA87,3095.00,1,1,60cd994e-ecb4-4164-97b1-b80dca1feecb,Keep
00002932,VTA34,3195.00,1,1,60cd994e-ecb4-4164-97b1-b80dca1feecb,Keep
00002933,VTA34,3195.00,1,1,60cd994e-ecb4-4164-97b1-b80dca1feecb,Keep
00002934,VTA34,3195.00,1,1,60cd994e-ecb4-4164-97b1-b80dca1feecb,Keep
00002935,VTA34,3195.00,1,0,60cd994e-ecb4-4164-97b1-b80dca1feecb,Keep
00002936,VTA123,2995.00,3,3,60cd994e-ecb4-4164-97b1-b80dca1feecb,Keep
00002937,VTA173,2875.00,1,1,60cd994e-ecb4-4164-97b1-b80dca1feecb,Keep
00002938,VTA173,2895.00,1,1,60cd994e-ecb4-4164-97b1-b80dca1feecb,Keep
00002939,VTA173,2895.00,1,1,60cd994e-ecb4-4164-97b1-b80dca1feecb,Keep
00002940,VTA36,3495.00,2,1,60cd994e-ecb4-4164-97b1-b80dca1feecb,Keep
00002941,VTA36,3495.00,2,0,60cd994e-ecb4-4164-97b1-b80dca1feecb,Keep
00002942,VTA95,2195.00,2,1,60cd994e-ecb4-4164-97b1-b80dca1feecb,Keep
00002943,KFS58,3395.00,2,1,60cd994e-ecb4-4164-97b1-b80dca1feecb,Keep
00002944,KFS58,3395.00,1,1,60cd994e-ecb4-4164-97b1-b80dca1feecb,Keep
00002945,VTA33,3295.00,2,2,60cd994e-ecb4-4164-97b1-b80dca1feecb,Keep
00002946,VTA33,3295.00,1,1,60cd994e-ecb4-4164-97b1-b80dca1feecb,Keep
00002947,VTA33,3295.00,2,2,60cd994e-ecb4-4164-97b1-b80dca1feecb,Keep
00002948,S1,27395.00,1,1,52b7f344-7f9e-41b2-8e46-9a67c8367d5d,Keep
00002949,S1,27395.00,1,1,52b7f344-7f9e-41b2-8e46-9a67c8367d5d,Keep
00002950,S1,27395.00,1,1,52b7f344-7f9e-41b2-8e46-9a67c8367d5d,Keep
00002951,S2,31995.00,1,1,52b7f344-7f9e-41b2-8e46-9a67c8367d5d,Keep
00002952,S2,31995.00,1,1,52b7f344-7f9e-41b2-8e46-9a67c8367d5d,Keep
00002953,S3,31995.00,1,1,52b7f344-7f9e-41b2-8e46-9a67c8367d5d,Keep
00002954,S4,31995.00,1,1,52b7f344-7f9e-41b2-8e46-9a67c8367d5d,Keep
00002955,S5,31995.00,1,1,52b7f344-7f9e-41b2-8e46-9a67c8367d5d,Keep
00002956,S6,36595.00,1,1,52b7f344-7f9e-41b2-8e46-9a67c8367d5d,Keep
00002957,S6,36595.00,1,1,52b7f344-7f9e-41b2-8e46-9a67c8367d5d,Keep
00002958,S7,27395.00,1,1,52b7f344-7f9e-41b2-8e46-9a67c8367d5d,Keep
00002959,S7,27395.00,1,1,52b7f344-7f9e-41b2-8e46-9a67c8367d5d,Keep
00002960,S8,30195,1,0,52b7f344-7f9e-41b2-8e46-9a67c8367d5d,Keep
00002961,S8,30195,1,0,52b7f344-7f9e-41b2-8e46-9a67c8367d5d,Keep
00002962,S9,31995.51,1,1,52b7f344-7f9e-41b2-8e46-9a67c8367d5d,Keep
00002963,S9,31995,1,1,52b7f344-7f9e-41b2-8e46-9a67c8367d5d,Keep
00002964,S10,27395,1,1,52b7f344-7f9e-41b2-8e46-9a67c8367d5d,Keep
00002965,S10,27395,1,1,52b7f344-7f9e-41b2-8e46-9a67c8367d5d,Keep
00002966,V1934S,21795,1,1,bad04854-b51a-4d38-9de0-2981a027d9c4,Keep
00002967,S1SS23 ROSY KALI,126095.00,1,1,635d6083-a3ab-4e17-878d-2eea3c47ce4e,Keep
00002968,KDS-25/167,19695,1,0,b110c2cc-e7be-4f69-99ea-2bdc65bd60cf,Keep
00002969,KI-25/315,21695,1,0,b110c2cc-e7be-4f69-99ea-2bdc65bd60cf,Keep
00002970,KDS-26/04,25695,1,0,b110c2cc-e7be-4f69-99ea-2bdc65bd60cf,Keep
00002971,KDS-25/174,19695,1,1,b110c2cc-e7be-4f69-99ea-2bdc65bd60cf,Keep
00002972,KDS-25/170,15695,1,1,b110c2cc-e7be-4f69-99ea-2bdc65bd60cf,Keep
00002973,282FSU,5895.00,1,1,8f0f9c05-a607-4eb9-b081-bb6c62c452d4,Keep
00002974,282FSU,5895.00,1,1,8f0f9c05-a607-4eb9-b081-bb6c62c452d4,Keep
00002975,891SU,7395.00,3,3,8f0f9c05-a607-4eb9-b081-bb6c62c452d4,Keep
00002976,950CSU,7195.00,3,3,8f0f9c05-a607-4eb9-b081-bb6c62c452d4,Keep
00002977,175SU,7195.00,1,0,8f0f9c05-a607-4eb9-b081-bb6c62c452d4,Keep
00002978,175SU,7195.00,1,1,8f0f9c05-a607-4eb9-b081-bb6c62c452d4,Keep
00002979,45SU,6295.00,1,1,8f0f9c05-a607-4eb9-b081-bb6c62c452d4,Keep
00002980,964SU,7195.00,1,1,8f0f9c05-a607-4eb9-b081-bb6c62c452d4,Keep
00002981,965SU,7195.00,1,1,8f0f9c05-a607-4eb9-b081-bb6c62c452d4,Keep
00002982,43SU,7195.00,1,0,8f0f9c05-a607-4eb9-b081-bb6c62c452d4,Keep
00002983,43SU,7195.00,1,1,8f0f9c05-a607-4eb9-b081-bb6c62c452d4,Keep
00002984,862SU,5895.00,1,1,8f0f9c05-a607-4eb9-b081-bb6c62c452d4,Keep
00002985,1862SU,5895.00,1,1,8f0f9c05-a607-4eb9-b081-bb6c62c452d4,Keep
00002986,19SU,5895.00,2,2,8f0f9c05-a607-4eb9-b081-bb6c62c452d4,Keep
00002987,EC17,4895.00,2,2,8f0f9c05-a607-4eb9-b081-bb6c62c452d4,Keep
00002988,EC17,4895.00,2,2,8f0f9c05-a607-4eb9-b081-bb6c62c452d4,Keep
00002989,EC17,4895.00,2,2,8f0f9c05-a607-4eb9-b081-bb6c62c452d4,Keep
00002990,EC17,4895.00,2,2,8f0f9c05-a607-4eb9-b081-bb6c62c452d4,Keep
00002991,196SU,21595.00,3,2,8f0f9c05-a607-4eb9-b081-bb6c62c452d4,Keep
00002992,S1SS25,149995.00,1,1,f3f2e60f-d96e-4320-a689-a1234b04c481,Keep
00002993,R/O-M-784,148995,1,1,cf49530b-8ae1-4eb9-8f51-c5f672775743,Keep
00002994,1225,53995,1,0,536325a2-2386-457f-9167-92b7fdc4bcc9,Keep
00002995,1856,7095.00,1,0,3a054f73-255d-4c7e-b638-e41bd8527ab1,Keep
00002996,1856,7095.00,1,0,3a054f73-255d-4c7e-b638-e41bd8527ab1,Keep
00002997,1856,7095.00,1,1,3a054f73-255d-4c7e-b638-e41bd8527ab1,Keep
00002998,1856,7095.00,1,1,3a054f73-255d-4c7e-b638-e41bd8527ab1,Keep
00002999,1856,7095.00,1,1,3a054f73-255d-4c7e-b638-e41bd8527ab1,Keep
00003000,1885,11095.00,1,0,3a054f73-255d-4c7e-b638-e41bd8527ab1,Keep
00003001,1885,11095.00,1,0,3a054f73-255d-4c7e-b638-e41bd8527ab1,Keep
00003002,1885,11095.00,1,0,3a054f73-255d-4c7e-b638-e41bd8527ab1,Keep
00003003,1885,11095.00,1,1,3a054f73-255d-4c7e-b638-e41bd8527ab1,Keep
00003004,1983,11695.00,1,0,3a054f73-255d-4c7e-b638-e41bd8527ab1,Keep
00003005,1983,11695.00,1,0,3a054f73-255d-4c7e-b638-e41bd8527ab1,Keep
00003006,1983,11695.00,1,0,3a054f73-255d-4c7e-b638-e41bd8527ab1,Keep
00003007,1983,11695.00,1,1,3a054f73-255d-4c7e-b638-e41bd8527ab1,Keep
00003008,1983,11695.00,1,1,3a054f73-255d-4c7e-b638-e41bd8527ab1,Keep
00003009,1983-02,11695.00,1,1,3a054f73-255d-4c7e-b638-e41bd8527ab1,Keep
00003010,1983-02,11695.00,1,1,3a054f73-255d-4c7e-b638-e41bd8527ab1,Keep
00003011,1983-02,11695.00,1,1,3a054f73-255d-4c7e-b638-e41bd8527ab1,Keep
00003012,1983-02,11695.00,1,1,3a054f73-255d-4c7e-b638-e41bd8527ab1,Keep
00003013,1983-02,11695.00,1,1,3a054f73-255d-4c7e-b638-e41bd8527ab1,Keep
00003014,1984,11695.00,1,0,3a054f73-255d-4c7e-b638-e41bd8527ab1,Keep
00003015,1984,11695.00,1,0,3a054f73-255d-4c7e-b638-e41bd8527ab1,Keep
00003016,1984,11695.00,1,0,3a054f73-255d-4c7e-b638-e41bd8527ab1,Keep
00003017,1984,11695.00,1,0,3a054f73-255d-4c7e-b638-e41bd8527ab1,Keep
00003018,1984,11695.00,1,1,3a054f73-255d-4c7e-b638-e41bd8527ab1,Keep
00003019,2014,11195.00,1,1,3a054f73-255d-4c7e-b638-e41bd8527ab1,Keep
00003020,2014,11195.00,1,0,3a054f73-255d-4c7e-b638-e41bd8527ab1,Keep
00003021,2014,11195.00,1,1,3a054f73-255d-4c7e-b638-e41bd8527ab1,Keep
00003022,2014,11195.00,1,1,3a054f73-255d-4c7e-b638-e41bd8527ab1,Keep
00003023,2014,11195.00,1,1,3a054f73-255d-4c7e-b638-e41bd8527ab1,Keep
00003024,KA025,9495.00,1,0,3a054f73-255d-4c7e-b638-e41bd8527ab1,Keep
00003025,KA025,9495.00,1,1,3a054f73-255d-4c7e-b638-e41bd8527ab1,Keep
00003026,KA025,9495.00,1,1,3a054f73-255d-4c7e-b638-e41bd8527ab1,Keep
00003027,KA025,9495.00,1,1,3a054f73-255d-4c7e-b638-e41bd8527ab1,Keep
00003028,KA025,9495.00,1,1,3a054f73-255d-4c7e-b638-e41bd8527ab1,Keep
00003029,1984-02,11695.00,1,0,3a054f73-255d-4c7e-b638-e41bd8527ab1,Keep
00003030,1984-02,11695.00,1,0,3a054f73-255d-4c7e-b638-e41bd8527ab1,Keep
00003031,1984-02,11695.00,1,0,3a054f73-255d-4c7e-b638-e41bd8527ab1,Keep
00003032,1984-02,11695.00,1,0,3a054f73-255d-4c7e-b638-e41bd8527ab1,Keep
00003033,1984-02,11695.00,1,0,3a054f73-255d-4c7e-b638-e41bd8527ab1,Keep
00003034,KA027,13095.00,1,1,3a054f73-255d-4c7e-b638-e41bd8527ab1,Keep
00003035,KA027,13095.00,1,0,3a054f73-255d-4c7e-b638-e41bd8527ab1,Keep
00003036,KA027,13095.00,1,1,3a054f73-255d-4c7e-b638-e41bd8527ab1,Keep
00003037,KA027,13095.00,1,1,3a054f73-255d-4c7e-b638-e41bd8527ab1,Keep
00003038,KA027,13095.00,1,0,3a054f73-255d-4c7e-b638-e41bd8527ab1,Keep
00003039,0147,29995,1,1,12e44d8a-cdc4-4c7c-8dc4-221db3f03b5f,Keep
00003040,1252,49995,1,1,12e44d8a-cdc4-4c7c-8dc4-221db3f03b5f,Keep
00003041,RJ2082,73995,1,1,688f9a37-804d-49e8-ac6b-da58c941c307,Keep
00003042,169,3295.00,4,4,9d14f7ae-fc16-4c54-8511-ecb252307e2f,Keep
00003043,VTA80,3095.00,4,4,9d14f7ae-fc16-4c54-8511-ecb252307e2f,Keep
00003044,VTA79,3095.00,4,4,9d14f7ae-fc16-4c54-8511-ecb252307e2f,Keep
00003045,KFS55,3495.00,3,3,9d14f7ae-fc16-4c54-8511-ecb252307e2f,Keep
00003046,KFS120,3295.00,4,4,9d14f7ae-fc16-4c54-8511-ecb252307e2f,Keep
00003047,KFS105,2795.00,3,3,9d14f7ae-fc16-4c54-8511-ecb252307e2f,Keep
00003048,KFS95,2995.00,3,3,9d14f7ae-fc16-4c54-8511-ecb252307e2f,Keep
00003049,SFN201,12595.00,3,1,9d14f7ae-fc16-4c54-8511-ecb252307e2f,Keep
00003050,KFS115,3995.00,2,2,9d14f7ae-fc16-4c54-8511-ecb252307e2f,Keep
00003051,GH/SC/00040,157995,1,1,4bfdf376-e099-4a9f-928a-e6e6b5e46685,Keep
00003052,495,34095,1,0,4bfdf376-e099-4a9f-928a-e6e6b5e46685,Keep
00003053,A2061-M7/D23,57995,1,1,d32c47fe-91ae-45cd-b5c8-9358fe69fdd9,Keep
00003054,1,215995.00,1,1,0f7e24a3-7e6c-43fc-9953-0750f40697b5,Keep
00003055,W1270,7695.00,1,1,65672766-d443-4d3a-af2b-54492bec4de1,Keep
00003056,W1423,7195.00,1,1,65672766-d443-4d3a-af2b-54492bec4de1,Keep
00003057,W1161,6295.00,1,1,65672766-d443-4d3a-af2b-54492bec4de1,Keep
00003058,W1380,7195.00,1,0,65672766-d443-4d3a-af2b-54492bec4de1,Keep
00003059,W1426,6295.00,1,0,65672766-d443-4d3a-af2b-54492bec4de1,Keep
00003060,16410,5795.00,1,0,65672766-d443-4d3a-af2b-54492bec4de1,Keep
00003061,14079,4895.00,1,1,65672766-d443-4d3a-af2b-54492bec4de1,Keep
00003062,SA6704,3795.00,1,0,65672766-d443-4d3a-af2b-54492bec4de1,Keep
00003063,SA6704,3795.00,1,0,65672766-d443-4d3a-af2b-54492bec4de1,Keep
00003064,SA6704,3795.00,1,0,65672766-d443-4d3a-af2b-54492bec4de1,Keep
00003065,SA6712,3195.00,1,0,65672766-d443-4d3a-af2b-54492bec4de1,Keep
00003066,RE15987,6495.00,1,0,65672766-d443-4d3a-af2b-54492bec4de1,Keep
00003067,RE16527,5895.00,1,0,65672766-d443-4d3a-af2b-54492bec4de1,Keep
00003068,DCP1,3095.00,2,0,65672766-d443-4d3a-af2b-54492bec4de1,Keep
00003069,DCP1,3095.00,1,0,65672766-d443-4d3a-af2b-54492bec4de1,Keep
00003070,DCP1,3095.00,1,0,65672766-d443-4d3a-af2b-54492bec4de1,Keep
00003071,DCP1,3095.00,10,3,65672766-d443-4d3a-af2b-54492bec4de1,Keep
00003072,SA6871,3695.00,1,0,65672766-d443-4d3a-af2b-54492bec4de1,Keep
00003073,SA6871,3695.00,1,0,65672766-d443-4d3a-af2b-54492bec4de1,Keep
00003074,CD5,6295.00,10,6,65672766-d443-4d3a-af2b-54492bec4de1,Keep
00003075,DES-36309750,6595.00,1,1,9a8c54ff-0cc6-444c-88c4-8cbc8dcc95c7,Keep
00003076,DES 36309750,6595.00,1,1,9a8c54ff-0cc6-444c-88c4-8cbc8dcc95c7,Keep
00003077,DES-36309750,6595.00,1,1,9a8c54ff-0cc6-444c-88c4-8cbc8dcc95c7,Keep
00003078,DES-5712150,10395.00,1,1,9a8c54ff-0cc6-444c-88c4-8cbc8dcc95c7,Keep
00003079,DES-5712150,10395.00,1,1,9a8c54ff-0cc6-444c-88c4-8cbc8dcc95c7,Keep
00003080,DES-5712150,10395.00,1,1,9a8c54ff-0cc6-444c-88c4-8cbc8dcc95c7,Keep
00003081,DES-39309995,7195.00,1,1,9a8c54ff-0cc6-444c-88c4-8cbc8dcc95c7,Keep
00003082,DES-39309995,7195.00,1,1,9a8c54ff-0cc6-444c-88c4-8cbc8dcc95c7,Keep
00003083,DES-39309995,7195.00,1,1,9a8c54ff-0cc6-444c-88c4-8cbc8dcc95c7,Keep
00003084,DES-39309995,7195.00,1,0,9a8c54ff-0cc6-444c-88c4-8cbc8dcc95c7,Keep
00003085,DES-352600700,6395.00,1,1,9a8c54ff-0cc6-444c-88c4-8cbc8dcc95c7,Keep
00003086,DES-352600700,6395.00,1,0,9a8c54ff-0cc6-444c-88c4-8cbc8dcc95c7,Keep
00003087,DES-4362495,7995.00,1,0,9a8c54ff-0cc6-444c-88c4-8cbc8dcc95c7,Keep
00003088,DES-4362495,7995.00,1,0,9a8c54ff-0cc6-444c-88c4-8cbc8dcc95c7,Keep
00003089,DES-2764350,4995.00,1,1,9a8c54ff-0cc6-444c-88c4-8cbc8dcc95c7,Keep
00003090,DES-2764350,4995.00,1,1,9a8c54ff-0cc6-444c-88c4-8cbc8dcc95c7,Keep
00003091,1447,31995,1,1,f3a25882-bf50-4aa9-bd31-031f83acd97f,Keep
00003092,DES-352,33995,1,1,06e741d8-289a-4265-b093-31418de07d4d,Keep
00003093,DES-357,37995,1,1,06e741d8-289a-4265-b093-31418de07d4d,Keep
00003094,251508,257995,1,1,b538e965-4464-4d44-b28e-60a06474ea9b,Keep
00003095,AA 1341,16795,1,1,a5d741a8-d3fe-4bda-a130-97dbc56f7b47,Keep
00003096,AA 1319,14995,1,1,a5d741a8-d3fe-4bda-a130-97dbc56f7b47,Keep
00003097,AA 1308,14395,1,1,a5d741a8-d3fe-4bda-a130-97dbc56f7b47,Keep
00003098,AA 1346,17395,1,1,a5d741a8-d3fe-4bda-a130-97dbc56f7b47,Keep
00003099,AA 1304,15595,1,1,a5d741a8-d3fe-4bda-a130-97dbc56f7b47,Keep
00003100,228J,28995.00,1,0,8f0fafad-966e-47d6-b04a-fadfce0b4526,Keep
00003101,233,31995.00,1,0,8f0fafad-966e-47d6-b04a-fadfce0b4526,Keep
00003102,229,34995.00,1,1,8f0fafad-966e-47d6-b04a-fadfce0b4526,Keep
00003103,227,33995.00,1,0,8f0fafad-966e-47d6-b04a-fadfce0b4526,Keep
00003104,232,31995.00,1,1,8f0fafad-966e-47d6-b04a-fadfce0b4526,Keep
00003105,232,31995.00,1,1,8f0fafad-966e-47d6-b04a-fadfce0b4526,Keep
00003106,235,37095.00,1,1,8f0fafad-966e-47d6-b04a-fadfce0b4526,Keep
00003107,204,37095.00,1,1,8f0fafad-966e-47d6-b04a-fadfce0b4526,Keep
00003108,221,40095.00,1,1,8f0fafad-966e-47d6-b04a-fadfce0b4526,Keep
00003109,221L,40095.00,1,1,8f0fafad-966e-47d6-b04a-fadfce0b4526,Keep
00003110,197,39495.00,1,1,8f0fafad-966e-47d6-b04a-fadfce0b4526,Keep
00003111,214,39495.00,1,1,8f0fafad-966e-47d6-b04a-fadfce0b4526,Keep
00003112,225LY,43495.00,1,0,8f0fafad-966e-47d6-b04a-fadfce0b4526,Keep
00003113,225,43495.00,1,1,8f0fafad-966e-47d6-b04a-fadfce0b4526,Keep
00003114,225,43595.00,1,1,8f0fafad-966e-47d6-b04a-fadfce0b4526,Keep
00003115,225K,39495.00,1,1,8f0fafad-966e-47d6-b04a-fadfce0b4526,Keep
00003116,2391,139995,1,0,31e3f4e9-822c-4316-8039-343dfc6cd930,Keep
00003117,2415,229995,1,0,31e3f4e9-822c-4316-8039-343dfc6cd930,Keep
00003118,13178,5195,2,0,e1e3fc42-efb1-4f0a-9e0e-725018716202,Keep
00003119,13178,5195,1,0,e1e3fc42-efb1-4f0a-9e0e-725018716202,Keep
00003120,13178,5195,2,0,e1e3fc42-efb1-4f0a-9e0e-725018716202,Keep
00003121,13178,5195,1,0,e1e3fc42-efb1-4f0a-9e0e-725018716202,Keep
00003122,13177,5195,3,0,e1e3fc42-efb1-4f0a-9e0e-725018716202,Keep
00003123,13177,5195,2,0,e1e3fc42-efb1-4f0a-9e0e-725018716202,Keep
00003124,13177,5195,1,0,e1e3fc42-efb1-4f0a-9e0e-725018716202,Keep
00003125,13180,4995,2,0,e1e3fc42-efb1-4f0a-9e0e-725018716202,Keep
00003126,13180,4995,2,0,e1e3fc42-efb1-4f0a-9e0e-725018716202,Keep
00003127,AL-554,177995,1,1,f1d3bdc6-a5dd-431d-8948-a4056a64f7c8,Keep
00003128,AL-524,113995,1,1,f1d3bdc6-a5dd-431d-8948-a4056a64f7c8,Keep
00003129,DS-22,40995,1,1,f1d3bdc6-a5dd-431d-8948-a4056a64f7c8,Keep
00003130,DS-19,40995,1,1,f1d3bdc6-a5dd-431d-8948-a4056a64f7c8,Keep
00003131,SRA/455/4813,6295,1,1,9e5e264e-7892-44f6-84f6-07663e41ce67,Keep
00003132,SRA/455/4813,6295,1,0,9e5e264e-7892-44f6-84f6-07663e41ce67,Keep
00003133,SRA/455/4813,6295,1,1,9e5e264e-7892-44f6-84f6-07663e41ce67,Keep
00003134,SRA/455/4924,6495,1,1,9e5e264e-7892-44f6-84f6-07663e41ce67,Keep
00003135,SRA/455/4924,6495,1,0,9e5e264e-7892-44f6-84f6-07663e41ce67,Keep
00003136,SRA/455/4924,6495,1,1,9e5e264e-7892-44f6-84f6-07663e41ce67,Keep
00003137,SRA/455/4557,7995,1,1,9e5e264e-7892-44f6-84f6-07663e41ce67,Keep
00003138,SRA/455/4557,7995,1,1,9e5e264e-7892-44f6-84f6-07663e41ce67,Keep
00003139,SRA/455/4557,7995,1,1,9e5e264e-7892-44f6-84f6-07663e41ce67,Keep
00003140,SRA/455/4541,3995,1,0,9e5e264e-7892-44f6-84f6-07663e41ce67,Keep
00003141,SRA/455/4541,3995,1,1,9e5e264e-7892-44f6-84f6-07663e41ce67,Keep
00003142,SRA/455/4541,3995,1,1,9e5e264e-7892-44f6-84f6-07663e41ce67,Keep
00003143,SRA/455/4541,3995,1,1,9e5e264e-7892-44f6-84f6-07663e41ce67,Keep
00003144,SRA/455/4921,6495,2,1,9e5e264e-7892-44f6-84f6-07663e41ce67,Keep
00003145,SRA/610/1618,7495,1,0,9e5e264e-7892-44f6-84f6-07663e41ce67,Keep
00003146,SRA/610/1618,7495,1,0,9e5e264e-7892-44f6-84f6-07663e41ce67,Keep
00003147,SRA/455/1481,3995,1,1,9e5e264e-7892-44f6-84f6-07663e41ce67,Keep
00003148,SRA/455/1481,3995,1,0,9e5e264e-7892-44f6-84f6-07663e41ce67,Keep
00003149,SRA/610/2315,5695,1,1,9e5e264e-7892-44f6-84f6-07663e41ce67,Keep
00003150,SRA/455/4685,6995,1,1,9e5e264e-7892-44f6-84f6-07663e41ce67,Keep
00003151,SR9/140/2346,12695,1,1,9e5e264e-7892-44f6-84f6-07663e41ce67,Keep
00003152,SRP/M/SU/6682,20295,1,1,9e5e264e-7892-44f6-84f6-07663e41ce67,Keep
00003153,SRP/K/SU/7118,56995,1,0,9e5e264e-7892-44f6-84f6-07663e41ce67,Keep
00003154,SRP/M/SU/7103,22995,1,0,9e5e264e-7892-44f6-84f6-07663e41ce67,Keep
00003155,2374,109995,1,0,697ad671-2fc4-4d10-871e-2ac21ef6dd6f,Keep
00003156,2420,389995,1,0,697ad671-2fc4-4d10-871e-2ac21ef6dd6f,Keep
00003157,DES-8243,29995.00,1,1,d55abd09-a17c-463e-8907-8af4c9cba5b4,Keep
00003158,DES-8080,23995.00,1,0,d55abd09-a17c-463e-8907-8af4c9cba5b4,Keep
00003159,2308,275995.00,1,0,d5300e5d-76b5-43fb-a61c-dfc6d19c6596,Keep
00003160,2399,163995.00,1,0,d5300e5d-76b5-43fb-a61c-dfc6d19c6596,Keep
00003161,60,8695,1,0,ee4ed444-c78a-4d16-8c30-0021a243dcae,Keep
00003162,60,8695,1,0,ee4ed444-c78a-4d16-8c30-0021a243dcae,Keep
00003163,60,8695,1,0,ee4ed444-c78a-4d16-8c30-0021a243dcae,Keep
00003164,60,8695,1,0,ee4ed444-c78a-4d16-8c30-0021a243dcae,Keep
00003165,60,8695,1,0,ee4ed444-c78a-4d16-8c30-0021a243dcae,Keep
00003166,100,9595,0,0,ee4ed444-c78a-4d16-8c30-0021a243dcae,Keep
00003167,100,9595,0,0,ee4ed444-c78a-4d16-8c30-0021a243dcae,Keep
00003168,100,9595,0,0,ee4ed444-c78a-4d16-8c30-0021a243dcae,Keep
00003169,100,9595,0,0,ee4ed444-c78a-4d16-8c30-0021a243dcae,Keep
00003170,102,8695,1,0,ee4ed444-c78a-4d16-8c30-0021a243dcae,Keep
00003171,102,8695,1,0,ee4ed444-c78a-4d16-8c30-0021a243dcae,Keep
00003172,102,8695,1,0,ee4ed444-c78a-4d16-8c30-0021a243dcae,Keep
00003173,102,8695,1,0,ee4ed444-c78a-4d16-8c30-0021a243dcae,Keep
00003174,102,8695,1,0,ee4ed444-c78a-4d16-8c30-0021a243dcae,Keep
00003175,102-02,8695,1,0,ee4ed444-c78a-4d16-8c30-0021a243dcae,Keep
00003176,102-02,8695,1,0,ee4ed444-c78a-4d16-8c30-0021a243dcae,Keep
00003177,102-02,8695,1,0,ee4ed444-c78a-4d16-8c30-0021a243dcae,Keep
00003178,102-02,8695,1,0,ee4ed444-c78a-4d16-8c30-0021a243dcae,Keep
00003179,102-02,8695,1,0,ee4ed444-c78a-4d16-8c30-0021a243dcae,Keep
00003180,106,14295,1,0,ee4ed444-c78a-4d16-8c30-0021a243dcae,Keep
00003181,106,14295,1,1,ee4ed444-c78a-4d16-8c30-0021a243dcae,Keep
00003182,106,14295,1,1,ee4ed444-c78a-4d16-8c30-0021a243dcae,Keep
00003183,106,14295,1,0,ee4ed444-c78a-4d16-8c30-0021a243dcae,Keep
00003184,106-02,14295,1,0,ee4ed444-c78a-4d16-8c30-0021a243dcae,Keep
00003185,106-02,14295,1,1,ee4ed444-c78a-4d16-8c30-0021a243dcae,Keep
00003186,106-02,14295,1,1,ee4ed444-c78a-4d16-8c30-0021a243dcae,Keep
00003187,106-02,14295,1,1,ee4ed444-c78a-4d16-8c30-0021a243dcae,Keep
00003188,109,9695,1,0,ee4ed444-c78a-4d16-8c30-0021a243dcae,Keep
00003189,109,9695,1,0,ee4ed444-c78a-4d16-8c30-0021a243dcae,Keep
00003190,109,9695,1,0,ee4ed444-c78a-4d16-8c30-0021a243dcae,Keep
00003191,109,9695,1,0,ee4ed444-c78a-4d16-8c30-0021a243dcae,Keep
00003192,109,9695,1,0,ee4ed444-c78a-4d16-8c30-0021a243dcae,Keep
00003193,109-02,9695,0,1,ee4ed444-c78a-4d16-8c30-0021a243dcae,Keep
00003194,109-02,9695,0,0,ee4ed444-c78a-4d16-8c30-0021a243dcae,Keep
00003195,109-02,9695,0,1,ee4ed444-c78a-4d16-8c30-0021a243dcae,Keep
00003196,109-02,9695,0,1,ee4ed444-c78a-4d16-8c30-0021a243dcae,Keep
00003197,109-02,9695,0,0,ee4ed444-c78a-4d16-8c30-0021a243dcae,Keep
00003198,109-03,9695,1,0,ee4ed444-c78a-4d16-8c30-0021a243dcae,Keep
00003199,109-03,9695,1,0,ee4ed444-c78a-4d16-8c30-0021a243dcae,Keep
00003200,109-03,9695,1,0,ee4ed444-c78a-4d16-8c30-0021a243dcae,Keep
00003201,109-03,9695,1,0,ee4ed444-c78a-4d16-8c30-0021a243dcae,Keep
00003202,109-03,9695,1,0,ee4ed444-c78a-4d16-8c30-0021a243dcae,Keep
00003203,109-04,9695,1,0,ee4ed444-c78a-4d16-8c30-0021a243dcae,Keep
00003204,109-04,9695,1,0,ee4ed444-c78a-4d16-8c30-0021a243dcae,Keep
00003205,109-04,9695,1,0,ee4ed444-c78a-4d16-8c30-0021a243dcae,Keep
00003206,109-04,9695,1,0,ee4ed444-c78a-4d16-8c30-0021a243dcae,Keep
00003207,109-04,9695,1,0,ee4ed444-c78a-4d16-8c30-0021a243dcae,Keep
00003208,110,14995,1,1,ee4ed444-c78a-4d16-8c30-0021a243dcae,Keep
00003209,110,14995,1,0,ee4ed444-c78a-4d16-8c30-0021a243dcae,Keep
00003210,110,14995,1,1,ee4ed444-c78a-4d16-8c30-0021a243dcae,Keep
00003211,110,14995,1,1,ee4ed444-c78a-4d16-8c30-0021a243dcae,Keep
00003212,110-02,14995,1,0,ee4ed444-c78a-4d16-8c30-0021a243dcae,Keep
00003213,110-02,14995,1,1,ee4ed444-c78a-4d16-8c30-0021a243dcae,Keep
00003214,110-02,14995,1,0,ee4ed444-c78a-4d16-8c30-0021a243dcae,Keep
00003215,110-02,14995,1,1,ee4ed444-c78a-4d16-8c30-0021a243dcae,Keep
00003216,110-03,14995,0,0,ee4ed444-c78a-4d16-8c30-0021a243dcae,Keep
00003217,110-03,14995,0,0,ee4ed444-c78a-4d16-8c30-0021a243dcae,Keep
00003218,110-03,14995,0,0,ee4ed444-c78a-4d16-8c30-0021a243dcae,Keep
00003219,110-03,14995,0,0,ee4ed444-c78a-4d16-8c30-0021a243dcae,Keep
00003220,110-03,14995,0,0,ee4ed444-c78a-4d16-8c30-0021a243dcae,Keep
00003221,111,15595,0,0,ee4ed444-c78a-4d16-8c30-0021a243dcae,Keep
00003222,111,15595,0,0,ee4ed444-c78a-4d16-8c30-0021a243dcae,Keep
00003223,111,15595,0,0,ee4ed444-c78a-4d16-8c30-0021a243dcae,Keep
00003224,111,15595,0,0,ee4ed444-c78a-4d16-8c30-0021a243dcae,Keep
00003225,111,15595,0,1,ee4ed444-c78a-4d16-8c30-0021a243dcae,Keep
00003226,111-02,15595,1,0,ee4ed444-c78a-4d16-8c30-0021a243dcae,Keep
00003227,111-02,15595,1,1,ee4ed444-c78a-4d16-8c30-0021a243dcae,Keep
00003228,111-02,15595,1,1,ee4ed444-c78a-4d16-8c30-0021a243dcae,Keep
00003229,111-02,15595,1,1,ee4ed444-c78a-4d16-8c30-0021a243dcae,Keep
00003230,111-02,15595,1,1,ee4ed444-c78a-4d16-8c30-0021a243dcae,Keep
00003231,114,11395,0,0,ee4ed444-c78a-4d16-8c30-0021a243dcae,Keep
00003232,114,11395,0,0,ee4ed444-c78a-4d16-8c30-0021a243dcae,Keep
00003233,114,11395,0,0,ee4ed444-c78a-4d16-8c30-0021a243dcae,Keep
00003234,114,11395,0,0,ee4ed444-c78a-4d16-8c30-0021a243dcae,Keep
00003235,114,11395,0,0,ee4ed444-c78a-4d16-8c30-0021a243dcae,Keep
00003236,114-02,11395,1,1,ee4ed444-c78a-4d16-8c30-0021a243dcae,Keep
00003237,114-02,11395,1,0,ee4ed444-c78a-4d16-8c30-0021a243dcae,Keep
00003238,114-02,11395,1,0,ee4ed444-c78a-4d16-8c30-0021a243dcae,Keep
00003239,114-02,11395,1,0,ee4ed444-c78a-4d16-8c30-0021a243dcae,Keep
00003240,114-02,11395,1,0,ee4ed444-c78a-4d16-8c30-0021a243dcae,Keep
00003241,116,21295,1,1,ee4ed444-c78a-4d16-8c30-0021a243dcae,Keep
00003242,116,21295,1,0,ee4ed444-c78a-4d16-8c30-0021a243dcae,Keep
00003243,102,11795,1,1,ee4ed444-c78a-4d16-8c30-0021a243dcae,Keep
00003244,102-02,11795,1,0,ee4ed444-c78a-4d16-8c30-0021a243dcae,Keep
00003245,109,12695,1,1,ee4ed444-c78a-4d16-8c30-0021a243dcae,Keep
00003246,109-02,12695,1,0,ee4ed444-c78a-4d16-8c30-0021a243dcae,Keep
00003247,109-03,12695,1,0,ee4ed444-c78a-4d16-8c30-0021a243dcae,Keep
00003248,109-04,12695,1,0,ee4ed444-c78a-4d16-8c30-0021a243dcae,Keep
00003249,110,17995,1,1,ee4ed444-c78a-4d16-8c30-0021a243dcae,Keep
00003250,111,18595,1,1,ee4ed444-c78a-4d16-8c30-0021a243dcae,Keep
00003251,114,14395,1,0,ee4ed444-c78a-4d16-8c30-0021a243dcae,Keep
00003252,114-02,14395,1,0,ee4ed444-c78a-4d16-8c30-0021a243dcae,Keep
00003253,SM-894,5295.00,1,1,39efd72b-7883-4c1d-91fa-aead56ecb324,Keep
00003254,SM-894,5295.00,1,1,39efd72b-7883-4c1d-91fa-aead56ecb324,Keep
00003255,SM-894,5295.00,1,1,39efd72b-7883-4c1d-91fa-aead56ecb324,Keep
00003256,SM-147,5295.00,1,1,39efd72b-7883-4c1d-91fa-aead56ecb324,Keep
00003257,SM-147,5295.00,1,1,39efd72b-7883-4c1d-91fa-aead56ecb324,Keep
00003258,SM-147,5295.00,1,0,39efd72b-7883-4c1d-91fa-aead56ecb324,Keep
00003259,ME-6007,5395.00,1,1,39efd72b-7883-4c1d-91fa-aead56ecb324,Keep
00003260,ME-6007,5395.00,1,1,39efd72b-7883-4c1d-91fa-aead56ecb324,Keep
00003261,ME-6007,5395.00,1,1,39efd72b-7883-4c1d-91fa-aead56ecb324,Keep
00003262,GF-138,7195.00,1,1,39efd72b-7883-4c1d-91fa-aead56ecb324,Keep
00003263,GF-138,7195.00,1,1,39efd72b-7883-4c1d-91fa-aead56ecb324,Keep
00003264,GF-138,7195.00,1,1,39efd72b-7883-4c1d-91fa-aead56ecb324,Keep
00003265,B1,26995,1,0,dcb1650a-66df-489c-988b-51425fb1fcc3,Keep
00003266,B2,28995,1,1,dcb1650a-66df-489c-988b-51425fb1fcc3,Keep
00003267,B2,28995,1,1,dcb1650a-66df-489c-988b-51425fb1fcc3,Keep
00003268,B2,28995,1,1,dcb1650a-66df-489c-988b-51425fb1fcc3,Keep
00003269,B2,28995,1,1,dcb1650a-66df-489c-988b-51425fb1fcc3,Keep
00003270,B2,28995,1,1,dcb1650a-66df-489c-988b-51425fb1fcc3,Keep
00003271,B2,28995,1,0,dcb1650a-66df-489c-988b-51425fb1fcc3,Keep
00003272,B2,28995,1,0,dcb1650a-66df-489c-988b-51425fb1fcc3,Keep
00003273,B2,28995,1,1,dcb1650a-66df-489c-988b-51425fb1fcc3,Keep
00003274,B2,28995,1,0,dcb1650a-66df-489c-988b-51425fb1fcc3,Keep
00003275,B2,28995,1,1,dcb1650a-66df-489c-988b-51425fb1fcc3,Keep
00003276,B2,28995,1,0,dcb1650a-66df-489c-988b-51425fb1fcc3,Keep
00003277,B2,28995,1,1,dcb1650a-66df-489c-988b-51425fb1fcc3,Keep
00003278,B2,28995,1,1,dcb1650a-66df-489c-988b-51425fb1fcc3,Keep
00003279,B2,28995,1,0,dcb1650a-66df-489c-988b-51425fb1fcc3,Keep
00003280,B2,28995,1,1,dcb1650a-66df-489c-988b-51425fb1fcc3,Keep
00003281,B2,28995,1,0,dcb1650a-66df-489c-988b-51425fb1fcc3,Keep
00003282,B2,28995,1,0,dcb1650a-66df-489c-988b-51425fb1fcc3,Keep
00003283,B2,28995,1,0,dcb1650a-66df-489c-988b-51425fb1fcc3,Keep
00003284,B2,28995,1,0,dcb1650a-66df-489c-988b-51425fb1fcc3,Keep
00003285,B3,32295,1,1,dcb1650a-66df-489c-988b-51425fb1fcc3,Keep
00003286,S 2895,5895.00,1,0,ba4077cc-75dc-4f9f-9702-cebd5d01c046,Keep
00003287,S 2895,5895.00,1,1,ba4077cc-75dc-4f9f-9702-cebd5d01c046,Keep
00003288,S 2895,5895.00,1,1,ba4077cc-75dc-4f9f-9702-cebd5d01c046,Keep
00003289,S 2571,7895.00,1,1,ba4077cc-75dc-4f9f-9702-cebd5d01c046,Keep
00003290,S 2571,7895.00,1,1,ba4077cc-75dc-4f9f-9702-cebd5d01c046,Keep
00003291,S 2504,10495.00,1,1,ba4077cc-75dc-4f9f-9702-cebd5d01c046,Keep
00003292,S 2504,10495.00,1,1,ba4077cc-75dc-4f9f-9702-cebd5d01c046,Keep
00003293,S 2504,10495.00,1,0,ba4077cc-75dc-4f9f-9702-cebd5d01c046,Keep
00003294,SF-1234,11695,1,0,2c1d2bae-504f-4195-80b1-3943ffc5f087,Keep
00003295,SF-1234,11695,1,0,2c1d2bae-504f-4195-80b1-3943ffc5f087,Keep
00003296,SF1870,15695,1,0,2c1d2bae-504f-4195-80b1-3943ffc5f087,Keep
00003297,SF-1870,15695,1,1,2c1d2bae-504f-4195-80b1-3943ffc5f087,Keep
00003298,SF-1870,15695,1,1,2c1d2bae-504f-4195-80b1-3943ffc5f087,Keep
00003299,SF-1875,19695,1,0,2c1d2bae-504f-4195-80b1-3943ffc5f087,Keep
00003300,SF-1875,19695,1,0,2c1d2bae-504f-4195-80b1-3943ffc5f087,Keep
00003301,SF-1730,12995,1,0,2c1d2bae-504f-4195-80b1-3943ffc5f087,Keep
00003302,SF-1842,14995,1,0,2c1d2bae-504f-4195-80b1-3943ffc5f087,Keep
00003303,SF-1842,14995,1,1,2c1d2bae-504f-4195-80b1-3943ffc5f087,Keep
00003304,SF-1842,14995,1,1,2c1d2bae-504f-4195-80b1-3943ffc5f087,Keep
00003305,1/5,26895,3,3,3113fa3f-a9ba-4f1c-9035-b6d38dc2ceb4,Keep
00003306,1/5,26895,2,2,3113fa3f-a9ba-4f1c-9035-b6d38dc2ceb4,Keep
00003307,2/3,23295,3,1,3113fa3f-a9ba-4f1c-9035-b6d38dc2ceb4,Keep
00003308,3/2,44595,2,1,3113fa3f-a9ba-4f1c-9035-b6d38dc2ceb4,Keep
00003309,4/3,60495,3,2,3113fa3f-a9ba-4f1c-9035-b6d38dc2ceb4,Keep
00003310,5/2,26895.00,0,0,3113fa3f-a9ba-4f1c-9035-b6d38dc2ceb4,Keep
00003311,5/2,26895,2,2,3113fa3f-a9ba-4f1c-9035-b6d38dc2ceb4,Keep
00003312,6/4,21595,4,2,3113fa3f-a9ba-4f1c-9035-b6d38dc2ceb4,Keep
00003313,7/4,30495,2,1,3113fa3f-a9ba-4f1c-9035-b6d38dc2ceb4,Keep
00003314,7/4,30495,1,1,3113fa3f-a9ba-4f1c-9035-b6d38dc2ceb4,Keep
00003315,7/4,30495,0,0,3113fa3f-a9ba-4f1c-9035-b6d38dc2ceb4,Keep
00003316,1,41095,1,1,a76bc579-3d61-47e7-83c2-baec067a99d5,Keep
00003317,S 2385,8795.00,1,1,ba4077cc-75dc-4f9f-9702-cebd5d01c046,Keep
00003318,S 2817,12495.00,1,1,ba4077cc-75dc-4f9f-9702-cebd5d01c046,Keep
00003319,S 2817,12495.00,1,1,ba4077cc-75dc-4f9f-9702-cebd5d01c046,Keep
00003320,S 2630,10995.00,1,1,ba4077cc-75dc-4f9f-9702-cebd5d01c046,Keep
00003321,S 2630,10995.00,1,1,ba4077cc-75dc-4f9f-9702-cebd5d01c046,Keep
00003322,S 2630,10995.00,1,1,ba4077cc-75dc-4f9f-9702-cebd5d01c046,Keep
00003323,S 2818,6095.00,1,1,ba4077cc-75dc-4f9f-9702-cebd5d01c046,Keep
00003324,S 2818,6095.00,1,1,ba4077cc-75dc-4f9f-9702-cebd5d01c046,Keep
00003325,S 2818,6095.00,1,1,ba4077cc-75dc-4f9f-9702-cebd5d01c046,Keep
00003326,S 2196,14495.00,2,2,ba4077cc-75dc-4f9f-9702-cebd5d01c046,Keep
00003327,S 2693,14695.00,1,1,ba4077cc-75dc-4f9f-9702-cebd5d01c046,Keep
00003328,S 2693,14695.00,1,1,ba4077cc-75dc-4f9f-9702-cebd5d01c046,Keep
00003329,S 2780,18995.00,1,1,ba4077cc-75dc-4f9f-9702-cebd5d01c046,Keep
00003330,S 2780,18995.00,1,1,ba4077cc-75dc-4f9f-9702-cebd5d01c046,Keep
00003331,S 2543,8795,0,0,ba4077cc-75dc-4f9f-9702-cebd5d01c046,Keep
00003332,S-3089,5995.00,2,2,926c1e43-081f-4530-a0af-2088346e958c,Keep
00003333,S-3089,6295.00,1,1,926c1e43-081f-4530-a0af-2088346e958c,Keep
00003334,S-3441,8495.00,2,0,926c1e43-081f-4530-a0af-2088346e958c,Keep
00003335,S-3441,8695.00,1,1,926c1e43-081f-4530-a0af-2088346e958c,Keep
00003336,V-1095,7995.00,2,1,926c1e43-081f-4530-a0af-2088346e958c,Keep
00003337,V-F1095,8295,0,0,926c1e43-081f-4530-a0af-2088346e958c,Keep
00003338,V-1109,6295,2,2,926c1e43-081f-4530-a0af-2088346e958c,Keep
00003339,V-1109,5995.00,2,1,926c1e43-081f-4530-a0af-2088346e958c,Keep
00003340,V-1109,6295.00,1,1,926c1e43-081f-4530-a0af-2088346e958c,Keep
00003341,V-11099,6295,0,0,926c1e43-081f-4530-a0af-2088346e958c,Keep
00003342,V-1109,6295.00,1,1,926c1e43-081f-4530-a0af-2088346e958c,Keep
00003343,V-1095,8295.00,1,1,926c1e43-081f-4530-a0af-2088346e958c,Keep
00003344,A2338,12595.00,1,1,16342486-3254-4dad-9e04-d4d5dd79b5ed,Keep
00003345,A2338,12595.00,1,0,16342486-3254-4dad-9e04-d4d5dd79b5ed,Keep
00003346,A1360,17095.00,1,1,16342486-3254-4dad-9e04-d4d5dd79b5ed,Keep
00003347,A1360,17095.00,1,1,16342486-3254-4dad-9e04-d4d5dd79b5ed,Keep
00003348,403-99,13795.00,1,0,16342486-3254-4dad-9e04-d4d5dd79b5ed,Keep
00003349,A2122,10995.00,1,0,16342486-3254-4dad-9e04-d4d5dd79b5ed,Keep
00003350,A2414,9095.00,1,0,16342486-3254-4dad-9e04-d4d5dd79b5ed,Keep
00003351,A2418,14195.00,1,0,16342486-3254-4dad-9e04-d4d5dd79b5ed,Keep
00003352,A2127,7695.00,1,0,16342486-3254-4dad-9e04-d4d5dd79b5ed,Keep
00003353,A2127,7695.00,1,1,16342486-3254-4dad-9e04-d4d5dd79b5ed,Keep
00003354,403-77,14495.00,1,1,16342486-3254-4dad-9e04-d4d5dd79b5ed,Keep
00003355,A2430,15495.00,1,1,16342486-3254-4dad-9e04-d4d5dd79b5ed,Keep
00003356,403-101,10495.00,1,0,16342486-3254-4dad-9e04-d4d5dd79b5ed,Keep
00003357,S 2453,8795,2,2,ba4077cc-75dc-4f9f-9702-cebd5d01c046,Keep
00003358,A7820,5395.00,1,1,b75f1e29-d521-4afc-968f-a5c8ff6a0af6,Keep
00003359,A7820,5395,1,1,b75f1e29-d521-4afc-968f-a5c8ff6a0af6,Keep
00003360,A7820,5395.00,1,1,b75f1e29-d521-4afc-968f-a5c8ff6a0af6,Keep
00003361,A7820,5395.00,1,1,b75f1e29-d521-4afc-968f-a5c8ff6a0af6,Keep
00003362,A7820,5395.00,1,1,b75f1e29-d521-4afc-968f-a5c8ff6a0af6,Keep
00003363,A7820,5395.00,1,1,b75f1e29-d521-4afc-968f-a5c8ff6a0af6,Keep
00003364,A7820,5395,1,1,b75f1e29-d521-4afc-968f-a5c8ff6a0af6,Keep
00003365,KP-174,6995,1,0,f8136bd0-b0aa-4a50-a95f-0ab7c4474366,Keep
00003366,KP-174,6995,1,0,f8136bd0-b0aa-4a50-a95f-0ab7c4474366,Keep
00003367,KP-174,6995,1,0,f8136bd0-b0aa-4a50-a95f-0ab7c4474366,Keep
00003368,MNM-237,11995,1,0,f8136bd0-b0aa-4a50-a95f-0ab7c4474366,Keep
00003369,MNM-237,11995,1,0,f8136bd0-b0aa-4a50-a95f-0ab7c4474366,Keep
00003370,MNM-237,11995,1,0,f8136bd0-b0aa-4a50-a95f-0ab7c4474366,Keep
00003371,KP-273,15695,1,0,f8136bd0-b0aa-4a50-a95f-0ab7c4474366,Keep
00003372,KP-273,15695,1,0,f8136bd0-b0aa-4a50-a95f-0ab7c4474366,Keep
00003373,KP-273,15695,1,0,f8136bd0-b0aa-4a50-a95f-0ab7c4474366,Keep
00003374,KP-206,7995,1,0,f8136bd0-b0aa-4a50-a95f-0ab7c4474366,Keep
00003375,KP-206,7995,1,0,f8136bd0-b0aa-4a50-a95f-0ab7c4474366,Keep
00003376,KP-206,7995,1,0,f8136bd0-b0aa-4a50-a95f-0ab7c4474366,Keep
00003377,KP-402,4495,1,0,f8136bd0-b0aa-4a50-a95f-0ab7c4474366,Keep
00003378,KP-402,4495,1,0,f8136bd0-b0aa-4a50-a95f-0ab7c4474366,Keep
00003379,KP-402,4495,1,0,f8136bd0-b0aa-4a50-a95f-0ab7c4474366,Keep
00003380,51284,33295.00,1,1,acfede6b-a136-4b46-a8c8-fadf71d7a382,Keep
00003381,52563,33295.00,1,0,acfede6b-a136-4b46-a8c8-fadf71d7a382,Keep
00003382,44938,15295.00,1,1,acfede6b-a136-4b46-a8c8-fadf71d7a382,Keep
00003383,51555,15295.00,1,1,acfede6b-a136-4b46-a8c8-fadf71d7a382,Keep
00003384,50971,27895.00,1,1,acfede6b-a136-4b46-a8c8-fadf71d7a382,Keep
00003385,52183,26095.00,1,1,acfede6b-a136-4b46-a8c8-fadf71d7a382,Keep
00003386,50685,38995.00,1,1,acfede6b-a136-4b46-a8c8-fadf71d7a382,Keep
00003387,51232,38695.00,1,1,acfede6b-a136-4b46-a8c8-fadf71d7a382,Keep
00003388,51923,8995.00,1,1,acfede6b-a136-4b46-a8c8-fadf71d7a382,Keep
00003389,51925,8995.00,1,1,acfede6b-a136-4b46-a8c8-fadf71d7a382,Keep
00003390,51933,8995.00,1,1,acfede6b-a136-4b46-a8c8-fadf71d7a382,Keep
00003391,51830,8795.00,1,1,acfede6b-a136-4b46-a8c8-fadf71d7a382,Keep
00003392,51831,8795.00,1,1,acfede6b-a136-4b46-a8c8-fadf71d7a382,Keep
00003393,2911,6095.00,1,1,acfede6b-a136-4b46-a8c8-fadf71d7a382,Keep
00003394,29114,6095.00,1,1,acfede6b-a136-4b46-a8c8-fadf71d7a382,Keep
00003395,49870,6095.00,1,1,acfede6b-a136-4b46-a8c8-fadf71d7a382,Keep
00003396,49874,6095.00,1,1,acfede6b-a136-4b46-a8c8-fadf71d7a382,Keep
00003397,49890,6095.00,1,1,acfede6b-a136-4b46-a8c8-fadf71d7a382,Keep
00003398,49925,6095.00,1,1,acfede6b-a136-4b46-a8c8-fadf71d7a382,Keep
00003399,49926,6095.00,1,1,acfede6b-a136-4b46-a8c8-fadf71d7a382,Keep
00003400,49927,6095.00,1,1,acfede6b-a136-4b46-a8c8-fadf71d7a382,Keep
00003401,29067,4595.00,1,1,acfede6b-a136-4b46-a8c8-fadf71d7a382,Keep
00003402,29092,4595.00,1,1,acfede6b-a136-4b46-a8c8-fadf71d7a382,Keep
00003403,50540,4266.80,1,1,acfede6b-a136-4b46-a8c8-fadf71d7a382,Keep
00003404,50541,4295.00,1,1,acfede6b-a136-4b46-a8c8-fadf71d7a382,Keep
00003405,50545,4295.00,1,1,acfede6b-a136-4b46-a8c8-fadf71d7a382,Keep
00003406,50547,4295.00,1,1,acfede6b-a136-4b46-a8c8-fadf71d7a382,Keep
00003407,50053,18895.00,1,0,acfede6b-a136-4b46-a8c8-fadf71d7a382,Keep
00003408,20380,5195.00,1,1,acfede6b-a136-4b46-a8c8-fadf71d7a382,Keep
00003409,48932,5195.00,1,1,acfede6b-a136-4b46-a8c8-fadf71d7a382,Keep
00003410,48935,5195.00,1,1,acfede6b-a136-4b46-a8c8-fadf71d7a382,Keep
00003411,49023,5195.00,1,1,acfede6b-a136-4b46-a8c8-fadf71d7a382,Keep
00003412,52334,5195.00,1,1,acfede6b-a136-4b46-a8c8-fadf71d7a382,Keep
00003413,52335,5195.00,1,1,acfede6b-a136-4b46-a8c8-fadf71d7a382,Keep
00003414,52336,5195.00,1,1,acfede6b-a136-4b46-a8c8-fadf71d7a382,Keep
00003415,52337,5195.00,1,1,acfede6b-a136-4b46-a8c8-fadf71d7a382,Keep
00003416,52338,5095.00,1,1,acfede6b-a136-4b46-a8c8-fadf71d7a382,Keep
00003417,52339,5095.00,1,1,acfede6b-a136-4b46-a8c8-fadf71d7a382,Keep
00003418,52340,5095.00,1,1,acfede6b-a136-4b46-a8c8-fadf71d7a382,Keep
00003419,52341,5095.00,1,1,acfede6b-a136-4b46-a8c8-fadf71d7a382,Keep
00003420,52342,5094.99,1,1,acfede6b-a136-4b46-a8c8-fadf71d7a382,Keep
00003421,52343,5095.00,1,0,acfede6b-a136-4b46-a8c8-fadf71d7a382,Keep
00003422,52344,5095.00,1,1,acfede6b-a136-4b46-a8c8-fadf71d7a382,Keep
00003423,52345,5095.00,1,1,acfede6b-a136-4b46-a8c8-fadf71d7a382,Keep
00003424,52346,5095.00,1,1,acfede6b-a136-4b46-a8c8-fadf71d7a382,Keep
00003425,52347,5095.00,1,1,acfede6b-a136-4b46-a8c8-fadf71d7a382,Keep
00003426,52348,5095.00,1,1,acfede6b-a136-4b46-a8c8-fadf71d7a382,Keep
00003427,52349,5095.00,1,1,acfede6b-a136-4b46-a8c8-fadf71d7a382,Keep
00003428,V1935S,23195.00,1,1,e5a3b7e7-0296-43c5-93f1-e764f11f2180,Keep
00003429,V2849SH,28095.00,1,1,e5a3b7e7-0296-43c5-93f1-e764f11f2180,Keep
00003430,V2853SH,28095.00,1,1,e5a3b7e7-0296-43c5-93f1-e764f11f2180,Keep
00003431,KP380,4795.00,1,0,d0c28bc0-c4fc-448f-a7c6-1945caa24ebe,Keep
00003432,KP380,4795.00,1,0,d0c28bc0-c4fc-448f-a7c6-1945caa24ebe,Keep
00003433,KP380,4795.00,1,0,d0c28bc0-c4fc-448f-a7c6-1945caa24ebe,Keep
00003434,KP321,6395.00,1,0,d0c28bc0-c4fc-448f-a7c6-1945caa24ebe,Keep
00003435,KP321,6395.00,1,0,d0c28bc0-c4fc-448f-a7c6-1945caa24ebe,Keep
00003436,KP321,6395.00,1,0,d0c28bc0-c4fc-448f-a7c6-1945caa24ebe,Keep
00003437,KP327,5595.00,1,0,d0c28bc0-c4fc-448f-a7c6-1945caa24ebe,Keep
00003438,KP327,5595.00,1,0,d0c28bc0-c4fc-448f-a7c6-1945caa24ebe,Keep
00003439,KP327,5595.00,1,0,d0c28bc0-c4fc-448f-a7c6-1945caa24ebe,Keep
00003440,MNM162,11995.00,1,1,d0c28bc0-c4fc-448f-a7c6-1945caa24ebe,Keep
00003441,MNM162,11995.00,1,1,d0c28bc0-c4fc-448f-a7c6-1945caa24ebe,Keep
00003442,MNM162,11995.00,1,1,d0c28bc0-c4fc-448f-a7c6-1945caa24ebe,Keep
00003443,MNM130,11795.00,1,1,d0c28bc0-c4fc-448f-a7c6-1945caa24ebe,Keep
00003444,MNM130,11795.00,1,1,d0c28bc0-c4fc-448f-a7c6-1945caa24ebe,Keep
00003445,MNM130,11795.00,1,1,d0c28bc0-c4fc-448f-a7c6-1945caa24ebe,Keep
00003446,KP3607,8895.00,1,1,d0c28bc0-c4fc-448f-a7c6-1945caa24ebe,Keep
00003447,KP3607,8895.00,1,1,d0c28bc0-c4fc-448f-a7c6-1945caa24ebe,Keep
00003448,KP3607,8895.00,1,1,d0c28bc0-c4fc-448f-a7c6-1945caa24ebe,Keep
00003449,KP272,10095.00,1,1,d0c28bc0-c4fc-448f-a7c6-1945caa24ebe,Keep
00003450,KP272,10095.00,1,1,d0c28bc0-c4fc-448f-a7c6-1945caa24ebe,Keep
00003451,KP272,10095.00,1,0,d0c28bc0-c4fc-448f-a7c6-1945caa24ebe,Keep
00003452,KS138,17995.00,1,1,d0c28bc0-c4fc-448f-a7c6-1945caa24ebe,Keep
00003453,KS138,17995.00,1,0,d0c28bc0-c4fc-448f-a7c6-1945caa24ebe,Keep
00003454,KS138,17995.00,1,1,d0c28bc0-c4fc-448f-a7c6-1945caa24ebe,Keep
00003455,MNM111,10995.00,1,0,d0c28bc0-c4fc-448f-a7c6-1945caa24ebe,Keep
00003456,MNM111,10995.00,1,0,d0c28bc0-c4fc-448f-a7c6-1945caa24ebe,Keep
00003457,MNM111,10995.00,1,0,d0c28bc0-c4fc-448f-a7c6-1945caa24ebe,Keep
00003458,SKD119,19895.00,1,1,d0c28bc0-c4fc-448f-a7c6-1945caa24ebe,Keep
00003459,SKD119,19895.00,1,1,d0c28bc0-c4fc-448f-a7c6-1945caa24ebe,Keep
00003460,SKD119,19895.00,1,1,d0c28bc0-c4fc-448f-a7c6-1945caa24ebe,Keep
00003461,KP3602,7995.00,1,0,d0c28bc0-c4fc-448f-a7c6-1945caa24ebe,Keep
00003462,KP3602,7995.00,1,1,d0c28bc0-c4fc-448f-a7c6-1945caa24ebe,Keep
00003463,KP3602,7995.00,1,0,d0c28bc0-c4fc-448f-a7c6-1945caa24ebe,Keep
00003464,AA-1294 F,15795.00,1,0,ff23031d-c5e8-4933-aed6-af8df3d79461,Keep
00003465,AA-1294 F,15795.00,1,0,ff23031d-c5e8-4933-aed6-af8df3d79461,Keep
00003466,2416,181995,1,0,87fd04fa-93af-4c0a-8e2b-eeaf1877aee5,Keep
00003467,2387,170995,1,0,87fd04fa-93af-4c0a-8e2b-eeaf1877aee5,Keep
00003468,AHR-284,30695.00,1,1,d53d0ebb-af1c-435a-9d4d-90a250165c6e,Keep
00003469,AHR-284,30695.00,1,1,d53d0ebb-af1c-435a-9d4d-90a250165c6e,Keep
00003470,AHR-297,30695.00,1,1,d53d0ebb-af1c-435a-9d4d-90a250165c6e,Keep
00003471,AHR-297,30695.00,1,1,d53d0ebb-af1c-435a-9d4d-90a250165c6e,Keep
00003472,AHR-407,30695.00,1,1,d53d0ebb-af1c-435a-9d4d-90a250165c6e,Keep
00003473,AHR-407,30695.00,1,1,d53d0ebb-af1c-435a-9d4d-90a250165c6e,Keep
00003474,AHR-407,30695.00,1,1,d53d0ebb-af1c-435a-9d4d-90a250165c6e,Keep
00003475,GLR-03,57595.00,1,1,d53d0ebb-af1c-435a-9d4d-90a250165c6e,Keep
00003476,GLR-117,55695.00,1,1,d53d0ebb-af1c-435a-9d4d-90a250165c6e,Keep
00003477,GLR-226,40295.00,1,1,d53d0ebb-af1c-435a-9d4d-90a250165c6e,Keep
00003478,GLR-226,40295.00,1,1,d53d0ebb-af1c-435a-9d4d-90a250165c6e,Keep
00003479,WSS-91,22995.00,1,1,d53d0ebb-af1c-435a-9d4d-90a250165c6e,Keep
00003480,WSS-91,22995.00,1,1,d53d0ebb-af1c-435a-9d4d-90a250165c6e,Keep
00003481,WSS-91,22995.00,1,1,d53d0ebb-af1c-435a-9d4d-90a250165c6e,Keep
00003482,WSS-92,22995.00,1,1,d53d0ebb-af1c-435a-9d4d-90a250165c6e,Keep
00003483,WSS-92,22995.00,1,1,d53d0ebb-af1c-435a-9d4d-90a250165c6e,Keep
00003484,HKD-189,14395.00,1,0,5ba20198-0883-4782-bc1b-1aa35e7d6832,Keep
00003485,HKD-189,14395.00,2,1,5ba20198-0883-4782-bc1b-1aa35e7d6832,Keep
00003486,HKD-235,11895.00,1,0,5ba20198-0883-4782-bc1b-1aa35e7d6832,Keep
00003487,HKD-235,11895.00,1,0,5ba20198-0883-4782-bc1b-1aa35e7d6832,Keep
00003488,HKD-228,12595.00,1,0,5ba20198-0883-4782-bc1b-1aa35e7d6832,Keep
00003489,HKD-228,12595.00,1,1,5ba20198-0883-4782-bc1b-1aa35e7d6832,Keep
00003490,HKD-192,10795.00,1,0,5ba20198-0883-4782-bc1b-1aa35e7d6832,Keep
00003491,HKD-212,16795.00,1,1,5ba20198-0883-4782-bc1b-1aa35e7d6832,Keep
00003492,KRKD-75,8995.00,1,1,5ba20198-0883-4782-bc1b-1aa35e7d6832,Keep
00003493,HKD-218,16795.00,1,1,5ba20198-0883-4782-bc1b-1aa35e7d6832,Keep
00003494,HKD-196,16795.00,1,1,5ba20198-0883-4782-bc1b-1aa35e7d6832,Keep
00003495,HKD-196,16795.00,1,1,5ba20198-0883-4782-bc1b-1aa35e7d6832,Keep
00003496,HKD-245,13195.00,1,1,5ba20198-0883-4782-bc1b-1aa35e7d6832,Keep
00003497,HKD-245,13195.00,1,1,5ba20198-0883-4782-bc1b-1aa35e7d6832,Keep
00003498,HT-40,19795.00,1,1,5ba20198-0883-4782-bc1b-1aa35e7d6832,Keep
00003499,HT-13,19795.00,2,2,5ba20198-0883-4782-bc1b-1aa35e7d6832,Keep
00003500,HT-13,19795.00,2,2,5ba20198-0883-4782-bc1b-1aa35e7d6832,Keep
00003501,HT-13,19795.00,1,1,5ba20198-0883-4782-bc1b-1aa35e7d6832,Keep
00003502,GKDG-142,14395.00,1,1,5ba20198-0883-4782-bc1b-1aa35e7d6832,Keep
00003503,GKDG-144,14395.00,1,1,5ba20198-0883-4782-bc1b-1aa35e7d6832,Keep
00003504,SSU-034-25,4695.00,1,1,c5781180-b9ea-40a1-a017-23c6313d4b2f,Keep
00003505,SSU-034-25,4695,1,1,c5781180-b9ea-40a1-a017-23c6313d4b2f,Keep
00003506,SSU-034-25,4695,1,1,c5781180-b9ea-40a1-a017-23c6313d4b2f,Keep
00003507,SSU-034-25,4695,1,1,c5781180-b9ea-40a1-a017-23c6313d4b2f,Keep
00003508,SSU-034-25,4695,1,1,c5781180-b9ea-40a1-a017-23c6313d4b2f,Keep
00003509,SSU-034-25,4695,1,1,c5781180-b9ea-40a1-a017-23c6313d4b2f,Keep
00003510,SSU-034-25,4694.98,1,1,c5781180-b9ea-40a1-a017-23c6313d4b2f,Keep
00003511,SSU-034-25,4695,1,1,c5781180-b9ea-40a1-a017-23c6313d4b2f,Keep
00003512,SSU-034-25,4695,1,1,c5781180-b9ea-40a1-a017-23c6313d4b2f,Keep
00003513,SSU-034-25,4695,1,1,c5781180-b9ea-40a1-a017-23c6313d4b2f,Keep
00003514,SSU-034-25,4695,1,1,c5781180-b9ea-40a1-a017-23c6313d4b2f,Keep
00003515,SSU-034-25,4695,1,1,c5781180-b9ea-40a1-a017-23c6313d4b2f,Keep
00003516,SSU-034-25,4695,1,1,c5781180-b9ea-40a1-a017-23c6313d4b2f,Keep
00003517,SSU-034-25,4695,1,1,c5781180-b9ea-40a1-a017-23c6313d4b2f,Keep
00003518,SSU-034-25,4695,1,1,c5781180-b9ea-40a1-a017-23c6313d4b2f,Keep
00003519,SSU-034-25,4695,2,2,c5781180-b9ea-40a1-a017-23c6313d4b2f,Keep
00003520,SSU-034-25,4695,1,0,c5781180-b9ea-40a1-a017-23c6313d4b2f,Keep
00003521,SSU-034-25,4695,1,1,c5781180-b9ea-40a1-a017-23c6313d4b2f,Keep
00003522,SSU-034-25,4695,1,1,c5781180-b9ea-40a1-a017-23c6313d4b2f,Keep
00003523,SSU-034-25,4695,1,1,c5781180-b9ea-40a1-a017-23c6313d4b2f,Keep
00003524,SSU-034-25,4695,1,1,c5781180-b9ea-40a1-a017-23c6313d4b2f,Keep
00003525,SSU-034-25,4695,1,1,c5781180-b9ea-40a1-a017-23c6313d4b2f,Keep
00003526,SSU-034-25,4695,1,1,c5781180-b9ea-40a1-a017-23c6313d4b2f,Keep
00003527,SSU-034-25,4695,1,1,c5781180-b9ea-40a1-a017-23c6313d4b2f,Keep
00003528,SSU-034-25,4695,1,0,c5781180-b9ea-40a1-a017-23c6313d4b2f,Keep
00003529,SSU-034-25,4695,1,1,c5781180-b9ea-40a1-a017-23c6313d4b2f,Keep
00003530,SSU-034-25,4695,1,1,c5781180-b9ea-40a1-a017-23c6313d4b2f,Keep
00003531,SSU-034-25,4695,1,1,c5781180-b9ea-40a1-a017-23c6313d4b2f,Keep
00003532,SSU-034-25,4695,1,1,c5781180-b9ea-40a1-a017-23c6313d4b2f,Keep
00003533,SSU-034-25,4695,1,0,c5781180-b9ea-40a1-a017-23c6313d4b2f,Keep
00003534,SSU-034-25,4695,1,1,c5781180-b9ea-40a1-a017-23c6313d4b2f,Keep
00003535,SSU-034-25,4695,1,1,c5781180-b9ea-40a1-a017-23c6313d4b2f,Keep
00003536,SSU-034-25,4695,1,1,c5781180-b9ea-40a1-a017-23c6313d4b2f,Keep
00003537,SSU-034-25,4695,1,1,c5781180-b9ea-40a1-a017-23c6313d4b2f,Keep
00003538,SSU-034-25,4695,1,1,c5781180-b9ea-40a1-a017-23c6313d4b2f,Keep
00003539,SSU-034-25,4695,1,1,c5781180-b9ea-40a1-a017-23c6313d4b2f,Keep
00003540,SSU-034-25,4695,1,1,c5781180-b9ea-40a1-a017-23c6313d4b2f,Keep
00003541,SSU-034-25,4695,1,1,c5781180-b9ea-40a1-a017-23c6313d4b2f,Keep
00003542,SSU-034-25,4695,1,1,c5781180-b9ea-40a1-a017-23c6313d4b2f,Keep
00003543,SSU-034-25,4695,1,1,c5781180-b9ea-40a1-a017-23c6313d4b2f,Keep
00003544,SSU-034-25,4695,1,1,c5781180-b9ea-40a1-a017-23c6313d4b2f,Keep
00003545,SSU-034-25,4695,1,1,c5781180-b9ea-40a1-a017-23c6313d4b2f,Keep
00003546,SSU-034-25,4695,1,0,c5781180-b9ea-40a1-a017-23c6313d4b2f,Keep
00003547,SSU-034-25,4695,1,1,c5781180-b9ea-40a1-a017-23c6313d4b2f,Keep
00003548,SSU-034-25,4695,1,1,c5781180-b9ea-40a1-a017-23c6313d4b2f,Keep
00003549,SSU-034-25,4695,1,0,c5781180-b9ea-40a1-a017-23c6313d4b2f,Keep
00003550,SSU-034-25,4695,1,1,c5781180-b9ea-40a1-a017-23c6313d4b2f,Keep
00003551,SSU-034-25,4694.99,1,1,c5781180-b9ea-40a1-a017-23c6313d4b2f,Keep
00003552,SSU-034-25,4694.98,1,0,c5781180-b9ea-40a1-a017-23c6313d4b2f,Keep
00003553,SSU-034-25,4695,1,1,c5781180-b9ea-40a1-a017-23c6313d4b2f,Keep
00003554,SSU-034-25,4695,1,1,c5781180-b9ea-40a1-a017-23c6313d4b2f,Keep
00003555,SSU-034-25,4695,1,1,c5781180-b9ea-40a1-a017-23c6313d4b2f,Keep
00003556,SSU-034-25,4695,1,1,c5781180-b9ea-40a1-a017-23c6313d4b2f,Keep
00003557,SSU-034-25,4695,1,0,c5781180-b9ea-40a1-a017-23c6313d4b2f,Keep
00003558,SSU-034-25,4695,1,1,c5781180-b9ea-40a1-a017-23c6313d4b2f,Keep
00003559,SSU-034-25,4695,1,1,c5781180-b9ea-40a1-a017-23c6313d4b2f,Keep
00003560,SSU-034-25,4695,1,0,c5781180-b9ea-40a1-a017-23c6313d4b2f,Keep
00003561,MHA-247,32695.00,1,1,015f6fb0-15c0-4f1d-87eb-96da6f4a4b5c,Keep
00003562,MHA-324,28795.00,1,1,015f6fb0-15c0-4f1d-87eb-96da6f4a4b5c,Keep
00003563,MHA-325,26095.00,1,1,015f6fb0-15c0-4f1d-87eb-96da6f4a4b5c,Keep
00003564,MHA-326,27995.00,1,1,015f6fb0-15c0-4f1d-87eb-96da6f4a4b5c,Keep
00003565,MSA-49,32695.00,1,1,015f6fb0-15c0-4f1d-87eb-96da6f4a4b5c,Keep
00003566,IQ-181,38395.00,1,1,015f6fb0-15c0-4f1d-87eb-96da6f4a4b5c,Keep
00003567,IQ-199,40295.00,1,0,015f6fb0-15c0-4f1d-87eb-96da6f4a4b5c,Keep
00003568,IQ-212,44195.00,1,1,015f6fb0-15c0-4f1d-87eb-96da6f4a4b5c,Keep
00003569,IQ-217,36495.00,1,1,015f6fb0-15c0-4f1d-87eb-96da6f4a4b5c,Keep
00003570,IQ-217,36495.00,1,1,015f6fb0-15c0-4f1d-87eb-96da6f4a4b5c,Keep
00003571,IQ-227,42295.00,1,1,015f6fb0-15c0-4f1d-87eb-96da6f4a4b5c,Keep
00003572,KSS-301,36495.00,1,1,015f6fb0-15c0-4f1d-87eb-96da6f4a4b5c,Keep
00003573,SNL-64,32695.00,1,1,015f6fb0-15c0-4f1d-87eb-96da6f4a4b5c,Keep
00003574,GH-315,16195.00,2,2,a0721fa3-4b23-4809-af74-8c1b0f0d95ff,Keep
00003575,RR-316,10995.00,2,2,a0721fa3-4b23-4809-af74-8c1b0f0d95ff,Keep
00003576,CS-317,9295.00,2,1,a0721fa3-4b23-4809-af74-8c1b0f0d95ff,Keep
00003577,KR-314,11195.00,2,1,a0721fa3-4b23-4809-af74-8c1b0f0d95ff,Keep
00003578,13180,4995.00,1,0,a0721fa3-4b23-4809-af74-8c1b0f0d95ff,Keep
00003579,13180,4995.00,1,0,a0721fa3-4b23-4809-af74-8c1b0f0d95ff,Keep
00003580,13179,4995.00,2,0,a0721fa3-4b23-4809-af74-8c1b0f0d95ff,Keep
00003581,13179,4995.00,2,0,a0721fa3-4b23-4809-af74-8c1b0f0d95ff,Keep
00003582,13160,6495,2,1,580c3679-baa0-4d9a-b6dc-1def5f53da25,Keep
00003583,13179,4995,2,0,580c3679-baa0-4d9a-b6dc-1def5f53da25,Keep
00003584,13179,4995.00,2,0,580c3679-baa0-4d9a-b6dc-1def5f53da25,Keep
00003585,AHR410,25995.00,1,1,f7e485ce-a755-440b-87fd-4b42e34a8d99,Keep
00003586,AHR329,25995.00,1,1,f7e485ce-a755-440b-87fd-4b42e34a8d99,Keep
00003587,ANM48,33495.00,1,1,f7e485ce-a755-440b-87fd-4b42e34a8d99,Keep
00003588,ANM62,40995.00,1,1,f7e485ce-a755-440b-87fd-4b42e34a8d99,Keep
00003589,ANM70,35495.00,1,1,f7e485ce-a755-440b-87fd-4b42e34a8d99,Keep
00003590,CP8,4295.00,9,6,0f156a95-65f5-4e0b-9c91-dd20dae4bfa0,Keep
00003591,CP13,3895.00,22,7,0f156a95-65f5-4e0b-9c91-dd20dae4bfa0,Keep
00003592,NYR-17,34595,1,1,e62b1b9f-1809-43a4-9587-95502b17eb31,Keep
00003593,NYR-20,34595,1,1,e62b1b9f-1809-43a4-9587-95502b17eb31,Keep
00003594,NYR-20,34595,1,1,e62b1b9f-1809-43a4-9587-95502b17eb31,Keep
00003595,AHR-394,51895,1,1,e62b1b9f-1809-43a4-9587-95502b17eb31,Keep
00003596,NSM-03,46095,1,1,e62b1b9f-1809-43a4-9587-95502b17eb31,Keep
00003597,NSM-146,32695,1,1,e62b1b9f-1809-43a4-9587-95502b17eb31,Keep
00003598,NSM-167,32695,1,0,e62b1b9f-1809-43a4-9587-95502b17eb31,Keep
00003599,NSM-178,34595,1,1,e62b1b9f-1809-43a4-9587-95502b17eb31,Keep
00003600,NSM-26,34595,1,1,e62b1b9f-1809-43a4-9587-95502b17eb31,Keep
00003601,NSM-26,34595,1,1,e62b1b9f-1809-43a4-9587-95502b17eb31,Keep
00003602,KSS-132,42295,1,1,e62b1b9f-1809-43a4-9587-95502b17eb31,Keep
00003603,KSS-137,32695,1,1,e62b1b9f-1809-43a4-9587-95502b17eb31,Keep
00003604,KSS-165,40295,1,1,e62b1b9f-1809-43a4-9587-95502b17eb31,Keep
00003605,NRSM-02,42295,1,1,e62b1b9f-1809-43a4-9587-95502b17eb31,Keep
00003606,NSM-196,46095,1,1,e62b1b9f-1809-43a4-9587-95502b17eb31,Keep
00003607,DYEG16358,14495.00,1,1,88938452-6b3d-4fe1-8b64-ad27b5c76c59,Keep
00003608,DYEG16358,14495.00,1,1,88938452-6b3d-4fe1-8b64-ad27b5c76c59,Keep
00003609,HAPN16374,15495.00,2,1,88938452-6b3d-4fe1-8b64-ad27b5c76c59,Keep
00003610,DYEG16357,14495.00,1,1,88938452-6b3d-4fe1-8b64-ad27b5c76c59,Keep
00003611,DYEF16357,14495.00,1,1,88938452-6b3d-4fe1-8b64-ad27b5c76c59,Keep
00003612,DYEG16060,22695.00,1,1,88938452-6b3d-4fe1-8b64-ad27b5c76c59,Keep
00003613,DYEG16060,22695.00,1,1,88938452-6b3d-4fe1-8b64-ad27b5c76c59,Keep
00003614,DYEG15534,17995.00,1,1,88938452-6b3d-4fe1-8b64-ad27b5c76c59,Keep
00003615,DYEG15534,17995.00,1,1,88938452-6b3d-4fe1-8b64-ad27b5c76c59,Keep
00003616,DYEG12730,17995.00,1,1,88938452-6b3d-4fe1-8b64-ad27b5c76c59,Keep
00003617,DYEG12730,17995.00,1,1,88938452-6b3d-4fe1-8b64-ad27b5c76c59,Keep
00003618,HAPN16024,19095.00,1,1,88938452-6b3d-4fe1-8b64-ad27b5c76c59,Keep
00003619,DYEG13445,17095.00,1,1,88938452-6b3d-4fe1-8b64-ad27b5c76c59,Keep
00003620,DYEG13771,17095.00,1,1,88938452-6b3d-4fe1-8b64-ad27b5c76c59,Keep
00003621,DYEG15890,23495.00,1,1,88938452-6b3d-4fe1-8b64-ad27b5c76c59,Keep
00003622,Z1,15495.00,2,2,99678595-072c-4eca-a912-ce6852335ce1,Keep
00003623,Z2,24495.00,1,1,99678595-072c-4eca-a912-ce6852335ce1,Keep
00003624,Z2,24495.00,1,1,99678595-072c-4eca-a912-ce6852335ce1,Keep
00003625,Z3,18995.00,1,0,99678595-072c-4eca-a912-ce6852335ce1,Keep
00003626,Z3,18995.00,1,1,99678595-072c-4eca-a912-ce6852335ce1,Keep
00003627,Z3,18995.00,1,1,99678595-072c-4eca-a912-ce6852335ce1,Keep
00003628,Z3,18995.00,1,1,99678595-072c-4eca-a912-ce6852335ce1,Keep
00003629,Z3,18995.00,1,1,99678595-072c-4eca-a912-ce6852335ce1,Keep
00003630,Z3,18995.00,1,0,99678595-072c-4eca-a912-ce6852335ce1,Keep
00003631,Z4,18495.00,1,1,99678595-072c-4eca-a912-ce6852335ce1,Keep
00003632,Z4,18495.00,1,1,99678595-072c-4eca-a912-ce6852335ce1,Keep
00003633,Z5,14995.00,1,0,99678595-072c-4eca-a912-ce6852335ce1,Keep
00003634,Z5,14995.00,1,0,99678595-072c-4eca-a912-ce6852335ce1,Keep
00003635,Z5,14995.00,1,0,99678595-072c-4eca-a912-ce6852335ce1,Keep
00003636,Z5,14995.00,1,1,99678595-072c-4eca-a912-ce6852335ce1,Keep
00003637,Z5,14995.00,1,1,99678595-072c-4eca-a912-ce6852335ce1,Keep
00003638,Z5,14995.00,1,1,99678595-072c-4eca-a912-ce6852335ce1,Keep
00003639,Z5,14995.00,1,1,99678595-072c-4eca-a912-ce6852335ce1,Keep
00003640,Z5,14995,1,0,99678595-072c-4eca-a912-ce6852335ce1,Keep
00003641,Z5,14995,1,1,99678595-072c-4eca-a912-ce6852335ce1,Keep
00003642,Z5,14995,1,1,99678595-072c-4eca-a912-ce6852335ce1,Keep
00003643,Z5,14995,1,1,99678595-072c-4eca-a912-ce6852335ce1,Keep
00003644,Z5,14995.00,1,1,99678595-072c-4eca-a912-ce6852335ce1,Keep
00003645,Z5,14995.00,1,1,99678595-072c-4eca-a912-ce6852335ce1,Keep
00003646,Z5,14995.00,1,1,99678595-072c-4eca-a912-ce6852335ce1,Keep
00003647,Z5,14995,1,0,99678595-072c-4eca-a912-ce6852335ce1,Keep
00003648,Z5,14995.00,1,1,99678595-072c-4eca-a912-ce6852335ce1,Keep
00003649,Z6,22694.98,1,1,99678595-072c-4eca-a912-ce6852335ce1,Keep
00003650,Z6,22695,1,1,99678595-072c-4eca-a912-ce6852335ce1,Keep
00003651,Z6,22695.00,1,1,99678595-072c-4eca-a912-ce6852335ce1,Keep
00003652,Z6,22694.98,1,1,99678595-072c-4eca-a912-ce6852335ce1,Keep
00003653,Z6,22695.00,1,0,99678595-072c-4eca-a912-ce6852335ce1,Keep
00003654,Z6,22695.00,1,0,99678595-072c-4eca-a912-ce6852335ce1,Keep
00003655,Z6,22695.00,1,1,99678595-072c-4eca-a912-ce6852335ce1,Keep
00003656,Z6,22695.00,1,1,99678595-072c-4eca-a912-ce6852335ce1,Keep
00003657,Z7,28095.00,1,1,99678595-072c-4eca-a912-ce6852335ce1,Keep
00003658,Z7,28095.00,1,1,99678595-072c-4eca-a912-ce6852335ce1,Keep
00003659,Z7,28095.00,1,1,99678595-072c-4eca-a912-ce6852335ce1,Keep
00003660,Z7,28095.00,1,1,99678595-072c-4eca-a912-ce6852335ce1,Keep
00003661,Z8,29995.00,1,1,99678595-072c-4eca-a912-ce6852335ce1,Keep
00003662,Z8,29995,1,0,99678595-072c-4eca-a912-ce6852335ce1,Keep
00003663,Z8,29995.00,1,1,99678595-072c-4eca-a912-ce6852335ce1,Keep
00003664,Z8,29995.00,1,1,99678595-072c-4eca-a912-ce6852335ce1,Keep
00003665,Z8,29995.00,1,0,99678595-072c-4eca-a912-ce6852335ce1,Keep
00003666,Z9,35995.00,1,1,99678595-072c-4eca-a912-ce6852335ce1,Keep
00003667,Z9,35995.00,1,0,99678595-072c-4eca-a912-ce6852335ce1,Keep
00003668,Z9,35995.00,1,1,99678595-072c-4eca-a912-ce6852335ce1,Keep
00003669,Z10,31695.00,1,1,99678595-072c-4eca-a912-ce6852335ce1,Keep
00003670,Z11,35495.00,1,1,99678595-072c-4eca-a912-ce6852335ce1,Keep
00003671,Z11,35495.00,1,1,99678595-072c-4eca-a912-ce6852335ce1,Keep
00003672,Z11,35495.00,1,1,99678595-072c-4eca-a912-ce6852335ce1,Keep
00003673,Z12,33495.00,1,1,99678595-072c-4eca-a912-ce6852335ce1,Keep
00003674,Z13,44495.00,1,1,99678595-072c-4eca-a912-ce6852335ce1,Keep
00003675,5018,14995.00,1,0,6fb9d80f-1e17-4d98-996a-ae8e1ba4ff47,Keep
00003676,5018,14995.00,1,0,6fb9d80f-1e17-4d98-996a-ae8e1ba4ff47,Keep
00003677,5018,15595.00,1,0,6fb9d80f-1e17-4d98-996a-ae8e1ba4ff47,Keep
00003678,6008,39495.00,1,1,6fb9d80f-1e17-4d98-996a-ae8e1ba4ff47,Keep
00003679,6095,11695.00,1,1,6fb9d80f-1e17-4d98-996a-ae8e1ba4ff47,Keep
00003680,6095,11695.00,1,1,6fb9d80f-1e17-4d98-996a-ae8e1ba4ff47,Keep
00003681,7023,32495.00,1,0,6fb9d80f-1e17-4d98-996a-ae8e1ba4ff47,Keep
00003682,7031,13695.00,1,1,6fb9d80f-1e17-4d98-996a-ae8e1ba4ff47,Keep
00003683,7040,13495.00,1,0,6fb9d80f-1e17-4d98-996a-ae8e1ba4ff47,Keep
00003684,7042,14095.00,1,0,6fb9d80f-1e17-4d98-996a-ae8e1ba4ff47,Keep
00003685,7053,15795.00,1,1,6fb9d80f-1e17-4d98-996a-ae8e1ba4ff47,Keep
00003686,7064,13495.00,1,1,6fb9d80f-1e17-4d98-996a-ae8e1ba4ff47,Keep
00003687,7064,13495.00,1,1,6fb9d80f-1e17-4d98-996a-ae8e1ba4ff47,Keep
00003688,7066,21895.00,1,1,6fb9d80f-1e17-4d98-996a-ae8e1ba4ff47,Keep
00003689,7090-A,25895.00,1,1,6fb9d80f-1e17-4d98-996a-ae8e1ba4ff47,Keep
00003690,7092-A,25895.00,1,1,6fb9d80f-1e17-4d98-996a-ae8e1ba4ff47,Keep
00003691,1060,26195.00,1,1,6fb9d80f-1e17-4d98-996a-ae8e1ba4ff47,Keep
00003692,3008,8495.00,1,0,6fb9d80f-1e17-4d98-996a-ae8e1ba4ff47,Keep
00003693,3008,8495.00,2,0,6fb9d80f-1e17-4d98-996a-ae8e1ba4ff47,Keep
00003694,3008-B,8595.00,2,1,6fb9d80f-1e17-4d98-996a-ae8e1ba4ff47,Keep
00003695,3008-B,8595.00,2,0,6fb9d80f-1e17-4d98-996a-ae8e1ba4ff47,Keep
00003696,3009,8495.00,2,1,6fb9d80f-1e17-4d98-996a-ae8e1ba4ff47,Keep
00003697,3009,8495.00,2,1,6fb9d80f-1e17-4d98-996a-ae8e1ba4ff47,Keep
00003698,3009-B,8595.00,2,1,6fb9d80f-1e17-4d98-996a-ae8e1ba4ff47,Keep
00003699,3009-B,8595.00,2,2,6fb9d80f-1e17-4d98-996a-ae8e1ba4ff47,Keep
00003700,5055,7395.00,1,1,6fb9d80f-1e17-4d98-996a-ae8e1ba4ff47,Keep
00003701,5055,7395.00,1,1,6fb9d80f-1e17-4d98-996a-ae8e1ba4ff47,Keep
00003702,5055-B,7595.00,1,1,6fb9d80f-1e17-4d98-996a-ae8e1ba4ff47,Keep
00003703,5094,8495.00,1,0,6fb9d80f-1e17-4d98-996a-ae8e1ba4ff47,Keep
00003704,5094,8495.00,1,0,6fb9d80f-1e17-4d98-996a-ae8e1ba4ff47,Keep
00003705,5094-B,8595.00,1,1,6fb9d80f-1e17-4d98-996a-ae8e1ba4ff47,Keep
00003706,6020,8495.00,1,1,6fb9d80f-1e17-4d98-996a-ae8e1ba4ff47,Keep
00003707,6020,8495.00,1,1,6fb9d80f-1e17-4d98-996a-ae8e1ba4ff47,Keep
00003708,6020-B,8595.00,1,1,6fb9d80f-1e17-4d98-996a-ae8e1ba4ff47,Keep
00003709,6020-B,8595.00,1,1,6fb9d80f-1e17-4d98-996a-ae8e1ba4ff47,Keep
00003710,6059,8195.00,1,0,6fb9d80f-1e17-4d98-996a-ae8e1ba4ff47,Keep
00003711,6059,8195.00,1,0,6fb9d80f-1e17-4d98-996a-ae8e1ba4ff47,Keep
00003712,6059-B,8295.00,1,0,6fb9d80f-1e17-4d98-996a-ae8e1ba4ff47,Keep
00003713,6060,8295.00,1,1,6fb9d80f-1e17-4d98-996a-ae8e1ba4ff47,Keep
00003714,6060-B,8495.00,1,1,6fb9d80f-1e17-4d98-996a-ae8e1ba4ff47,Keep
00003715,7012,6395.00,1,0,6fb9d80f-1e17-4d98-996a-ae8e1ba4ff47,Keep
00003716,7012,6395.00,1,1,6fb9d80f-1e17-4d98-996a-ae8e1ba4ff47,Keep
00003717,7012,6395.00,1,1,6fb9d80f-1e17-4d98-996a-ae8e1ba4ff47,Keep
00003718,7012-B,6495.00,1,1,6fb9d80f-1e17-4d98-996a-ae8e1ba4ff47,Keep
00003719,7018,7295.00,1,1,6fb9d80f-1e17-4d98-996a-ae8e1ba4ff47,Keep
00003720,7018,7295.00,1,1,6fb9d80f-1e17-4d98-996a-ae8e1ba4ff47,Keep
00003721,7018,7295.00,1,1,6fb9d80f-1e17-4d98-996a-ae8e1ba4ff47,Keep
00003722,7018-B,7395.00,1,1,6fb9d80f-1e17-4d98-996a-ae8e1ba4ff47,Keep
00003723,7043,15195.00,1,0,6fb9d80f-1e17-4d98-996a-ae8e1ba4ff47,Keep
00003724,7043,15195.00,1,0,6fb9d80f-1e17-4d98-996a-ae8e1ba4ff47,Keep
00003725,1034,8495.00,1,1,6fb9d80f-1e17-4d98-996a-ae8e1ba4ff47,Keep
00003726,1034,8495.00,1,1,6fb9d80f-1e17-4d98-996a-ae8e1ba4ff47,Keep
00003727,1034-B,8595.00,1,1,6fb9d80f-1e17-4d98-996a-ae8e1ba4ff47,Keep
00003728,1040,8495.00,1,0,6fb9d80f-1e17-4d98-996a-ae8e1ba4ff47,Keep
00003729,1040,8495.00,1,1,6fb9d80f-1e17-4d98-996a-ae8e1ba4ff47,Keep
00003730,1040-B,8595.00,1,0,6fb9d80f-1e17-4d98-996a-ae8e1ba4ff47,Keep
00003731,1040-B,8595.00,1,0,6fb9d80f-1e17-4d98-996a-ae8e1ba4ff47,Keep
00003732,A-1,21295.00,1,1,2c066fca-2b53-4756-a197-113d9d5b3ff9,Keep
00003733,A-2,21295.00,1,1,2c066fca-2b53-4756-a197-113d9d5b3ff9,Keep
00003734,A-3,21295.00,1,1,2c066fca-2b53-4756-a197-113d9d5b3ff9,Keep
00003735,A-4,21295.00,1,1,2c066fca-2b53-4756-a197-113d9d5b3ff9,Keep
00003736,B-1,23095.00,1,1,2c066fca-2b53-4756-a197-113d9d5b3ff9,Keep
00003737,B-2,23095.00,1,0,2c066fca-2b53-4756-a197-113d9d5b3ff9,Keep
00003738,B-3,23095.00,1,1,2c066fca-2b53-4756-a197-113d9d5b3ff9,Keep
00003739,B-4,23095.00,1,0,2c066fca-2b53-4756-a197-113d9d5b3ff9,Keep
00003740,B-5,23095.00,1,0,2c066fca-2b53-4756-a197-113d9d5b3ff9,Keep
00003741,B-6,23095.00,1,1,2c066fca-2b53-4756-a197-113d9d5b3ff9,Keep
00003742,B-7,23095.00,1,1,2c066fca-2b53-4756-a197-113d9d5b3ff9,Keep
00003743,B-8,23095.00,1,1,2c066fca-2b53-4756-a197-113d9d5b3ff9,Keep
00003744,B-9,23095.00,1,1,2c066fca-2b53-4756-a197-113d9d5b3ff9,Keep
00003745,B-10,23095.00,1,1,2c066fca-2b53-4756-a197-113d9d5b3ff9,Keep
00003746,B-11,23095.00,1,1,2c066fca-2b53-4756-a197-113d9d5b3ff9,Keep
00003747,B-12,23095.00,1,1,2c066fca-2b53-4756-a197-113d9d5b3ff9,Keep
00003748,B-13,23095.00,1,0,2c066fca-2b53-4756-a197-113d9d5b3ff9,Keep
00003749,B-14,23095.00,1,1,2c066fca-2b53-4756-a197-113d9d5b3ff9,Keep
00003750,C-1,23995.00,1,1,2c066fca-2b53-4756-a197-113d9d5b3ff9,Keep
00003751,C-2,23995.00,1,1,2c066fca-2b53-4756-a197-113d9d5b3ff9,Keep
00003752,C-3,23995.00,1,1,2c066fca-2b53-4756-a197-113d9d5b3ff9,Keep
00003753,C-4,23995.00,1,1,2c066fca-2b53-4756-a197-113d9d5b3ff9,Keep
00003754,C-5,23941.60,1,1,2c066fca-2b53-4756-a197-113d9d5b3ff9,Keep
00003755,C-6,23995.00,1,0,2c066fca-2b53-4756-a197-113d9d5b3ff9,Keep
00003756,C-7,23995.00,1,1,2c066fca-2b53-4756-a197-113d9d5b3ff9,Keep
00003757,C-8,23995.00,1,1,2c066fca-2b53-4756-a197-113d9d5b3ff9,Keep
00003758,C-9,23995.00,1,0,2c066fca-2b53-4756-a197-113d9d5b3ff9,Keep
00003759,C-10,23995.00,1,0,2c066fca-2b53-4756-a197-113d9d5b3ff9,Keep
00003760,C-11,23995.00,1,1,2c066fca-2b53-4756-a197-113d9d5b3ff9,Keep
00003761,D-1,26695.00,1,0,2c066fca-2b53-4756-a197-113d9d5b3ff9,Keep
00003762,E-1,27595.00,1,0,2c066fca-2b53-4756-a197-113d9d5b3ff9,Keep
00003763,E-2,27595.00,1,1,2c066fca-2b53-4756-a197-113d9d5b3ff9,Keep
00003764,177,26095,1,0,4677b53a-89ba-404a-b21b-b94971a04bbd,Keep
00003765,3D,23395,1,1,4677b53a-89ba-404a-b21b-b94971a04bbd,Keep
00003766,106,11095,1,1,4677b53a-89ba-404a-b21b-b94971a04bbd,Keep
00003767,68,12295,1,1,4677b53a-89ba-404a-b21b-b94971a04bbd,Keep
00003768,23,8995,1,0,4677b53a-89ba-404a-b21b-b94971a04bbd,Keep
00003769,36,13195,1,0,4677b53a-89ba-404a-b21b-b94971a04bbd,Keep
00003770,36,13195,1,0,4677b53a-89ba-404a-b21b-b94971a04bbd,Keep
00003771,36,13195,1,1,4677b53a-89ba-404a-b21b-b94971a04bbd,Keep
00003772,88,10295,1,0,4677b53a-89ba-404a-b21b-b94971a04bbd,Keep
00003773,42,13295,1,0,4677b53a-89ba-404a-b21b-b94971a04bbd,Keep
00003774,13D,44095,1,1,4677b53a-89ba-404a-b21b-b94971a04bbd,Keep
00003775,14D,39395,1,0,4677b53a-89ba-404a-b21b-b94971a04bbd,Keep
00003776,31D,39195,1,0,4677b53a-89ba-404a-b21b-b94971a04bbd,Keep
00003777,55D,46095,1,0,4677b53a-89ba-404a-b21b-b94971a04bbd,Keep
00003778,101,11395,1,1,4677b53a-89ba-404a-b21b-b94971a04bbd,Keep
00003779,151-5222,25195.00,1,1,16aa2e0f-240d-4e44-9289-4bdd4855784e,Keep
00003780,151-5222,25195.00,1,0,16aa2e0f-240d-4e44-9289-4bdd4855784e,Keep
00003781,7-323,18095.00,1,1,16aa2e0f-240d-4e44-9289-4bdd4855784e,Keep
00003782,99-1750,19195.00,1,0,16aa2e0f-240d-4e44-9289-4bdd4855784e,Keep
00003783,99-Z02926,19995.00,1,0,16aa2e0f-240d-4e44-9289-4bdd4855784e,Keep
00003784,151-5317,25195.00,1,1,16aa2e0f-240d-4e44-9289-4bdd4855784e,Keep
00003785,151-5317,25195.00,1,0,16aa2e0f-240d-4e44-9289-4bdd4855784e,Keep
00003786,7-593,19995.00,1,1,16aa2e0f-240d-4e44-9289-4bdd4855784e,Keep
00003787,7-593,19995.00,1,1,16aa2e0f-240d-4e44-9289-4bdd4855784e,Keep
00003788,55-47A,26395.00,1,1,16aa2e0f-240d-4e44-9289-4bdd4855784e,Keep
00003789,151-5656,23495.00,1,1,16aa2e0f-240d-4e44-9289-4bdd4855784e,Keep
00003790,151-4881,34295.00,1,1,16aa2e0f-240d-4e44-9289-4bdd4855784e,Keep
00003791,151-4881,34295.00,1,0,16aa2e0f-240d-4e44-9289-4bdd4855784e,Keep
00003792,151-4881,34295.00,1,1,16aa2e0f-240d-4e44-9289-4bdd4855784e,Keep
00003793,151-4881,34295.00,1,0,16aa2e0f-240d-4e44-9289-4bdd4855784e,Keep
00003794,151-4881,34295,1,0,16aa2e0f-240d-4e44-9289-4bdd4855784e,Keep
00003795,151-4881,34295.00,1,0,16aa2e0f-240d-4e44-9289-4bdd4855784e,Keep
00003796,151-4530,24595.00,1,0,16aa2e0f-240d-4e44-9289-4bdd4855784e,Keep
00003797,151-4530,24595.00,1,0,16aa2e0f-240d-4e44-9289-4bdd4855784e,Keep
00003798,151-4530,24595.00,1,0,16aa2e0f-240d-4e44-9289-4bdd4855784e,Keep
00003799,151-5584,23495.00,1,1,16aa2e0f-240d-4e44-9289-4bdd4855784e,Keep
00003800,151-5584,23495.00,1,1,16aa2e0f-240d-4e44-9289-4bdd4855784e,Keep
00003801,151-5584,23495.00,1,0,16aa2e0f-240d-4e44-9289-4bdd4855784e,Keep
00003802,151-2719,28195.00,1,0,16aa2e0f-240d-4e44-9289-4bdd4855784e,Keep
00003803,151-2719,28195.00,1,0,16aa2e0f-240d-4e44-9289-4bdd4855784e,Keep
00003804,151-2719,28195.00,1,1,16aa2e0f-240d-4e44-9289-4bdd4855784e,Keep
00003805,151-2719,28195.00,1,0,16aa2e0f-240d-4e44-9289-4bdd4855784e,Keep
00003806,151-2719,28195.00,1,1,16aa2e0f-240d-4e44-9289-4bdd4855784e,Keep
00003807,DES-5901,21995,1,0,a19f3707-096b-4828-86be-3ab7a91e49a8,Keep
00003808,DES-6277,9995,2,2,a19f3707-096b-4828-86be-3ab7a91e49a8,Keep
00003809,DES-6277,10595,1,0,a19f3707-096b-4828-86be-3ab7a91e49a8,Keep
00003810,DES-6277,10595,1,0,a19f3707-096b-4828-86be-3ab7a91e49a8,Keep
00003811,DES-6438,18195,1,1,a19f3707-096b-4828-86be-3ab7a91e49a8,Keep
00003812,DES-6056,14595,1,0,a19f3707-096b-4828-86be-3ab7a91e49a8,Keep
00003813,DES-6298,19995,1,0,a19f3707-096b-4828-86be-3ab7a91e49a8,Keep
00003814,DES-5959,25995,1,0,a19f3707-096b-4828-86be-3ab7a91e49a8,Keep
00003815,C4,5695,1,0,09664b5e-d1f2-434c-a68f-742c30261880,Keep
00003816,C4,5695,1,0,09664b5e-d1f2-434c-a68f-742c30261880,Keep
00003817,C4,5695,1,0,09664b5e-d1f2-434c-a68f-742c30261880,Keep
00003818,C4,5895,1,0,09664b5e-d1f2-434c-a68f-742c30261880,Keep
00003819,3420,4895,1,0,09664b5e-d1f2-434c-a68f-742c30261880,Keep
00003820,3420,4895,1,0,09664b5e-d1f2-434c-a68f-742c30261880,Keep
00003821,3420,4895,1,0,09664b5e-d1f2-434c-a68f-742c30261880,Keep
00003822,3420,4895,1,0,09664b5e-d1f2-434c-a68f-742c30261880,Keep
00003823,3364,6895,1,1,09664b5e-d1f2-434c-a68f-742c30261880,Keep
00003824,3364,6895,1,1,09664b5e-d1f2-434c-a68f-742c30261880,Keep
00003825,3364,6895,1,0,09664b5e-d1f2-434c-a68f-742c30261880,Keep
00003826,3506,4295,1,1,09664b5e-d1f2-434c-a68f-742c30261880,Keep
00003827,3506,4295,1,0,09664b5e-d1f2-434c-a68f-742c30261880,Keep
00003828,3506,4295,1,0,09664b5e-d1f2-434c-a68f-742c30261880,Keep
00003829,3506,4295,1,1,09664b5e-d1f2-434c-a68f-742c30261880,Keep
00003830,3484,5695,2,0,09664b5e-d1f2-434c-a68f-742c30261880,Keep
00003831,3484,5695,1,0,09664b5e-d1f2-434c-a68f-742c30261880,Keep
00003832,3484,5695,1,1,09664b5e-d1f2-434c-a68f-742c30261880,Keep
00003833,3407,6295,1,0,09664b5e-d1f2-434c-a68f-742c30261880,Keep
00003834,3407,6295,1,1,09664b5e-d1f2-434c-a68f-742c30261880,Keep
00003835,3407,6295,1,0,09664b5e-d1f2-434c-a68f-742c30261880,Keep
00003836,1/3,18495,2,0,bada445e-946f-494f-987d-e881047569b7,Keep
00003837,1/3,18495,1,0,bada445e-946f-494f-987d-e881047569b7,Keep
00003838,2/5,8595,2,1,bada445e-946f-494f-987d-e881047569b7,Keep
00003839,2/5,8595,3,2,bada445e-946f-494f-987d-e881047569b7,Keep
00003840,3/1,37995,1,1,bada445e-946f-494f-987d-e881047569b7,Keep
00003841,4/1,76495,1,1,bada445e-946f-494f-987d-e881047569b7,Keep
00003842,5/1,76495,1,1,bada445e-946f-494f-987d-e881047569b7,Keep
00003843,6/1,125595,1,1,bada445e-946f-494f-987d-e881047569b7,Keep
00003844,7/1,37795,1,0,bada445e-946f-494f-987d-e881047569b7,Keep
00003845,8/4,35995,4,4,bada445e-946f-494f-987d-e881047569b7,Keep
00003846,9/1,38595,1,1,bada445e-946f-494f-987d-e881047569b7,Keep
00003847,10/3,80995,3,3,bada445e-946f-494f-987d-e881047569b7,Keep
00003848,11/2,80995,2,2,bada445e-946f-494f-987d-e881047569b7,Keep
00003849,12/1,97195,1,1,bada445e-946f-494f-987d-e881047569b7,Keep
00003850,13/1,170995,1,1,bada445e-946f-494f-987d-e881047569b7,Keep
00003851,14/1,143995,1,1,bada445e-946f-494f-987d-e881047569b7,Keep
00003852,15/3,17995,3,3,bada445e-946f-494f-987d-e881047569b7,Keep
00003853,16/4,11395,2,1,bada445e-946f-494f-987d-e881047569b7,Keep
00003854,16/4,11395,2,2,bada445e-946f-494f-987d-e881047569b7,Keep
00003855,17/2,11995,2,0,bada445e-946f-494f-987d-e881047569b7,Keep
00003856,KAN13620,130995,1,1,f284cf5a-1293-4504-8e0d-1b4ecc17809e,Keep
00003857,SSU-034-41,6295.00,21,20,3b027dfd-9c79-4d8a-b468-6d3be45c40d6,Keep
00003858,SSU-085-27,5695.00,12,11,3b027dfd-9c79-4d8a-b468-6d3be45c40d6,Keep
00003859,SSU-034-40,4495.00,39,28,3b027dfd-9c79-4d8a-b468-6d3be45c40d6,Keep
00003860,SSU-034-42,5795.00,14,10,3b027dfd-9c79-4d8a-b468-6d3be45c40d6,Keep
00003861,SSU-152,1795.00,22,22,3b027dfd-9c79-4d8a-b468-6d3be45c40d6,Keep
00003862,SSU-073-1,4895.00,22,21,3b027dfd-9c79-4d8a-b468-6d3be45c40d6,Keep
00003863,V-2848SH,27795,1,1,fea0178c-f0c1-4a76-95aa-03af1c4f189a,Keep
00003864,V-4075L,33795,1,0,fea0178c-f0c1-4a76-95aa-03af1c4f189a,Keep
00003865,V-4088L,35795,1,1,fea0178c-f0c1-4a76-95aa-03af1c4f189a,Keep
00003866,V-1044L,29795,1,0,fea0178c-f0c1-4a76-95aa-03af1c4f189a,Keep
00003867,1450,57995,1,1,beaf6f0c-916e-433b-8bf9-7ffc6d4c5a4a,Keep
00003868,S151-445M,3395.00,1,1,7377d02d-5030-4b28-8e12-36fdfead09af,Keep
00003869,S151-445M,3395.00,1,1,7377d02d-5030-4b28-8e12-36fdfead09af,Keep
00003870,S151-445M,3395.00,1,1,7377d02d-5030-4b28-8e12-36fdfead09af,Keep
00003871,S151-445M,3395.00,1,0,7377d02d-5030-4b28-8e12-36fdfead09af,Keep
00003872,18/1,13495.00,1,1,a4cf3054-635e-4038-8beb-991ddb18912b,Keep
00003873,19/1,13995.00,1,1,a4cf3054-635e-4038-8beb-991ddb18912b,Keep
00003874,20/1,11595.00,1,1,a4cf3054-635e-4038-8beb-991ddb18912b,Keep
00003875,21/1,16095.00,1,1,a4cf3054-635e-4038-8beb-991ddb18912b,Keep
00003876,22/1,17995.00,1,0,a4cf3054-635e-4038-8beb-991ddb18912b,Keep
00003877,23/1,21595.00,1,1,a4cf3054-635e-4038-8beb-991ddb18912b,Keep
00003878,24/4,17995.00,4,4,a4cf3054-635e-4038-8beb-991ddb18912b,Keep
00003879,25/1,20695.00,1,1,a4cf3054-635e-4038-8beb-991ddb18912b,Keep
00003880,26/2,12195.00,2,2,a4cf3054-635e-4038-8beb-991ddb18912b,Keep
00003881,27/1,15795.00,1,0,a4cf3054-635e-4038-8beb-991ddb18912b,Keep
00003882,28/1,18895.00,1,1,a4cf3054-635e-4038-8beb-991ddb18912b,Keep
00003883,29/2,12195.00,2,1,a4cf3054-635e-4038-8beb-991ddb18912b,Keep
00003884,30/1,11695.00,1,1,a4cf3054-635e-4038-8beb-991ddb18912b,Keep
00003885,31/2,10795.00,2,2,a4cf3054-635e-4038-8beb-991ddb18912b,Keep
00003886,32/1,9895.00,1,1,a4cf3054-635e-4038-8beb-991ddb18912b,Keep
00003887,33/1,9895.00,1,1,a4cf3054-635e-4038-8beb-991ddb18912b,Keep
00003888,34/1,8995.00,1,1,a4cf3054-635e-4038-8beb-991ddb18912b,Keep
00003889,35/1,10795.00,1,1,a4cf3054-635e-4038-8beb-991ddb18912b,Keep
00003890,MCWLS-25038-8389,77995.00,1,1,652e846c-6c45-42d0-b4c7-f3463313c2bc,Keep
00003891,MCWLS-25129-8389,77995.00,1,1,652e846c-6c45-42d0-b4c7-f3463313c2bc,Keep
00003892,1-C828,39995,1,1,a780f5c1-9675-4bff-8a78-28ae008479dd,Keep
00003893,2-C987,27995,1,1,a780f5c1-9675-4bff-8a78-28ae008479dd,Keep
00003894,3-C988,25995,1,1,a780f5c1-9675-4bff-8a78-28ae008479dd,Keep
00003895,SRKO-WEVGZF42,31995.00,1,1,71fa9cd3-ff77-4987-98fb-9417b16e9b1a,Keep
00003896,SRKO-WEVGZF41,31995.00,1,1,71fa9cd3-ff77-4987-98fb-9417b16e9b1a,Keep
00003897,IW-1294,21595.00,1,0,fa693903-44e1-4fff-9860-1cc2010e446e,Keep
00003898,SGH-2853R,46795.00,1,1,fa693903-44e1-4fff-9860-1cc2010e446e,Keep
00003899,SGH-2912,39595.00,1,1,fa693903-44e1-4fff-9860-1cc2010e446e,Keep
00003900,DS1085,26995.00,1,0,b4808475-2c31-435a-b0c4-06caea9ae80c,Keep
00003901,DS1107,30595.00,1,0,b4808475-2c31-435a-b0c4-06caea9ae80c,Keep
00003902,DS1128,32495.00,1,1,b4808475-2c31-435a-b0c4-06caea9ae80c,Keep
00003903,DS1145,32495.00,1,1,b4808475-2c31-435a-b0c4-06caea9ae80c,Keep
00003904,DS1155,28995.00,1,1,b4808475-2c31-435a-b0c4-06caea9ae80c,Keep
00003905,DS1181,35995.00,1,0,b4808475-2c31-435a-b0c4-06caea9ae80c,Keep
00003906,DS1201,35995.00,1,1,b4808475-2c31-435a-b0c4-06caea9ae80c,Keep
00003907,SP1737,26995.00,1,1,b4808475-2c31-435a-b0c4-06caea9ae80c,Keep
00003908,SP1799,26995.00,1,1,b4808475-2c31-435a-b0c4-06caea9ae80c,Keep
00003909,513 KT,42395.00,1,1,a4b7e60f-c13b-4d86-b10f-108fb3948c4b,Keep
00003910,DC 25214,113995,1,1,2adc3d4e-a90a-4bda-ac5f-f832515bd4d8,Keep
00003911,G885,32195,1,0,b640636d-5c3c-46ed-95d7-b7e080d7d70f,Keep
00003912,IW1313,24195,1,1,b640636d-5c3c-46ed-95d7-b7e080d7d70f,Keep
00003913,MTF1326,17895,1,0,b640636d-5c3c-46ed-95d7-b7e080d7d70f,Keep
00003914,S10069,22495,1,0,b640636d-5c3c-46ed-95d7-b7e080d7d70f,Keep
00003915,S10139,12495,1,1,b640636d-5c3c-46ed-95d7-b7e080d7d70f,Keep
00003916,S10139-2,12495,1,1,b640636d-5c3c-46ed-95d7-b7e080d7d70f,Keep
00003917,S10693,17895,1,1,b640636d-5c3c-46ed-95d7-b7e080d7d70f,Keep
00003918,S10711,19695,1,1,b640636d-5c3c-46ed-95d7-b7e080d7d70f,Keep
00003919,S10746,21495,1,1,b640636d-5c3c-46ed-95d7-b7e080d7d70f,Keep
00003920,S10746-02,21495,1,1,b640636d-5c3c-46ed-95d7-b7e080d7d70f,Keep
00003921,S11006,25195,1,0,b640636d-5c3c-46ed-95d7-b7e080d7d70f,Keep
00003922,S11047,21495,1,0,b640636d-5c3c-46ed-95d7-b7e080d7d70f,Keep
00003923,S11167,56995,1,1,b640636d-5c3c-46ed-95d7-b7e080d7d70f,Keep
00003924,S9844,14195,1,1,b640636d-5c3c-46ed-95d7-b7e080d7d70f,Keep
00003925,S9844-02,14195,1,0,b640636d-5c3c-46ed-95d7-b7e080d7d70f,Keep
00003926,US327,24995,1,1,b640636d-5c3c-46ed-95d7-b7e080d7d70f,Keep
00003927,US431,17995,1,1,b640636d-5c3c-46ed-95d7-b7e080d7d70f,Keep
00003928,US431-02,17995,1,1,b640636d-5c3c-46ed-95d7-b7e080d7d70f,Keep
00003929,UR/535/1800,51995,1,1,632f693e-34e6-4cfd-9d92-4c3d9196e95e,Keep
00003930,PG590/1685,36595,1,0,632f693e-34e6-4cfd-9d92-4c3d9196e95e,Keep
00003931,MHA210,26995,1,1,66247feb-9736-42cc-923b-63c4c43a5ecc,Keep
00003932,MHA210,26995,1,1,66247feb-9736-42cc-923b-63c4c43a5ecc,Keep
00003933,MHA210,26995,1,1,66247feb-9736-42cc-923b-63c4c43a5ecc,Keep
00003934,MHA210,26995,1,0,66247feb-9736-42cc-923b-63c4c43a5ecc,Keep
00003935,MHA210,26995,1,1,66247feb-9736-42cc-923b-63c4c43a5ecc,Keep
00003936,8325-R,30995,1,1,705019e9-8206-470b-b065-984a3d5e9449,Keep
00003937,8325-R,30995,1,1,705019e9-8206-470b-b065-984a3d5e9449,Keep
00003938,8393-R,40995,1,0,705019e9-8206-470b-b065-984a3d5e9449,Keep
00003939,0388-R,39795,1,1,705019e9-8206-470b-b065-984a3d5e9449,Keep
00003940,9827-R,111995,1,1,f5b46567-f3ff-4665-942a-5c178855c860,Keep
00003941,D1300,5895.00,2,2,0cbf9b0f-7058-4bea-a94e-1e5806c90f35,Keep
00003942,D1300,5895.00,1,1,0cbf9b0f-7058-4bea-a94e-1e5806c90f35,Keep
00003943,D1300,5895.00,1,1,0cbf9b0f-7058-4bea-a94e-1e5806c90f35,Keep
00003944,D10563,7295.00,2,1,0cbf9b0f-7058-4bea-a94e-1e5806c90f35,Keep
00003945,D11012,7295.00,3,3,0cbf9b0f-7058-4bea-a94e-1e5806c90f35,Keep
00003946,D11889,7295.00,1,1,0cbf9b0f-7058-4bea-a94e-1e5806c90f35,Keep
00003947,D11889,7295.00,1,1,0cbf9b0f-7058-4bea-a94e-1e5806c90f35,Keep
00003948,D11889,7295.00,1,1,0cbf9b0f-7058-4bea-a94e-1e5806c90f35,Keep
00003949,D14072,7495.00,1,1,0cbf9b0f-7058-4bea-a94e-1e5806c90f35,Keep
00003950,D14072,7495.00,1,1,0cbf9b0f-7058-4bea-a94e-1e5806c90f35,Keep
00003951,D14073,7495.00,1,1,0cbf9b0f-7058-4bea-a94e-1e5806c90f35,Keep
00003952,D7463,10095.00,1,1,0cbf9b0f-7058-4bea-a94e-1e5806c90f35,Keep
00003953,D15790,11795.00,1,1,0cbf9b0f-7058-4bea-a94e-1e5806c90f35,Keep
00003954,D13953,12195.00,1,1,0cbf9b0f-7058-4bea-a94e-1e5806c90f35,Keep
00003955,D13953,12195.00,2,2,0cbf9b0f-7058-4bea-a94e-1e5806c90f35,Keep
00003956,D14263,12195.00,2,2,0cbf9b0f-7058-4bea-a94e-1e5806c90f35,Keep
00003957,D10908,12395.00,1,1,0cbf9b0f-7058-4bea-a94e-1e5806c90f35,Keep
00003958,D11231,12395.00,1,1,0cbf9b0f-7058-4bea-a94e-1e5806c90f35,Keep
00003959,D14263-02,12395.00,1,1,0cbf9b0f-7058-4bea-a94e-1e5806c90f35,Keep
00003960,D13111,13395.00,2,2,0cbf9b0f-7058-4bea-a94e-1e5806c90f35,Keep
00003961,D14937,13395.00,2,2,0cbf9b0f-7058-4bea-a94e-1e5806c90f35,Keep
00003962,5565B(S),25595,1,0,bab7e0dd-1158-4fac-9d63-7282ce8d1e16,Keep
00003963,D-158,14295,1,1,5c282b7c-920b-44e2-bac2-38d8c8914c11,Keep
00003964,D-74,13495,1,1,5c282b7c-920b-44e2-bac2-38d8c8914c11,Keep
00003965,D-52,14695,1,1,5c282b7c-920b-44e2-bac2-38d8c8914c11,Keep
00003966,D-109,13895,1,0,5c282b7c-920b-44e2-bac2-38d8c8914c11,Keep
00003967,D-38,11995,1,1,5c282b7c-920b-44e2-bac2-38d8c8914c11,Keep
00003968,D-11,12295,1,1,5c282b7c-920b-44e2-bac2-38d8c8914c11,Keep
00003969,D-171,28995,1,1,5c282b7c-920b-44e2-bac2-38d8c8914c11,Keep
00003970,D-171,28995,1,1,5c282b7c-920b-44e2-bac2-38d8c8914c11,Keep
00003971,D-147,22995,2,1,5c282b7c-920b-44e2-bac2-38d8c8914c11,Keep
00003972,D-140,28195,1,0,5c282b7c-920b-44e2-bac2-38d8c8914c11,Keep
00003973,D-140,28195,1,0,5c282b7c-920b-44e2-bac2-38d8c8914c11,Keep
00003974,D-138,14495,1,0,5c282b7c-920b-44e2-bac2-38d8c8914c11,Keep
00003975,D-25,12295,1,0,5c282b7c-920b-44e2-bac2-38d8c8914c11,Keep
00003976,D-149,19995,1,1,5c282b7c-920b-44e2-bac2-38d8c8914c11,Keep
00003977,D-24,21995,1,1,5c282b7c-920b-44e2-bac2-38d8c8914c11,Keep
00003978,D-24,21995,1,1,5c282b7c-920b-44e2-bac2-38d8c8914c11,Keep
00003979,2382,329995,1,0,2ee9f545-5a47-44ec-aebb-b5c108426f19,Keep
00003980,2422,329995,1,0,2ee9f545-5a47-44ec-aebb-b5c108426f19,Keep
00003981,2363,95995,1,0,5ff238af-0e73-42ca-91ba-424620ec0240,Keep
00003982,2393,189995,1,0,5ff238af-0e73-42ca-91ba-424620ec0240,Keep
00003983,2557,119995,1,1,a5f2bb5e-e0e6-4626-8550-20d7048470fe,Keep
00003984,2431,119995,1,1,a5f2bb5e-e0e6-4626-8550-20d7048470fe,Keep
00003985,2539,119995,1,1,a5f2bb5e-e0e6-4626-8550-20d7048470fe,Keep
00003986,018-7285,52995,1,1,f954695d-f473-45fb-83ca-ce379543ba46,Keep
00003987,US0354,6695,1,0,df6da225-ec5c-4cfc-9567-8c0d495e0d3a,Keep
00003988,US0354,6695,1,0,df6da225-ec5c-4cfc-9567-8c0d495e0d3a,Keep
00003989,US0354,6695,1,0,df6da225-ec5c-4cfc-9567-8c0d495e0d3a,Keep
00003990,US0694,5095,1,1,df6da225-ec5c-4cfc-9567-8c0d495e0d3a,Keep
00003991,US0694,5095,1,0,df6da225-ec5c-4cfc-9567-8c0d495e0d3a,Keep
00003992,US0673,6495,2,2,df6da225-ec5c-4cfc-9567-8c0d495e0d3a,Keep
00003993,US0673,6495,1,0,df6da225-ec5c-4cfc-9567-8c0d495e0d3a,Keep
00003994,US0673,6495,2,1,df6da225-ec5c-4cfc-9567-8c0d495e0d3a,Keep
00003995,US0376,4695,1,1,df6da225-ec5c-4cfc-9567-8c0d495e0d3a,Keep
00003996,US0492,7795,1,0,df6da225-ec5c-4cfc-9567-8c0d495e0d3a,Keep
00003997,US0370,6495,1,0,df6da225-ec5c-4cfc-9567-8c0d495e0d3a,Keep
00003998,US0370,6495,1,0,df6da225-ec5c-4cfc-9567-8c0d495e0d3a,Keep
00003999,US0370,6495,1,0,df6da225-ec5c-4cfc-9567-8c0d495e0d3a,Keep
00004000,US0370,6495,1,0,df6da225-ec5c-4cfc-9567-8c0d495e0d3a,Keep
00004001,US0699,5995,3,3,df6da225-ec5c-4cfc-9567-8c0d495e0d3a,Keep
00004002,24062,6195,1,0,df6da225-ec5c-4cfc-9567-8c0d495e0d3a,Keep
00004003,24062,6195,1,0,df6da225-ec5c-4cfc-9567-8c0d495e0d3a,Keep
00004004,24062,6195,1,0,df6da225-ec5c-4cfc-9567-8c0d495e0d3a,Keep
00004005,24062,6195,1,0,df6da225-ec5c-4cfc-9567-8c0d495e0d3a,Keep
00004006,DC 251560,57995,1,1,87c495dc-ff76-4f12-8d83-49c135653256,Keep
00004007,AKM17-1/6,4195.00,6,6,92d09178-d577-4480-8bb4-ce0ec5b2bd8a,Keep
00004008,AKM17-1/3,4195.00,3,2,92d09178-d577-4480-8bb4-ce0ec5b2bd8a,Keep
00004009,EC13-2/9,2995.00,9,8,92d09178-d577-4480-8bb4-ce0ec5b2bd8a,Keep
00004010,EC13-2/3,2995.00,3,3,92d09178-d577-4480-8bb4-ce0ec5b2bd8a,Keep
00004011,EC13-2/2,2995.00,2,1,92d09178-d577-4480-8bb4-ce0ec5b2bd8a,Keep
00004012,EC13-2/3,2995.00,3,3,92d09178-d577-4480-8bb4-ce0ec5b2bd8a,Keep
00004013,EC13-2/3,2995.00,3,1,92d09178-d577-4480-8bb4-ce0ec5b2bd8a,Keep
00004014,SHAN-01,1895.00,1,1,92d09178-d577-4480-8bb4-ce0ec5b2bd8a,Keep
00004015,SHAN-02,1895.00,1,0,92d09178-d577-4480-8bb4-ce0ec5b2bd8a,Keep
00004016,SHAN-03,1895.00,2,2,92d09178-d577-4480-8bb4-ce0ec5b2bd8a,Keep
00004017,S/S/11/1095,77295,1,0,c71659ab-bf8d-4d03-a3aa-069116a4dc38,Keep
00004018,RS/42/231,25095,1,1,c71659ab-bf8d-4d03-a3aa-069116a4dc38,Keep
00004019,SA/SC/01/201,84495,1,1,c71659ab-bf8d-4d03-a3aa-069116a4dc38,Keep
00004020,SA/SC/01/568,59295,1,1,c71659ab-bf8d-4d03-a3aa-069116a4dc38,Keep
00004021,SC//01/138,37795,1,1,c71659ab-bf8d-4d03-a3aa-069116a4dc38,Keep
00004022,SC/43/127,37795,1,1,c71659ab-bf8d-4d03-a3aa-069116a4dc38,Keep
00004023,G/S/1/266,85995,1,1,c71659ab-bf8d-4d03-a3aa-069116a4dc38,Keep
00004024,FF-2027,3195.00,5,5,31267633-3ee6-464e-a006-00cc9313957d,Keep
00004025,FF-2012,2995.00,6,3,31267633-3ee6-464e-a006-00cc9313957d,Keep
00004026,FF-1959,2495.00,4,4,31267633-3ee6-464e-a006-00cc9313957d,Keep
00004027,FF-1341,7395.00,4,4,31267633-3ee6-464e-a006-00cc9313957d,Keep
00004028,FF-7250,2595.00,5,5,31267633-3ee6-464e-a006-00cc9313957d,Keep
00004029,FF-2022,3495.00,5,4,31267633-3ee6-464e-a006-00cc9313957d,Keep
00004030,S/S/23/1072,70095,1,0,e25702a7-8dbb-488a-bca5-90f68cab2cef,Keep
00004031,GH/SC/10/00111,137995,1,1,e25702a7-8dbb-488a-bca5-90f68cab2cef,Keep
00004032,GH/SC/16/183,77995,1,1,e25702a7-8dbb-488a-bca5-90f68cab2cef,Keep
00004033,G/S/1/270,59995,1,1,e25702a7-8dbb-488a-bca5-90f68cab2cef,Keep
00004034,SA-498,17995,1,1,e69c3cc9-f5f8-4d04-8825-76b1966fbbf8,Keep
00004035,SA-496,23995,1,0,e69c3cc9-f5f8-4d04-8825-76b1966fbbf8,Keep
00004036,SA-496,23995,1,1,e69c3cc9-f5f8-4d04-8825-76b1966fbbf8,Keep
00004037,SA-504,12995,1,0,e69c3cc9-f5f8-4d04-8825-76b1966fbbf8,Keep
00004038,SA-488,15995,1,0,e69c3cc9-f5f8-4d04-8825-76b1966fbbf8,Keep
00004039,SA-258,18995,1,0,e69c3cc9-f5f8-4d04-8825-76b1966fbbf8,Keep
00004040,SA-509,20995,1,1,e69c3cc9-f5f8-4d04-8825-76b1966fbbf8,Keep
00004041,SA-509,20995,1,0,e69c3cc9-f5f8-4d04-8825-76b1966fbbf8,Keep
00004042,SA-481,22995,1,0,e69c3cc9-f5f8-4d04-8825-76b1966fbbf8,Keep
00004043,SA-502,20995,1,0,e69c3cc9-f5f8-4d04-8825-76b1966fbbf8,Keep
00004044,SA-507,27995,1,0,e69c3cc9-f5f8-4d04-8825-76b1966fbbf8,Keep
00004045,SA-507,27995,1,0,e69c3cc9-f5f8-4d04-8825-76b1966fbbf8,Keep
00004046,SA-519,20995,1,0,e69c3cc9-f5f8-4d04-8825-76b1966fbbf8,Keep
00004047,SA-519,20995,1,0,e69c3cc9-f5f8-4d04-8825-76b1966fbbf8,Keep
00004048,S1ss24,161995,1,1,e38b670b-0d27-4851-b825-566ffc726b19,Keep
00004049,SS-315,71495,1,1,a627b1b6-d8d7-44a2-ab20-73b2a99fa744,Keep
00004050,SS-427,117995,1,1,a627b1b6-d8d7-44a2-ab20-73b2a99fa744,Keep
00004051,DS1115,32395,1,0,cd5d85d3-375b-4bdc-8a71-7154c67e639f,Keep
00004052,PE-59,28995,1,1,cd5d85d3-375b-4bdc-8a71-7154c67e639f,Keep
00004053,PE-79,25195,1,1,cd5d85d3-375b-4bdc-8a71-7154c67e639f,Keep
00004054,SGH-2941R,41395,1,1,cd5d85d3-375b-4bdc-8a71-7154c67e639f,Keep
00004055,MR-13,10195.00,1,1,48b6cbe5-3071-46b2-809b-7602fa16fa22,Keep
00004056,MR-13,10195.00,1,1,48b6cbe5-3071-46b2-809b-7602fa16fa22,Keep
00004057,MR-13,10195.00,1,1,48b6cbe5-3071-46b2-809b-7602fa16fa22,Keep
00004058,IA-1,15295.00,1,1,48b6cbe5-3071-46b2-809b-7602fa16fa22,Keep
00004059,IA-1,15295.00,1,1,48b6cbe5-3071-46b2-809b-7602fa16fa22,Keep
00004060,GP-21,11995.00,1,1,48b6cbe5-3071-46b2-809b-7602fa16fa22,Keep
00004061,GP-21,11995.00,1,1,48b6cbe5-3071-46b2-809b-7602fa16fa22,Keep
00004062,GP-22,11995.00,1,1,48b6cbe5-3071-46b2-809b-7602fa16fa22,Keep
00004063,IA-1-5,14695.00,1,1,48b6cbe5-3071-46b2-809b-7602fa16fa22,Keep
00004064,IA-1-5,14695.00,1,1,48b6cbe5-3071-46b2-809b-7602fa16fa22,Keep
00004065,IA-1-6,14195.00,1,1,48b6cbe5-3071-46b2-809b-7602fa16fa22,Keep
00004066,DG-4910,14195.00,2,2,48b6cbe5-3071-46b2-809b-7602fa16fa22,Keep
00004067,NA-8,22995.00,1,1,48b6cbe5-3071-46b2-809b-7602fa16fa22,Keep
00004068,GP-01,27795.00,1,1,48b6cbe5-3071-46b2-809b-7602fa16fa22,Keep
00004069,GP-01-10,34895.00,3,3,48b6cbe5-3071-46b2-809b-7602fa16fa22,Keep
00004070,GP-01-11,38695.00,1,1,48b6cbe5-3071-46b2-809b-7602fa16fa22,Keep
00004071,GP-01-12,32995.00,1,1,48b6cbe5-3071-46b2-809b-7602fa16fa22,Keep
00004072,3184,109995,1,1,7601805f-ef69-4b03-b3da-25ca06bafc09,Keep
00004073,LM-113,28795,1,1,7ef2992e-89f9-4905-807e-35480613fa7a,Keep
00004074,LM-113,28795,1,0,7ef2992e-89f9-4905-807e-35480613fa7a,Keep
00004075,LM-113,28795,1,1,7ef2992e-89f9-4905-807e-35480613fa7a,Keep
00004076,LM-113,28795,1,0,7ef2992e-89f9-4905-807e-35480613fa7a,Keep
00004077,AKR-4462,8995,1,1,7ef2992e-89f9-4905-807e-35480613fa7a,Keep
00004078,BF-1861,17795,1,0,7ef2992e-89f9-4905-807e-35480613fa7a,Keep
00004079,PS-1426,6095,1,1,7ef2992e-89f9-4905-807e-35480613fa7a,Keep
00004080,BK-311,7695,1,0,7ef2992e-89f9-4905-807e-35480613fa7a,Keep
00004081,BK-311,7695,1,1,7ef2992e-89f9-4905-807e-35480613fa7a,Keep
00004082,BK-271,8595,1,0,7ef2992e-89f9-4905-807e-35480613fa7a,Keep
00004083,BF-1942,34095,1,0,7ef2992e-89f9-4905-807e-35480613fa7a,Keep
00004084,3228,103995,1,1,0066ba83-2f56-48f3-8fd7-030666c9ac5f,Keep
00004085,190-232,3695.00,3,0,8c5495e0-8146-416c-9302-7a048ad9fc04,Keep
00004086,190-263A,4595.00,3,0,8c5495e0-8146-416c-9302-7a048ad9fc04,Keep
00004087,243-89,4395.00,3,0,8c5495e0-8146-416c-9302-7a048ad9fc04,Keep
00004088,168-1369,4395.00,2,2,8c5495e0-8146-416c-9302-7a048ad9fc04,Keep
00004089,190-163B,3195.00,1,0,8c5495e0-8146-416c-9302-7a048ad9fc04,Keep
00004090,168-1297,4595.00,2,0,8c5495e0-8146-416c-9302-7a048ad9fc04,Keep
00004091,190-131,4095.00,2,0,8c5495e0-8146-416c-9302-7a048ad9fc04,Keep
00004092,190-234A,4395.00,2,1,8c5495e0-8146-416c-9302-7a048ad9fc04,Keep
00004093,190-233,4095.00,2,0,8c5495e0-8146-416c-9302-7a048ad9fc04,Keep
00004094,190-203,3195.00,2,1,8c5495e0-8146-416c-9302-7a048ad9fc04,Keep
00004095,205-15,8295.00,2,1,8c5495e0-8146-416c-9302-7a048ad9fc04,Keep
00004096,205-16,9395.00,3,1,8c5495e0-8146-416c-9302-7a048ad9fc04,Keep
00004097,AG-1890SH-AN,29995.00,1,1,a45d048c-93c9-4097-bd1a-7e52446ba81a,Keep
00004098,151-445,3095.00,12,5,c74a5e75-7f88-4b96-939b-0bc9899afd8f,Keep
00004099,LV-CT 9548,2295.00,1,1,0f540339-6d1b-491e-9809-c7d04e632f1a,Keep
00004100,LV-CT 9548,2295.00,1,1,0f540339-6d1b-491e-9809-c7d04e632f1a,Keep
00004101,S58-124,3495.00,1,1,0f540339-6d1b-491e-9809-c7d04e632f1a,Keep
00004102,S58-124,3495.00,1,1,0f540339-6d1b-491e-9809-c7d04e632f1a,Keep
00004103,S58-124,3495.00,1,1,0f540339-6d1b-491e-9809-c7d04e632f1a,Keep
00004104,S58-124,3495.00,1,1,0f540339-6d1b-491e-9809-c7d04e632f1a,Keep
00004105,LV-CT 9671,2395.00,1,1,0f540339-6d1b-491e-9809-c7d04e632f1a,Keep
00004106,LV-CT 9671,2395.00,1,1,0f540339-6d1b-491e-9809-c7d04e632f1a,Keep
00004107,LV-CT 9671,2395.00,1,1,0f540339-6d1b-491e-9809-c7d04e632f1a,Keep
00004108,LV-CT 11426,2395.00,1,1,0f540339-6d1b-491e-9809-c7d04e632f1a,Keep
00004109,LV-CT 11426,2395.00,1,1,0f540339-6d1b-491e-9809-c7d04e632f1a,Keep
00004110,FC-003,5295,1,1,0f540339-6d1b-491e-9809-c7d04e632f1a,Keep
00004111,FC-003,5295.00,1,1,0f540339-6d1b-491e-9809-c7d04e632f1a,Keep
00004112,FC-003,5295.00,1,1,0f540339-6d1b-491e-9809-c7d04e632f1a,Keep
00004113,FC-003,5295.00,1,1,0f540339-6d1b-491e-9809-c7d04e632f1a,Keep
00004114,S20/3190,28995,1,1,b28a7c52-47ec-4deb-8c1b-7321ee193ebb,Keep
00004115,S20/3430,26995,1,0,b28a7c52-47ec-4deb-8c1b-7321ee193ebb,Keep
00004116,S20/3111,28995,1,0,b28a7c52-47ec-4deb-8c1b-7321ee193ebb,Keep
00004117,S20/3072,34995,1,0,b28a7c52-47ec-4deb-8c1b-7321ee193ebb,Keep
00004118,K-070R,10895.00,1,1,0f859621-c6dc-44b3-8712-57e4dae64f45,Keep
00004119,K-070R,10895,1,1,0f859621-c6dc-44b3-8712-57e4dae64f45,Keep
00004120,K-070R,10895,1,1,0f859621-c6dc-44b3-8712-57e4dae64f45,Keep
00004121,K-070C,11995,1,1,0f859621-c6dc-44b3-8712-57e4dae64f45,Keep
00004122,K-070C,11995,1,1,0f859621-c6dc-44b3-8712-57e4dae64f45,Keep
00004123,AHR406,26695.00,2,2,7175f4f2-c01a-46a8-af2a-7ee41e83a519,Keep
00004124,K03SR,9395.00,1,1,7175f4f2-c01a-46a8-af2a-7ee41e83a519,Keep
00004125,LJ44A,28195.00,2,2,7175f4f2-c01a-46a8-af2a-7ee41e83a519,Keep
00004126,SI54SR,15295.00,1,1,7175f4f2-c01a-46a8-af2a-7ee41e83a519,Keep
00004127,SI58SR,14595.00,1,0,7175f4f2-c01a-46a8-af2a-7ee41e83a519,Keep
00004128,SI69SR,15295.00,1,1,7175f4f2-c01a-46a8-af2a-7ee41e83a519,Keep
00004129,SI72SR,14795.00,1,1,7175f4f2-c01a-46a8-af2a-7ee41e83a519,Keep
00004130,SI93SR,14595.00,2,2,7175f4f2-c01a-46a8-af2a-7ee41e83a519,Keep
00004131,SI22SR,17595.00,1,1,7175f4f2-c01a-46a8-af2a-7ee41e83a519,Keep
00004132,LJ171A,58595.00,1,1,7175f4f2-c01a-46a8-af2a-7ee41e83a519,Keep
00004133,LJ29A,25095.00,2,1,7175f4f2-c01a-46a8-af2a-7ee41e83a519,Keep
00004134,M-515,71994.99,1,1,c9a2d7a4-4705-4dbf-a49d-132ac128fb26,Keep
00004135,K-070C,11995,1,1,0f859621-c6dc-44b3-8712-57e4dae64f45,Keep
00004136,K-070C,11995,2,1,0f859621-c6dc-44b3-8712-57e4dae64f45,Keep
00004137,D15270,9595.00,1,0,06f7dab4-c253-43ba-8b50-cdc6b710ca7c,Keep
00004138,D15619,9595.00,1,0,06f7dab4-c253-43ba-8b50-cdc6b710ca7c,Keep
00004139,D914904,21095.00,1,1,06f7dab4-c253-43ba-8b50-cdc6b710ca7c,Keep
00004140,D11016,32395.00,1,1,06f7dab4-c253-43ba-8b50-cdc6b710ca7c,Keep
00004141,950CSU,7095.00,2,2,f0a0b5e5-94e9-4e16-ad17-4efd75a0be8b,Keep
00004142,962SU,7095.00,3,2,f0a0b5e5-94e9-4e16-ad17-4efd75a0be8b,Keep
00004143,923SU,7095.00,5,5,f0a0b5e5-94e9-4e16-ad17-4efd75a0be8b,Keep
00004144,925SU,7095.00,2,2,f0a0b5e5-94e9-4e16-ad17-4efd75a0be8b,Keep
00004145,932SU,7095.00,2,1,f0a0b5e5-94e9-4e16-ad17-4efd75a0be8b,Keep
00004146,952SU,7095.00,3,2,f0a0b5e5-94e9-4e16-ad17-4efd75a0be8b,Keep
00004147,953SU,7095.00,2,1,f0a0b5e5-94e9-4e16-ad17-4efd75a0be8b,Keep
00004148,961SU,7095.00,1,1,f0a0b5e5-94e9-4e16-ad17-4efd75a0be8b,Keep
00004149,961SU,7095.00,2,2,f0a0b5e5-94e9-4e16-ad17-4efd75a0be8b,Keep
00004150,964SU,7095.00,5,4,f0a0b5e5-94e9-4e16-ad17-4efd75a0be8b,Keep
00004151,965SU,7095.00,1,1,f0a0b5e5-94e9-4e16-ad17-4efd75a0be8b,Keep
00004152,C-1001(R),18495.00,1,0,6db34b8f-accd-4087-9e59-381e6aa1c7c4,Keep
00004153,C-1001 XL,18695.00,1,0,6db34b8f-accd-4087-9e59-381e6aa1c7c4,Keep
00004154,P-3014(R),14995.00,1,1,6db34b8f-accd-4087-9e59-381e6aa1c7c4,Keep
00004155,P-3014(R),14995.00,1,1,6db34b8f-accd-4087-9e59-381e6aa1c7c4,Keep
00004156,P-3014(XL),15295.00,1,1,6db34b8f-accd-4087-9e59-381e6aa1c7c4,Keep
00004157,P-2932,16995.00,1,1,6db34b8f-accd-4087-9e59-381e6aa1c7c4,Keep
00004158,P-2791 (R),11995.00,1,1,6db34b8f-accd-4087-9e59-381e6aa1c7c4,Keep
00004159,P-2791(R),11995.00,1,1,6db34b8f-accd-4087-9e59-381e6aa1c7c4,Keep
00004160,P-2791(XL),12295.00,1,1,6db34b8f-accd-4087-9e59-381e6aa1c7c4,Keep
00004161,036-1,3195,5,4,0f859621-c6dc-44b3-8712-57e4dae64f45,Keep
00004162,036-1,3195,2,1,0f859621-c6dc-44b3-8712-57e4dae64f45,Keep
00004163,036-1,3194.98,4,1,0f859621-c6dc-44b3-8712-57e4dae64f45,Keep
00004164,HP-415E,9695,1,1,0f859621-c6dc-44b3-8712-57e4dae64f45,Keep
00004165,HP-415E,9695,1,1,0f859621-c6dc-44b3-8712-57e4dae64f45,Keep
00004166,HP-415E,9695,1,1,0f859621-c6dc-44b3-8712-57e4dae64f45,Keep
00004167,HP-415A,8795,1,0,0f859621-c6dc-44b3-8712-57e4dae64f45,Keep
00004168,HP-415A,8795,1,1,0f859621-c6dc-44b3-8712-57e4dae64f45,Keep
00004169,HP-415A,8795,1,1,0f859621-c6dc-44b3-8712-57e4dae64f45,Keep
00004170,HL-082A,8895,5,3,0f859621-c6dc-44b3-8712-57e4dae64f45,Keep
00004171,TW-032C,7595,4,1,0f859621-c6dc-44b3-8712-57e4dae64f45,Keep
00004172,TW-032C,7595.00,0,1,0f859621-c6dc-44b3-8712-57e4dae64f45,Keep
00004173,TW-032C,7595,1,1,0f859621-c6dc-44b3-8712-57e4dae64f45,Keep
00004174,TW-032C,7595,1,1,0f859621-c6dc-44b3-8712-57e4dae64f45,Keep
00004175,TW-032C,7595,2,1,0f859621-c6dc-44b3-8712-57e4dae64f45,Keep
00004176,8251-R,49995,1,1,23ccee75-34bf-4f8f-b789-31f7b825c21c,Keep
00004177,8341-R,37995,1,1,23ccee75-34bf-4f8f-b789-31f7b825c21c,Keep
00004178,8341-R,37995,1,1,23ccee75-34bf-4f8f-b789-31f7b825c21c,Keep
00004179,16478,3595,2,1,db9a3eb1-60ce-4217-82b7-79669544f8ce,Keep
00004180,16478,3595,2,0,db9a3eb1-60ce-4217-82b7-79669544f8ce,Keep
00004181,16478,3595,2,0,db9a3eb1-60ce-4217-82b7-79669544f8ce,Keep
00004182,16478,3595,2,2,db9a3eb1-60ce-4217-82b7-79669544f8ce,Keep
00004183,16478,3795,1,0,db9a3eb1-60ce-4217-82b7-79669544f8ce,Keep
00004184,16479,3595,2,1,db9a3eb1-60ce-4217-82b7-79669544f8ce,Keep
00004185,16479,3595,2,0,db9a3eb1-60ce-4217-82b7-79669544f8ce,Keep
00004186,16479,3595,2,0,db9a3eb1-60ce-4217-82b7-79669544f8ce,Keep
00004187,16479,3595,2,1,db9a3eb1-60ce-4217-82b7-79669544f8ce,Keep
00004188,16479,3795,1,1,db9a3eb1-60ce-4217-82b7-79669544f8ce,Keep
00004189,16479,3795,1,1,db9a3eb1-60ce-4217-82b7-79669544f8ce,Keep
00004190,16479,3795,1,0,db9a3eb1-60ce-4217-82b7-79669544f8ce,Keep
00004191,2580,4695,1,1,db9a3eb1-60ce-4217-82b7-79669544f8ce,Keep
00004192,2580,4695,1,0,db9a3eb1-60ce-4217-82b7-79669544f8ce,Keep
00004193,2580,4695,1,1,db9a3eb1-60ce-4217-82b7-79669544f8ce,Keep
00004194,2580,4895,1,1,db9a3eb1-60ce-4217-82b7-79669544f8ce,Keep
00004195,2580,4895,1,1,db9a3eb1-60ce-4217-82b7-79669544f8ce,Keep
00004196,6713,5495,1,1,db9a3eb1-60ce-4217-82b7-79669544f8ce,Keep
00004197,6713,5495,1,0,db9a3eb1-60ce-4217-82b7-79669544f8ce,Keep
00004198,6713,5495,1,0,db9a3eb1-60ce-4217-82b7-79669544f8ce,Keep
00004199,6713,5495,1,0,db9a3eb1-60ce-4217-82b7-79669544f8ce,Keep
00004200,6713,5695,1,1,db9a3eb1-60ce-4217-82b7-79669544f8ce,Keep
00004201,6713,5695,1,0,db9a3eb1-60ce-4217-82b7-79669544f8ce,Keep
00004202,6713,5695,1,1,db9a3eb1-60ce-4217-82b7-79669544f8ce,Keep
00004203,6894,5495,2,2,db9a3eb1-60ce-4217-82b7-79669544f8ce,Keep
00004204,6894,5495,2,1,db9a3eb1-60ce-4217-82b7-79669544f8ce,Keep
00004205,6894,5495,2,1,db9a3eb1-60ce-4217-82b7-79669544f8ce,Keep
00004206,6894,5495,2,2,db9a3eb1-60ce-4217-82b7-79669544f8ce,Keep
00004207,9000,4695,1,1,db9a3eb1-60ce-4217-82b7-79669544f8ce,Keep
00004208,9000,4695,1,1,db9a3eb1-60ce-4217-82b7-79669544f8ce,Keep
00004209,9000,4695,1,1,db9a3eb1-60ce-4217-82b7-79669544f8ce,Keep
00004210,9000,4695,1,1,db9a3eb1-60ce-4217-82b7-79669544f8ce,Keep
00004211,9000,4995,1,1,db9a3eb1-60ce-4217-82b7-79669544f8ce,Keep
00004212,9000,4995,1,1,db9a3eb1-60ce-4217-82b7-79669544f8ce,Keep
00004213,SA-107,18995,1,1,6db34b8f-accd-4087-9e59-381e6aa1c7c4,Keep
00004214,SA-133,20995,1,1,6db34b8f-accd-4087-9e59-381e6aa1c7c4,Keep
00004215,P-2911,14995,1,1,6db34b8f-accd-4087-9e59-381e6aa1c7c4,Keep
00004216,57D,46995,1,1,b4a2818a-7e05-4519-9923-66d76434315d,Keep
00004217,11D,25995,1,1,b4a2818a-7e05-4519-9923-66d76434315d,Keep
00004218,DN-134-S,9595,1,0,b4a2818a-7e05-4519-9923-66d76434315d,Keep
00004219,DN-161-S,27995,1,1,b4a2818a-7e05-4519-9923-66d76434315d,Keep
00004220,DN-132-S,22995,1,1,b4a2818a-7e05-4519-9923-66d76434315d,Keep
00004221,DN-56D,46995,1,1,b4a2818a-7e05-4519-9923-66d76434315d,Keep
00004222,9719-R,72695,1,1,53f7b606-fc0c-4fac-83ee-e452bbca6b4f,Keep
00004223,8308,22495,1,1,1344d5e3-f36f-4b3b-974e-ebb702edc0b6,Keep
00004224,8308,22495,1,1,1344d5e3-f36f-4b3b-974e-ebb702edc0b6,Keep
00004225,8308,22495,1,1,1344d5e3-f36f-4b3b-974e-ebb702edc0b6,Keep
00004226,021-0738,236995.00,1,0,29540ec8-2453-4542-9692-3e995f3c2b64,Keep
00004227,021-0947,178995.00,1,1,29540ec8-2453-4542-9692-3e995f3c2b64,Keep
00004228,021-0959,178995.00,1,1,29540ec8-2453-4542-9692-3e995f3c2b64,Keep
00004229,021-0981,78995,1,1,29540ec8-2453-4542-9692-3e995f3c2b64,Keep
00004230,021-0856,138995.00,1,0,29540ec8-2453-4542-9692-3e995f3c2b64,Keep
00004231,021-0486,88995.00,1,1,29540ec8-2453-4542-9692-3e995f3c2b64,Keep
00004232,021-0840,118995.00,1,1,29540ec8-2453-4542-9692-3e995f3c2b64,Keep
00004233,021-0814,108995.00,1,1,29540ec8-2453-4542-9692-3e995f3c2b64,Keep
00004234,021-0978,78995.00,1,1,29540ec8-2453-4542-9692-3e995f3c2b64,Keep
00004235,021-0983,108995.00,1,1,29540ec8-2453-4542-9692-3e995f3c2b64,Keep
00004236,021-0979,138995.00,1,1,29540ec8-2453-4542-9692-3e995f3c2b64,Keep
00004237,25877,325995,1,1,8a8ae889-c9e1-4ea6-bd39-3b18b8cf3765,Keep
00004238,25112,5895,1,1,a24286b7-1570-475b-b424-7a314a270c81,Keep
00004239,25126,5895,1,1,a24286b7-1570-475b-b424-7a314a270c81,Keep
00004240,25165,6695,1,1,a24286b7-1570-475b-b424-7a314a270c81,Keep
00004241,25175,6695,1,1,a24286b7-1570-475b-b424-7a314a270c81,Keep
00004242,25112,5895,1,1,a24286b7-1570-475b-b424-7a314a270c81,Keep
00004243,25107,5895,2,2,a24286b7-1570-475b-b424-7a314a270c81,Keep
00004244,25154,3195,2,2,a24286b7-1570-475b-b424-7a314a270c81,Keep
00004245,25179,3095,1,1,a24286b7-1570-475b-b424-7a314a270c81,Keep
00004246,25082,3295,2,2,a24286b7-1570-475b-b424-7a314a270c81,Keep
00004247,25112,5895.00,0,0,a24286b7-1570-475b-b424-7a314a270c81,Keep
00004248,25126,5895.00,0,0,a24286b7-1570-475b-b424-7a314a270c81,Keep
00004249,25165,6695.00,0,0,a24286b7-1570-475b-b424-7a314a270c81,Keep
00004250,25175,6695.00,0,0,a24286b7-1570-475b-b424-7a314a270c81,Keep
00004251,25112,5895.00,0,0,a24286b7-1570-475b-b424-7a314a270c81,Keep
00004252,25107,5895.00,0,0,a24286b7-1570-475b-b424-7a314a270c81,Keep
00004253,25154,3195.00,0,0,a24286b7-1570-475b-b424-7a314a270c81,Keep
00004254,25179,3095.00,0,0,a24286b7-1570-475b-b424-7a314a270c81,Keep
00004255,25082,3295.00,0,0,a24286b7-1570-475b-b424-7a314a270c81,Keep
00004256,SU 2510,19195,1,1,3331cb38-c13f-4e9b-980d-9c04cdc27bce,Keep
00004257,SU 2510,19195,1,1,3331cb38-c13f-4e9b-980d-9c04cdc27bce,Keep
00004258,SU 2498A,16795,1,1,3331cb38-c13f-4e9b-980d-9c04cdc27bce,Keep
00004259,SU 2498A,16795,1,1,3331cb38-c13f-4e9b-980d-9c04cdc27bce,Keep
00004260,SU 2488A,18995,1,1,3331cb38-c13f-4e9b-980d-9c04cdc27bce,Keep
00004261,SU 2488A,18995,1,1,3331cb38-c13f-4e9b-980d-9c04cdc27bce,Keep
00004262,SU 2522A,19795,1,1,3331cb38-c13f-4e9b-980d-9c04cdc27bce,Keep
00004263,SU 2491A,17995,1,1,3331cb38-c13f-4e9b-980d-9c04cdc27bce,Keep
00004264,SU  2272D,18795,1,0,3331cb38-c13f-4e9b-980d-9c04cdc27bce,Keep
00004265,SU 2471B,16995,1,1,3331cb38-c13f-4e9b-980d-9c04cdc27bce,Keep
00004266,SU 2471A,17995,1,1,3331cb38-c13f-4e9b-980d-9c04cdc27bce,Keep
00004267,SU 2522,19995,1,0,3331cb38-c13f-4e9b-980d-9c04cdc27bce,Keep
00004268,UR 2548,16695,1,1,3331cb38-c13f-4e9b-980d-9c04cdc27bce,Keep
00004269,SU 6181,25995,1,1,3331cb38-c13f-4e9b-980d-9c04cdc27bce,Keep
00004270,SU 6121,26195,1,1,3331cb38-c13f-4e9b-980d-9c04cdc27bce,Keep
00004271,233/963,29495,1,1,3331cb38-c13f-4e9b-980d-9c04cdc27bce,Keep
00004272,SU 6129,31095,1,1,3331cb38-c13f-4e9b-980d-9c04cdc27bce,Keep
00004273,SU 6192,30095,1,1,3331cb38-c13f-4e9b-980d-9c04cdc27bce,Keep
00004274,SU 6207,30595,1,1,3331cb38-c13f-4e9b-980d-9c04cdc27bce,Keep
00004275,SU 2607,22495,1,1,3331cb38-c13f-4e9b-980d-9c04cdc27bce,Keep
00004276,FF/FANCY,41495,1,1,3331cb38-c13f-4e9b-980d-9c04cdc27bce,Keep
00004277,823,5295.00,1,0,4ba1114e-8544-4e49-96eb-fd0ee856666d,Keep
00004278,823,5295.00,1,1,4ba1114e-8544-4e49-96eb-fd0ee856666d,Keep
00004279,823,5295.00,1,1,4ba1114e-8544-4e49-96eb-fd0ee856666d,Keep
00004280,823,5295.00,1,1,4ba1114e-8544-4e49-96eb-fd0ee856666d,Keep
00004281,823,5295,2,0,4ba1114e-8544-4e49-96eb-fd0ee856666d,Keep
00004282,823,5295,0,0,4ba1114e-8544-4e49-96eb-fd0ee856666d,Keep
00004283,823,5295,1,0,4ba1114e-8544-4e49-96eb-fd0ee856666d,Keep
00004284,823,5295,0,0,4ba1114e-8544-4e49-96eb-fd0ee856666d,Keep
00004285,824,6295.00,1,1,4ba1114e-8544-4e49-96eb-fd0ee856666d,Keep
00004286,824,6295.00,1,1,4ba1114e-8544-4e49-96eb-fd0ee856666d,Keep
00004287,824,6295.00,1,1,4ba1114e-8544-4e49-96eb-fd0ee856666d,Keep
00004288,824,6295.00,1,0,4ba1114e-8544-4e49-96eb-fd0ee856666d,Keep
00004289,824,6295.00,1,0,4ba1114e-8544-4e49-96eb-fd0ee856666d,Keep
00004290,824,6295.00,1,1,4ba1114e-8544-4e49-96eb-fd0ee856666d,Keep
00004291,825,6195.00,1,0,4ba1114e-8544-4e49-96eb-fd0ee856666d,Keep
00004292,825,6195.00,1,0,4ba1114e-8544-4e49-96eb-fd0ee856666d,Keep
00004293,825,6195.00,1,0,4ba1114e-8544-4e49-96eb-fd0ee856666d,Keep
00004294,825,6195.00,1,0,4ba1114e-8544-4e49-96eb-fd0ee856666d,Keep
00004295,825,6195.00,1,0,4ba1114e-8544-4e49-96eb-fd0ee856666d,Keep
00004296,825,6195.00,1,1,4ba1114e-8544-4e49-96eb-fd0ee856666d,Keep
00004297,825,6195.00,1,0,4ba1114e-8544-4e49-96eb-fd0ee856666d,Keep
00004298,825,6195.00,1,0,4ba1114e-8544-4e49-96eb-fd0ee856666d,Keep
00004299,828,7295.00,1,0,4ba1114e-8544-4e49-96eb-fd0ee856666d,Keep
00004300,828,7295.00,1,0,4ba1114e-8544-4e49-96eb-fd0ee856666d,Keep
00004301,828,7295.00,1,0,4ba1114e-8544-4e49-96eb-fd0ee856666d,Keep
00004302,828,7295.00,1,0,4ba1114e-8544-4e49-96eb-fd0ee856666d,Keep
00004303,828,7295.00,2,2,4ba1114e-8544-4e49-96eb-fd0ee856666d,Keep
00004304,828,7295.00,1,1,4ba1114e-8544-4e49-96eb-fd0ee856666d,Keep
00004305,828,7295.00,1,1,4ba1114e-8544-4e49-96eb-fd0ee856666d,Keep
00004306,831,5595.00,1,0,4ba1114e-8544-4e49-96eb-fd0ee856666d,Keep
00004307,831,5595.00,1,0,4ba1114e-8544-4e49-96eb-fd0ee856666d,Keep
00004308,831,5595.00,1,1,4ba1114e-8544-4e49-96eb-fd0ee856666d,Keep
00004309,831,5595.00,1,0,4ba1114e-8544-4e49-96eb-fd0ee856666d,Keep
00004310,831,5595.00,1,1,4ba1114e-8544-4e49-96eb-fd0ee856666d,Keep
00004311,831,5595.00,1,0,4ba1114e-8544-4e49-96eb-fd0ee856666d,Keep
00004312,823,5295,1,0,4ba1114e-8544-4e49-96eb-fd0ee856666d,Keep
00004313,SBF-232,11695.00,3,2,387beb67-5587-4bf5-bad9-10b0dd234fec,Keep
00004314,SBF-227,11895.00,1,1,387beb67-5587-4bf5-bad9-10b0dd234fec,Keep
00004315,SAL-1029,10595.00,1,1,387beb67-5587-4bf5-bad9-10b0dd234fec,Keep
00004316,SPS-080,8295.00,1,1,387beb67-5587-4bf5-bad9-10b0dd234fec,Keep
00004317,SF-248,3295.00,4,4,d37ed0e0-aa7d-45ed-bda3-f44c573d8d48,Keep
00004318,SF-05,2995.00,4,3,d37ed0e0-aa7d-45ed-bda3-f44c573d8d48,Keep
00004319,BS-21,3295.00,4,4,d37ed0e0-aa7d-45ed-bda3-f44c573d8d48,Keep
00004320,BS-22,3295.00,3,3,d37ed0e0-aa7d-45ed-bda3-f44c573d8d48,Keep
00004321,R-8709,3695.00,3,3,d37ed0e0-aa7d-45ed-bda3-f44c573d8d48,Keep
00004322,SF-10,3295.00,3,3,d37ed0e0-aa7d-45ed-bda3-f44c573d8d48,Keep
00004323,BS-09,3295.00,2,2,d37ed0e0-aa7d-45ed-bda3-f44c573d8d48,Keep
00004324,SF-150,3895.00,1,1,d37ed0e0-aa7d-45ed-bda3-f44c573d8d48,Keep
00004325,OF-04,3195.00,1,1,d37ed0e0-aa7d-45ed-bda3-f44c573d8d48,Keep
00004326,VF-466,8495.00,3,3,d37ed0e0-aa7d-45ed-bda3-f44c573d8d48,Keep
00004327,VF-453,8795.00,2,0,d37ed0e0-aa7d-45ed-bda3-f44c573d8d48,Keep
00004328,R-9569,3295.00,2,1,d37ed0e0-aa7d-45ed-bda3-f44c573d8d48,Keep
00004329,IK-83,16195,2,1,3fc74dfe-241e-4ae1-9058-4dd1936a5349,Keep
00004330,IK-83,16195,1,0,3fc74dfe-241e-4ae1-9058-4dd1936a5349,Keep
00004331,IK-83,16195,2,0,3fc74dfe-241e-4ae1-9058-4dd1936a5349,Keep
00004332,IK-83,16195,1,0,3fc74dfe-241e-4ae1-9058-4dd1936a5349,Keep
00004333,104Y,9495,2,2,52de4ab0-17c2-406f-a452-c330013746b4,Keep
00004334,1600N,10395,1,1,52de4ab0-17c2-406f-a452-c330013746b4,Keep
00004335,1605,8895,7,7,52de4ab0-17c2-406f-a452-c330013746b4,Keep
00004336,005E,6195,2,1,52de4ab0-17c2-406f-a452-c330013746b4,Keep
00004337,706,3595,2,2,52de4ab0-17c2-406f-a452-c330013746b4,Keep
00004338,116,8195,2,2,52de4ab0-17c2-406f-a452-c330013746b4,Keep
00004339,124,9395,4,4,52de4ab0-17c2-406f-a452-c330013746b4,Keep
00004340,033,8395,2,1,52de4ab0-17c2-406f-a452-c330013746b4,Keep
00004341,117,8095,2,2,52de4ab0-17c2-406f-a452-c330013746b4,Keep
00004342,097T,3095,5,4,52de4ab0-17c2-406f-a452-c330013746b4,Keep
00004343,040,4195,6,6,52de4ab0-17c2-406f-a452-c330013746b4,Keep
00004344,104-L,12695,3,3,52de4ab0-17c2-406f-a452-c330013746b4,Keep
00004345,500-C,2595,6,5,52de4ab0-17c2-406f-a452-c330013746b4,Keep
00004346,DIS74,7195.00,1,1,262b3dae-0603-464d-b1f9-b16a5a4e70eb,Keep
00004347,DIS74,7195.00,1,0,262b3dae-0603-464d-b1f9-b16a5a4e70eb,Keep
00004348,DIS74,7195.00,1,0,262b3dae-0603-464d-b1f9-b16a5a4e70eb,Keep
00004349,DIS41,7495.00,1,1,262b3dae-0603-464d-b1f9-b16a5a4e70eb,Keep
00004350,DIS41,7495.00,1,0,262b3dae-0603-464d-b1f9-b16a5a4e70eb,Keep
00004351,DIS34,7795.00,2,1,262b3dae-0603-464d-b1f9-b16a5a4e70eb,Keep
00004352,DIS34,7795.00,1,0,262b3dae-0603-464d-b1f9-b16a5a4e70eb,Keep
00004353,HJA65,9595.00,1,0,262b3dae-0603-464d-b1f9-b16a5a4e70eb,Keep
00004354,DIS97,8095.00,1,1,262b3dae-0603-464d-b1f9-b16a5a4e70eb,Keep
00004355,DIS97,8095.00,1,0,262b3dae-0603-464d-b1f9-b16a5a4e70eb,Keep
00004356,DIS97,8095.00,1,0,262b3dae-0603-464d-b1f9-b16a5a4e70eb,Keep
00004357,RDWH368,2395.00,1,1,262b3dae-0603-464d-b1f9-b16a5a4e70eb,Keep
00004358,RDWH368,2395.00,1,1,262b3dae-0603-464d-b1f9-b16a5a4e70eb,Keep
00004359,RDWH368,2395.00,1,1,262b3dae-0603-464d-b1f9-b16a5a4e70eb,Keep
00004360,RDWH 363,2695.00,1,1,262b3dae-0603-464d-b1f9-b16a5a4e70eb,Keep
00004361,RDWH337,2195.00,1,1,262b3dae-0603-464d-b1f9-b16a5a4e70eb,Keep
00004362,RDWH268,1895.00,2,2,262b3dae-0603-464d-b1f9-b16a5a4e70eb,Keep
00004363,RDWH268,1895.00,1,1,262b3dae-0603-464d-b1f9-b16a5a4e70eb,Keep
00004364,RDWH268,1895.00,1,1,262b3dae-0603-464d-b1f9-b16a5a4e70eb,Keep
00004365,RDWH294,2295.00,1,0,262b3dae-0603-464d-b1f9-b16a5a4e70eb,Keep
00004366,RDWH294 B,2295.00,1,0,262b3dae-0603-464d-b1f9-b16a5a4e70eb,Keep
00004367,RDWH294,2295.00,3,1,262b3dae-0603-464d-b1f9-b16a5a4e70eb,Keep
00004368,RDWH253,2095.00,1,1,262b3dae-0603-464d-b1f9-b16a5a4e70eb,Keep
00004369,RDWH253,2095.00,1,1,262b3dae-0603-464d-b1f9-b16a5a4e70eb,Keep
00004370,RDWH357,2095.00,1,0,262b3dae-0603-464d-b1f9-b16a5a4e70eb,Keep
00004371,RDWH357,2095.00,1,0,262b3dae-0603-464d-b1f9-b16a5a4e70eb,Keep
00004372,RDWH357,2095.00,1,1,262b3dae-0603-464d-b1f9-b16a5a4e70eb,Keep
00004373,RDWH301,2195.00,2,1,262b3dae-0603-464d-b1f9-b16a5a4e70eb,Keep
00004374,RDWH301,2195.00,2,0,262b3dae-0603-464d-b1f9-b16a5a4e70eb,Keep
00004375,RDHBT54,8295.00,1,1,262b3dae-0603-464d-b1f9-b16a5a4e70eb,Keep
00004376,RPT43,7795.00,1,0,262b3dae-0603-464d-b1f9-b16a5a4e70eb,Keep
00004377,RDWH294,2295.00,1,1,262b3dae-0603-464d-b1f9-b16a5a4e70eb,Keep
00004378,1,21595,10,7,f3b1ca4d-0786-46b7-94f2-6750ff4f5e55,Keep
00004379,2,19795,12,10,f3b1ca4d-0786-46b7-94f2-6750ff4f5e55,Keep
00004380,1,111595,2,0,d5107333-c9f0-4679-8ae4-d8386ad6465f,Keep
00004381,2,32395,4,4,d5107333-c9f0-4679-8ae4-d8386ad6465f,Keep
00004382,3,4395,3,1,d5107333-c9f0-4679-8ae4-d8386ad6465f,Keep
00004383,4,4695,2,2,d5107333-c9f0-4679-8ae4-d8386ad6465f,Keep
00004384,5,24295,2,1,d5107333-c9f0-4679-8ae4-d8386ad6465f,Keep
00004385,6,15295,3,3,d5107333-c9f0-4679-8ae4-d8386ad6465f,Keep
00004386,1055D-11632,6795.00,1,1,f00c0911-1ce5-43ed-8bbc-64d912391053,Keep
00004387,1055D-11632,6795.00,1,1,f00c0911-1ce5-43ed-8bbc-64d912391053,Keep
00004388,1055D-11632,6795.00,1,1,f00c0911-1ce5-43ed-8bbc-64d912391053,Keep
00004389,1055D-13389,6795.00,1,1,f00c0911-1ce5-43ed-8bbc-64d912391053,Keep
00004390,1055D-13389,6795.00,1,1,f00c0911-1ce5-43ed-8bbc-64d912391053,Keep
00004391,1055D-13389,6795.00,1,1,f00c0911-1ce5-43ed-8bbc-64d912391053,Keep
00004392,1105D-11248,6795.00,1,1,f00c0911-1ce5-43ed-8bbc-64d912391053,Keep
00004393,1105D-11248,6795.00,1,1,f00c0911-1ce5-43ed-8bbc-64d912391053,Keep
00004394,1105D-11504,6795.00,1,1,f00c0911-1ce5-43ed-8bbc-64d912391053,Keep
00004395,1105D-11504,6795,1,0,f00c0911-1ce5-43ed-8bbc-64d912391053,Keep
00004396,1105D-13965,6795.00,1,1,f00c0911-1ce5-43ed-8bbc-64d912391053,Keep
00004397,1101D-11488,7295.00,1,1,f00c0911-1ce5-43ed-8bbc-64d912391053,Keep
00004398,1101D-11488,7295.00,1,1,f00c0911-1ce5-43ed-8bbc-64d912391053,Keep
00004399,1101D-9666,7295.00,1,1,f00c0911-1ce5-43ed-8bbc-64d912391053,Keep
00004400,1091D-13088,13395.00,1,1,f00c0911-1ce5-43ed-8bbc-64d912391053,Keep
00004401,1091D-13088,13395.00,1,1,f00c0911-1ce5-43ed-8bbc-64d912391053,Keep
00004402,1091D-15056,13395.00,1,1,f00c0911-1ce5-43ed-8bbc-64d912391053,Keep
00004403,1091D-15056,13395.00,1,1,f00c0911-1ce5-43ed-8bbc-64d912391053,Keep
00004404,1091D-15817,13395.00,1,1,f00c0911-1ce5-43ed-8bbc-64d912391053,Keep
00004405,1091D-14017,15495,0,0,f00c0911-1ce5-43ed-8bbc-64d912391053,Keep
00004406,1325D-14527,22295.00,1,1,f00c0911-1ce5-43ed-8bbc-64d912391053,Keep
00004407,1325D-14972,22295.00,1,1,f00c0911-1ce5-43ed-8bbc-64d912391053,Keep
00004408,1325D-15291,22295.00,1,1,f00c0911-1ce5-43ed-8bbc-64d912391053,Keep
00004409,1079D-9242,29995.00,1,1,f00c0911-1ce5-43ed-8bbc-64d912391053,Keep
00004410,1079D-3960,32295.00,1,1,f00c0911-1ce5-43ed-8bbc-64d912391053,Keep
00004411,16ASU,8195,3,3,ba13a9ba-6fed-4c05-9c15-a83fa520d237,Keep
00004412,JLM96,11595,2,2,ba13a9ba-6fed-4c05-9c15-a83fa520d237,Keep
00004413,133SU,8795,2,2,ba13a9ba-6fed-4c05-9c15-a83fa520d237,Keep
00004414,345SU,6895,2,2,ba13a9ba-6fed-4c05-9c15-a83fa520d237,Keep
00004415,849ASU,17795,1,1,ba13a9ba-6fed-4c05-9c15-a83fa520d237,Keep
00004416,972ASU,17795,3,3,ba13a9ba-6fed-4c05-9c15-a83fa520d237,Keep
00004417,973ASU,17995,2,2,ba13a9ba-6fed-4c05-9c15-a83fa520d237,Keep
00004418,04ASU,20895,1,1,ba13a9ba-6fed-4c05-9c15-a83fa520d237,Keep
00004419,44ASU,20895,1,1,ba13a9ba-6fed-4c05-9c15-a83fa520d237,Keep
00004420,209SU,11895,2,2,ba13a9ba-6fed-4c05-9c15-a83fa520d237,Keep
00004421,1150SU,13095,2,2,ba13a9ba-6fed-4c05-9c15-a83fa520d237,Keep
00004422,203SU,13695,3,3,ba13a9ba-6fed-4c05-9c15-a83fa520d237,Keep
00004423,JLM92,14395,1,1,ba13a9ba-6fed-4c05-9c15-a83fa520d237,Keep
00004424,JLM95,12595,1,1,ba13a9ba-6fed-4c05-9c15-a83fa520d237,Keep
00004425,JLM94,12595,2,2,ba13a9ba-6fed-4c05-9c15-a83fa520d237,Keep
00004426,AB/084/24,132995,1,1,e2c3db8d-7a89-4fa9-aaa7-1293a47b0f25,Keep
00004427,AB/163/24,196995,1,1,e2c3db8d-7a89-4fa9-aaa7-1293a47b0f25,Keep
00004428,AB/092/24,158995,1,1,e2c3db8d-7a89-4fa9-aaa7-1293a47b0f25,Keep
00004429,RC/SS/571,196995,1,1,e2c3db8d-7a89-4fa9-aaa7-1293a47b0f25,Keep
00004430,AB/139/24A,216995,1,1,e2c3db8d-7a89-4fa9-aaa7-1293a47b0f25,Keep
00004431,AB/117/24A,70995,1,1,e2c3db8d-7a89-4fa9-aaa7-1293a47b0f25,Keep
00004432,AB/162/24,256995,1,1,e2c3db8d-7a89-4fa9-aaa7-1293a47b0f25,Keep
00004433,AB/213/24,196995,1,1,e2c3db8d-7a89-4fa9-aaa7-1293a47b0f25,Keep
00004434,AB/196/24,104995,1,0,e2c3db8d-7a89-4fa9-aaa7-1293a47b0f25,Keep
00004435,SRS/HJA243,9595,1,0,37785cb4-389f-4896-bcc0-5a24ff3580e5,Keep
00004436,SRS/HJA243,9595,1,1,37785cb4-389f-4896-bcc0-5a24ff3580e5,Keep
00004437,SRS/HJA229,10495,1,1,37785cb4-389f-4896-bcc0-5a24ff3580e5,Keep
00004438,SRS/HJA229,10495,1,1,37785cb4-389f-4896-bcc0-5a24ff3580e5,Keep
00004439,SRS/FV186,9595,1,0,37785cb4-389f-4896-bcc0-5a24ff3580e5,Keep
00004440,SRS/FV186,9595,1,1,37785cb4-389f-4896-bcc0-5a24ff3580e5,Keep
00004441,SRS/FV186 C,9595,1,1,37785cb4-389f-4896-bcc0-5a24ff3580e5,Keep
00004442,SRS/FV186,9595,1,1,37785cb4-389f-4896-bcc0-5a24ff3580e5,Keep
00004443,SRS/FV186 P,9595,1,1,37785cb4-389f-4896-bcc0-5a24ff3580e5,Keep
00004444,SRS/FV186,9595,1,1,37785cb4-389f-4896-bcc0-5a24ff3580e5,Keep
00004445,SRS/FV186 P,9595,1,1,37785cb4-389f-4896-bcc0-5a24ff3580e5,Keep
00004446,SRS/FV186 P2,9595,1,1,37785cb4-389f-4896-bcc0-5a24ff3580e5,Keep
00004447,SRS/FV186,9595,1,1,37785cb4-389f-4896-bcc0-5a24ff3580e5,Keep
00004448,SRS/FV186,9595,1,0,37785cb4-389f-4896-bcc0-5a24ff3580e5,Keep
00004449,SRS/FV186 Y,9595,1,0,37785cb4-389f-4896-bcc0-5a24ff3580e5,Keep
00004450,SRS/RDWH371,3095,1,1,37785cb4-389f-4896-bcc0-5a24ff3580e5,Keep
00004451,SRS/RDWH371 G,3095,1,1,37785cb4-389f-4896-bcc0-5a24ff3580e5,Keep
00004452,SRS/RDWH371,3095,1,1,37785cb4-389f-4896-bcc0-5a24ff3580e5,Keep
00004453,SRS/RDWH371,3095,1,1,37785cb4-389f-4896-bcc0-5a24ff3580e5,Keep
00004454,SRS/RDWH793,2295,1,0,37785cb4-389f-4896-bcc0-5a24ff3580e5,Keep
00004455,SRS/RDWH793 P,2295,1,1,37785cb4-389f-4896-bcc0-5a24ff3580e5,Keep
00004456,SRS/RDWH793 P2,2295,1,1,37785cb4-389f-4896-bcc0-5a24ff3580e5,Keep
00004457,SRS/RDWH793,2295,1,0,37785cb4-389f-4896-bcc0-5a24ff3580e5,Keep
00004458,SRS/RDWH793,2295,1,1,37785cb4-389f-4896-bcc0-5a24ff3580e5,Keep
00004459,SRS/RDWH793 P,2295,1,1,37785cb4-389f-4896-bcc0-5a24ff3580e5,Keep
00004460,SRS/RDWH247,2295,1,1,37785cb4-389f-4896-bcc0-5a24ff3580e5,Keep
00004461,SRS/RDWH247,2295,1,1,37785cb4-389f-4896-bcc0-5a24ff3580e5,Keep
00004462,SRS/RDWH247,2295,1,1,37785cb4-389f-4896-bcc0-5a24ff3580e5,Keep
00004463,SRS/RDWH328,2695,1,1,37785cb4-389f-4896-bcc0-5a24ff3580e5,Keep
00004464,SRS/RDWH328,2695,2,2,37785cb4-389f-4896-bcc0-5a24ff3580e5,Keep
00004465,SRS/RDWH328,2695,1,1,37785cb4-389f-4896-bcc0-5a24ff3580e5,Keep
00004466,151-5675,21595.00,1,1,5bc3736e-a14e-4fa2-b6a3-76d507dd4c4a,Keep
00004467,151-5675,21595.00,1,1,5bc3736e-a14e-4fa2-b6a3-76d507dd4c4a,Keep
00004468,151-4304,14395.00,1,1,5bc3736e-a14e-4fa2-b6a3-76d507dd4c4a,Keep
00004469,151-4304,14395.00,1,0,5bc3736e-a14e-4fa2-b6a3-76d507dd4c4a,Keep
00004470,7-201,14895.00,1,1,5bc3736e-a14e-4fa2-b6a3-76d507dd4c4a,Keep
00004471,4-461,17995.00,1,1,5bc3736e-a14e-4fa2-b6a3-76d507dd4c4a,Keep
00004472,4-461,17995.00,1,1,5bc3736e-a14e-4fa2-b6a3-76d507dd4c4a,Keep
00004473,151-5576,17095.00,1,1,5bc3736e-a14e-4fa2-b6a3-76d507dd4c4a,Keep
00004474,151-5576,17095.00,1,1,5bc3736e-a14e-4fa2-b6a3-76d507dd4c4a,Keep
00004475,151-5644,14395.00,1,1,5bc3736e-a14e-4fa2-b6a3-76d507dd4c4a,Keep
00004476,151-5644,14395.00,1,1,5bc3736e-a14e-4fa2-b6a3-76d507dd4c4a,Keep
00004477,7-378,13695.00,1,0,5bc3736e-a14e-4fa2-b6a3-76d507dd4c4a,Keep
00004478,7-378,13695.00,1,1,5bc3736e-a14e-4fa2-b6a3-76d507dd4c4a,Keep
00004479,TP15,7395.00,7,4,5bc3736e-a14e-4fa2-b6a3-76d507dd4c4a,Keep
00004480,TP20,8595.00,2,1,5bc3736e-a14e-4fa2-b6a3-76d507dd4c4a,Keep
00004481,TP20,8595.00,2,0,5bc3736e-a14e-4fa2-b6a3-76d507dd4c4a,Keep
00004482,TP20,8595.00,1,0,5bc3736e-a14e-4fa2-b6a3-76d507dd4c4a,Keep
00004483,TP20,8595.00,1,1,5bc3736e-a14e-4fa2-b6a3-76d507dd4c4a,Keep
00004484,Z05918,46695.00,1,1,5bc3736e-a14e-4fa2-b6a3-76d507dd4c4a,Keep
00004485,151-5097,41295.00,1,1,5bc3736e-a14e-4fa2-b6a3-76d507dd4c4a,Keep
00004486,151-5097,41295.00,1,1,5bc3736e-a14e-4fa2-b6a3-76d507dd4c4a,Keep
00004487,7-543M,152995.00,1,1,5bc3736e-a14e-4fa2-b6a3-76d507dd4c4a,Keep
00004488,151-4848,17295.00,1,0,5bc3736e-a14e-4fa2-b6a3-76d507dd4c4a,Keep
00004489,151-4848,17295.00,1,1,5bc3736e-a14e-4fa2-b6a3-76d507dd4c4a,Keep
00004490,151-5335,21595.00,1,1,5bc3736e-a14e-4fa2-b6a3-76d507dd4c4a,Keep
00004491,3-9,53895.00,1,1,5bc3736e-a14e-4fa2-b6a3-76d507dd4c4a,Keep
00004492,3-34,86495.00,1,1,5bc3736e-a14e-4fa2-b6a3-76d507dd4c4a,Keep
00004493,3-50,101895.00,1,1,5bc3736e-a14e-4fa2-b6a3-76d507dd4c4a,Keep
00004494,151-5194,17995,1,0,5bc3736e-a14e-4fa2-b6a3-76d507dd4c4a,Keep
00004495,151-5194,17995.00,1,1,5bc3736e-a14e-4fa2-b6a3-76d507dd4c4a,Keep
00004496,151-5573,9895.00,1,0,5bc3736e-a14e-4fa2-b6a3-76d507dd4c4a,Keep
00004497,1-G,8895,1,1,b03a509b-dddd-494e-a98c-54d6d5f0c9af,Keep
00004498,1-Y,8895,1,1,b03a509b-dddd-494e-a98c-54d6d5f0c9af,Keep
00004499,1-P,8895,1,1,b03a509b-dddd-494e-a98c-54d6d5f0c9af,Keep
00004500,2-G,8995,1,1,b03a509b-dddd-494e-a98c-54d6d5f0c9af,Keep
00004501,2-P,8995,1,1,b03a509b-dddd-494e-a98c-54d6d5f0c9af,Keep
00004502,2-R,8995,1,1,b03a509b-dddd-494e-a98c-54d6d5f0c9af,Keep
00004503,3-C,7095,1,1,b03a509b-dddd-494e-a98c-54d6d5f0c9af,Keep
00004504,3-C,7095,1,1,b03a509b-dddd-494e-a98c-54d6d5f0c9af,Keep
00004505,3-C,7095,1,0,b03a509b-dddd-494e-a98c-54d6d5f0c9af,Keep
00004506,3-C,7095,1,1,b03a509b-dddd-494e-a98c-54d6d5f0c9af,Keep
00004507,3-B,7095,1,1,b03a509b-dddd-494e-a98c-54d6d5f0c9af,Keep
00004508,3-P,7095,1,1,b03a509b-dddd-494e-a98c-54d6d5f0c9af,Keep
00004509,4-P,13395,1,0,b03a509b-dddd-494e-a98c-54d6d5f0c9af,Keep
00004510,4-Y,13395,1,1,b03a509b-dddd-494e-a98c-54d6d5f0c9af,Keep
00004511,5-B,10795,1,0,b03a509b-dddd-494e-a98c-54d6d5f0c9af,Keep
00004512,6-C,17895,1,1,b03a509b-dddd-494e-a98c-54d6d5f0c9af,Keep
00004513,7-P,13295,1,1,b03a509b-dddd-494e-a98c-54d6d5f0c9af,Keep
00004514,7-P,13295,1,1,b03a509b-dddd-494e-a98c-54d6d5f0c9af,Keep
00004515,7-Y,13295,1,1,b03a509b-dddd-494e-a98c-54d6d5f0c9af,Keep
00004516,8-C,16195,1,1,b03a509b-dddd-494e-a98c-54d6d5f0c9af,Keep
00004517,8-P,16195,1,1,b03a509b-dddd-494e-a98c-54d6d5f0c9af,Keep
00004518,9-C,12595,1,1,b03a509b-dddd-494e-a98c-54d6d5f0c9af,Keep
00004519,10-B,11595,1,1,b03a509b-dddd-494e-a98c-54d6d5f0c9af,Keep
00004520,10-P,11595,1,0,b03a509b-dddd-494e-a98c-54d6d5f0c9af,Keep
00004521,10-Y,11595,1,1,b03a509b-dddd-494e-a98c-54d6d5f0c9af,Keep
00004522,11-C,17795,1,1,b03a509b-dddd-494e-a98c-54d6d5f0c9af,Keep
00004523,12-L,13195,1,1,b03a509b-dddd-494e-a98c-54d6d5f0c9af,Keep
00004524,13-P,8895,1,1,b03a509b-dddd-494e-a98c-54d6d5f0c9af,Keep
00004525,14-Y,14995,1,1,b03a509b-dddd-494e-a98c-54d6d5f0c9af,Keep
00004526,15-C,13495,1,1,b03a509b-dddd-494e-a98c-54d6d5f0c9af,Keep
00004527,16-C,12595,1,1,b03a509b-dddd-494e-a98c-54d6d5f0c9af,Keep
00004528,17-P,8995,1,1,b03a509b-dddd-494e-a98c-54d6d5f0c9af,Keep
00004529,18-P,16195,1,1,b03a509b-dddd-494e-a98c-54d6d5f0c9af,Keep
00004530,19-W,15695,1,1,b03a509b-dddd-494e-a98c-54d6d5f0c9af,Keep
00004531,20-P,7095,1,1,b03a509b-dddd-494e-a98c-54d6d5f0c9af,Keep
00004532,RJ1508,53795,1,0,56582c1d-9ee3-4420-bdb5-70035f817f79,Keep
00004533,4070,12995,1,0,fcfc4cf6-9ecb-4bb5-9d5b-0fc595e61373,Keep
00004534,4070,12995,1,0,fcfc4cf6-9ecb-4bb5-9d5b-0fc595e61373,Keep
00004535,4070,12995,1,0,fcfc4cf6-9ecb-4bb5-9d5b-0fc595e61373,Keep
00004536,1269 F,14595,1,1,fcfc4cf6-9ecb-4bb5-9d5b-0fc595e61373,Keep
00004537,4593 F,19195,1,1,fcfc4cf6-9ecb-4bb5-9d5b-0fc595e61373,Keep
00004538,4593 F,19195,1,1,fcfc4cf6-9ecb-4bb5-9d5b-0fc595e61373,Keep
00004539,1019 F,15595,1,0,fcfc4cf6-9ecb-4bb5-9d5b-0fc595e61373,Keep
00004540,1019 F,15595,1,1,fcfc4cf6-9ecb-4bb5-9d5b-0fc595e61373,Keep
00004541,4042 F,15595,1,0,fcfc4cf6-9ecb-4bb5-9d5b-0fc595e61373,Keep
00004542,4042 F,15595,1,1,fcfc4cf6-9ecb-4bb5-9d5b-0fc595e61373,Keep
00004543,1024,20995,1,1,fcfc4cf6-9ecb-4bb5-9d5b-0fc595e61373,Keep
00004544,PE 58,28795,1,0,8a958b86-e78d-410f-ba2c-4354bb3aa43a,Keep
00004545,10761,23395,1,1,8a958b86-e78d-410f-ba2c-4354bb3aa43a,Keep
00004546,10833,26995,1,0,8a958b86-e78d-410f-ba2c-4354bb3aa43a,Keep
00004547,10976,30595,1,0,8a958b86-e78d-410f-ba2c-4354bb3aa43a,Keep
00004548,11014,27895,1,0,8a958b86-e78d-410f-ba2c-4354bb3aa43a,Keep
00004549,11014,27895,1,1,8a958b86-e78d-410f-ba2c-4354bb3aa43a,Keep
00004550,11101,35995,1,1,8a958b86-e78d-410f-ba2c-4354bb3aa43a,Keep
00004551,436,21595,1,1,8a958b86-e78d-410f-ba2c-4354bb3aa43a,Keep
00004552,21-G,13814.53,1,0,b03a509b-dddd-494e-a98c-54d6d5f0c9af,Keep
00004553,21-P,13995,1,1,b03a509b-dddd-494e-a98c-54d6d5f0c9af,Keep
00004554,21-G,13995,1,0,b03a509b-dddd-494e-a98c-54d6d5f0c9af,Keep
00004555,21-G,13995,1,0,b03a509b-dddd-494e-a98c-54d6d5f0c9af,Keep
00004556,22-P,13995,1,1,b03a509b-dddd-494e-a98c-54d6d5f0c9af,Keep
00004557,22-P,13995,1,0,b03a509b-dddd-494e-a98c-54d6d5f0c9af,Keep
00004558,23-L,13995,1,0,b03a509b-dddd-494e-a98c-54d6d5f0c9af,Keep
00004559,23-P,13995,1,1,b03a509b-dddd-494e-a98c-54d6d5f0c9af,Keep
00004560,23-G,13995,1,1,b03a509b-dddd-494e-a98c-54d6d5f0c9af,Keep
00004561,23-P,13995,1,1,b03a509b-dddd-494e-a98c-54d6d5f0c9af,Keep
00004562,24-B,13995,1,0,b03a509b-dddd-494e-a98c-54d6d5f0c9af,Keep
00004563,24-L,13995,1,1,b03a509b-dddd-494e-a98c-54d6d5f0c9af,Keep
00004564,24-P,13995,1,1,b03a509b-dddd-494e-a98c-54d6d5f0c9af,Keep
00004565,25-G,14395,1,0,b03a509b-dddd-494e-a98c-54d6d5f0c9af,Keep
00004566,25-P,14395,1,0,b03a509b-dddd-494e-a98c-54d6d5f0c9af,Keep
00004567,25-P,14380,1,1,b03a509b-dddd-494e-a98c-54d6d5f0c9af,Keep
00004568,26-B,13795,1,0,b03a509b-dddd-494e-a98c-54d6d5f0c9af,Keep
00004569,26-G,13795,1,1,b03a509b-dddd-494e-a98c-54d6d5f0c9af,Keep
00004570,26-G,13795,1,1,b03a509b-dddd-494e-a98c-54d6d5f0c9af,Keep
00004571,26-L,13795,1,1,b03a509b-dddd-494e-a98c-54d6d5f0c9af,Keep
00004572,27-G,14195,1,0,b03a509b-dddd-494e-a98c-54d6d5f0c9af,Keep
00004573,27-P,14195,1,1,b03a509b-dddd-494e-a98c-54d6d5f0c9af,Keep
00004574,27-Y,14195,1,0,b03a509b-dddd-494e-a98c-54d6d5f0c9af,Keep
00004575,28-L,15195,1,1,b03a509b-dddd-494e-a98c-54d6d5f0c9af,Keep
00004576,28-P,15195,1,1,b03a509b-dddd-494e-a98c-54d6d5f0c9af,Keep
00004577,29-P,13995,1,1,b03a509b-dddd-494e-a98c-54d6d5f0c9af,Keep
00004578,29-P,13995,1,1,b03a509b-dddd-494e-a98c-54d6d5f0c9af,Keep
00004579,29-G,13995,1,1,b03a509b-dddd-494e-a98c-54d6d5f0c9af,Keep
00004580,30-B,14395,1,1,b03a509b-dddd-494e-a98c-54d6d5f0c9af,Keep
00004581,30-P,14395,1,1,b03a509b-dddd-494e-a98c-54d6d5f0c9af,Keep
00004582,31-P,13195,1,0,b03a509b-dddd-494e-a98c-54d6d5f0c9af,Keep
00004583,31-Y,13195,1,1,b03a509b-dddd-494e-a98c-54d6d5f0c9af,Keep
00004584,32-B,13995,1,0,b03a509b-dddd-494e-a98c-54d6d5f0c9af,Keep
00004585,32-P,13995,1,1,b03a509b-dddd-494e-a98c-54d6d5f0c9af,Keep
00004586,32-W,13995,1,0,b03a509b-dddd-494e-a98c-54d6d5f0c9af,Keep
00004587,33-P,14195,1,0,b03a509b-dddd-494e-a98c-54d6d5f0c9af,Keep
00004588,34-P,13595,1,1,b03a509b-dddd-494e-a98c-54d6d5f0c9af,Keep
00004589,35-B,9995,1,1,b03a509b-dddd-494e-a98c-54d6d5f0c9af,Keep
00004590,1,26195,6,6,a45c3981-cfa9-4d93-9087-37eec10ad7ef,Keep
00004591,2,18995,1,1,a45c3981-cfa9-4d93-9087-37eec10ad7ef,Keep
00004592,3,47995,6,4,a45c3981-cfa9-4d93-9087-37eec10ad7ef,Keep
00004593,4,45995,1,1,a45c3981-cfa9-4d93-9087-37eec10ad7ef,Keep
00004594,5,40995,1,0,a45c3981-cfa9-4d93-9087-37eec10ad7ef,Keep
00004595,6,60195,2,2,a45c3981-cfa9-4d93-9087-37eec10ad7ef,Keep
00004596,7,83495,1,1,a45c3981-cfa9-4d93-9087-37eec10ad7ef,Keep
00004597,8,101995,1,1,a45c3981-cfa9-4d93-9087-37eec10ad7ef,Keep
00004598,9,83495,1,1,a45c3981-cfa9-4d93-9087-37eec10ad7ef,Keep
00004599,10,87495,1,1,a45c3981-cfa9-4d93-9087-37eec10ad7ef,Keep
00004600,11,22495,3,3,a45c3981-cfa9-4d93-9087-37eec10ad7ef,Keep
00004601,12,24495,2,2,a45c3981-cfa9-4d93-9087-37eec10ad7ef,Keep
00004602,13,26095,9,9,a45c3981-cfa9-4d93-9087-37eec10ad7ef,Keep
00004603,14,14095,9,9,a45c3981-cfa9-4d93-9087-37eec10ad7ef,Keep
00004604,15,8595,6,6,a45c3981-cfa9-4d93-9087-37eec10ad7ef,Keep
00004605,16476,2995,2,0,2b858e57-0b68-40d9-85b5-a95fcdd2be83,Keep
00004606,16476,2995,2,1,2b858e57-0b68-40d9-85b5-a95fcdd2be83,Keep
00004607,16476,2995,2,0,2b858e57-0b68-40d9-85b5-a95fcdd2be83,Keep
00004608,16476,2995,2,2,2b858e57-0b68-40d9-85b5-a95fcdd2be83,Keep
00004609,16476-2,3195,1,1,2b858e57-0b68-40d9-85b5-a95fcdd2be83,Keep
00004610,16476-2,3195,1,0,2b858e57-0b68-40d9-85b5-a95fcdd2be83,Keep
00004611,6903,3595,2,0,2b858e57-0b68-40d9-85b5-a95fcdd2be83,Keep
00004612,6903,3595,2,0,2b858e57-0b68-40d9-85b5-a95fcdd2be83,Keep
00004613,6903,3595,2,0,2b858e57-0b68-40d9-85b5-a95fcdd2be83,Keep
00004614,6903,3595,2,0,2b858e57-0b68-40d9-85b5-a95fcdd2be83,Keep
00004615,6903-2,3895,1,0,2b858e57-0b68-40d9-85b5-a95fcdd2be83,Keep
00004616,6903 NB,3595,2,0,2b858e57-0b68-40d9-85b5-a95fcdd2be83,Keep
00004617,6903 NB,3595,2,0,2b858e57-0b68-40d9-85b5-a95fcdd2be83,Keep
00004618,6903 NB,3595,2,0,2b858e57-0b68-40d9-85b5-a95fcdd2be83,Keep
00004619,6903 NB,3595,2,0,2b858e57-0b68-40d9-85b5-a95fcdd2be83,Keep
00004620,6903 NB2,3895,1,0,2b858e57-0b68-40d9-85b5-a95fcdd2be83,Keep
00004621,6903 OP,3595,2,0,2b858e57-0b68-40d9-85b5-a95fcdd2be83,Keep
00004622,6903 OP,3595,2,0,2b858e57-0b68-40d9-85b5-a95fcdd2be83,Keep
00004623,6903 OP,3595,2,0,2b858e57-0b68-40d9-85b5-a95fcdd2be83,Keep
00004624,6903 OP,3595,2,0,2b858e57-0b68-40d9-85b5-a95fcdd2be83,Keep
00004625,6903 OP2,3895,1,0,2b858e57-0b68-40d9-85b5-a95fcdd2be83,Keep
00004626,6906,3594.99,2,0,2b858e57-0b68-40d9-85b5-a95fcdd2be83,Keep
00004627,6906,3594.99,2,0,2b858e57-0b68-40d9-85b5-a95fcdd2be83,Keep
00004628,6906,3594.99,2,0,2b858e57-0b68-40d9-85b5-a95fcdd2be83,Keep
00004629,6906-2,3895,1,0,2b858e57-0b68-40d9-85b5-a95fcdd2be83,Keep
00004630,9001,5095,1,0,2b858e57-0b68-40d9-85b5-a95fcdd2be83,Keep
00004631,9001,5095,2,0,2b858e57-0b68-40d9-85b5-a95fcdd2be83,Keep
00004632,9001,5095,2,0,2b858e57-0b68-40d9-85b5-a95fcdd2be83,Keep
00004633,9001,5095,2,2,2b858e57-0b68-40d9-85b5-a95fcdd2be83,Keep
00004634,9001-B,5395,1,1,2b858e57-0b68-40d9-85b5-a95fcdd2be83,Keep
00004635,9001-B,5395,1,1,2b858e57-0b68-40d9-85b5-a95fcdd2be83,Keep
00004636,1,111995,1,0,206b4c51-86d0-46fb-bf68-64dac27983ff,Keep
00004637,2,122395,1,0,206b4c51-86d0-46fb-bf68-64dac27983ff,Keep
00004638,3,25295,2,1,206b4c51-86d0-46fb-bf68-64dac27983ff,Keep
00004639,3,20695,1,1,206b4c51-86d0-46fb-bf68-64dac27983ff,Keep
00004640,5,26095,3,2,206b4c51-86d0-46fb-bf68-64dac27983ff,Keep
00004641,6,28995.00,1,1,206b4c51-86d0-46fb-bf68-64dac27983ff,Keep
00004642,1,8095,3,3,5dd3022d-f1ae-4275-8bab-e51726c56e55,Keep
00004643,2,9995,7,6,5dd3022d-f1ae-4275-8bab-e51726c56e55,Keep
00004644,3,16295,6,3,5dd3022d-f1ae-4275-8bab-e51726c56e55,Keep
00004645,4,19895.00,1,1,5dd3022d-f1ae-4275-8bab-e51726c56e55,Keep
00004646,5,16195.00,1,0,5dd3022d-f1ae-4275-8bab-e51726c56e55,Keep
00004647,1,5095,8,6,8e3ac2b4-536c-4fe3-8226-a09744957d0d,Keep
00004648,2,19995,2,1,8e3ac2b4-536c-4fe3-8226-a09744957d0d,Keep
00004649,3,16295.00,0,0,5dd3022d-f1ae-4275-8bab-e51726c56e55,Keep
00004650,LK153,8995.00,1,1,e301e415-2aaf-4a77-aba3-2fed4ca15c7e,Keep
00004651,LK153,8995.00,1,1,e301e415-2aaf-4a77-aba3-2fed4ca15c7e,Keep
00004652,LK153,8995.00,1,1,e301e415-2aaf-4a77-aba3-2fed4ca15c7e,Keep
00004653,LK153,8995.00,1,1,e301e415-2aaf-4a77-aba3-2fed4ca15c7e,Keep
00004654,LK153,8995.00,1,1,e301e415-2aaf-4a77-aba3-2fed4ca15c7e,Keep
00004655,LK165,8595,0,0,e301e415-2aaf-4a77-aba3-2fed4ca15c7e,Keep
00004656,LK165,8595,0,0,e301e415-2aaf-4a77-aba3-2fed4ca15c7e,Keep
00004657,LK165,8595,0,0,e301e415-2aaf-4a77-aba3-2fed4ca15c7e,Keep
00004658,LK165,8595,0,0,e301e415-2aaf-4a77-aba3-2fed4ca15c7e,Keep
00004659,LK165,8595.00,0,0,e301e415-2aaf-4a77-aba3-2fed4ca15c7e,Keep
00004660,LK165,8595.00,0,0,e301e415-2aaf-4a77-aba3-2fed4ca15c7e,Keep
00004661,LK165,8595.00,1,1,e301e415-2aaf-4a77-aba3-2fed4ca15c7e,Keep
00004662,LK165,8595.00,1,1,e301e415-2aaf-4a77-aba3-2fed4ca15c7e,Keep
00004663,3PST022,13795.00,1,0,e301e415-2aaf-4a77-aba3-2fed4ca15c7e,Keep
00004664,3PST022,13795.00,1,1,e301e415-2aaf-4a77-aba3-2fed4ca15c7e,Keep
00004665,3PST022,13795.00,1,1,e301e415-2aaf-4a77-aba3-2fed4ca15c7e,Keep
00004666,ST136,7295.00,1,0,e301e415-2aaf-4a77-aba3-2fed4ca15c7e,Keep
00004667,ST136,7295.00,1,0,e301e415-2aaf-4a77-aba3-2fed4ca15c7e,Keep
00004668,ST136,7295.00,1,1,e301e415-2aaf-4a77-aba3-2fed4ca15c7e,Keep
00004669,ST136,7295.00,1,1,e301e415-2aaf-4a77-aba3-2fed4ca15c7e,Keep
00004670,ST136,7295.00,1,1,e301e415-2aaf-4a77-aba3-2fed4ca15c7e,Keep
00004671,ST136,7295.00,1,1,e301e415-2aaf-4a77-aba3-2fed4ca15c7e,Keep
00004672,ST136,7295.00,1,1,e301e415-2aaf-4a77-aba3-2fed4ca15c7e,Keep
00004673,ST136,7295.00,1,1,e301e415-2aaf-4a77-aba3-2fed4ca15c7e,Keep
00004674,ST136,7295.00,2,1,e301e415-2aaf-4a77-aba3-2fed4ca15c7e,Keep
00004675,ST157,9595.00,1,0,e301e415-2aaf-4a77-aba3-2fed4ca15c7e,Keep
00004676,ST157,9595.00,1,1,e301e415-2aaf-4a77-aba3-2fed4ca15c7e,Keep
00004677,ST157,9595.00,1,1,e301e415-2aaf-4a77-aba3-2fed4ca15c7e,Keep
00004678,ST157,9595.00,1,1,e301e415-2aaf-4a77-aba3-2fed4ca15c7e,Keep
00004679,ST157,9595.00,1,1,e301e415-2aaf-4a77-aba3-2fed4ca15c7e,Keep
00004680,ST159,7695.00,1,1,e301e415-2aaf-4a77-aba3-2fed4ca15c7e,Keep
00004681,ST159,7695.00,1,0,e301e415-2aaf-4a77-aba3-2fed4ca15c7e,Keep
00004682,ST159,7695.00,2,1,e301e415-2aaf-4a77-aba3-2fed4ca15c7e,Keep
00004683,ST159,7695.00,1,0,e301e415-2aaf-4a77-aba3-2fed4ca15c7e,Keep
00004684,ST159,7695.00,1,0,e301e415-2aaf-4a77-aba3-2fed4ca15c7e,Keep
00004685,ST159,7695.00,1,1,e301e415-2aaf-4a77-aba3-2fed4ca15c7e,Keep
00004686,ST159,7695.00,1,1,e301e415-2aaf-4a77-aba3-2fed4ca15c7e,Keep
00004687,ST159,7695.00,1,1,e301e415-2aaf-4a77-aba3-2fed4ca15c7e,Keep
00004688,1,21595.00,0,0,f3b1ca4d-0786-46b7-94f2-6750ff4f5e55,Keep
00004689,2,9995.00,0,0,5dd3022d-f1ae-4275-8bab-e51726c56e55,Keep
00004690,C-967,21595.00,1,1,e9209af9-de0a-4399-b791-eeaa5c1ec4e4,Keep
00004691,C-994 R,23995.00,1,1,e9209af9-de0a-4399-b791-eeaa5c1ec4e4,Keep
00004692,P-3020 R,18995.00,1,0,e9209af9-de0a-4399-b791-eeaa5c1ec4e4,Keep
00004693,P-3020 R,18995.00,1,0,e9209af9-de0a-4399-b791-eeaa5c1ec4e4,Keep
00004694,P-2831,18195.00,1,0,e9209af9-de0a-4399-b791-eeaa5c1ec4e4,Keep
00004695,P-2831,18395.00,1,0,e9209af9-de0a-4399-b791-eeaa5c1ec4e4,Keep
00004696,P-2972,17795.00,1,0,e9209af9-de0a-4399-b791-eeaa5c1ec4e4,Keep
00004697,P-2806,17795.00,1,0,e9209af9-de0a-4399-b791-eeaa5c1ec4e4,Keep
00004698,SA-130,23995.00,1,1,e9209af9-de0a-4399-b791-eeaa5c1ec4e4,Keep
00004699,P-2911,14995.00,1,1,e9209af9-de0a-4399-b791-eeaa5c1ec4e4,Keep
00004700,P-2911,14995.00,1,0,e9209af9-de0a-4399-b791-eeaa5c1ec4e4,Keep
00004701,P-3086,8995.00,1,1,e9209af9-de0a-4399-b791-eeaa5c1ec4e4,Keep
00004702,P-3086,8995.00,1,0,e9209af9-de0a-4399-b791-eeaa5c1ec4e4,Keep
00004703,P-3086,9195.00,1,0,e9209af9-de0a-4399-b791-eeaa5c1ec4e4,Keep
00004704,13157,7395,2,2,db3a0184-3ae9-4acc-a28e-1e8dcb906e7c,Keep
00004705,13157,7395,1,1,db3a0184-3ae9-4acc-a28e-1e8dcb906e7c,Keep
00004706,13163,8595,2,2,db3a0184-3ae9-4acc-a28e-1e8dcb906e7c,Keep
00004707,13163,8595,1,1,db3a0184-3ae9-4acc-a28e-1e8dcb906e7c,Keep
00004708,13168,7395,2,1,db3a0184-3ae9-4acc-a28e-1e8dcb906e7c,Keep
00004709,13168,7395,1,1,db3a0184-3ae9-4acc-a28e-1e8dcb906e7c,Keep
00004710,13155,8595,2,2,db3a0184-3ae9-4acc-a28e-1e8dcb906e7c,Keep
00004711,13155,8595,1,1,db3a0184-3ae9-4acc-a28e-1e8dcb906e7c,Keep
00004712,13156,8595,2,1,db3a0184-3ae9-4acc-a28e-1e8dcb906e7c,Keep
00004713,13156,8595,1,1,db3a0184-3ae9-4acc-a28e-1e8dcb906e7c,Keep
00004714,13161,8595,1,0,db3a0184-3ae9-4acc-a28e-1e8dcb906e7c,Keep
00004715,13161,8595,2,2,db3a0184-3ae9-4acc-a28e-1e8dcb906e7c,Keep
00004716,SS--15723,17995,0,0,db3a0184-3ae9-4acc-a28e-1e8dcb906e7c,Keep
00004717,SS--15723,17995,0,0,db3a0184-3ae9-4acc-a28e-1e8dcb906e7c,Keep
00004718,13153,13995,2,2,db3a0184-3ae9-4acc-a28e-1e8dcb906e7c,Keep
00004719,IK-79,13995,1,1,db3a0184-3ae9-4acc-a28e-1e8dcb906e7c,Keep
00004720,IK-79,13995,1,0,db3a0184-3ae9-4acc-a28e-1e8dcb906e7c,Keep
00004721,LK165,8695,4,4,e301e415-2aaf-4a77-aba3-2fed4ca15c7e,Keep
00004722,LK165,8695,2,2,e301e415-2aaf-4a77-aba3-2fed4ca15c7e,Keep
00004723,LK165,8695,1,1,e301e415-2aaf-4a77-aba3-2fed4ca15c7e,Keep
00004724,1 S,5095,0,0,d7742f78-f43c-4e10-9889-a281015b3518,Keep
00004725,143123,1695,25,21,0d7b13f4-18d7-42dd-96bb-07b0342af2c8,Keep
00004726,143552SP,17095,1,1,0d7b13f4-18d7-42dd-96bb-07b0342af2c8,Keep
00004727,143552SP-5,18895,1,1,0d7b13f4-18d7-42dd-96bb-07b0342af2c8,Keep
00004728,143552SP-5,18895,1,1,0d7b13f4-18d7-42dd-96bb-07b0342af2c8,Keep
00004729,143552SP-6,17095,1,1,0d7b13f4-18d7-42dd-96bb-07b0342af2c8,Keep
00004730,144241B,20695,1,1,0d7b13f4-18d7-42dd-96bb-07b0342af2c8,Keep
00004731,144241B-8,26095,1,1,0d7b13f4-18d7-42dd-96bb-07b0342af2c8,Keep
00004732,144241B-9,22495,1,1,0d7b13f4-18d7-42dd-96bb-07b0342af2c8,Keep
00004733,144241B-10,22495,1,0,0d7b13f4-18d7-42dd-96bb-07b0342af2c8,Keep
00004734,144241B-11,22495,2,2,0d7b13f4-18d7-42dd-96bb-07b0342af2c8,Keep
00004735,144241 JJ,20695,1,1,0d7b13f4-18d7-42dd-96bb-07b0342af2c8,Keep
00004736,144241 JJ-13,20695,1,0,0d7b13f4-18d7-42dd-96bb-07b0342af2c8,Keep
00004737,144241 JJ -14,20695,2,1,0d7b13f4-18d7-42dd-96bb-07b0342af2c8,Keep
00004738,144252,26095,1,1,0d7b13f4-18d7-42dd-96bb-07b0342af2c8,Keep
00004739,144252-16,26095,1,0,0d7b13f4-18d7-42dd-96bb-07b0342af2c8,Keep
00004740,144252-17,26095,1,1,0d7b13f4-18d7-42dd-96bb-07b0342af2c8,Keep
00004741,144252-18,26095,2,2,0d7b13f4-18d7-42dd-96bb-07b0342af2c8,Keep
00004742,144515,13095,2,2,0d7b13f4-18d7-42dd-96bb-07b0342af2c8,Keep
00004743,144545,11695,2,1,0d7b13f4-18d7-42dd-96bb-07b0342af2c8,Keep
00004744,144672,13495,2,2,0d7b13f4-18d7-42dd-96bb-07b0342af2c8,Keep
00004745,1,26195,6,6,25a1d5ed-ea1d-44ed-831a-c490a01af392,Keep
00004746,2,24495,4,3,25a1d5ed-ea1d-44ed-831a-c490a01af392,Keep
00004747,3,27995,2,2,25a1d5ed-ea1d-44ed-831a-c490a01af392,Keep
00004748,4,29995,1,1,25a1d5ed-ea1d-44ed-831a-c490a01af392,Keep
00004749,5,62995,1,1,25a1d5ed-ea1d-44ed-831a-c490a01af392,Keep
00004750,6,44995,3,3,25a1d5ed-ea1d-44ed-831a-c490a01af392,Keep
00004751,7,107995,1,1,25a1d5ed-ea1d-44ed-831a-c490a01af392,Keep
00004752,8,134995,2,2,25a1d5ed-ea1d-44ed-831a-c490a01af392,Keep
00004753,9,89995,1,1,25a1d5ed-ea1d-44ed-831a-c490a01af392,Keep
00004754,10,80995,1,1,25a1d5ed-ea1d-44ed-831a-c490a01af392,Keep
00004755,11,71995,1,1,25a1d5ed-ea1d-44ed-831a-c490a01af392,Keep
00004756,12,206995,1,1,25a1d5ed-ea1d-44ed-831a-c490a01af392,Keep
00004757,13,51295,1,1,25a1d5ed-ea1d-44ed-831a-c490a01af392,Keep
00004758,14,38695,1,1,25a1d5ed-ea1d-44ed-831a-c490a01af392,Keep
00004759,15,33395,1,1,25a1d5ed-ea1d-44ed-831a-c490a01af392,Keep
00004760,16,22495,9,9,25a1d5ed-ea1d-44ed-831a-c490a01af392,Keep
00004761,17,7195,8,2,25a1d5ed-ea1d-44ed-831a-c490a01af392,Keep
00004762,18,8995,1,0,25a1d5ed-ea1d-44ed-831a-c490a01af392,Keep
00004763,19,9495,5,4,25a1d5ed-ea1d-44ed-831a-c490a01af392,Keep
00004764,20,12995,1,1,25a1d5ed-ea1d-44ed-831a-c490a01af392,Keep
00004765,21,80995,1,1,25a1d5ed-ea1d-44ed-831a-c490a01af392,Keep
00004766,22,92195,1,1,25a1d5ed-ea1d-44ed-831a-c490a01af392,Keep
00004767,IRT/KC/328,7395,2,1,8b94e687-0529-4795-a051-601d20eccd05,Keep
00004768,IRT/KC/328,7395,1,1,8b94e687-0529-4795-a051-601d20eccd05,Keep
00004769,IRT/KC/327,7395,2,2,8b94e687-0529-4795-a051-601d20eccd05,Keep
00004770,IRT/KC/327,7395,1,1,8b94e687-0529-4795-a051-601d20eccd05,Keep
00004771,IRT/DR/278,8595,1,0,8b94e687-0529-4795-a051-601d20eccd05,Keep
00004772,IRT/KC/332,7395,2,1,8b94e687-0529-4795-a051-601d20eccd05,Keep
00004773,IRT/KC/332,7395,1,1,8b94e687-0529-4795-a051-601d20eccd05,Keep
00004774,IRT/KC/324,7395,4,3,8b94e687-0529-4795-a051-601d20eccd05,Keep
00004775,IRT/KC/324,7395,2,2,8b94e687-0529-4795-a051-601d20eccd05,Keep
00004776,15714,13395,2,1,c1362f07-db3e-49fa-9e3e-3bc7e135f4ad,Keep
00004777,15714,13395,1,1,c1362f07-db3e-49fa-9e3e-3bc7e135f4ad,Keep
00004778,15714,13395,2,2,c1362f07-db3e-49fa-9e3e-3bc7e135f4ad,Keep
00004779,15714,13395,1,1,c1362f07-db3e-49fa-9e3e-3bc7e135f4ad,Keep
00004780,645,12595,1,0,c1362f07-db3e-49fa-9e3e-3bc7e135f4ad,Keep
00004781,645,12595,1,0,c1362f07-db3e-49fa-9e3e-3bc7e135f4ad,Keep
00004782,644,17995,1,1,c1362f07-db3e-49fa-9e3e-3bc7e135f4ad,Keep
00004783,644,17995,1,0,c1362f07-db3e-49fa-9e3e-3bc7e135f4ad,Keep
00004784,644,17995,1,0,c1362f07-db3e-49fa-9e3e-3bc7e135f4ad,Keep
00004785,13153,13995,0,0,db3a0184-3ae9-4acc-a28e-1e8dcb906e7c,Keep
00004786,278,8595,1,0,c1362f07-db3e-49fa-9e3e-3bc7e135f4ad,Keep
00004787,229,14995,1,0,c1362f07-db3e-49fa-9e3e-3bc7e135f4ad,Keep
00004788,262,14195,1,0,c1362f07-db3e-49fa-9e3e-3bc7e135f4ad,Keep
00004789,262,14195,1,0,c1362f07-db3e-49fa-9e3e-3bc7e135f4ad,Keep
00004790,315,15995,1,1,c1362f07-db3e-49fa-9e3e-3bc7e135f4ad,Keep
00004791,316,10795,1,0,c1362f07-db3e-49fa-9e3e-3bc7e135f4ad,Keep
00004792,314,10994.98,1,1,c1362f07-db3e-49fa-9e3e-3bc7e135f4ad,Keep
00004793,317,9195,1,1,c1362f07-db3e-49fa-9e3e-3bc7e135f4ad,Keep
00004794,DS-1147,27995,1,0,f5bff8d8-e062-445d-b76f-6c6f3b9d3003,Keep
00004795,IW-1310,27995.00,1,1,f5bff8d8-e062-445d-b76f-6c6f3b9d3003,Keep
00004796,IW-1362,25995.00,1,0,f5bff8d8-e062-445d-b76f-6c6f3b9d3003,Keep
00004797,IW-1384X,29995.00,1,0,f5bff8d8-e062-445d-b76f-6c6f3b9d3003,Keep
00004798,NDDS-08,47995.00,1,1,f5bff8d8-e062-445d-b76f-6c6f3b9d3003,Keep
00004799,S11034,28795.00,1,1,f5bff8d8-e062-445d-b76f-6c6f3b9d3003,Keep
00004800,S9678M,21595.00,1,0,f5bff8d8-e062-445d-b76f-6c6f3b9d3003,Keep
00004801,101,42795,1,0,077b2b77-c776-4877-b373-3b8526149f09,Keep
00004802,101-B,4695,1,0,077b2b77-c776-4877-b373-3b8526149f09,Keep
00004803,12,40195,1,1,077b2b77-c776-4877-b373-3b8526149f09,Keep
00004804,12-B,3495,1,0,077b2b77-c776-4877-b373-3b8526149f09,Keep
00004805,205,42195,2,2,077b2b77-c776-4877-b373-3b8526149f09,Keep
00004806,205-B,3495,2,1,077b2b77-c776-4877-b373-3b8526149f09,Keep
00004807,15,41495,1,1,077b2b77-c776-4877-b373-3b8526149f09,Keep
00004808,15-B,3494.99,1,0,077b2b77-c776-4877-b373-3b8526149f09,Keep
00004809,28,47495,1,1,077b2b77-c776-4877-b373-3b8526149f09,Keep
00004810,28-B,3495,1,0,077b2b77-c776-4877-b373-3b8526149f09,Keep
00004811,64,41495,1,0,077b2b77-c776-4877-b373-3b8526149f09,Keep
00004812,64-B,3495,1,1,077b2b77-c776-4877-b373-3b8526149f09,Keep
00004813,103,40795,1,0,46ef6398-3dc6-4f9b-9a57-1c7cf2295139,Keep
00004814,103-B,3495,1,0,46ef6398-3dc6-4f9b-9a57-1c7cf2295139,Keep
00004815,102,42795,1,0,46ef6398-3dc6-4f9b-9a57-1c7cf2295139,Keep
00004816,102-B,4695,1,1,46ef6398-3dc6-4f9b-9a57-1c7cf2295139,Keep
00004817,68,36995,1,0,46ef6398-3dc6-4f9b-9a57-1c7cf2295139,Keep
00004818,68-B,4695,1,1,46ef6398-3dc6-4f9b-9a57-1c7cf2295139,Keep
00004819,104,40895,1,1,46ef6398-3dc6-4f9b-9a57-1c7cf2295139,Keep
00004820,104-B,4695,1,0,46ef6398-3dc6-4f9b-9a57-1c7cf2295139,Keep
00004821,86,44795,1,0,46ef6398-3dc6-4f9b-9a57-1c7cf2295139,Keep
00004822,86-B,4695,1,1,46ef6398-3dc6-4f9b-9a57-1c7cf2295139,Keep
00004823,CCRS/25/105,44395.00,2,2,872b2512-9491-4110-834b-3a8faccc0b5f,Keep
00004824,CCRS/25/105,4695.00,0,0,872b2512-9491-4110-834b-3a8faccc0b5f,Keep
00004825,CCRS/25/65,40395.00,1,0,872b2512-9491-4110-834b-3a8faccc0b5f,Keep
00004826,CCRS/25/65,4695.00,1,1,872b2512-9491-4110-834b-3a8faccc0b5f,Keep
00004827,CCRS/25/210,43595.00,2,3,872b2512-9491-4110-834b-3a8faccc0b5f,Keep
00004828,CCRS/25/210,3495.00,0,0,872b2512-9491-4110-834b-3a8faccc0b5f,Keep
00004829,CCRS/25/209,43995.00,2,2,872b2512-9491-4110-834b-3a8faccc0b5f,Keep
00004830,CCRS/25/209,3495.00,0,0,872b2512-9491-4110-834b-3a8faccc0b5f,Keep
00004831,1A,12195.00,8,8,de89e44b-d4dc-495c-9620-c09c8cd28a97,Keep
00004832,1,10995.00,37,29,de89e44b-d4dc-495c-9620-c09c8cd28a97,Keep
00004833,2,4995.00,25,25,de89e44b-d4dc-495c-9620-c09c8cd28a97,Keep
00004834,3,5995.00,5,5,de89e44b-d4dc-495c-9620-c09c8cd28a97,Keep
00004835,4340,24495.00,1,1,598e31ca-5d21-4c8a-bdb4-6ea2b3e8016b,Keep
00004836,4153,25195.00,1,0,598e31ca-5d21-4c8a-bdb4-6ea2b3e8016b,Keep
00004837,4233,15795.00,1,1,598e31ca-5d21-4c8a-bdb4-6ea2b3e8016b,Keep
00004838,4337,17795.00,1,0,598e31ca-5d21-4c8a-bdb4-6ea2b3e8016b,Keep
00004839,4337,17795.00,1,0,598e31ca-5d21-4c8a-bdb4-6ea2b3e8016b,Keep
00004840,4278,23395.00,1,1,598e31ca-5d21-4c8a-bdb4-6ea2b3e8016b,Keep
00004841,4289,13095.00,2,1,598e31ca-5d21-4c8a-bdb4-6ea2b3e8016b,Keep
00004842,4300,20195.00,3,2,598e31ca-5d21-4c8a-bdb4-6ea2b3e8016b,Keep
00004843,4308,30395.00,1,1,598e31ca-5d21-4c8a-bdb4-6ea2b3e8016b,Keep
00004844,4291,16095.00,2,0,598e31ca-5d21-4c8a-bdb4-6ea2b3e8016b,Keep
00004845,4288,18395.00,1,0,598e31ca-5d21-4c8a-bdb4-6ea2b3e8016b,Keep
00004846,4230,6195.00,1,0,598e31ca-5d21-4c8a-bdb4-6ea2b3e8016b,Keep
00004847,4331,6995.00,3,1,598e31ca-5d21-4c8a-bdb4-6ea2b3e8016b,Keep
00004848,4329,5995.00,2,1,598e31ca-5d21-4c8a-bdb4-6ea2b3e8016b,Keep
00004849,4316,6595.00,2,1,598e31ca-5d21-4c8a-bdb4-6ea2b3e8016b,Keep
00004850,4317,5595.00,2,0,598e31ca-5d21-4c8a-bdb4-6ea2b3e8016b,Keep
00004851,4315,6095.00,3,0,598e31ca-5d21-4c8a-bdb4-6ea2b3e8016b,Keep
00004852,4298,6395.00,2,0,598e31ca-5d21-4c8a-bdb4-6ea2b3e8016b,Keep
00004853,4276,6395.00,2,0,598e31ca-5d21-4c8a-bdb4-6ea2b3e8016b,Keep
00004854,4268,6395.00,4,1,598e31ca-5d21-4c8a-bdb4-6ea2b3e8016b,Keep
00004855,4267,5995.00,3,0,598e31ca-5d21-4c8a-bdb4-6ea2b3e8016b,Keep
00004856,4264,5795,2,0,598e31ca-5d21-4c8a-bdb4-6ea2b3e8016b,Keep
00004857,4264,5795.00,1,0,598e31ca-5d21-4c8a-bdb4-6ea2b3e8016b,Keep
00004858,4278,21195.00,1,0,598e31ca-5d21-4c8a-bdb4-6ea2b3e8016b,Keep
00004859,4241,6595.00,1,0,598e31ca-5d21-4c8a-bdb4-6ea2b3e8016b,Keep
00004860,V-1928S,21795.00,1,1,8bd21ee6-a5b8-413e-848c-9e6fd59ba72e,Keep
00004861,V-2013,34995.00,1,1,8bd21ee6-a5b8-413e-848c-9e6fd59ba72e,Keep
00004862,1508,9295.00,1,0,752bf348-054d-460e-8c32-d1683e7ea52e,Keep
00004863,1431,9195,1,0,752bf348-054d-460e-8c32-d1683e7ea52e,Keep
00004864,1431,9195.00,1,1,752bf348-054d-460e-8c32-d1683e7ea52e,Keep
00004865,1431,9195.00,1,0,752bf348-054d-460e-8c32-d1683e7ea52e,Keep
00004866,1431,9195.00,1,1,752bf348-054d-460e-8c32-d1683e7ea52e,Keep
00004867,D619,5895,3,3,5c102102-66cf-4f16-9105-77d8a35676f5,Keep
00004868,D2237,11695,2,2,5c102102-66cf-4f16-9105-77d8a35676f5,Keep
00004869,D42,5795,2,2,5c102102-66cf-4f16-9105-77d8a35676f5,Keep
00004870,D2058,13195,2,0,5c102102-66cf-4f16-9105-77d8a35676f5,Keep
00004871,D2359,10195,2,2,5c102102-66cf-4f16-9105-77d8a35676f5,Keep
00004872,D2307,13495,2,2,5c102102-66cf-4f16-9105-77d8a35676f5,Keep
00004873,D2304,11795,2,2,5c102102-66cf-4f16-9105-77d8a35676f5,Keep
00004874,D1204,7795,3,0,5c102102-66cf-4f16-9105-77d8a35676f5,Keep
00004875,D707,19595,1,1,5c102102-66cf-4f16-9105-77d8a35676f5,Keep
00004876,8278-R,31995,1,1,880d6b73-26d4-41c5-a1f3-655a0065256e,Keep
00004877,316-R,23995.00,1,1,4136c09b-dd97-4b9e-a5d9-cbaa4d65b1f3,Keep
00004878,9872-R,81995.00,1,1,4136c09b-dd97-4b9e-a5d9-cbaa4d65b1f3,Keep
00004879,7975-R,20595.00,1,1,4136c09b-dd97-4b9e-a5d9-cbaa4d65b1f3,Keep
00004880,2419,23595.00,1,0,b00266a6-f8c8-4a57-a52c-778f142df73a,Keep
00004881,2413,23595.00,1,1,b00266a6-f8c8-4a57-a52c-778f142df73a,Keep
00004882,252520,225995.00,1,1,45df5511-a9dd-4110-b32e-026c0e01fbcc,Keep
00004883,D-2251,5695,1,0,cc931400-cd7e-4960-9d14-21b0ed0d1d21,Keep
00004884,D-2251,5695,1,0,cc931400-cd7e-4960-9d14-21b0ed0d1d21,Keep
00004885,D-2251,5695,1,0,cc931400-cd7e-4960-9d14-21b0ed0d1d21,Keep
00004886,D-799,5995,0,0,cc931400-cd7e-4960-9d14-21b0ed0d1d21,Keep
00004887,D-799,5995.00,0,0,cc931400-cd7e-4960-9d14-21b0ed0d1d21,Keep
00004888,D-799,5995,1,0,cc931400-cd7e-4960-9d14-21b0ed0d1d21,Keep
00004889,D-2334,6595,1,0,cc931400-cd7e-4960-9d14-21b0ed0d1d21,Keep
00004890,D-2334,6595,1,0,cc931400-cd7e-4960-9d14-21b0ed0d1d21,Keep
00004891,D-2334,6595,1,0,cc931400-cd7e-4960-9d14-21b0ed0d1d21,Keep
00004892,D-2334,6595,1,0,cc931400-cd7e-4960-9d14-21b0ed0d1d21,Keep
00004893,D-2297,7295,1,0,cc931400-cd7e-4960-9d14-21b0ed0d1d21,Keep
00004894,D-2297,7295,1,1,cc931400-cd7e-4960-9d14-21b0ed0d1d21,Keep
00004895,D-2021,10395,1,0,cc931400-cd7e-4960-9d14-21b0ed0d1d21,Keep
00004896,D-2021,10395,1,1,cc931400-cd7e-4960-9d14-21b0ed0d1d21,Keep
00004897,D-2021,10395,1,0,cc931400-cd7e-4960-9d14-21b0ed0d1d21,Keep
00004898,D-2327,11195,1,0,cc931400-cd7e-4960-9d14-21b0ed0d1d21,Keep
00004899,DC-251505`,257995.00,1,1,15c5167d-4304-43e3-90b5-1ec4a4300abc,Keep
00004900,620419,135195.00,1,0,bd235549-6521-4f9d-acb2-b58270f0e8c9,Keep
00004901,D-799,5995,1,0,cc931400-cd7e-4960-9d14-21b0ed0d1d21,Keep
00004902,DM-47,63995.00,1,1,0e228568-3e3d-43d0-9577-2063f7facdbc,Keep
00004903,DP-1587,77995.00,1,1,0e228568-3e3d-43d0-9577-2063f7facdbc,Keep
00004904,1091D-14017,15495.00,1,1,f00c0911-1ce5-43ed-8bbc-64d912391053,Keep
00004905,M-9122,21995.00,1,1,91c2acaa-5957-411f-b432-40ef74c0ed1f,Keep
00004906,M-9125,30195.00,1,1,91c2acaa-5957-411f-b432-40ef74c0ed1f,Keep
00004907,1546,15095.00,1,1,fbb39d70-73ee-47ab-b360-c105259d0c2f,Keep
00004908,1546,15095.00,1,1,fbb39d70-73ee-47ab-b360-c105259d0c2f,Keep
00004909,1546,15095.00,3,3,fbb39d70-73ee-47ab-b360-c105259d0c2f,Keep
00004910,4561 ORG,17295.00,2,2,fbb39d70-73ee-47ab-b360-c105259d0c2f,Keep
00004911,4561 ORG,17295.00,2,2,fbb39d70-73ee-47ab-b360-c105259d0c2f,Keep
00004912,1171 MUL,10195.00,2,2,fbb39d70-73ee-47ab-b360-c105259d0c2f,Keep
00004913,1171 MUL,10195.00,1,1,fbb39d70-73ee-47ab-b360-c105259d0c2f,Keep
00004914,4791,8795.00,3,3,fbb39d70-73ee-47ab-b360-c105259d0c2f,Keep
00004915,4762,9195.00,1,1,fbb39d70-73ee-47ab-b360-c105259d0c2f,Keep
00004916,4762,9195.00,1,1,fbb39d70-73ee-47ab-b360-c105259d0c2f,Keep
00004917,4762,9195.00,1,0,fbb39d70-73ee-47ab-b360-c105259d0c2f,Keep
00004918,4762,9195.00,1,0,fbb39d70-73ee-47ab-b360-c105259d0c2f,Keep
00004919,1508,9295.00,2,1,fbb39d70-73ee-47ab-b360-c105259d0c2f,Keep
00004920,1508,9295.00,2,0,fbb39d70-73ee-47ab-b360-c105259d0c2f,Keep
00004921,4452,5695.00,1,0,fbb39d70-73ee-47ab-b360-c105259d0c2f,Keep
00004922,4452,5695.00,1,0,fbb39d70-73ee-47ab-b360-c105259d0c2f,Keep
00004923,4454,6195.00,3,2,fbb39d70-73ee-47ab-b360-c105259d0c2f,Keep
00004924,4840,7195.00,1,0,fbb39d70-73ee-47ab-b360-c105259d0c2f,Keep
00004925,4840,7195.00,1,1,fbb39d70-73ee-47ab-b360-c105259d0c2f,Keep
00004926,1540,7195.00,3,2,fbb39d70-73ee-47ab-b360-c105259d0c2f,Keep
00004927,DES-6475,12595.00,1,0,c80318fc-9d84-4f9f-b9c9-a5a68bcbc011,Keep
00004928,DES-6475,12195.00,1,1,c80318fc-9d84-4f9f-b9c9-a5a68bcbc011,Keep
00004929,DES-6461,17995.00,1,0,c80318fc-9d84-4f9f-b9c9-a5a68bcbc011,Keep
00004930,DES-6495,14595.00,1,1,c80318fc-9d84-4f9f-b9c9-a5a68bcbc011,Keep
00004931,DES-6495,14595.00,1,0,c80318fc-9d84-4f9f-b9c9-a5a68bcbc011,Keep
00004932,A48123,21995,1,0,65838088-f4f2-4e94-be8f-bfffeebe874a,Keep
00004933,13182,5395,2,2,88c785f8-8adb-4db5-937d-af5c349701fb,Keep
00004934,13182-Y,5395,1,1,88c785f8-8adb-4db5-937d-af5c349701fb,Keep
00004935,13182-Y1,5395,1,1,88c785f8-8adb-4db5-937d-af5c349701fb,Keep
00004936,13164,7395,2,1,88c785f8-8adb-4db5-937d-af5c349701fb,Keep
00004937,1364-1,7395,1,1,88c785f8-8adb-4db5-937d-af5c349701fb,Keep
00004938,IRT-DR-278,8595,1,0,88c785f8-8adb-4db5-937d-af5c349701fb,Keep
00004939,IRT-278,8595,1,0,88c785f8-8adb-4db5-937d-af5c349701fb,Keep
00004940,13160,6395,1,1,88c785f8-8adb-4db5-937d-af5c349701fb,Keep
00004941,3134,10195.00,1,1,87209aa8-008f-4a49-a911-55e1535565c4,Keep
00004942,3134,10195.00,1,1,87209aa8-008f-4a49-a911-55e1535565c4,Keep
00004943,2512,10595.00,1,1,87209aa8-008f-4a49-a911-55e1535565c4,Keep
00004944,2512,10595.00,1,1,87209aa8-008f-4a49-a911-55e1535565c4,Keep
00004945,3092,8995.00,1,1,87209aa8-008f-4a49-a911-55e1535565c4,Keep
00004946,3092,8995.00,1,1,87209aa8-008f-4a49-a911-55e1535565c4,Keep
00004947,2605-BX,10195.00,1,1,87209aa8-008f-4a49-a911-55e1535565c4,Keep
00004948,2605-BX,10195.00,1,1,87209aa8-008f-4a49-a911-55e1535565c4,Keep
00004949,2605-BX,10195.00,1,1,87209aa8-008f-4a49-a911-55e1535565c4,Keep
00004950,2605-BX,10195.00,1,0,87209aa8-008f-4a49-a911-55e1535565c4,Keep
00004951,2836,10595.00,1,1,87209aa8-008f-4a49-a911-55e1535565c4,Keep
00004952,2836,10595.00,1,1,87209aa8-008f-4a49-a911-55e1535565c4,Keep
00004953,2836,10595.00,1,1,87209aa8-008f-4a49-a911-55e1535565c4,Keep
00004954,2836,10595.00,1,1,87209aa8-008f-4a49-a911-55e1535565c4,Keep
00004955,3093,10195.00,1,1,87209aa8-008f-4a49-a911-55e1535565c4,Keep
00004956,3093,10195.00,1,1,87209aa8-008f-4a49-a911-55e1535565c4,Keep
00004957,3070-BX,12895.00,1,1,87209aa8-008f-4a49-a911-55e1535565c4,Keep
00004958,3070-BX,12895.00,1,1,87209aa8-008f-4a49-a911-55e1535565c4,Keep
00004959,3070-BX,12895.00,1,1,87209aa8-008f-4a49-a911-55e1535565c4,Keep
00004960,3028-BX,7495.00,1,1,87209aa8-008f-4a49-a911-55e1535565c4,Keep
00004961,3028-BX,7495.00,1,1,87209aa8-008f-4a49-a911-55e1535565c4,Keep
00004962,3028-BX,7495.00,1,1,87209aa8-008f-4a49-a911-55e1535565c4,Keep
00004963,1385,9895.00,2,1,fbb39d70-73ee-47ab-b360-c105259d0c2f,Keep
00004964,4834,6295.00,1,1,fbb39d70-73ee-47ab-b360-c105259d0c2f,Keep
00004965,4834,6295.00,1,1,fbb39d70-73ee-47ab-b360-c105259d0c2f,Keep
00004966,4834,6295.00,1,1,fbb39d70-73ee-47ab-b360-c105259d0c2f,Keep
00004967,4356,11595.00,4,2,fbb39d70-73ee-47ab-b360-c105259d0c2f,Keep
00004968,1363,9295.00,2,1,fbb39d70-73ee-47ab-b360-c105259d0c2f,Keep
00004969,4760,12195.00,3,2,fbb39d70-73ee-47ab-b360-c105259d0c2f,Keep
00004970,4768,9195.00,2,2,fbb39d70-73ee-47ab-b360-c105259d0c2f,Keep
00004971,4768,9195.00,3,3,fbb39d70-73ee-47ab-b360-c105259d0c2f,Keep
00004972,4816,6195.00,4,3,fbb39d70-73ee-47ab-b360-c105259d0c2f,Keep
00004973,1546-18,9795.00,3,1,fbb39d70-73ee-47ab-b360-c105259d0c2f,Keep
00004974,4224,6995.00,4,3,fbb39d70-73ee-47ab-b360-c105259d0c2f,Keep
00004975,4223,6995.00,3,3,fbb39d70-73ee-47ab-b360-c105259d0c2f,Keep
00004976,4758,6995.00,1,1,fbb39d70-73ee-47ab-b360-c105259d0c2f,Keep
00004977,4237,6995.00,1,1,fbb39d70-73ee-47ab-b360-c105259d0c2f,Keep
00004978,4770,10095.00,3,1,fbb39d70-73ee-47ab-b360-c105259d0c2f,Keep
00004979,HM85,3195.00,3,3,31753bf1-1831-4281-a2e8-e0dcc9114d7c,Keep
00004980,BD65,2895.00,3,3,31753bf1-1831-4281-a2e8-e0dcc9114d7c,Keep
00004981,GW39,2595.00,2,2,31753bf1-1831-4281-a2e8-e0dcc9114d7c,Keep
00004982,HF420,3195.00,2,0,31753bf1-1831-4281-a2e8-e0dcc9114d7c,Keep
00004983,GW28,2495.00,4,1,31753bf1-1831-4281-a2e8-e0dcc9114d7c,Keep
00004984,GI-189,2195.00,3,3,31753bf1-1831-4281-a2e8-e0dcc9114d7c,Keep
00004985,K2985,3895.00,3,2,31753bf1-1831-4281-a2e8-e0dcc9114d7c,Keep
00004986,HG37,3995.00,3,3,31753bf1-1831-4281-a2e8-e0dcc9114d7c,Keep
00004987,K2989,3195.00,3,3,31753bf1-1831-4281-a2e8-e0dcc9114d7c,Keep
00004988,HF346,4595.00,5,5,31753bf1-1831-4281-a2e8-e0dcc9114d7c,Keep
00004989,GW42,3095.00,4,3,31753bf1-1831-4281-a2e8-e0dcc9114d7c,Keep
00004990,BI-95A,3495.00,5,5,31753bf1-1831-4281-a2e8-e0dcc9114d7c,Keep
00004991,E-2631,4195.00,2,2,31753bf1-1831-4281-a2e8-e0dcc9114d7c,Keep
00004992,GW40,2595.00,4,1,31753bf1-1831-4281-a2e8-e0dcc9114d7c,Keep
00004993,DA1451,4095.00,1,1,31753bf1-1831-4281-a2e8-e0dcc9114d7c,Keep
00004994,DA1479,4095.00,1,0,31753bf1-1831-4281-a2e8-e0dcc9114d7c,Keep
00004995,V-5098S,25595.00,1,1,368fc30f-2d0e-4ef8-a08f-23e8e3adab2b,Keep
00004996,V-2121L,33795.00,1,0,368fc30f-2d0e-4ef8-a08f-23e8e3adab2b,Keep
00004997,583,5295,1,1,4efeac94-51c4-4083-8508-88281993b901,Keep
00004998,583,5295,1,0,4efeac94-51c4-4083-8508-88281993b901,Keep
00004999,583,5295,1,0,4efeac94-51c4-4083-8508-88281993b901,Keep
00005000,583,5295,1,0,4efeac94-51c4-4083-8508-88281993b901,Keep
00005001,583,5295,1,1,4efeac94-51c4-4083-8508-88281993b901,Keep
00005002,583-2,5595,1,1,4efeac94-51c4-4083-8508-88281993b901,Keep
00005003,583-2,5595,1,0,4efeac94-51c4-4083-8508-88281993b901,Keep
00005004,621,5595,1,0,4efeac94-51c4-4083-8508-88281993b901,Keep
00005005,621,5595,1,1,4efeac94-51c4-4083-8508-88281993b901,Keep
00005006,621,5595,1,0,4efeac94-51c4-4083-8508-88281993b901,Keep
00005007,621,5595,1,0,4efeac94-51c4-4083-8508-88281993b901,Keep
00005008,621,5595,1,0,4efeac94-51c4-4083-8508-88281993b901,Keep
00005009,621-4,5895,1,0,4efeac94-51c4-4083-8508-88281993b901,Keep
00005010,621-4,5895,1,0,4efeac94-51c4-4083-8508-88281993b901,Keep
00005011,3827,7995,1,0,4efeac94-51c4-4083-8508-88281993b901,Keep
00005012,3827,7995,1,1,4efeac94-51c4-4083-8508-88281993b901,Keep
00005013,3827,7995,1,0,4efeac94-51c4-4083-8508-88281993b901,Keep
00005014,3827,7995,1,0,4efeac94-51c4-4083-8508-88281993b901,Keep
00005015,3827,7995,1,0,4efeac94-51c4-4083-8508-88281993b901,Keep
00005016,3827-6,8295,1,0,4efeac94-51c4-4083-8508-88281993b901,Keep
00005017,3827-6,8295,1,1,4efeac94-51c4-4083-8508-88281993b901,Keep
00005018,3858,8395,1,1,4efeac94-51c4-4083-8508-88281993b901,Keep
00005019,3858,8395,1,1,4efeac94-51c4-4083-8508-88281993b901,Keep
00005020,3858,8395,1,1,4efeac94-51c4-4083-8508-88281993b901,Keep
00005021,3858,8395,1,0,4efeac94-51c4-4083-8508-88281993b901,Keep
00005022,3858,8395,1,0,4efeac94-51c4-4083-8508-88281993b901,Keep
00005023,3858-8,8695,1,0,4efeac94-51c4-4083-8508-88281993b901,Keep
00005024,3858-8,8695,1,0,4efeac94-51c4-4083-8508-88281993b901,Keep
00005025,022,4295,1,0,4efeac94-51c4-4083-8508-88281993b901,Keep
00005026,K-2919,3595.00,1,0,17abc176-a573-4696-b7b3-a525178be24d,Keep
00005027,K-2919,3595.00,1,0,17abc176-a573-4696-b7b3-a525178be24d,Keep
00005028,K-2919,3595.00,1,1,17abc176-a573-4696-b7b3-a525178be24d,Keep
00005029,K-3008,4595,1,1,17abc176-a573-4696-b7b3-a525178be24d,Keep
00005030,K-3008,4595,1,1,17abc176-a573-4696-b7b3-a525178be24d,Keep
00005031,K-3008,4595.00,1,1,17abc176-a573-4696-b7b3-a525178be24d,Keep
00005032,K-3007,4595.00,1,1,17abc176-a573-4696-b7b3-a525178be24d,Keep
00005033,K-3007,4595.00,1,1,17abc176-a573-4696-b7b3-a525178be24d,Keep
00005034,K-3007,4595.00,1,1,17abc176-a573-4696-b7b3-a525178be24d,Keep
00005035,K-2711,4995.00,1,1,17abc176-a573-4696-b7b3-a525178be24d,Keep
00005036,K-2711,4995,1,0,17abc176-a573-4696-b7b3-a525178be24d,Keep
00005037,K-2711,4995,1,1,17abc176-a573-4696-b7b3-a525178be24d,Keep
00005038,HD-21,5295.00,1,1,17abc176-a573-4696-b7b3-a525178be24d,Keep
00005039,HD-21,5295.00,1,0,17abc176-a573-4696-b7b3-a525178be24d,Keep
00005040,HD-21,5295.00,1,0,17abc176-a573-4696-b7b3-a525178be24d,Keep
00005041,HD-28,5195.00,1,1,17abc176-a573-4696-b7b3-a525178be24d,Keep
00005042,HD-28,5195.00,1,0,17abc176-a573-4696-b7b3-a525178be24d,Keep
00005043,K-2941,3595.00,1,1,17abc176-a573-4696-b7b3-a525178be24d,Keep
00005044,K-2941,3595.00,1,0,17abc176-a573-4696-b7b3-a525178be24d,Keep
00005045,K-2941,3595.00,1,0,17abc176-a573-4696-b7b3-a525178be24d,Keep
00005046,K-2941,3595.00,1,1,17abc176-a573-4696-b7b3-a525178be24d,Keep
00005047,DA-1706,5695.00,1,1,17abc176-a573-4696-b7b3-a525178be24d,Keep
00005048,DA-1706,5695.00,1,1,17abc176-a573-4696-b7b3-a525178be24d,Keep
00005049,DA-1706,5695.00,1,1,17abc176-a573-4696-b7b3-a525178be24d,Keep
00005050,K-2978,4595.00,1,1,17abc176-a573-4696-b7b3-a525178be24d,Keep
00005051,K-2978,4595.00,1,1,17abc176-a573-4696-b7b3-a525178be24d,Keep
00005052,K-2978,4595.00,1,1,17abc176-a573-4696-b7b3-a525178be24d,Keep
00005053,Y-363,5095,1,0,17abc176-a573-4696-b7b3-a525178be24d,Keep
00005054,Y-363,5095.00,1,1,17abc176-a573-4696-b7b3-a525178be24d,Keep
00005055,Y-363,5095.00,1,0,17abc176-a573-4696-b7b3-a525178be24d,Keep
00005056,Y-363,5095.00,1,1,17abc176-a573-4696-b7b3-a525178be24d,Keep
00005057,Y-363,5095.00,1,1,17abc176-a573-4696-b7b3-a525178be24d,Keep
00005058,HF-4,3995,1,1,17abc176-a573-4696-b7b3-a525178be24d,Keep
00005059,HF-4,3995,1,1,17abc176-a573-4696-b7b3-a525178be24d,Keep
00005060,HF-4,3995,1,1,17abc176-a573-4696-b7b3-a525178be24d,Keep
00005061,HF-4,3995,1,1,17abc176-a573-4696-b7b3-a525178be24d,Keep
00005062,HF-4,3995.00,1,1,17abc176-a573-4696-b7b3-a525178be24d,Keep
00005063,HF-4,3995,1,1,17abc176-a573-4696-b7b3-a525178be24d,Keep
00005064,HF-327,4395.00,1,1,17abc176-a573-4696-b7b3-a525178be24d,Keep
00005065,HF-327,4395.00,1,1,17abc176-a573-4696-b7b3-a525178be24d,Keep
00005066,HF-327,4395.00,1,1,17abc176-a573-4696-b7b3-a525178be24d,Keep
00005067,HF-346,4695.00,1,1,17abc176-a573-4696-b7b3-a525178be24d,Keep
00005068,8419,20995,1,1,2f97bcc2-a2e4-4132-8b19-2f7829e86cde,Keep
00005069,7434,10995,1,0,2f97bcc2-a2e4-4132-8b19-2f7829e86cde,Keep
00005070,8251,25995,1,1,2f97bcc2-a2e4-4132-8b19-2f7829e86cde,Keep
00005071,8250,25995,1,0,2f97bcc2-a2e4-4132-8b19-2f7829e86cde,Keep
00005072,7231,13995,1,0,2f97bcc2-a2e4-4132-8b19-2f7829e86cde,Keep
00005073,7220-A,17995,1,1,2f97bcc2-a2e4-4132-8b19-2f7829e86cde,Keep
00005074,7220-B,17995,1,1,2f97bcc2-a2e4-4132-8b19-2f7829e86cde,Keep
00005075,7426,13995,1,0,2f97bcc2-a2e4-4132-8b19-2f7829e86cde,Keep
00005076,8222,33995,1,1,2f97bcc2-a2e4-4132-8b19-2f7829e86cde,Keep
00005077,7242,13995,1,0,2f97bcc2-a2e4-4132-8b19-2f7829e86cde,Keep
00005078,7428,16990,1,0,2f97bcc2-a2e4-4132-8b19-2f7829e86cde,Keep
00005079,7429,13995,1,0,2f97bcc2-a2e4-4132-8b19-2f7829e86cde,Keep
00005080,7264-A,10995,1,0,2f97bcc2-a2e4-4132-8b19-2f7829e86cde,Keep
00005081,7264-B,10995,1,1,2f97bcc2-a2e4-4132-8b19-2f7829e86cde,Keep
00005082,7408,17995,1,0,2f97bcc2-a2e4-4132-8b19-2f7829e86cde,Keep
00005083,7459,13995,1,0,2f97bcc2-a2e4-4132-8b19-2f7829e86cde,Keep
00005084,7454,13995,1,0,2f97bcc2-a2e4-4132-8b19-2f7829e86cde,Keep
00005085,7232,13995,1,1,2f97bcc2-a2e4-4132-8b19-2f7829e86cde,Keep
00005086,7453,13995,1,1,2f97bcc2-a2e4-4132-8b19-2f7829e86cde,Keep
00005087,7433,10995,1,0,2f97bcc2-a2e4-4132-8b19-2f7829e86cde,Keep
00005088,1/7,3095.00,2,1,4fe8b2e5-9b93-4a51-bf4f-83f84d1db2e4,Keep
00005089,1/7,3095.00,2,2,4fe8b2e5-9b93-4a51-bf4f-83f84d1db2e4,Keep
00005090,1/7,3095.00,3,1,4fe8b2e5-9b93-4a51-bf4f-83f84d1db2e4,Keep
00005091,2/4,5195.00,4,4,4fe8b2e5-9b93-4a51-bf4f-83f84d1db2e4,Keep
00005092,3/4,3395.00,2,2,4fe8b2e5-9b93-4a51-bf4f-83f84d1db2e4,Keep
00005093,3/4,3395.00,2,1,4fe8b2e5-9b93-4a51-bf4f-83f84d1db2e4,Keep
00005094,4/4,5795.00,4,2,4fe8b2e5-9b93-4a51-bf4f-83f84d1db2e4,Keep
00005095,5/3,3395.00,3,3,4fe8b2e5-9b93-4a51-bf4f-83f84d1db2e4,Keep
00005096,S20/3403,32995.00,1,0,242b1ce4-800e-4261-b11c-3dc5cbf8ea02,Keep
00005097,S20/3470,24995.00,1,1,242b1ce4-800e-4261-b11c-3dc5cbf8ea02,Keep
00005098,S20/2031,56995.00,1,0,242b1ce4-800e-4261-b11c-3dc5cbf8ea02,Keep
00005099,SKE28185,5295.00,3,3,6cb4156b-7057-4810-9c79-53bf9249b337,Keep
00005100,SKE28309,5295.00,4,2,6cb4156b-7057-4810-9c79-53bf9249b337,Keep
00005101,SKE28261,5795.00,4,1,6cb4156b-7057-4810-9c79-53bf9249b337,Keep
00005102,SKE28274,6495.00,5,1,6cb4156b-7057-4810-9c79-53bf9249b337,Keep
00005103,744,15595.00,1,0,f2cac717-bdb9-4970-9d0a-b3ac714e7d5c,Keep
00005104,744,15595.00,1,1,f2cac717-bdb9-4970-9d0a-b3ac714e7d5c,Keep
00005105,745,15595.00,1,1,f2cac717-bdb9-4970-9d0a-b3ac714e7d5c,Keep
00005106,745,15595.00,1,1,f2cac717-bdb9-4970-9d0a-b3ac714e7d5c,Keep
00005107,FC81405,5195.00,3,0,cfdf6b42-d823-473a-8fb1-ec516ada44e0,Keep
00005108,FC139,4495.00,3,2,cfdf6b42-d823-473a-8fb1-ec516ada44e0,Keep
00005109,FC138,4495.00,3,3,cfdf6b42-d823-473a-8fb1-ec516ada44e0,Keep
00005110,FC122,4095.00,3,3,cfdf6b42-d823-473a-8fb1-ec516ada44e0,Keep
00005111,FC107,5195.00,3,1,cfdf6b42-d823-473a-8fb1-ec516ada44e0,Keep
00005112,FC104,3695.00,3,3,cfdf6b42-d823-473a-8fb1-ec516ada44e0,Keep
00005113,FC129,5195.00,3,3,cfdf6b42-d823-473a-8fb1-ec516ada44e0,Keep
00005114,TS157,7995.00,3,3,cfdf6b42-d823-473a-8fb1-ec516ada44e0,Keep
00005115,NS130,4595.00,3,3,cfdf6b42-d823-473a-8fb1-ec516ada44e0,Keep
00005116,MP1037,3295.00,4,4,cfdf6b42-d823-473a-8fb1-ec516ada44e0,Keep
00005117,FC111,4795.00,3,0,cfdf6b42-d823-473a-8fb1-ec516ada44e0,Keep
00005118,DT149,8195.00,3,3,cfdf6b42-d823-473a-8fb1-ec516ada44e0,Keep
00005119,8800/4242,51295,0,0,70f04739-d0f1-429b-9951-04c3a4b64c23,Keep
00005120,8800/4039,69295,0,0,70f04739-d0f1-429b-9951-04c3a4b64c23,Keep
00005121,PN-7887,117995.00,1,1,635797ee-fc88-47b4-8d0f-3e17c3c39926,Keep
00005122,PN-7906,49995.00,1,1,635797ee-fc88-47b4-8d0f-3e17c3c39926,Keep
00005123,1/12,4395.00,3,2,c4f34dba-c90b-4758-9d93-1ee1127825e7,Keep
00005124,1/12,4395.00,4,4,c4f34dba-c90b-4758-9d93-1ee1127825e7,Keep
00005125,1/12,4395.00,5,4,c4f34dba-c90b-4758-9d93-1ee1127825e7,Keep
00005126,2/5,4695.00,5,3,c4f34dba-c90b-4758-9d93-1ee1127825e7,Keep
00005127,3/3,4695.00,3,3,c4f34dba-c90b-4758-9d93-1ee1127825e7,Keep
00005128,4/6,4395.00,3,2,c4f34dba-c90b-4758-9d93-1ee1127825e7,Keep
00005129,5/6,4695,1,0,c4f34dba-c90b-4758-9d93-1ee1127825e7,Keep
00005130,6/3,5095.00,1,1,c4f34dba-c90b-4758-9d93-1ee1127825e7,Keep
00005131,7/3,4595,0,0,c4f34dba-c90b-4758-9d93-1ee1127825e7,Keep
00005132,8/4,4595.00,1,1,c4f34dba-c90b-4758-9d93-1ee1127825e7,Keep
00005133,9/4,4195,0,0,c4f34dba-c90b-4758-9d93-1ee1127825e7,Keep
00005134,10/3,5595.00,1,0,c4f34dba-c90b-4758-9d93-1ee1127825e7,Keep
00005135,10/3,5595.00,1,1,c4f34dba-c90b-4758-9d93-1ee1127825e7,Keep
00005136,11/4,4195.00,2,2,c4f34dba-c90b-4758-9d93-1ee1127825e7,Keep
00005137,11/4,4195.00,1,0,c4f34dba-c90b-4758-9d93-1ee1127825e7,Keep
00005138,12/6,4795.00,0,0,c4f34dba-c90b-4758-9d93-1ee1127825e7,Keep
00005139,13/5,4395.00,1,0,c4f34dba-c90b-4758-9d93-1ee1127825e7,Keep
00005140,14/7,4795.00,2,2,c4f34dba-c90b-4758-9d93-1ee1127825e7,Keep
00005141,14/7,4795.00,1,1,c4f34dba-c90b-4758-9d93-1ee1127825e7,Keep
00005142,14/7,4795.00,0,0,c4f34dba-c90b-4758-9d93-1ee1127825e7,Keep
00005143,2098,23995.00,1,1,f11a6ad0-eb7c-4e3d-bdf9-185a4b04660e,Keep
00005144,2098 XL,24195.00,1,1,f11a6ad0-eb7c-4e3d-bdf9-185a4b04660e,Keep
00005145,2040,23595.00,1,0,f11a6ad0-eb7c-4e3d-bdf9-185a4b04660e,Keep
00005146,2045,13395.00,1,0,f11a6ad0-eb7c-4e3d-bdf9-185a4b04660e,Keep
00005147,2045,13395.00,1,1,f11a6ad0-eb7c-4e3d-bdf9-185a4b04660e,Keep
00005148,260046-A,6595,1,1,25d0f184-36cd-42a5-a67e-0791344b591a,Keep
00005149,260046-B,6595,1,0,25d0f184-36cd-42a5-a67e-0791344b591a,Keep
00005150,260046-C,6595,1,1,25d0f184-36cd-42a5-a67e-0791344b591a,Keep
00005151,260046-D,6595,1,0,25d0f184-36cd-42a5-a67e-0791344b591a,Keep
00005152,240553-A,13795,0,0,25d0f184-36cd-42a5-a67e-0791344b591a,Keep
00005153,240553-A,13795,0,0,25d0f184-36cd-42a5-a67e-0791344b591a,Keep
00005154,240553-A,13795,0,0,25d0f184-36cd-42a5-a67e-0791344b591a,Keep
00005155,240553-A,13795,0,0,25d0f184-36cd-42a5-a67e-0791344b591a,Keep
00005156,240553-A,13795,0,1,25d0f184-36cd-42a5-a67e-0791344b591a,Keep
00005157,250488,9995,1,1,25d0f184-36cd-42a5-a67e-0791344b591a,Keep
00005158,250488,9995,1,1,25d0f184-36cd-42a5-a67e-0791344b591a,Keep
00005159,250488,9995,1,1,25d0f184-36cd-42a5-a67e-0791344b591a,Keep
00005160,250488,9995,1,0,25d0f184-36cd-42a5-a67e-0791344b591a,Keep
00005161,250371,9995,1,1,25d0f184-36cd-42a5-a67e-0791344b591a,Keep
00005162,250371,9995,1,1,25d0f184-36cd-42a5-a67e-0791344b591a,Keep
00005163,250371,9995,1,1,25d0f184-36cd-42a5-a67e-0791344b591a,Keep
00005164,250371,9995,1,0,25d0f184-36cd-42a5-a67e-0791344b591a,Keep
00005165,250371,9995,1,0,25d0f184-36cd-42a5-a67e-0791344b591a,Keep
00005166,AHFM-19,3395.00,2,2,dd7cbbcb-c744-4b5a-b777-1e5611be3a41,Keep
00005167,AHFM-61,3395.00,2,2,dd7cbbcb-c744-4b5a-b777-1e5611be3a41,Keep
00005168,AHFM-62,3395.00,2,1,dd7cbbcb-c744-4b5a-b777-1e5611be3a41,Keep
00005169,AHFM-78,4095.00,2,0,dd7cbbcb-c744-4b5a-b777-1e5611be3a41,Keep
00005170,FMAN-01,4395.00,2,0,dd7cbbcb-c744-4b5a-b777-1e5611be3a41,Keep
00005171,FMAS-3499,5895.00,2,0,dd7cbbcb-c744-4b5a-b777-1e5611be3a41,Keep
00005172,FMBKS-293-I,2995.00,2,2,dd7cbbcb-c744-4b5a-b777-1e5611be3a41,Keep
00005173,FMBKS-293-J,2995.00,2,0,dd7cbbcb-c744-4b5a-b777-1e5611be3a41,Keep
00005174,FMBKS-761,4095.00,2,0,dd7cbbcb-c744-4b5a-b777-1e5611be3a41,Keep
00005175,FMDE-1077,3395.00,2,0,dd7cbbcb-c744-4b5a-b777-1e5611be3a41,Keep
00005176,FMDE-1078,3395.00,2,0,dd7cbbcb-c744-4b5a-b777-1e5611be3a41,Keep
00005177,FMDE-1080,2995.00,2,0,dd7cbbcb-c744-4b5a-b777-1e5611be3a41,Keep
00005178,FMDE-1100,3695.00,1,1,dd7cbbcb-c744-4b5a-b777-1e5611be3a41,Keep
00005179,FMDE-1106,3395.00,1,1,dd7cbbcb-c744-4b5a-b777-1e5611be3a41,Keep
00005180,FMDE-1112,3695.00,1,1,dd7cbbcb-c744-4b5a-b777-1e5611be3a41,Keep
00005181,FMDE-1115,3695.00,1,1,dd7cbbcb-c744-4b5a-b777-1e5611be3a41,Keep
00005182,FMDE-1117,3695.00,1,1,dd7cbbcb-c744-4b5a-b777-1e5611be3a41,Keep
00005183,FMDE-1118,2995.00,2,0,dd7cbbcb-c744-4b5a-b777-1e5611be3a41,Keep
00005184,FMDE-1119,3695.00,1,0,dd7cbbcb-c744-4b5a-b777-1e5611be3a41,Keep
00005185,FMDE-328,2995.00,2,0,dd7cbbcb-c744-4b5a-b777-1e5611be3a41,Keep
00005186,FMDE-331,2995.00,2,0,dd7cbbcb-c744-4b5a-b777-1e5611be3a41,Keep
00005187,FMDE-543,2995.00,3,0,dd7cbbcb-c744-4b5a-b777-1e5611be3a41,Keep
00005188,FMDE-771,4095.00,2,1,dd7cbbcb-c744-4b5a-b777-1e5611be3a41,Keep
00005189,FMDE-844,4095.00,1,1,dd7cbbcb-c744-4b5a-b777-1e5611be3a41,Keep
00005190,FMDE-846,2995.00,2,0,dd7cbbcb-c744-4b5a-b777-1e5611be3a41,Keep
00005191,FMDE-860,2995.00,2,0,dd7cbbcb-c744-4b5a-b777-1e5611be3a41,Keep
00005192,FMDE-864,2995.00,2,0,dd7cbbcb-c744-4b5a-b777-1e5611be3a41,Keep
00005193,FMDE-871,4095.00,1,1,dd7cbbcb-c744-4b5a-b777-1e5611be3a41,Keep
00005194,FMDE-902,3695.00,2,0,dd7cbbcb-c744-4b5a-b777-1e5611be3a41,Keep
00005195,FMDE-903,5695.00,2,0,dd7cbbcb-c744-4b5a-b777-1e5611be3a41,Keep
00005196,FMGDC-184,4095.00,2,0,dd7cbbcb-c744-4b5a-b777-1e5611be3a41,Keep
00005197,FMGDC-94,2995.00,2,0,dd7cbbcb-c744-4b5a-b777-1e5611be3a41,Keep
00005198,FMHA-286 B,4095.00,2,2,dd7cbbcb-c744-4b5a-b777-1e5611be3a41,Keep
00005199,FMHJK-01,3395.00,2,1,dd7cbbcb-c744-4b5a-b777-1e5611be3a41,Keep
00005200,FMNKP-7005,2495.00,2,2,dd7cbbcb-c744-4b5a-b777-1e5611be3a41,Keep
00005201,FMNK-SBFA,2995.00,2,0,dd7cbbcb-c744-4b5a-b777-1e5611be3a41,Keep
00005202,FMOFVK-86,2995.00,2,2,dd7cbbcb-c744-4b5a-b777-1e5611be3a41,Keep
00005203,FMPFF-88,1895.00,2,1,dd7cbbcb-c744-4b5a-b777-1e5611be3a41,Keep
00005204,FMPFVK-84,1895.00,2,0,dd7cbbcb-c744-4b5a-b777-1e5611be3a41,Keep
00005205,FMPRC-284,2995.00,2,2,dd7cbbcb-c744-4b5a-b777-1e5611be3a41,Keep
00005206,FMPRC-28A,4095.00,2,1,dd7cbbcb-c744-4b5a-b777-1e5611be3a41,Keep
00005207,FMPS-2724,5195.00,2,0,dd7cbbcb-c744-4b5a-b777-1e5611be3a41,Keep
00005208,FMRSG-3719,6195.00,2,0,dd7cbbcb-c744-4b5a-b777-1e5611be3a41,Keep
00005209,FMSFVK-57,2995.00,2,2,dd7cbbcb-c744-4b5a-b777-1e5611be3a41,Keep
00005210,RGAJ-70,2995.00,2,1,dd7cbbcb-c744-4b5a-b777-1e5611be3a41,Keep
00005211,RGIS-10045,2595.00,2,2,dd7cbbcb-c744-4b5a-b777-1e5611be3a41,Keep
00005212,RGMU-5031,3295.00,2,0,dd7cbbcb-c744-4b5a-b777-1e5611be3a41,Keep
00005213,RGMU-62,4395.00,2,2,dd7cbbcb-c744-4b5a-b777-1e5611be3a41,Keep
00005214,RGMU-84,2995.00,2,0,dd7cbbcb-c744-4b5a-b777-1e5611be3a41,Keep
00005215,RGNPC-156,3395.00,2,0,dd7cbbcb-c744-4b5a-b777-1e5611be3a41,Keep
00005216,RGNPC-158,2595.00,2,0,dd7cbbcb-c744-4b5a-b777-1e5611be3a41,Keep
00005217,RGPC-026,3395.00,2,2,dd7cbbcb-c744-4b5a-b777-1e5611be3a41,Keep
00005218,RGVJ-5106,3695.00,2,0,dd7cbbcb-c744-4b5a-b777-1e5611be3a41,Keep
00005219,RGVJ-5147,3695.00,2,0,dd7cbbcb-c744-4b5a-b777-1e5611be3a41,Keep
00005220,217,14295.00,1,1,a34264c8-6530-44e6-a677-3386eab38d9a,Keep
00005221,218,10695.00,1,1,a34264c8-6530-44e6-a677-3386eab38d9a,Keep
00005222,218,10695.00,1,1,a34264c8-6530-44e6-a677-3386eab38d9a,Keep
00005223,0093,11595.00,1,1,a34264c8-6530-44e6-a677-3386eab38d9a,Keep
00005224,0093,11595.00,1,1,a34264c8-6530-44e6-a677-3386eab38d9a,Keep
00005225,4006,17895.00,1,1,a34264c8-6530-44e6-a677-3386eab38d9a,Keep
00005226,170,12495.00,1,1,a34264c8-6530-44e6-a677-3386eab38d9a,Keep
00005227,DC 25219,133995.00,1,1,bd043de9-7eb3-4dfa-9a18-bf7ca789b5dd,Keep
00005228,DC-25212,105994.99,1,1,7ef6c443-5d23-4c4e-ad20-b89c259dab8c,Keep
00005229,1-C828,39995,0,0,a780f5c1-9675-4bff-8a78-28ae008479dd,Keep
00005230,2-C987,27995,0,0,a780f5c1-9675-4bff-8a78-28ae008479dd,Keep
00005231,3-C988,25995,0,0,a780f5c1-9675-4bff-8a78-28ae008479dd,Keep
00005232,4/6,4395.00,1,1,c4f34dba-c90b-4758-9d93-1ee1127825e7,Keep
00005233,4/6,4395.00,1,1,c4f34dba-c90b-4758-9d93-1ee1127825e7,Keep
00005234,4/6,4395.00,1,0,c4f34dba-c90b-4758-9d93-1ee1127825e7,Keep
00005235,6/3,5095.00,1,0,c4f34dba-c90b-4758-9d93-1ee1127825e7,Keep
00005236,6/3,5095.00,1,1,c4f34dba-c90b-4758-9d93-1ee1127825e7,Keep
00005237,7/3,4595.00,1,0,c4f34dba-c90b-4758-9d93-1ee1127825e7,Keep
00005238,7/3,4595.00,1,0,c4f34dba-c90b-4758-9d93-1ee1127825e7,Keep
00005239,7/3,4595.00,1,0,c4f34dba-c90b-4758-9d93-1ee1127825e7,Keep
00005240,8/4,4595.00,1,1,c4f34dba-c90b-4758-9d93-1ee1127825e7,Keep
00005241,8/4,4595.00,1,0,c4f34dba-c90b-4758-9d93-1ee1127825e7,Keep
00005242,8/4,4595.00,1,1,c4f34dba-c90b-4758-9d93-1ee1127825e7,Keep
00005243,9/4,4195.00,1,1,c4f34dba-c90b-4758-9d93-1ee1127825e7,Keep
00005244,9/4,4195.00,1,1,c4f34dba-c90b-4758-9d93-1ee1127825e7,Keep
00005245,9/4,4195.00,1,0,c4f34dba-c90b-4758-9d93-1ee1127825e7,Keep
00005246,9/4,4195.00,1,1,c4f34dba-c90b-4758-9d93-1ee1127825e7,Keep
00005247,10/3,5595.00,1,1,c4f34dba-c90b-4758-9d93-1ee1127825e7,Keep
00005248,11/4,4195.00,1,0,c4f34dba-c90b-4758-9d93-1ee1127825e7,Keep
00005249,12/6,4795.00,1,1,c4f34dba-c90b-4758-9d93-1ee1127825e7,Keep
00005250,12/6,4795.00,1,0,c4f34dba-c90b-4758-9d93-1ee1127825e7,Keep
00005251,12/6,4795.00,1,0,c4f34dba-c90b-4758-9d93-1ee1127825e7,Keep
00005252,12/6,4795.00,1,1,c4f34dba-c90b-4758-9d93-1ee1127825e7,Keep
00005253,12/6,4795.00,1,0,c4f34dba-c90b-4758-9d93-1ee1127825e7,Keep
00005254,12/6,4795.00,1,0,c4f34dba-c90b-4758-9d93-1ee1127825e7,Keep
00005255,13/5,4395.00,1,1,c4f34dba-c90b-4758-9d93-1ee1127825e7,Keep
00005256,13/5,4395.00,1,0,c4f34dba-c90b-4758-9d93-1ee1127825e7,Keep
00005257,13/5,4395.00,1,1,c4f34dba-c90b-4758-9d93-1ee1127825e7,Keep
00005258,13/5,4395.00,1,1,c4f34dba-c90b-4758-9d93-1ee1127825e7,Keep
00005259,14/7,4795.00,1,1,c4f34dba-c90b-4758-9d93-1ee1127825e7,Keep
00005260,14/7,4795.00,1,1,c4f34dba-c90b-4758-9d93-1ee1127825e7,Keep
00005261,14/7,4795.00,1,1,c4f34dba-c90b-4758-9d93-1ee1127825e7,Keep
00005262,14/7,4795.00,1,0,c4f34dba-c90b-4758-9d93-1ee1127825e7,Keep
00005263,3886A,6995,1,1,99682873-1b25-4a41-97b8-fb948ff80110,Keep
00005264,3886A,6995,1,1,99682873-1b25-4a41-97b8-fb948ff80110,Keep
00005265,3883,9995,1,1,99682873-1b25-4a41-97b8-fb948ff80110,Keep
00005266,3883,9995,1,1,99682873-1b25-4a41-97b8-fb948ff80110,Keep
00005267,P-2989,14995.00,1,1,1f2852f1-2d04-49eb-b91d-d39325785092,Keep
00005268,P-2989-XL,15195.00,1,1,1f2852f1-2d04-49eb-b91d-d39325785092,Keep
00005269,P-3033,18395.00,2,2,1f2852f1-2d04-49eb-b91d-d39325785092,Keep
00005270,P-3033-XL,18595.00,1,0,1f2852f1-2d04-49eb-b91d-d39325785092,Keep
00005271,P-2960,9195.00,2,0,1f2852f1-2d04-49eb-b91d-d39325785092,Keep
00005272,P-2960-P,9395.00,1,0,1f2852f1-2d04-49eb-b91d-d39325785092,Keep
00005273,3886A,6995.00,0,0,99682873-1b25-4a41-97b8-fb948ff80110,Keep
00005274,3886A,6995.00,0,0,99682873-1b25-4a41-97b8-fb948ff80110,Keep
00005275,3883,9995.00,0,0,99682873-1b25-4a41-97b8-fb948ff80110,Keep
00005276,3883,9995.00,0,0,99682873-1b25-4a41-97b8-fb948ff80110,Keep
00005277,3189,53195.00,1,1,4629cc6a-f1f9-4dc5-9704-32c035dd32b7,Keep
00005278,AND-01,139995.00,1,1,bcb981af-9788-487d-a237-917592462bdc,Keep
00005279,3210-R,59995.00,1,1,bcf48895-a00d-4960-89a0-6304dcba53f1,Keep
00005280,3188-RANI,59195.00,1,1,90ddea08-2142-41ea-9a49-765572111c57,Keep
00005281,NB-10568,9995,0,0,080da70e-12f2-4ca6-a678-180a248418e1,Keep
00005282,NB-10490,5995,0,0,080da70e-12f2-4ca6-a678-180a248418e1,Keep
00005283,NB-10486,9795,0,0,080da70e-12f2-4ca6-a678-180a248418e1,Keep
00005284,NB-10402,5795,0,0,080da70e-12f2-4ca6-a678-180a248418e1,Keep
00005285,NB-10504,8395,0,0,080da70e-12f2-4ca6-a678-180a248418e1,Keep
00005286,NB-10564,6995,0,0,080da70e-12f2-4ca6-a678-180a248418e1,Keep
00005287,NB-10486,9795,0,0,080da70e-12f2-4ca6-a678-180a248418e1,Keep
00005288,NB-10486,9795,0,0,080da70e-12f2-4ca6-a678-180a248418e1,Keep
00005289,3214-DR,68995,1,0,70f2ff33-4447-4898-b191-ee7cce51339b,Keep
00005290,3233-R,79995.00,1,1,7f359e11-bc1e-4914-84b8-74bbac98d826,Keep
00005291,3275-R,68995.00,1,1,c98e22b9-595c-4516-b9e9-4ebd34736f74,Keep
00005292,A-1057,38995.00,1,1,97558f39-f2ec-440c-954d-b2ce7ff14b58,Keep
00005293,3215-C,56995.00,1,1,15852329-ba66-4f05-a2d1-5a75ad4e3313,Keep
00005294,24058,3495,2,0,f5137bce-3cc6-4349-96da-e8acd7d96a4d,Keep
00005295,24058,3495,2,0,f5137bce-3cc6-4349-96da-e8acd7d96a4d,Keep
00005296,24058,3495,2,0,f5137bce-3cc6-4349-96da-e8acd7d96a4d,Keep
00005297,24058,3495,2,0,f5137bce-3cc6-4349-96da-e8acd7d96a4d,Keep
00005298,24058-B,3495,2,0,f5137bce-3cc6-4349-96da-e8acd7d96a4d,Keep
00005299,24058-3,3495,2,0,f5137bce-3cc6-4349-96da-e8acd7d96a4d,Keep
00005300,24058-3,3495,2,0,f5137bce-3cc6-4349-96da-e8acd7d96a4d,Keep
00005301,24058-3,3495,2,0,f5137bce-3cc6-4349-96da-e8acd7d96a4d,Keep
00005302,24058-3,3495,2,0,f5137bce-3cc6-4349-96da-e8acd7d96a4d,Keep
00005303,24058-4,3495,2,0,f5137bce-3cc6-4349-96da-e8acd7d96a4d,Keep
00005304,24058-5,3495,2,0,f5137bce-3cc6-4349-96da-e8acd7d96a4d,Keep
00005305,24058-5,3495,2,0,f5137bce-3cc6-4349-96da-e8acd7d96a4d,Keep
00005306,24058-5,3495,2,0,f5137bce-3cc6-4349-96da-e8acd7d96a4d,Keep
00005307,24058-5,3495,2,0,f5137bce-3cc6-4349-96da-e8acd7d96a4d,Keep
00005308,24058-6,3495,2,0,f5137bce-3cc6-4349-96da-e8acd7d96a4d,Keep
00005309,87493,3495,1,0,f5137bce-3cc6-4349-96da-e8acd7d96a4d,Keep
00005310,87493,3495,1,0,f5137bce-3cc6-4349-96da-e8acd7d96a4d,Keep
00005311,87493,3495,1,0,f5137bce-3cc6-4349-96da-e8acd7d96a4d,Keep
00005312,87493,3495,1,0,f5137bce-3cc6-4349-96da-e8acd7d96a4d,Keep
00005313,87493-8,3495,1,0,f5137bce-3cc6-4349-96da-e8acd7d96a4d,Keep
00005314,87493-9,3495,1,0,f5137bce-3cc6-4349-96da-e8acd7d96a4d,Keep
00005315,87493-9,3495,1,0,f5137bce-3cc6-4349-96da-e8acd7d96a4d,Keep
00005316,87493-9,3495,1,0,f5137bce-3cc6-4349-96da-e8acd7d96a4d,Keep
00005317,87493-9,3495,1,0,f5137bce-3cc6-4349-96da-e8acd7d96a4d,Keep
00005318,87493-10,3495,1,1,f5137bce-3cc6-4349-96da-e8acd7d96a4d,Keep
00005319,86151,4195,1,0,f5137bce-3cc6-4349-96da-e8acd7d96a4d,Keep
00005320,86151,4195,1,0,f5137bce-3cc6-4349-96da-e8acd7d96a4d,Keep
00005321,86151,4195,1,0,f5137bce-3cc6-4349-96da-e8acd7d96a4d,Keep
00005322,86151,4195,1,0,f5137bce-3cc6-4349-96da-e8acd7d96a4d,Keep
00005323,86151-12,4295,1,0,f5137bce-3cc6-4349-96da-e8acd7d96a4d,Keep
00005324,7264-,13195.00,1,1,f384f1f0-2998-4c0b-a35a-15d55623bbfe,Keep
00005325,5/6,4695,2,2,c4f34dba-c90b-4758-9d93-1ee1127825e7,Keep
00005326,5/6,4695,1,1,c4f34dba-c90b-4758-9d93-1ee1127825e7,Keep
00005327,5/6,4695,1,1,c4f34dba-c90b-4758-9d93-1ee1127825e7,Keep
00005328,5/6,4695,1,1,c4f34dba-c90b-4758-9d93-1ee1127825e7,Keep
00005329,B-1/1,21695,1,0,aeb67fad-03bc-4146-86e8-a3cf117f4500,Keep
00005330,2/1,21895,1,1,aeb67fad-03bc-4146-86e8-a3cf117f4500,Keep
00005331,3/1,18095,1,0,aeb67fad-03bc-4146-86e8-a3cf117f4500,Keep
00005332,4/2,17195,2,2,aeb67fad-03bc-4146-86e8-a3cf117f4500,Keep
00005333,5/4,15795,4,3,aeb67fad-03bc-4146-86e8-a3cf117f4500,Keep
00005334,6/1,21795,1,1,aeb67fad-03bc-4146-86e8-a3cf117f4500,Keep
00005335,7/3,25395,3,2,aeb67fad-03bc-4146-86e8-a3cf117f4500,Keep
00005336,8/2,18895,2,1,aeb67fad-03bc-4146-86e8-a3cf117f4500,Keep
00005337,9/2,22295,2,1,aeb67fad-03bc-4146-86e8-a3cf117f4500,Keep
00005338,10/1,17095,1,0,aeb67fad-03bc-4146-86e8-a3cf117f4500,Keep
00005339,11/1,18195,1,0,aeb67fad-03bc-4146-86e8-a3cf117f4500,Keep
00005340,12/1,20595,1,1,aeb67fad-03bc-4146-86e8-a3cf117f4500,Keep
00005341,S151-445M,3295.00,1,1,7931575d-3719-43b8-bdc6-68ca1e32c9af,Keep
00005342,S151-445M,3295.00,1,1,7931575d-3719-43b8-bdc6-68ca1e32c9af,Keep
00005343,S151-445M,3295.00,1,1,7931575d-3719-43b8-bdc6-68ca1e32c9af,Keep
00005344,S151-445M,3295.00,1,1,7931575d-3719-43b8-bdc6-68ca1e32c9af,Keep
00005345,S151-445,3095.00,1,0,7931575d-3719-43b8-bdc6-68ca1e32c9af,Keep
00005346,S151-445,3095.00,1,0,7931575d-3719-43b8-bdc6-68ca1e32c9af,Keep
00005347,S151-445,3095.00,1,0,7931575d-3719-43b8-bdc6-68ca1e32c9af,Keep
00005348,S151-445,3095.00,1,0,7931575d-3719-43b8-bdc6-68ca1e32c9af,Keep
00005349,445M,3295.00,3,0,c9626d74-19cb-40bd-9f5b-cc129a30e4b9,Keep
00005350,445M,3295.00,1,1,c9626d74-19cb-40bd-9f5b-cc129a30e4b9,Keep
00005351,445M,3295.00,2,0,c9626d74-19cb-40bd-9f5b-cc129a30e4b9,Keep
00005352,445M,3295.00,2,1,c9626d74-19cb-40bd-9f5b-cc129a30e4b9,Keep
00005353,2084,5295.00,1,0,c9626d74-19cb-40bd-9f5b-cc129a30e4b9,Keep
00005354,2084,5295.00,1,1,c9626d74-19cb-40bd-9f5b-cc129a30e4b9,Keep
00005355,2084,5295.00,1,0,c9626d74-19cb-40bd-9f5b-cc129a30e4b9,Keep
00005356,2084,5295.00,1,0,c9626d74-19cb-40bd-9f5b-cc129a30e4b9,Keep
00005357,FGH,195,0,0,7931575d-3719-43b8-bdc6-68ca1e32c9af,Keep
00005358,1/2,16995,2,1,7268b846-cfc9-472e-9582-dedaa2d404de,Keep
00005359,2/1,23495,0,0,aeb67fad-03bc-4146-86e8-a3cf117f4500,Keep
00005360,3/1`,43595,1,0,7268b846-cfc9-472e-9582-dedaa2d404de,Keep
00005361,4/1,41695,1,0,7268b846-cfc9-472e-9582-dedaa2d404de,Keep
00005362,5/6,16195,6,0,7268b846-cfc9-472e-9582-dedaa2d404de,Keep
00005363,6/4,15895,4,0,7268b846-cfc9-472e-9582-dedaa2d404de,Keep
00005364,7/6,15195,6,3,7268b846-cfc9-472e-9582-dedaa2d404de,Keep
00005365,1793,51595,1,1,fe6ff9b5-b6cc-4ea1-9eb7-76ae84473b25,Keep
00005366,1801,59295.00,1,1,95b51db9-282a-42ed-853c-1304bd46c1bd,Keep
00005367,0149,21995,1,1,546b8348-b76f-42b7-b6cb-0a4b7ddb0a75,Keep
00005368,1/5,11995,5,0,9a661388-1e9b-45bb-9f6a-795d72312cd0,Keep
00005369,2/5,21695,5,5,9a661388-1e9b-45bb-9f6a-795d72312cd0,Keep
00005370,3/2,27095,2,1,9a661388-1e9b-45bb-9f6a-795d72312cd0,Keep
00005371,4/2,32495,2,0,9a661388-1e9b-45bb-9f6a-795d72312cd0,Keep
00005372,5/2,23595,2,0,9a661388-1e9b-45bb-9f6a-795d72312cd0,Keep
00005373,6/3,34495,3,0,9a661388-1e9b-45bb-9f6a-795d72312cd0,Keep
00005374,7/3,27195,3,1,9a661388-1e9b-45bb-9f6a-795d72312cd0,Keep
00005375,8/1,28895,1,1,9a661388-1e9b-45bb-9f6a-795d72312cd0,Keep
00005376,9/1,30795,1,0,9a661388-1e9b-45bb-9f6a-795d72312cd0,Keep
00005377,10/6,9095,6,4,9a661388-1e9b-45bb-9f6a-795d72312cd0,Keep
00005378,11/2,10895,2,0,9a661388-1e9b-45bb-9f6a-795d72312cd0,Keep
00005379,12/2,12295,2,0,9a661388-1e9b-45bb-9f6a-795d72312cd0,Keep
00005380,13/2,10295,2,1,9a661388-1e9b-45bb-9f6a-795d72312cd0,Keep
00005381,14/5,12695,5,0,9a661388-1e9b-45bb-9f6a-795d72312cd0,Keep
00005382,15/4,9995,4,0,9a661388-1e9b-45bb-9f6a-795d72312cd0,Keep
00005383,0357,19994.98,1,0,ca95fdda-46e4-49e6-9dbb-c09633c6af34,Keep
00005384,0357,19995.00,1,1,ca95fdda-46e4-49e6-9dbb-c09633c6af34,Keep
00005385,LGN-406,29995,1,0,fb0e08d6-5302-4b4b-a05c-14e6066aac36,Keep
00005386,D-1256,37895.00,1,1,f45a7299-1ace-4c81-bc62-b93b7e62e60e,Keep
00005387,1/1-N,16895,1,0,2e071e77-c561-47b2-b166-a81b56ebdf17,Keep
00005388,2/4-N,16195,4,2,2e071e77-c561-47b2-b166-a81b56ebdf17,Keep
00005389,1/2-K,116995,2,2,4b05e8d6-cd82-4ad9-be49-1d919125982b,Keep
00005390,2/1-B,62995,1,0,4b05e8d6-cd82-4ad9-be49-1d919125982b,Keep
00005391,3/1-M,52195,1,1,4b05e8d6-cd82-4ad9-be49-1d919125982b,Keep
00005392,4/1-M F,84595,1,0,4b05e8d6-cd82-4ad9-be49-1d919125982b,Keep
00005393,5/1-M,50395,1,0,4b05e8d6-cd82-4ad9-be49-1d919125982b,Keep
00005394,6/1-M FL,80995,1,1,4b05e8d6-cd82-4ad9-be49-1d919125982b,Keep
00005395,7/2-M P,61195,2,2,4b05e8d6-cd82-4ad9-be49-1d919125982b,Keep
00005396,8/2-S P,79195,2,0,4b05e8d6-cd82-4ad9-be49-1d919125982b,Keep
00005397,1/1-A,114395,1,0,b4e9b46e-8f05-463d-96f9-d7f0f49a0ac0,Keep
00005398,2/2-B,90795,1,0,b4e9b46e-8f05-463d-96f9-d7f0f49a0ac0,Keep
00005399,3/3-C,92595,1,0,b4e9b46e-8f05-463d-96f9-d7f0f49a0ac0,Keep
00005400,4/4-D,85295,1,0,b4e9b46e-8f05-463d-96f9-d7f0f49a0ac0,Keep
00005401,5/5-E,96195,1,0,b4e9b46e-8f05-463d-96f9-d7f0f49a0ac0,Keep
00005402,6/6-F,55995,1,1,b4e9b46e-8f05-463d-96f9-d7f0f49a0ac0,Keep
00005403,7/7-G,47195,2,0,b4e9b46e-8f05-463d-96f9-d7f0f49a0ac0,Keep
00005404,8/8-H,59895,1,0,b4e9b46e-8f05-463d-96f9-d7f0f49a0ac0,Keep
00005405,9/9-I,51795,1,0,b4e9b46e-8f05-463d-96f9-d7f0f49a0ac0,Keep
00005406,10/10-J,36295,1,0,b4e9b46e-8f05-463d-96f9-d7f0f49a0ac0,Keep
00005407,11/11-K,48595,1,1,b4e9b46e-8f05-463d-96f9-d7f0f49a0ac0,Keep
00005408,12/12-L,63595,1,0,b4e9b46e-8f05-463d-96f9-d7f0f49a0ac0,Keep
00005409,13/13-M,59895,1,0,b4e9b46e-8f05-463d-96f9-d7f0f49a0ac0,Keep
00005410,8404 L,19995,1,1,293d4c11-506b-43d1-b086-14b1b20477ea,Keep
00005411,8405 L,19995,1,1,293d4c11-506b-43d1-b086-14b1b20477ea,Keep
00005412,8430 L,26995,1,0,293d4c11-506b-43d1-b086-14b1b20477ea,Keep
00005413,3035,17995,1,1,74b4d523-fd94-4cd4-8581-7c835f60d831,Keep
00005414,2-3035,18195,1,1,74b4d523-fd94-4cd4-8581-7c835f60d831,Keep
00005415,3-3035,19795,1,0,74b4d523-fd94-4cd4-8581-7c835f60d831,Keep
00005416,2949,9995,1,1,74b4d523-fd94-4cd4-8581-7c835f60d831,Keep
00005417,5-2949,10195,1,1,74b4d523-fd94-4cd4-8581-7c835f60d831,Keep
00005418,2898,16395,2,2,74b4d523-fd94-4cd4-8581-7c835f60d831,Keep
00005419,2898,16395,1,1,74b4d523-fd94-4cd4-8581-7c835f60d831,Keep
00005420,128,19995,1,1,74b4d523-fd94-4cd4-8581-7c835f60d831,Keep
00005421,080-MH-203,14595,1,1,845d91cb-a533-4e83-8b2b-841dc73c53f7,Keep
00005422,080-MH-203A,31995,1,1,845d91cb-a533-4e83-8b2b-841dc73c53f7,Keep
00005423,080-MH-203B,17995,1,0,845d91cb-a533-4e83-8b2b-841dc73c53f7,Keep
00005424,321-D-42088,26395,1,0,845d91cb-a533-4e83-8b2b-841dc73c53f7,Keep
00005425,321-D-42088,26395,1,1,845d91cb-a533-4e83-8b2b-841dc73c53f7,Keep
00005426,054-ST-11578A,13995,1,1,845d91cb-a533-4e83-8b2b-841dc73c53f7,Keep
00005427,054-ST-11578A,13995,1,1,845d91cb-a533-4e83-8b2b-841dc73c53f7,Keep
00005428,8466-A,39995,1,1,18d77efd-9919-41b3-879c-53cab1346afe,Keep
00005429,8466-B,39995,1,1,18d77efd-9919-41b3-879c-53cab1346afe,Keep
00005430,8404,48495,1,0,18d77efd-9919-41b3-879c-53cab1346afe,Keep
00005431,1963,13195,1,1,7948b8a3-3d9d-4171-a19f-2a135959814d,Keep
00005432,1963,13195,1,0,7948b8a3-3d9d-4171-a19f-2a135959814d,Keep
00005433,1963,13195,1,0,7948b8a3-3d9d-4171-a19f-2a135959814d,Keep
00005434,1963,13195,1,1,7948b8a3-3d9d-4171-a19f-2a135959814d,Keep
00005435,P-3012-GR,16195,1,1,7b615dd3-b211-4a3f-99c2-70bd23fab7ce,Keep
00005436,P-3012-GY,15995,1,1,7b615dd3-b211-4a3f-99c2-70bd23fab7ce,Keep
00005437,P-3012-P,15995,1,1,7b615dd3-b211-4a3f-99c2-70bd23fab7ce,Keep
00005438,P-2911-P,14995,1,1,7b615dd3-b211-4a3f-99c2-70bd23fab7ce,Keep
00005439,P-2911-B,14995,1,1,7b615dd3-b211-4a3f-99c2-70bd23fab7ce,Keep
00005440,P-2896-G,8995,1,1,7b615dd3-b211-4a3f-99c2-70bd23fab7ce,Keep
00005441,P-2896-P,8995,1,1,7b615dd3-b211-4a3f-99c2-70bd23fab7ce,Keep
00005442,P-2896-R,9195,1,0,7b615dd3-b211-4a3f-99c2-70bd23fab7ce,Keep
00005443,P-2977-B,16395,1,1,7b615dd3-b211-4a3f-99c2-70bd23fab7ce,Keep
00005444,P-2977-W,16595,1,1,7b615dd3-b211-4a3f-99c2-70bd23fab7ce,Keep
00005445,P-2980-G,16395,1,1,7b615dd3-b211-4a3f-99c2-70bd23fab7ce,Keep
00005446,P-2930-B,16795,0,0,7b615dd3-b211-4a3f-99c2-70bd23fab7ce,Keep
00005447,1/8-AS,7395,8,5,f5415348-ff44-406f-8fbd-a3a277776490,Keep
00005448,2/7-MJ,5595,7,3,f5415348-ff44-406f-8fbd-a3a277776490,Keep
00005449,P-3012-GR,16195,0,0,7b615dd3-b211-4a3f-99c2-70bd23fab7ce,Keep
00005450,P-3012-GY,15995,0,0,7b615dd3-b211-4a3f-99c2-70bd23fab7ce,Keep
00005451,P-3012-P,15995,0,0,7b615dd3-b211-4a3f-99c2-70bd23fab7ce,Keep
00005452,P-2911-P,14995,0,0,7b615dd3-b211-4a3f-99c2-70bd23fab7ce,Keep
00005453,P-2911-B,14995,0,0,7b615dd3-b211-4a3f-99c2-70bd23fab7ce,Keep
00005454,P-2896-G,8995,0,0,7b615dd3-b211-4a3f-99c2-70bd23fab7ce,Keep
00005455,P-2896-P,8995,0,0,7b615dd3-b211-4a3f-99c2-70bd23fab7ce,Keep
00005456,P-2896-R,9195,0,0,7b615dd3-b211-4a3f-99c2-70bd23fab7ce,Keep
00005457,P-2977-B,16395,0,0,7b615dd3-b211-4a3f-99c2-70bd23fab7ce,Keep
00005458,P-2977-W,16595,0,0,7b615dd3-b211-4a3f-99c2-70bd23fab7ce,Keep
00005459,P-2980-G,16395,0,0,7b615dd3-b211-4a3f-99c2-70bd23fab7ce,Keep
00005460,P-2930-B,16795.00,0,0,7b615dd3-b211-4a3f-99c2-70bd23fab7ce,Keep
00005461,1054 L,49695,1,0,220353cb-48ef-448b-97b1-71680c1f2792,Keep
00005462,1028 L,37695,1,1,220353cb-48ef-448b-97b1-71680c1f2792,Keep
00005463,P-2980-B,16795,1,1,7b615dd3-b211-4a3f-99c2-70bd23fab7ce,Keep
00005464,1/2-BS,116795.00,0,0,f9eb0aa6-4928-4a67-b3a0-ee3ea880c16f,Keep
00005465,2/1 -BS,62895.00,0,0,f9eb0aa6-4928-4a67-b3a0-ee3ea880c16f,Keep
00005466,3/1,52095.00,0,0,f9eb0aa6-4928-4a67-b3a0-ee3ea880c16f,Keep
00005467,4/1,41695,0,0,7268b846-cfc9-472e-9582-dedaa2d404de,Keep
00005468,5/1,50295.00,0,0,f9eb0aa6-4928-4a67-b3a0-ee3ea880c16f,Keep
00005469,6/1,80795.00,0,0,f9eb0aa6-4928-4a67-b3a0-ee3ea880c16f,Keep
00005470,7/2,61095.00,0,0,f9eb0aa6-4928-4a67-b3a0-ee3ea880c16f,Keep
00005471,8/2,17795,0,0,aeb67fad-03bc-4146-86e8-a3cf117f4500,Keep
00005472,3157 Y,8895,1,1,be16cfe6-a514-424f-89b3-eedfc4bc5eb2,Keep
00005473,3157 C,8895,1,1,be16cfe6-a514-424f-89b3-eedfc4bc5eb2,Keep
00005474,3157 P,8895,1,1,be16cfe6-a514-424f-89b3-eedfc4bc5eb2,Keep
00005475,3157 O,8895,1,1,be16cfe6-a514-424f-89b3-eedfc4bc5eb2,Keep
00005476,260317,10195.00,1,1,8c6ed907-2ee5-46a0-82cb-aa7d7a16cda9,Keep
00005477,260317,10195.00,1,1,8c6ed907-2ee5-46a0-82cb-aa7d7a16cda9,Keep
00005478,260317,10195.00,1,1,8c6ed907-2ee5-46a0-82cb-aa7d7a16cda9,Keep
00005479,260317,10195.00,1,1,8c6ed907-2ee5-46a0-82cb-aa7d7a16cda9,Keep
00005480,260316,14295.00,1,1,8c6ed907-2ee5-46a0-82cb-aa7d7a16cda9,Keep
00005481,260316,14295.00,1,1,8c6ed907-2ee5-46a0-82cb-aa7d7a16cda9,Keep
00005482,260316,14295.00,1,0,8c6ed907-2ee5-46a0-82cb-aa7d7a16cda9,Keep
00005483,260316,14295.00,1,1,8c6ed907-2ee5-46a0-82cb-aa7d7a16cda9,Keep
00005484,260316,14295.00,1,1,8c6ed907-2ee5-46a0-82cb-aa7d7a16cda9,Keep
00005485,260005,11895.00,1,0,8c6ed907-2ee5-46a0-82cb-aa7d7a16cda9,Keep
00005486,260005,11895.00,1,1,8c6ed907-2ee5-46a0-82cb-aa7d7a16cda9,Keep
00005487,260005,11895.00,1,0,8c6ed907-2ee5-46a0-82cb-aa7d7a16cda9,Keep
00005488,260005,11895.00,1,0,8c6ed907-2ee5-46a0-82cb-aa7d7a16cda9,Keep
00005489,260315,15395.00,1,0,8c6ed907-2ee5-46a0-82cb-aa7d7a16cda9,Keep
00005490,260315,15395.00,1,0,8c6ed907-2ee5-46a0-82cb-aa7d7a16cda9,Keep
00005491,260315,15395.00,1,0,8c6ed907-2ee5-46a0-82cb-aa7d7a16cda9,Keep
00005492,260315,15395.00,1,0,8c6ed907-2ee5-46a0-82cb-aa7d7a16cda9,Keep
00005493,1245,57795,1,1,ac27c61a-3cf2-4531-b1ac-9980618a6ef1,Keep
00005494,2897,15395.00,1,1,2b0b4ee7-3293-4c47-9750-9940101a404f,Keep
00005495,2497-Y,15395,0,0,2b0b4ee7-3293-4c47-9750-9940101a404f,Keep
00005496,2897-W,15395.00,1,1,2b0b4ee7-3293-4c47-9750-9940101a404f,Keep
00005497,1733,6195.00,1,1,2b0b4ee7-3293-4c47-9750-9940101a404f,Keep
00005498,1733-G,6195.00,1,1,2b0b4ee7-3293-4c47-9750-9940101a404f,Keep
00005499,1733 gr,6195.00,1,1,2b0b4ee7-3293-4c47-9750-9940101a404f,Keep
00005500,1733 w,6195.00,1,1,2b0b4ee7-3293-4c47-9750-9940101a404f,Keep
00005501,3107,14695.00,1,1,2b0b4ee7-3293-4c47-9750-9940101a404f,Keep
00005502,3107 P,14695.00,1,1,2b0b4ee7-3293-4c47-9750-9940101a404f,Keep
00005503,3107 w,14695.00,1,1,2b0b4ee7-3293-4c47-9750-9940101a404f,Keep
00005504,3107 y,14695.00,1,1,2b0b4ee7-3293-4c47-9750-9940101a404f,Keep
00005505,3030,8895.00,1,1,2b0b4ee7-3293-4c47-9750-9940101a404f,Keep
00005506,3030 g,8895.00,1,1,2b0b4ee7-3293-4c47-9750-9940101a404f,Keep
00005507,3030 p,8895.00,1,1,2b0b4ee7-3293-4c47-9750-9940101a404f,Keep
00005508,3030 y,8895.00,1,1,2b0b4ee7-3293-4c47-9750-9940101a404f,Keep
00005509,3138,14495.00,1,1,2b0b4ee7-3293-4c47-9750-9940101a404f,Keep
00005510,3138 p,14495.00,1,1,2b0b4ee7-3293-4c47-9750-9940101a404f,Keep
00005511,3138 b,14495.00,1,1,2b0b4ee7-3293-4c47-9750-9940101a404f,Keep
00005512,3138 P,14495.00,1,1,2b0b4ee7-3293-4c47-9750-9940101a404f,Keep
00005513,3138 y,14495.00,1,1,2b0b4ee7-3293-4c47-9750-9940101a404f,Keep
00005514,3134,9995.00,1,1,2b0b4ee7-3293-4c47-9750-9940101a404f,Keep
00005515,3134 p,9995.00,1,1,2b0b4ee7-3293-4c47-9750-9940101a404f,Keep
00005516,3134 y,9995.00,1,1,2b0b4ee7-3293-4c47-9750-9940101a404f,Keep
00005517,3134 w,9995.00,1,1,2b0b4ee7-3293-4c47-9750-9940101a404f,Keep
00005518,B.B.003080-BX-B,10095.00,1,0,e5507d41-7f65-46de-afaa-fbc0ae9480d9,Keep
00005519,B.B.003080-BX-G,10095.00,1,0,e5507d41-7f65-46de-afaa-fbc0ae9480d9,Keep
00005520,B.B.003080-BX-W,10095.00,1,0,e5507d41-7f65-46de-afaa-fbc0ae9480d9,Keep
00005521,B.B.003080-BX-C,10095.00,1,0,e5507d41-7f65-46de-afaa-fbc0ae9480d9,Keep
00005522,B.B.003080-BX-P,10095.00,1,0,e5507d41-7f65-46de-afaa-fbc0ae9480d9,Keep
00005523,B.B.003095-BX-BG,11395.00,1,1,e5507d41-7f65-46de-afaa-fbc0ae9480d9,Keep
00005524,B.B.003095-BX-B,11395.00,1,0,e5507d41-7f65-46de-afaa-fbc0ae9480d9,Keep
00005525,B.B.003095-BX-L,11395.00,1,1,e5507d41-7f65-46de-afaa-fbc0ae9480d9,Keep
00005526,B.B.003095-BX-Y,11395.00,1,1,e5507d41-7f65-46de-afaa-fbc0ae9480d9,Keep
00005527,1/1LKNG,78995,1,1,80eebebf-47aa-4c23-ac0a-fad803878f91,Keep
00005528,M-824,118995,1,1,3eccf72f-3845-416a-b257-af175c7822a7,Keep
00005529,2897 Y,15395,3,3,2b0b4ee7-3293-4c47-9750-9940101a404f,Keep
00005530,6405,25995,1,1,9a5bdaa3-333e-4653-b70d-016989361610,Keep
00005531,6282,15195,1,0,9a5bdaa3-333e-4653-b70d-016989361610,Keep
00005532,6282 P,15195,1,0,9a5bdaa3-333e-4653-b70d-016989361610,Keep
00005533,6282 p,15595,1,1,9a5bdaa3-333e-4653-b70d-016989361610,Keep
00005534,6282 g,15595,1,1,9a5bdaa3-333e-4653-b70d-016989361610,Keep
00005535,9507,16995,1,1,802357c6-8333-4bb0-80bf-99c0828b1192,Keep
00005536,9507 P,16995,1,0,802357c6-8333-4bb0-80bf-99c0828b1192,Keep
00005537,9493,16995,1,0,802357c6-8333-4bb0-80bf-99c0828b1192,Keep
00005538,9502,16995,1,1,802357c6-8333-4bb0-80bf-99c0828b1192,Keep
00005539,4714,29995,1,1,70126278-7f68-411e-a956-cbcbdb5eb487,Keep
00005540,1234,29995,1,0,70126278-7f68-411e-a956-cbcbdb5eb487,Keep
00005541,1276,17995,1,0,70126278-7f68-411e-a956-cbcbdb5eb487,Keep
00005542,1276-4,17995,1,0,70126278-7f68-411e-a956-cbcbdb5eb487,Keep
00005543,1295,19995,1,0,70126278-7f68-411e-a956-cbcbdb5eb487,Keep
00005544,DS-42,39995,1,0,70126278-7f68-411e-a956-cbcbdb5eb487,Keep
00005545,S11046,23995,1,0,70126278-7f68-411e-a956-cbcbdb5eb487,Keep
00005546,S11151,43995,1,0,70126278-7f68-411e-a956-cbcbdb5eb487,Keep
00005547,SGH2837,31995,1,0,70126278-7f68-411e-a956-cbcbdb5eb487,Keep
00005548,P-3006-G,14995,1,0,87c8aef0-f812-495f-a9d3-429d43aa5908,Keep
00005549,P-3006-P,15195,1,0,87c8aef0-f812-495f-a9d3-429d43aa5908,Keep
00005550,P-3006-G,15395,1,0,87c8aef0-f812-495f-a9d3-429d43aa5908,Keep
00005551,1864,7995,1,0,4b85518d-f507-4fa4-b518-c0f57335c868,Keep
00005552,1864,7995,1,0,4b85518d-f507-4fa4-b518-c0f57335c868,Keep
00005553,1864,7995,1,0,4b85518d-f507-4fa4-b518-c0f57335c868,Keep
00005554,1864,7995,1,1,4b85518d-f507-4fa4-b518-c0f57335c868,Keep
00005555,1864,7995,1,0,4b85518d-f507-4fa4-b518-c0f57335c868,Keep
00005556,SSLC-424,87695,1,1,1a0a8877-0b3d-4412-88bd-d7070fee7b50,Keep
00005557,0351-R,59995,1,1,288f4919-72b7-40d1-ab9a-be0de9c9a5ef,Keep
00005558,8408-R,27995.00,1,0,03449636-8a68-4d91-b36a-f224d217d39e,Keep
00005559,3944,7595,1,0,d32f4a1a-0638-41fb-bb9f-a7bc729d782a,Keep
00005560,3944,7595,1,1,d32f4a1a-0638-41fb-bb9f-a7bc729d782a,Keep
00005561,3944,7595,1,1,d32f4a1a-0638-41fb-bb9f-a7bc729d782a,Keep
00005562,3944,7595,1,0,d32f4a1a-0638-41fb-bb9f-a7bc729d782a,Keep
00005563,262,5395,1,1,d32f4a1a-0638-41fb-bb9f-a7bc729d782a,Keep
00005564,262,5395,1,1,d32f4a1a-0638-41fb-bb9f-a7bc729d782a,Keep
00005565,262,5395,1,1,d32f4a1a-0638-41fb-bb9f-a7bc729d782a,Keep
00005566,262,5395,1,1,d32f4a1a-0638-41fb-bb9f-a7bc729d782a,Keep
00005567,262A,5395,1,1,d32f4a1a-0638-41fb-bb9f-a7bc729d782a,Keep
00005568,262A,5395,1,1,d32f4a1a-0638-41fb-bb9f-a7bc729d782a,Keep
00005569,262A,5395,1,1,d32f4a1a-0638-41fb-bb9f-a7bc729d782a,Keep
00005570,262A,5395,1,0,d32f4a1a-0638-41fb-bb9f-a7bc729d782a,Keep
00005571,3209,59995,1,0,0bd5dad8-6a4b-41cc-9c61-6c4723f94d47,Keep
00005572,461,47995,1,1,2c91835c-ec0e-4eed-ab95-a67c0f2dbe09,Keep
00005573,259 N,49995,1,1,2c91835c-ec0e-4eed-ab95-a67c0f2dbe09,Keep
00005574,3918/B,12895,1,0,5f3f3236-80ce-4580-8b30-8c0dca1aef5a,Keep
00005575,3918/B,12895,1,0,5f3f3236-80ce-4580-8b30-8c0dca1aef5a,Keep
00005576,3918/B,12895,1,0,5f3f3236-80ce-4580-8b30-8c0dca1aef5a,Keep
00005577,3918/B,13031.62,1,1,5f3f3236-80ce-4580-8b30-8c0dca1aef5a,Keep
00005578,3918/B,13095,1,1,5f3f3236-80ce-4580-8b30-8c0dca1aef5a,Keep
00005579,3918/B,13195,1,1,5f3f3236-80ce-4580-8b30-8c0dca1aef5a,Keep
00005580,3872,9595,1,1,5f3f3236-80ce-4580-8b30-8c0dca1aef5a,Keep
00005581,3872,9595,1,1,5f3f3236-80ce-4580-8b30-8c0dca1aef5a,Keep
00005582,3872,9595,1,1,5f3f3236-80ce-4580-8b30-8c0dca1aef5a,Keep
00005583,3872,9695,1,1,5f3f3236-80ce-4580-8b30-8c0dca1aef5a,Keep
00005584,3872,9995,1,1,5f3f3236-80ce-4580-8b30-8c0dca1aef5a,Keep
00005585,3872,9995,1,1,5f3f3236-80ce-4580-8b30-8c0dca1aef5a,Keep
00005586,3868,10795,1,1,5f3f3236-80ce-4580-8b30-8c0dca1aef5a,Keep
00005587,3868,10795,1,0,5f3f3236-80ce-4580-8b30-8c0dca1aef5a,Keep
00005588,5005,22995,1,1,5f3f3236-80ce-4580-8b30-8c0dca1aef5a,Keep
00005589,3774,9295,1,1,5f3f3236-80ce-4580-8b30-8c0dca1aef5a,Keep
00005590,3774,9295,1,0,5f3f3236-80ce-4580-8b30-8c0dca1aef5a,Keep
00005591,3922/B,13395,1,1,5f3f3236-80ce-4580-8b30-8c0dca1aef5a,Keep
00005592,3926,10795,1,0,5f3f3236-80ce-4580-8b30-8c0dca1aef5a,Keep
00005593,3926,11095,1,1,5f3f3236-80ce-4580-8b30-8c0dca1aef5a,Keep
00005594,3926,11195,1,1,5f3f3236-80ce-4580-8b30-8c0dca1aef5a,Keep
00005595,3919,12395,1,1,5f3f3236-80ce-4580-8b30-8c0dca1aef5a,Keep
00005596,3919,12395,1,0,5f3f3236-80ce-4580-8b30-8c0dca1aef5a,Keep
00005597,3919,12395,1,0,5f3f3236-80ce-4580-8b30-8c0dca1aef5a,Keep
00005598,3919,12495,1,1,5f3f3236-80ce-4580-8b30-8c0dca1aef5a,Keep
00005599,3926,10795,1,1,5f3f3236-80ce-4580-8b30-8c0dca1aef5a,Keep
00005600,3926,11095,1,1,5f3f3236-80ce-4580-8b30-8c0dca1aef5a,Keep
00005601,3926,11195,1,1,5f3f3236-80ce-4580-8b30-8c0dca1aef5a,Keep
00005602,1055,9095,1,0,b9bdb618-3952-4f1b-8cad-bd1d45125a1a,Keep
00005603,1055,9095,1,0,b9bdb618-3952-4f1b-8cad-bd1d45125a1a,Keep
00005604,1055,9095,1,0,b9bdb618-3952-4f1b-8cad-bd1d45125a1a,Keep
00005605,1055 B,9595,1,0,b9bdb618-3952-4f1b-8cad-bd1d45125a1a,Keep
00005606,1055 PI,9095,1,0,b9bdb618-3952-4f1b-8cad-bd1d45125a1a,Keep
00005607,1055 PI,9095,1,1,b9bdb618-3952-4f1b-8cad-bd1d45125a1a,Keep
00005608,1055 PI,9095,1,0,b9bdb618-3952-4f1b-8cad-bd1d45125a1a,Keep
00005609,1055 B,9595,1,1,b9bdb618-3952-4f1b-8cad-bd1d45125a1a,Keep
00005610,1131,9495,1,1,b9bdb618-3952-4f1b-8cad-bd1d45125a1a,Keep
00005611,1131,9495,1,0,b9bdb618-3952-4f1b-8cad-bd1d45125a1a,Keep
00005612,1131,9495,1,0,b9bdb618-3952-4f1b-8cad-bd1d45125a1a,Keep
00005613,1131 B,9995,1,0,b9bdb618-3952-4f1b-8cad-bd1d45125a1a,Keep
00005614,1131 L,9495,1,0,b9bdb618-3952-4f1b-8cad-bd1d45125a1a,Keep
00005615,1131 L,9495,1,1,b9bdb618-3952-4f1b-8cad-bd1d45125a1a,Keep
00005616,1131 L,9495,1,0,b9bdb618-3952-4f1b-8cad-bd1d45125a1a,Keep
00005617,1131 L2,9995,1,0,b9bdb618-3952-4f1b-8cad-bd1d45125a1a,Keep
00005618,1141,10195,1,1,b9bdb618-3952-4f1b-8cad-bd1d45125a1a,Keep
00005619,1141,10195,1,0,b9bdb618-3952-4f1b-8cad-bd1d45125a1a,Keep
00005620,1141,10195,1,1,b9bdb618-3952-4f1b-8cad-bd1d45125a1a,Keep
00005621,1141 B,10695,1,1,b9bdb618-3952-4f1b-8cad-bd1d45125a1a,Keep
00005622,1141 W,10195,1,1,b9bdb618-3952-4f1b-8cad-bd1d45125a1a,Keep
00005623,1141 W,10195,1,1,b9bdb618-3952-4f1b-8cad-bd1d45125a1a,Keep
00005624,1141 W,10195,1,0,b9bdb618-3952-4f1b-8cad-bd1d45125a1a,Keep
00005625,1141 W2,10695,1,1,b9bdb618-3952-4f1b-8cad-bd1d45125a1a,Keep
00005626,1,56695.00,1,1,705cd05f-f485-4b79-9aee-574aed339e55,Keep
00005627,2,141295.00,1,1,705cd05f-f485-4b79-9aee-574aed339e55,Keep
00005628,3,175495.00,1,1,705cd05f-f485-4b79-9aee-574aed339e55,Keep
00005629,445M,3295.00,2,0,6fef15ce-00bd-4a79-8432-19d47cba40fd,Keep
00005630,445M Y,3295.00,3,2,6fef15ce-00bd-4a79-8432-19d47cba40fd,Keep
00005631,445M pr,3295.00,1,0,6fef15ce-00bd-4a79-8432-19d47cba40fd,Keep
00005632,445M pi,3295.00,1,0,6fef15ce-00bd-4a79-8432-19d47cba40fd,Keep
00005633,445M r,3295.00,1,1,6fef15ce-00bd-4a79-8432-19d47cba40fd,Keep
00005634,445,3095.00,1,0,6fef15ce-00bd-4a79-8432-19d47cba40fd,Keep
00005635,445 y,3095.00,2,1,6fef15ce-00bd-4a79-8432-19d47cba40fd,Keep
00005636,445 gr,3095.00,1,1,6fef15ce-00bd-4a79-8432-19d47cba40fd,Keep
00005637,445 m,3095.00,1,0,6fef15ce-00bd-4a79-8432-19d47cba40fd,Keep
00005638,445 r,3095.00,1,0,6fef15ce-00bd-4a79-8432-19d47cba40fd,Keep
00005639,445 o,3095.00,1,0,6fef15ce-00bd-4a79-8432-19d47cba40fd,Keep
00005640,445 w,3095.00,1,0,6fef15ce-00bd-4a79-8432-19d47cba40fd,Keep
00005641,1864,7995,1,0,16a23add-28f8-438a-8ce8-8bd852d29cce,Keep
00005642,1864,7995,1,0,16a23add-28f8-438a-8ce8-8bd852d29cce,Keep
00005643,1864,7995,1,1,16a23add-28f8-438a-8ce8-8bd852d29cce,Keep
00005644,1864,7995,1,1,16a23add-28f8-438a-8ce8-8bd852d29cce,Keep
00005645,1864,7995,1,1,16a23add-28f8-438a-8ce8-8bd852d29cce,Keep
00005646,E-88,7995,1,0,37c39e98-819e-49b8-bb2e-290566c75c93,Keep
00005647,E-88,7995,1,1,37c39e98-819e-49b8-bb2e-290566c75c93,Keep
00005648,E-88,7995,1,0,37c39e98-819e-49b8-bb2e-290566c75c93,Keep
00005649,E-88,8095,1,0,37c39e98-819e-49b8-bb2e-290566c75c93,Keep
00005650,E-88,8095,1,0,37c39e98-819e-49b8-bb2e-290566c75c93,Keep
00005651,E-89,7995,1,0,37c39e98-819e-49b8-bb2e-290566c75c93,Keep
00005652,E-89,7995,1,0,37c39e98-819e-49b8-bb2e-290566c75c93,Keep
00005653,E-89,7995,1,0,37c39e98-819e-49b8-bb2e-290566c75c93,Keep
00005654,E-89,8095,0,0,37c39e98-819e-49b8-bb2e-290566c75c93,Keep
00005655,E-89,8095,0,0,37c39e98-819e-49b8-bb2e-290566c75c93,Keep
00005656,1,5795.00,4,4,77621096-bd5c-4833-81a7-62061cfb4028,Keep
00005657,2,4495.00,7,7,77621096-bd5c-4833-81a7-62061cfb4028,Keep
00005658,3,3395.00,3,3,77621096-bd5c-4833-81a7-62061cfb4028,Keep
00005659,4,5195.00,4,4,77621096-bd5c-4833-81a7-62061cfb4028,Keep
00005660,25432,2895,1,1,4ed47377-bdb0-4644-aa73-772306565af8,Keep
00005661,25432,2895,1,0,4ed47377-bdb0-4644-aa73-772306565af8,Keep
00005662,25432,2895,1,1,4ed47377-bdb0-4644-aa73-772306565af8,Keep
00005663,25432,2895,1,0,4ed47377-bdb0-4644-aa73-772306565af8,Keep
00005664,25432-2,3195,1,1,4ed47377-bdb0-4644-aa73-772306565af8,Keep
00005665,25432-2,3195,1,1,4ed47377-bdb0-4644-aa73-772306565af8,Keep
00005666,25435,2895,2,1,4ed47377-bdb0-4644-aa73-772306565af8,Keep
00005667,25435,2895,2,1,4ed47377-bdb0-4644-aa73-772306565af8,Keep
00005668,25435,2895,2,0,4ed47377-bdb0-4644-aa73-772306565af8,Keep
00005669,25435,2895,2,2,4ed47377-bdb0-4644-aa73-772306565af8,Keep
00005670,25435-2,3195,1,1,4ed47377-bdb0-4644-aa73-772306565af8,Keep
00005671,25435-2,3195,1,1,4ed47377-bdb0-4644-aa73-772306565af8,Keep
00005672,25435-2,3195,1,1,4ed47377-bdb0-4644-aa73-772306565af8,Keep
00005673,6888,3595,1,0,4ed47377-bdb0-4644-aa73-772306565af8,Keep
00005674,6888,3595,1,0,4ed47377-bdb0-4644-aa73-772306565af8,Keep
00005675,6888,3595,1,1,4ed47377-bdb0-4644-aa73-772306565af8,Keep
00005676,6888-2,3895,1,0,4ed47377-bdb0-4644-aa73-772306565af8,Keep
00005677,6890,5195,2,0,4ed47377-bdb0-4644-aa73-772306565af8,Keep
00005678,6890,5195,2,0,4ed47377-bdb0-4644-aa73-772306565af8,Keep
00005679,6890,5195,2,1,4ed47377-bdb0-4644-aa73-772306565af8,Keep
00005680,6890,5195,2,1,4ed47377-bdb0-4644-aa73-772306565af8,Keep
00005681,6890-2,5495,1,1,4ed47377-bdb0-4644-aa73-772306565af8,Keep
00005682,6890-2,5495,2,2,4ed47377-bdb0-4644-aa73-772306565af8,Keep
00005683,0897,2095,2,1,4ed47377-bdb0-4644-aa73-772306565af8,Keep
00005684,0897,2095,2,1,4ed47377-bdb0-4644-aa73-772306565af8,Keep
00005685,0897,2095,2,1,4ed47377-bdb0-4644-aa73-772306565af8,Keep
00005686,0897,2095,2,1,4ed47377-bdb0-4644-aa73-772306565af8,Keep
00005687,0897-2,2195,1,0,4ed47377-bdb0-4644-aa73-772306565af8,Keep
00005688,0897-2,2195,1,0,4ed47377-bdb0-4644-aa73-772306565af8,Keep
00005689,0897-2,2195,1,1,4ed47377-bdb0-4644-aa73-772306565af8,Keep
00005690,RJ-2034,65795,1,1,41bd65c4-9a00-4aa8-84d5-1b1300903f38,Keep
00005691,RJ-1824,63795,1,0,41bd65c4-9a00-4aa8-84d5-1b1300903f38,Keep
00005692,E-05,7695.00,1,0,b1eab445-b69c-4bbb-8d5d-72e8b6dd40a0,Keep
00005693,E-05,7695.00,1,0,b1eab445-b69c-4bbb-8d5d-72e8b6dd40a0,Keep
00005694,E-05,7695.00,1,0,b1eab445-b69c-4bbb-8d5d-72e8b6dd40a0,Keep
00005695,E-05,7795.00,1,0,b1eab445-b69c-4bbb-8d5d-72e8b6dd40a0,Keep
00005696,E-05,7995.00,1,0,b1eab445-b69c-4bbb-8d5d-72e8b6dd40a0,Keep
00005697,E-104,6595,0,0,b1eab445-b69c-4bbb-8d5d-72e8b6dd40a0,Keep
00005698,E-104,6595,0,0,b1eab445-b69c-4bbb-8d5d-72e8b6dd40a0,Keep
00005699,E-104,6595,0,0,b1eab445-b69c-4bbb-8d5d-72e8b6dd40a0,Keep
00005700,E-104,6695.00,1,1,b1eab445-b69c-4bbb-8d5d-72e8b6dd40a0,Keep
00005701,E-104,6695.00,1,0,b1eab445-b69c-4bbb-8d5d-72e8b6dd40a0,Keep
00005702,E-107,6195.00,1,0,b1eab445-b69c-4bbb-8d5d-72e8b6dd40a0,Keep
00005703,E-107,6195.00,1,0,b1eab445-b69c-4bbb-8d5d-72e8b6dd40a0,Keep
00005704,E-107,6195.00,1,1,b1eab445-b69c-4bbb-8d5d-72e8b6dd40a0,Keep
00005705,E-107,6295.00,1,0,b1eab445-b69c-4bbb-8d5d-72e8b6dd40a0,Keep
00005706,E-107,6295.00,1,0,b1eab445-b69c-4bbb-8d5d-72e8b6dd40a0,Keep
00005707,E-104,6695,1,1,b1eab445-b69c-4bbb-8d5d-72e8b6dd40a0,Keep
00005708,E-104,6595,1,0,b1eab445-b69c-4bbb-8d5d-72e8b6dd40a0,Keep
00005709,E-104,6595,1,0,b1eab445-b69c-4bbb-8d5d-72e8b6dd40a0,Keep
00005710,10069,22495.00,1,0,d6ffb35f-c08b-4dca-bbc7-e621f0e0dd35,Keep
00005711,11006,25195.00,1,1,d6ffb35f-c08b-4dca-bbc7-e621f0e0dd35,Keep
00005712,9678M,21595.00,1,0,d6ffb35f-c08b-4dca-bbc7-e621f0e0dd35,Keep
00005713,2882,44995.00,1,1,d6ffb35f-c08b-4dca-bbc7-e621f0e0dd35,Keep
00005714,3013,32395.00,1,0,d6ffb35f-c08b-4dca-bbc7-e621f0e0dd35,Keep
00005715,1812 BLK,38395,1,0,ccbb6d90-f348-4853-bee0-7f7dee075848,Keep
00005716,AH/UR535/1803,43195,1,1,0436ad3d-ad2f-4b3c-b8c9-cb489f33e6b2,Keep
00005717,S088/S,15995,1,0,9b040b65-f6ad-48c4-8777-bff7b84c37f6,Keep
00005718,S088/S,15995,1,1,a2f135a8-7a3e-41ea-a7e4-2dc92f8f67bb,Keep
00005719,S088/SUIT,16995,1,0,a2f135a8-7a3e-41ea-a7e4-2dc92f8f67bb,Keep
00005720,DC 25220,105995,1,1,64597d06-d7ff-4496-bd6e-40a72bb306e7,Keep
00005721,D-16566,3395,4,4,a4b5b3f2-02a6-40bc-9da4-8385e0b325c7,Keep
00005722,D-16580,3595,2,2,a4b5b3f2-02a6-40bc-9da4-8385e0b325c7,Keep
00005723,D-15914,3295,2,2,a4b5b3f2-02a6-40bc-9da4-8385e0b325c7,Keep
00005724,D-12376,3795,8,8,a4b5b3f2-02a6-40bc-9da4-8385e0b325c7,Keep
00005725,D-11291,3295,2,2,a4b5b3f2-02a6-40bc-9da4-8385e0b325c7,Keep
00005726,D-12376,2695,4,2,a4b5b3f2-02a6-40bc-9da4-8385e0b325c7,Keep
00005727,D-8727,9895.00,1,1,a4b5b3f2-02a6-40bc-9da4-8385e0b325c7,Keep
00005728,D-8921,11595,1,0,a4b5b3f2-02a6-40bc-9da4-8385e0b325c7,Keep
00005729,D-8727,9895,1,1,a4b5b3f2-02a6-40bc-9da4-8385e0b325c7,Keep
00005730,D-17256,2795,1,0,a4b5b3f2-02a6-40bc-9da4-8385e0b325c7,Keep
00005731,D-17004,2795,1,1,a4b5b3f2-02a6-40bc-9da4-8385e0b325c7,Keep
00005732,D-11721,6995,1,1,a4b5b3f2-02a6-40bc-9da4-8385e0b325c7,Keep
00005733,D-11721,6995,1,1,a4b5b3f2-02a6-40bc-9da4-8385e0b325c7,Keep
00005734,D-17256,3295,2,1,a4b5b3f2-02a6-40bc-9da4-8385e0b325c7,Keep
00005735,D-17256,3095,1,1,a4b5b3f2-02a6-40bc-9da4-8385e0b325c7,Keep
00005736,D-17256,3095,1,1,a4b5b3f2-02a6-40bc-9da4-8385e0b325c7,Keep
00005737,D-15882,3995,3,2,a4b5b3f2-02a6-40bc-9da4-8385e0b325c7,Keep
00005738,D-16756,4095,3,3,a4b5b3f2-02a6-40bc-9da4-8385e0b325c7,Keep
00005739,D-16603,5495,3,3,a4b5b3f2-02a6-40bc-9da4-8385e0b325c7,Keep
00005740,D-12376,3795.00,2,2,a4b5b3f2-02a6-40bc-9da4-8385e0b325c7,Keep
00005741,D-16492,6895,1,1,a4b5b3f2-02a6-40bc-9da4-8385e0b325c7,Keep
00005742,D-8402,11495,1,1,a4b5b3f2-02a6-40bc-9da4-8385e0b325c7,Keep
00005743,D-14498,11195,1,1,a4b5b3f2-02a6-40bc-9da4-8385e0b325c7,Keep
00005744,D-11284,11695,1,0,a4b5b3f2-02a6-40bc-9da4-8385e0b325c7,Keep
00005745,D-13594,5895,1,1,a4b5b3f2-02a6-40bc-9da4-8385e0b325c7,Keep
00005746,D-16631,5695,1,0,a4b5b3f2-02a6-40bc-9da4-8385e0b325c7,Keep
00005747,D-13401,3995,1,1,a4b5b3f2-02a6-40bc-9da4-8385e0b325c7,Keep
00005748,D-11686,8595,1,1,a4b5b3f2-02a6-40bc-9da4-8385e0b325c7,Keep
00005749,D-11686,8595,1,0,a4b5b3f2-02a6-40bc-9da4-8385e0b325c7,Keep
00005750,DM-100,87995,1,1,3dc09837-d9c4-4f32-b5ac-3091b13d611c,Keep
00005751,38- F,2695,0,0,52f05e20-cef0-41db-9484-39a8f4684ada,Keep
00005752,36-D,995.00,0,0,52f05e20-cef0-41db-9484-39a8f4684ada,Keep
00005753,DC-25022,99995,1,1,abcf796f-388a-4625-8267-4bf752c43cb4,Keep
00005754,18656,2995,6,3,b3e0de99-9144-42d1-a36a-cf42342630f7,Keep
00005755,18651,2895,1,1,b3e0de99-9144-42d1-a36a-cf42342630f7,Keep
00005756,18651 g,2895,1,0,b3e0de99-9144-42d1-a36a-cf42342630f7,Keep
00005757,18651 p,2895,1,1,b3e0de99-9144-42d1-a36a-cf42342630f7,Keep
00005758,18651 P,2895,1,1,b3e0de99-9144-42d1-a36a-cf42342630f7,Keep
00005759,18651 y,2895,1,1,b3e0de99-9144-42d1-a36a-cf42342630f7,Keep
00005760,18677,2895,2,2,b3e0de99-9144-42d1-a36a-cf42342630f7,Keep
00005761,18677 y,2895,3,2,b3e0de99-9144-42d1-a36a-cf42342630f7,Keep
00005762,18677 p,2895,1,1,b3e0de99-9144-42d1-a36a-cf42342630f7,Keep
00005763,18646,2895,1,1,b3e0de99-9144-42d1-a36a-cf42342630f7,Keep
00005764,18646 b,2895,1,1,b3e0de99-9144-42d1-a36a-cf42342630f7,Keep
00005765,18646 g,2895,1,1,b3e0de99-9144-42d1-a36a-cf42342630f7,Keep
00005766,18646 p,2895,1,1,b3e0de99-9144-42d1-a36a-cf42342630f7,Keep
00005767,18646 g,2895,1,1,b3e0de99-9144-42d1-a36a-cf42342630f7,Keep
00005768,17002,1995,1,1,b3e0de99-9144-42d1-a36a-cf42342630f7,Keep
00005769,17002 g,1995,2,2,b3e0de99-9144-42d1-a36a-cf42342630f7,Keep
00005770,17002 p,1995,1,0,b3e0de99-9144-42d1-a36a-cf42342630f7,Keep
00005771,17001,1995,1,1,b3e0de99-9144-42d1-a36a-cf42342630f7,Keep
00005772,17001 g,1995,2,1,b3e0de99-9144-42d1-a36a-cf42342630f7,Keep
00005773,17001 pe,1995,1,1,b3e0de99-9144-42d1-a36a-cf42342630f7,Keep
00005774,17001 p,1995,1,0,b3e0de99-9144-42d1-a36a-cf42342630f7,Keep
00005775,17004,1995,1,0,b3e0de99-9144-42d1-a36a-cf42342630f7,Keep
00005776,17004 g,1995,2,2,b3e0de99-9144-42d1-a36a-cf42342630f7,Keep
00005777,17004 p,1995,1,1,b3e0de99-9144-42d1-a36a-cf42342630f7,Keep
00005778,16304,2295,1,0,b3e0de99-9144-42d1-a36a-cf42342630f7,Keep
00005779,16304 g,2295,1,0,b3e0de99-9144-42d1-a36a-cf42342630f7,Keep
00005780,16304 be,2295,1,1,b3e0de99-9144-42d1-a36a-cf42342630f7,Keep
00005781,16304 p,2295,1,0,b3e0de99-9144-42d1-a36a-cf42342630f7,Keep
00005782,18505,2695,1,0,b3e0de99-9144-42d1-a36a-cf42342630f7,Keep
00005783,18641,2695,2,2,b3e0de99-9144-42d1-a36a-cf42342630f7,Keep
00005784,18641 r,2695,1,1,b3e0de99-9144-42d1-a36a-cf42342630f7,Keep
00005785,18642,2695,1,0,b3e0de99-9144-42d1-a36a-cf42342630f7,Keep
00005786,18642 g,2695,1,1,b3e0de99-9144-42d1-a36a-cf42342630f7,Keep
00005787,18642 r,2695,1,0,b3e0de99-9144-42d1-a36a-cf42342630f7,Keep
00005788,01,5,0,0,52f05e20-cef0-41db-9484-39a8f4684ada,Keep
00005789,MG-8834,29995,1,0,c80d6118-3b71-4c74-b671-4bea78eeb149,Keep
00005790,1-341,6695,1,0,751839ce-55c7-4285-839f-b93db79b8bbd,Keep
00005791,2-323,9895,1,0,751839ce-55c7-4285-839f-b93db79b8bbd,Keep
00005792,3-344,8795,1,0,751839ce-55c7-4285-839f-b93db79b8bbd,Keep
00005793,4-16,11895,1,0,751839ce-55c7-4285-839f-b93db79b8bbd,Keep
00005794,5-1-P,16195,1,0,751839ce-55c7-4285-839f-b93db79b8bbd,Keep
00005795,6-1-J,7195,1,0,751839ce-55c7-4285-839f-b93db79b8bbd,Keep
00005796,7-318,10095,1,0,751839ce-55c7-4285-839f-b93db79b8bbd,Keep
00005797,8-1,11695,1,0,751839ce-55c7-4285-839f-b93db79b8bbd,Keep
00005798,9-15,14395,1,0,751839ce-55c7-4285-839f-b93db79b8bbd,Keep
00005799,10-1,16195,1,0,751839ce-55c7-4285-839f-b93db79b8bbd,Keep
00005800,11-30,12595,1,0,751839ce-55c7-4285-839f-b93db79b8bbd,Keep
00005801,12-AZ-38,10595,1,0,751839ce-55c7-4285-839f-b93db79b8bbd,Keep
00005802,13-1-A2,11395,1,0,751839ce-55c7-4285-839f-b93db79b8bbd,Keep
00005803,14-1-N,23395,1,0,751839ce-55c7-4285-839f-b93db79b8bbd,Keep
00005804,15-54,9895,1,0,751839ce-55c7-4285-839f-b93db79b8bbd,Keep
00005805,16-11,9895,1,0,751839ce-55c7-4285-839f-b93db79b8bbd,Keep
00005806,17-M-6,5595,1,0,751839ce-55c7-4285-839f-b93db79b8bbd,Keep
00005807,18-R-60,11395,1,0,751839ce-55c7-4285-839f-b93db79b8bbd,Keep
00005808,19-R-60,7595,1,0,751839ce-55c7-4285-839f-b93db79b8bbd,Keep
00005809,20-1-R,8995,1,0,751839ce-55c7-4285-839f-b93db79b8bbd,Keep
00005810,21-1-AZ,8995,1,0,751839ce-55c7-4285-839f-b93db79b8bbd,Keep
00005811,3100,49995,1,1,d1b0224f-729a-4efe-af25-efb21b5d1001,Keep
00005812,2203-C,45995,1,0,c3783547-633e-4c13-8451-d4c35cde9881,Keep
00005813,P-5044,49995,1,1,ce681669-ff1f-4331-a35d-fc9328c3a50d,Keep
00005814,Q-5018,23995.00,1,0,ce681669-ff1f-4331-a35d-fc9328c3a50d,Keep
00005815,1955-G,23595.00,1,1,de683086-980e-4d19-a966-f2080c0dd70a,Keep
00005816,1955-R,23595.00,1,1,de683086-980e-4d19-a966-f2080c0dd70a,Keep
00005817,1955,23995.00,1,1,de683086-980e-4d19-a966-f2080c0dd70a,Keep
00005818,2206-C,60495,1,0,74cb31c0-068b-4602-98dc-5f9144b85571,Keep
00005819,S-1013,38294.97,1,0,74cb31c0-068b-4602-98dc-5f9144b85571,Keep
00005820,2204-A,80595,1,1,74cb31c0-068b-4602-98dc-5f9144b85571,Keep
00005821,T-4037,14395,1,0,619b8e22-2a62-4e0b-ae3e-35921c56d397,Keep
00005822,T-4021,16195,1,0,619b8e22-2a62-4e0b-ae3e-35921c56d397,Keep
00005823,601,8895,1,0,579897ae-e1bc-4ffa-94fb-d187e3981b12,Keep
00005824,601,8895,1,0,579897ae-e1bc-4ffa-94fb-d187e3981b12,Keep
00005825,601,8895,1,0,579897ae-e1bc-4ffa-94fb-d187e3981b12,Keep
00005826,601,8895,1,1,579897ae-e1bc-4ffa-94fb-d187e3981b12,Keep
00005827,600,8895,1,1,579897ae-e1bc-4ffa-94fb-d187e3981b12,Keep
00005828,600,8895,1,1,579897ae-e1bc-4ffa-94fb-d187e3981b12,Keep
00005829,600,8895,1,0,579897ae-e1bc-4ffa-94fb-d187e3981b12,Keep
00005830,600,8895,1,1,579897ae-e1bc-4ffa-94fb-d187e3981b12,Keep
00005831,626,7395,1,0,579897ae-e1bc-4ffa-94fb-d187e3981b12,Keep
00005832,626,7395,1,0,579897ae-e1bc-4ffa-94fb-d187e3981b12,Keep
00005833,626,7395,1,0,579897ae-e1bc-4ffa-94fb-d187e3981b12,Keep
00005834,626,7395,1,1,579897ae-e1bc-4ffa-94fb-d187e3981b12,Keep
00005835,635,7395,1,0,579897ae-e1bc-4ffa-94fb-d187e3981b12,Keep
00005836,635,7395,1,1,579897ae-e1bc-4ffa-94fb-d187e3981b12,Keep
00005837,635,7395,1,1,579897ae-e1bc-4ffa-94fb-d187e3981b12,Keep
00005838,635,7395,1,1,579897ae-e1bc-4ffa-94fb-d187e3981b12,Keep
00005839,626-NAVY,7395,1,0,579897ae-e1bc-4ffa-94fb-d187e3981b12,Keep
00005840,626-NAVY,7395,1,0,579897ae-e1bc-4ffa-94fb-d187e3981b12,Keep
00005841,626-NAVY,7395,1,0,579897ae-e1bc-4ffa-94fb-d187e3981b12,Keep
00005842,626-NAVY,7395,1,1,579897ae-e1bc-4ffa-94fb-d187e3981b12,Keep
00005843,616,8395,1,0,579897ae-e1bc-4ffa-94fb-d187e3981b12,Keep
00005844,616,8395,1,1,579897ae-e1bc-4ffa-94fb-d187e3981b12,Keep
00005845,616,8395,1,0,579897ae-e1bc-4ffa-94fb-d187e3981b12,Keep
00005846,616,8395,1,0,579897ae-e1bc-4ffa-94fb-d187e3981b12,Keep
00005847,614,8395,1,0,579897ae-e1bc-4ffa-94fb-d187e3981b12,Keep
00005848,614,8395,1,0,579897ae-e1bc-4ffa-94fb-d187e3981b12,Keep
00005849,614,8395,1,0,579897ae-e1bc-4ffa-94fb-d187e3981b12,Keep
00005850,614,8395,1,1,579897ae-e1bc-4ffa-94fb-d187e3981b12,Keep
00005851,634,9095,1,1,579897ae-e1bc-4ffa-94fb-d187e3981b12,Keep
00005852,634,9095,1,1,579897ae-e1bc-4ffa-94fb-d187e3981b12,Keep
00005853,634,9095,1,0,579897ae-e1bc-4ffa-94fb-d187e3981b12,Keep
00005854,634,9095,1,1,579897ae-e1bc-4ffa-94fb-d187e3981b12,Keep
00005855,306,4495,1,0,579897ae-e1bc-4ffa-94fb-d187e3981b12,Keep
00005856,306,4495,1,1,579897ae-e1bc-4ffa-94fb-d187e3981b12,Keep
00005857,306,4495,1,0,579897ae-e1bc-4ffa-94fb-d187e3981b12,Keep
00005858,306,4495,1,0,579897ae-e1bc-4ffa-94fb-d187e3981b12,Keep
00005859,334,4995,1,1,579897ae-e1bc-4ffa-94fb-d187e3981b12,Keep
00005860,334,4995,1,0,579897ae-e1bc-4ffa-94fb-d187e3981b12,Keep
00005861,334,4995,1,1,579897ae-e1bc-4ffa-94fb-d187e3981b12,Keep
00005862,334,4995,1,1,579897ae-e1bc-4ffa-94fb-d187e3981b12,Keep
00005863,334-BL,4995,1,1,579897ae-e1bc-4ffa-94fb-d187e3981b12,Keep
00005864,334-BL,4995,1,0,579897ae-e1bc-4ffa-94fb-d187e3981b12,Keep
00005865,334-BL,4995,1,0,579897ae-e1bc-4ffa-94fb-d187e3981b12,Keep
00005866,334-BL,4995,1,1,579897ae-e1bc-4ffa-94fb-d187e3981b12,Keep
00005867,300,4595,1,0,579897ae-e1bc-4ffa-94fb-d187e3981b12,Keep
00005868,300,4595,1,0,579897ae-e1bc-4ffa-94fb-d187e3981b12,Keep
00005869,300,4595,1,1,579897ae-e1bc-4ffa-94fb-d187e3981b12,Keep
00005870,300,4595,1,1,579897ae-e1bc-4ffa-94fb-d187e3981b12,Keep
00005871,2203-E,45995,1,1,19bbef7e-e5d8-4790-9822-324ea576e24d,Keep
00005872,2201-B,45995,1,0,19bbef7e-e5d8-4790-9822-324ea576e24d,Keep
00005873,4151,37995,1,0,42fde673-bb94-4c65-84df-37b4eb153b07,Keep
00005874,5010,23995,1,0,42fde673-bb94-4c65-84df-37b4eb153b07,Keep
00005875,2107,59995,1,1,42fde673-bb94-4c65-84df-37b4eb153b07,Keep
00005876,4133,31995,1,1,42fde673-bb94-4c65-84df-37b4eb153b07,Keep
00005877,1508,51795,1,0,27ad7757-7f26-4541-bfdd-e15ba6b503c6,Keep
00005878,4135-A/ASH,43995.00,1,1,984e0865-e0ce-4ef8-986b-5b46a05e6d32,Keep
00005879,1-C974,31995,1,1,1f98d19c-6cf5-44fa-9c2f-4582b9187a1f,Keep
00005880,2-C1008,23995,1,0,1f98d19c-6cf5-44fa-9c2f-4582b9187a1f,Keep
00005881,3-C1031,27995,1,0,1f98d19c-6cf5-44fa-9c2f-4582b9187a1f,Keep
00005882,4-C1040,31995,1,0,1f98d19c-6cf5-44fa-9c2f-4582b9187a1f,Keep
00005883,SA/RS/1/121,98895,1,0,4e9bf10e-2ed0-4e83-adee-65a7d088b3ff,Keep
00005884,C-973,31995.00,1,1,35d24ba6-dc6b-4fce-b690-ed44e20f52fb,Keep
00005885,C-1082,34995.00,1,1,35d24ba6-dc6b-4fce-b690-ed44e20f52fb,Keep
00005886,C-1087,37995.00,1,1,35d24ba6-dc6b-4fce-b690-ed44e20f52fb,Keep
00005887,1,40495,1,0,33831b93-aee0-4a95-91dc-d3731bdc474f,Keep
00005888,2,40495,1,0,33831b93-aee0-4a95-91dc-d3731bdc474f,Keep
00005889,3,40495,1,0,33831b93-aee0-4a95-91dc-d3731bdc474f,Keep
00005890,4,40495,1,1,33831b93-aee0-4a95-91dc-d3731bdc474f,Keep
00005891,5,40495,1,0,33831b93-aee0-4a95-91dc-d3731bdc474f,Keep
00005892,DF-2547,6695,2,1,739efebb-35f7-40c4-873c-85ab21a4ecc7,Keep
00005893,DF-2578,6595,2,1,739efebb-35f7-40c4-873c-85ab21a4ecc7,Keep
00005894,DF-2639,4995,2,2,739efebb-35f7-40c4-873c-85ab21a4ecc7,Keep
00005895,DF-2434,6495,2,1,739efebb-35f7-40c4-873c-85ab21a4ecc7,Keep
00005896,DF-2605,5095,1,0,739efebb-35f7-40c4-873c-85ab21a4ecc7,Keep
00005897,DF-2575,5895,2,0,739efebb-35f7-40c4-873c-85ab21a4ecc7,Keep
00005898,DF-2657,6595,2,2,739efebb-35f7-40c4-873c-85ab21a4ecc7,Keep
00005899,DF-2663,4695,2,2,739efebb-35f7-40c4-873c-85ab21a4ecc7,Keep
00005900,DF-2651,3595,2,0,739efebb-35f7-40c4-873c-85ab21a4ecc7,Keep
00005901,DF-2625,6695,2,1,739efebb-35f7-40c4-873c-85ab21a4ecc7,Keep
00005902,DF-2594,5595,3,0,739efebb-35f7-40c4-873c-85ab21a4ecc7,Keep
00005903,DF-2627,5795,2,0,739efebb-35f7-40c4-873c-85ab21a4ecc7,Keep
00005904,DF-2630,4595,2,2,739efebb-35f7-40c4-873c-85ab21a4ecc7,Keep
00005905,DF-2545,6895,3,1,739efebb-35f7-40c4-873c-85ab21a4ecc7,Keep
00005906,DF-2587,5995,2,1,739efebb-35f7-40c4-873c-85ab21a4ecc7,Keep
00005907,DF-2586,5795,2,0,739efebb-35f7-40c4-873c-85ab21a4ecc7,Keep
00005908,DF-2452,4895,3,0,739efebb-35f7-40c4-873c-85ab21a4ecc7,Keep
00005909,STK-SAACHI-119,6395,1,0,2b6f4621-fb0e-43f0-9a7a-2cc2c678500b,Keep
00005910,STK-SAACHI-119,6395,1,0,2b6f4621-fb0e-43f0-9a7a-2cc2c678500b,Keep
00005911,STK-SAACHI-119,6395,1,0,2b6f4621-fb0e-43f0-9a7a-2cc2c678500b,Keep
00005912,STK-MASHKI-115,7695,1,1,2b6f4621-fb0e-43f0-9a7a-2cc2c678500b,Keep
00005913,STK-MASHKI-115-G,7695,1,1,2b6f4621-fb0e-43f0-9a7a-2cc2c678500b,Keep
00005914,STK-TAMSIN-114,6795,1,1,2b6f4621-fb0e-43f0-9a7a-2cc2c678500b,Keep
00005915,STK-TAMSIN-114-G,6795,1,1,2b6f4621-fb0e-43f0-9a7a-2cc2c678500b,Keep
00005916,STK-SHAKHI-119-B,4995,1,0,2b6f4621-fb0e-43f0-9a7a-2cc2c678500b,Keep
00005917,STK-SHAKHI-119-G,4995,1,0,2b6f4621-fb0e-43f0-9a7a-2cc2c678500b,Keep
00005918,STK-SHAKHI-119-Y,4995,1,1,2b6f4621-fb0e-43f0-9a7a-2cc2c678500b,Keep
00005919,STK-MISKI-120,6195,2,0,2b6f4621-fb0e-43f0-9a7a-2cc2c678500b,Keep
00005920,STK-AMRIN-105-A,3095,1,0,2b6f4621-fb0e-43f0-9a7a-2cc2c678500b,Keep
00005921,STK-AMRIN-105-B,3095,1,1,2b6f4621-fb0e-43f0-9a7a-2cc2c678500b,Keep
00005922,STK-AMRIN-105-C,3095,1,0,2b6f4621-fb0e-43f0-9a7a-2cc2c678500b,Keep
00005923,STK-GULMO-103-C,4295,1,1,2b6f4621-fb0e-43f0-9a7a-2cc2c678500b,Keep
00005924,STK-GULMO-103-B,4295,1,0,2b6f4621-fb0e-43f0-9a7a-2cc2c678500b,Keep
00005925,STK-GULMO-103-Y,4295,1,1,2b6f4621-fb0e-43f0-9a7a-2cc2c678500b,Keep
00005926,STK-MUKHIR-1-124-P,3695,1,1,2b6f4621-fb0e-43f0-9a7a-2cc2c678500b,Keep
00005927,STK-MUKHIR-1-124-B,3695,1,1,2b6f4621-fb0e-43f0-9a7a-2cc2c678500b,Keep
00005928,13183,5995,1,1,4b1c7a69-53cf-4705-8bf9-f55a5bc73dc7,Keep
00005929,13183-2,5995,1,1,4b1c7a69-53cf-4705-8bf9-f55a5bc73dc7,Keep
00005930,13165,9295,2,1,4b1c7a69-53cf-4705-8bf9-f55a5bc73dc7,Keep
00005931,GBPL-0093,11695.00,1,0,4f98cb28-d320-48de-81af-c801cfdd3714,Keep
00005932,D-1228,8395,1,0,efecf57a-1a97-49eb-9df4-223d70560da3,Keep
00005933,D-2355,16695,1,1,efecf57a-1a97-49eb-9df4-223d70560da3,Keep
00005934,S-3492,10395,2,2,84964554-3fe8-485e-8818-2770bd0e994f,Keep
00005935,V-1076,8995,2,2,84964554-3fe8-485e-8818-2770bd0e994f,Keep
00005936,V-1076,9195,1,1,84964554-3fe8-485e-8818-2770bd0e994f,Keep
00005937,SRG-001143,56995,1,0,5accc853-ea4b-4ed6-93f9-327efe80b3b9,Keep
00005938,SRG-00161,40995,1,1,5accc853-ea4b-4ed6-93f9-327efe80b3b9,Keep
00005939,SRG-00440,82995,1,1,5accc853-ea4b-4ed6-93f9-327efe80b3b9,Keep
00005940,SRG-00985,124995,1,1,5accc853-ea4b-4ed6-93f9-327efe80b3b9,Keep
00005941,SRG-001343,76995,1,1,5accc853-ea4b-4ed6-93f9-327efe80b3b9,Keep
00005942,SRG-00647,50995,1,1,5accc853-ea4b-4ed6-93f9-327efe80b3b9,Keep
00005943,SRG-001575,76995,1,1,5accc853-ea4b-4ed6-93f9-327efe80b3b9,Keep
00005944,SRG-001609,85995,1,1,5accc853-ea4b-4ed6-93f9-327efe80b3b9,Keep
00005945,SRG-00402,57995,1,0,5accc853-ea4b-4ed6-93f9-327efe80b3b9,Keep
00005946,SRG-00916,89995,1,1,5accc853-ea4b-4ed6-93f9-327efe80b3b9,Keep
00005947,SRG-001128,85995,1,1,5accc853-ea4b-4ed6-93f9-327efe80b3b9,Keep
00005948,SRG-001521,65995,1,1,5accc853-ea4b-4ed6-93f9-327efe80b3b9,Keep
00005949,SRG-001419,70995,1,1,5accc853-ea4b-4ed6-93f9-327efe80b3b9,Keep
00005950,SRG-001580,55995,1,1,5accc853-ea4b-4ed6-93f9-327efe80b3b9,Keep
00005951,6661,103995.00,1,1,899c2f09-18be-4c26-9f39-4211bf0eab55,Keep
00005952,6658,80995.00,1,1,899c2f09-18be-4c26-9f39-4211bf0eab55,Keep
00005953,2214,34995.00,1,0,899c2f09-18be-4c26-9f39-4211bf0eab55,Keep
00005954,2599,34995.00,1,1,899c2f09-18be-4c26-9f39-4211bf0eab55,Keep
00005955,1521,67895.00,1,0,899c2f09-18be-4c26-9f39-4211bf0eab55,Keep
00005956,2415,21895.00,1,1,899c2f09-18be-4c26-9f39-4211bf0eab55,Keep
00005957,2486,21895.00,1,0,899c2f09-18be-4c26-9f39-4211bf0eab55,Keep
00005958,2631,31895.00,1,0,899c2f09-18be-4c26-9f39-4211bf0eab55,Keep
00005959,2455,27895.00,1,0,899c2f09-18be-4c26-9f39-4211bf0eab55,Keep
00005960,2699,31895.00,1,0,899c2f09-18be-4c26-9f39-4211bf0eab55,Keep
00005961,2269,31895.00,1,1,899c2f09-18be-4c26-9f39-4211bf0eab55,Keep
00005962,2457,28995.00,1,0,899c2f09-18be-4c26-9f39-4211bf0eab55,Keep
00005963,2502,33895.00,1,1,899c2f09-18be-4c26-9f39-4211bf0eab55,Keep
00005964,2550,31895.00,1,0,899c2f09-18be-4c26-9f39-4211bf0eab55,Keep
00005965,1759,25895.00,1,0,899c2f09-18be-4c26-9f39-4211bf0eab55,Keep
00005966,2253,25895.00,1,0,899c2f09-18be-4c26-9f39-4211bf0eab55,Keep
00005967,2630,52995.00,1,1,899c2f09-18be-4c26-9f39-4211bf0eab55,Keep
00005968,2408,19695.00,1,0,899c2f09-18be-4c26-9f39-4211bf0eab55,Keep
00005969,1,19995,7,4,e22cbed8-8c64-4fb4-91c3-1133984f9443,Keep
00005970,1233,49795,1,1,d48112b6-e767-4e63-a10b-365947cca6b6,Keep
00005971,1947,19795,1,1,2202b69d-3231-4cd2-a37f-567d8d2ba351,Keep
00005972,1947,19795,1,0,2202b69d-3231-4cd2-a37f-567d8d2ba351,Keep
00005973,1947,19795,1,1,2202b69d-3231-4cd2-a37f-567d8d2ba351,Keep
00005974,LGN-376,33995,1,0,116f441f-e167-49d0-99d1-d318b81d0544,Keep
00005975,SF-1,146695,1,0,b27ef6f3-9143-43c4-9cd7-43cc7d5d1475,Keep
00005976,SF-2,146695,1,0,b27ef6f3-9143-43c4-9cd7-43cc7d5d1475,Keep
00005977,V-1932S,25695,1,1,dcbcabf3-2735-4044-9ef7-6d99a06e19b5,Keep
00005978,V-1821RL,21695,1,1,dcbcabf3-2735-4044-9ef7-6d99a06e19b5,Keep
00005979,LV-US-7714-G,3595,2,2,7733b72f-9e5e-44f0-aab6-35d3a3057945,Keep
00005980,LV-US-7714-B,3595,1,1,7733b72f-9e5e-44f0-aab6-35d3a3057945,Keep
00005981,LV-US-7714-G,3595,1,1,7733b72f-9e5e-44f0-aab6-35d3a3057945,Keep
00005982,LV-US-7714-P,3595,1,1,7733b72f-9e5e-44f0-aab6-35d3a3057945,Keep
00005983,021-0138/(RC/BL/272),178995,1,1,a758cc30-03f4-4ab5-9449-23c670ef73d5,Keep
00005984,1/1,23795,1,0,8f6d09bb-e4f0-4bbf-87a1-468b6b3cf4c4,Keep
00005985,2/2,29195,2,0,8f6d09bb-e4f0-4bbf-87a1-468b6b3cf4c4,Keep
00005986,3/1,18095,0,0,aeb67fad-03bc-4146-86e8-a3cf117f4500,Keep
00005987,4/2,16295,0,0,aeb67fad-03bc-4146-86e8-a3cf117f4500,Keep
00005988,5/7,32395,7,0,8f6d09bb-e4f0-4bbf-87a1-468b6b3cf4c4,Keep
00005989,6/1,20595,0,0,aeb67fad-03bc-4146-86e8-a3cf117f4500,Keep
00005990,7/1,32395,1,0,8f6d09bb-e4f0-4bbf-87a1-468b6b3cf4c4,Keep
00005991,8/1,25195,1,0,8f6d09bb-e4f0-4bbf-87a1-468b6b3cf4c4,Keep
00005992,9/3,21595,3,2,8f6d09bb-e4f0-4bbf-87a1-468b6b3cf4c4,Keep
00005993,10/2,18695,2,1,8f6d09bb-e4f0-4bbf-87a1-468b6b3cf4c4,Keep
00005994,091/9501,15195.00,1,1,7b201f84-04eb-416f-9a91-5f85a7cd8df8,Keep
00005995,091/9501,15195.00,1,0,7b201f84-04eb-416f-9a91-5f85a7cd8df8,Keep
00005996,091/9501,15195.00,1,1,7b201f84-04eb-416f-9a91-5f85a7cd8df8,Keep
00005997,HA-2078,7995.00,1,1,2b573785-c4fb-4be8-86d9-1cd29b280ef1,Keep
00005998,HA-6081,30495,0,0,2b573785-c4fb-4be8-86d9-1cd29b280ef1,Keep
00005999,HA-6095,11595.00,1,1,2b573785-c4fb-4be8-86d9-1cd29b280ef1,Keep
00006000,HA-7009,13995.00,1,1,2b573785-c4fb-4be8-86d9-1cd29b280ef1,Keep
00006001,HA-7009,13995.00,1,1,2b573785-c4fb-4be8-86d9-1cd29b280ef1,Keep
00006002,HA-7009,13995.00,1,1,2b573785-c4fb-4be8-86d9-1cd29b280ef1,Keep
00006003,HA-7009,13995.00,1,1,2b573785-c4fb-4be8-86d9-1cd29b280ef1,Keep
00006004,HB-1036,8695,1,1,2b573785-c4fb-4be8-86d9-1cd29b280ef1,Keep
00006005,HB-1036,8595.00,1,0,2b573785-c4fb-4be8-86d9-1cd29b280ef1,Keep
00006006,HB-1036,8695.00,1,1,2b573785-c4fb-4be8-86d9-1cd29b280ef1,Keep
00006007,HA-6081,30495,1,0,2b573785-c4fb-4be8-86d9-1cd29b280ef1,Keep
00006008,CCRS/25/213,46195,0,0,753951aa-eaeb-4960-9d9c-b35821a1e8f0,Keep
00006009,CCRS/25/213,4695.00,0,0,753951aa-eaeb-4960-9d9c-b35821a1e8f0,Keep
00006010,CCRS/25/03,50795,0,0,753951aa-eaeb-4960-9d9c-b35821a1e8f0,Keep
00006011,CCRS/25/03,4695.00,0,0,753951aa-eaeb-4960-9d9c-b35821a1e8f0,Keep
00006012,1 S-S,37795,1,0,5e76d82b-3697-4e74-a0c6-7c759983aa74,Keep
00006013,1-DR-S,55795,1,1,589da464-aa41-4756-b22e-5a6950aba948,Keep
00006014,CCRS/25/213-S,46195,1,0,753951aa-eaeb-4960-9d9c-b35821a1e8f0,Keep
00006015,CCRS/25/213-B,4695,1,0,753951aa-eaeb-4960-9d9c-b35821a1e8f0,Keep
00006016,CCRS/25/03-S,50795,1,0,753951aa-eaeb-4960-9d9c-b35821a1e8f0,Keep
00006017,CCRS-25/03-B,4695,1,1,753951aa-eaeb-4960-9d9c-b35821a1e8f0,Keep
00006018,3872 D,9395,1,1,f845ac0a-0a6f-4a25-9b86-3f1b6615ef35,Keep
00006019,3872 D,9395,1,0,f845ac0a-0a6f-4a25-9b86-3f1b6615ef35,Keep
00006020,3872 D,9395,1,1,f845ac0a-0a6f-4a25-9b86-3f1b6615ef35,Keep
00006021,3872 D,9395,1,0,f845ac0a-0a6f-4a25-9b86-3f1b6615ef35,Keep
00006022,3872 D,9395,1,0,f845ac0a-0a6f-4a25-9b86-3f1b6615ef35,Keep
00006023,3872 D-2,9695,1,1,f845ac0a-0a6f-4a25-9b86-3f1b6615ef35,Keep
00006024,3872 D-2,9695,1,1,f845ac0a-0a6f-4a25-9b86-3f1b6615ef35,Keep
00006025,3893,7495,1,1,f845ac0a-0a6f-4a25-9b86-3f1b6615ef35,Keep
00006026,3893,7495,1,1,f845ac0a-0a6f-4a25-9b86-3f1b6615ef35,Keep
00006027,3893,7495,1,0,f845ac0a-0a6f-4a25-9b86-3f1b6615ef35,Keep
00006028,3893,7495,1,1,f845ac0a-0a6f-4a25-9b86-3f1b6615ef35,Keep
00006029,3893,7495,1,0,f845ac0a-0a6f-4a25-9b86-3f1b6615ef35,Keep
00006030,3893-2,7695,1,1,f845ac0a-0a6f-4a25-9b86-3f1b6615ef35,Keep
00006031,3894,7495,1,1,f845ac0a-0a6f-4a25-9b86-3f1b6615ef35,Keep
00006032,3894,7495,1,0,f845ac0a-0a6f-4a25-9b86-3f1b6615ef35,Keep
00006033,3894,7495,1,0,f845ac0a-0a6f-4a25-9b86-3f1b6615ef35,Keep
00006034,3894,7495,1,1,f845ac0a-0a6f-4a25-9b86-3f1b6615ef35,Keep
00006035,3894,7495,1,0,f845ac0a-0a6f-4a25-9b86-3f1b6615ef35,Keep
00006036,3894,7695,1,0,f845ac0a-0a6f-4a25-9b86-3f1b6615ef35,Keep
00006037,3894,7695,1,1,f845ac0a-0a6f-4a25-9b86-3f1b6615ef35,Keep
00006038,264,5695,1,1,f845ac0a-0a6f-4a25-9b86-3f1b6615ef35,Keep
00006039,264,5695,1,0,f845ac0a-0a6f-4a25-9b86-3f1b6615ef35,Keep
00006040,264,5695,1,0,f845ac0a-0a6f-4a25-9b86-3f1b6615ef35,Keep
00006041,264,5695,1,1,f845ac0a-0a6f-4a25-9b86-3f1b6615ef35,Keep
00006042,264,5695,1,0,f845ac0a-0a6f-4a25-9b86-3f1b6615ef35,Keep
00006043,1/1-M L,52195,1,0,2c4499e9-5f3b-4e70-b803-0f793fa146fb,Keep
00006044,2/2- H J,44995,2,1,2c4499e9-5f3b-4e70-b803-0f793fa146fb,Keep
00006045,3/4-N J,23395,4,2,2c4499e9-5f3b-4e70-b803-0f793fa146fb,Keep
00006046,4/1-N M,29695,1,0,2c4499e9-5f3b-4e70-b803-0f793fa146fb,Keep
00006047,5/1-H S,19795,1,0,2c4499e9-5f3b-4e70-b803-0f793fa146fb,Keep
00006048,6/2- P D,17995,2,1,2c4499e9-5f3b-4e70-b803-0f793fa146fb,Keep
00006049,1509,51395,1,1,a62cfd85-a061-4870-a1f9-8c1b1b25d193,Keep
00006050,1/1-H N G,25195,1,0,0ebdf440-9c0a-492c-85d6-d4339ed8baa6,Keep
00006051,2/1-K P N,18695,1,0,0ebdf440-9c0a-492c-85d6-d4339ed8baa6,Keep
00006052,3/2-R C G,12995,2,0,0ebdf440-9c0a-492c-85d6-d4339ed8baa6,Keep
00006053,4/3-R C K P,13495,3,2,0ebdf440-9c0a-492c-85d6-d4339ed8baa6,Keep
00006054,5/5- C DPT,6195,5,5,0ebdf440-9c0a-492c-85d6-d4339ed8baa6,Keep
00006055,6/11-J DPT,6195,11,7,0ebdf440-9c0a-492c-85d6-d4339ed8baa6,Keep
00006056,4848 CH,22195,1,1,2322438e-c64e-4cd2-b111-f74301a27424,Keep
00006057,4513 M,11795,1,1,2322438e-c64e-4cd2-b111-f74301a27424,Keep
00006058,4835 CH,23195,1,1,2322438e-c64e-4cd2-b111-f74301a27424,Keep
00006059,4760 M,12195,1,1,2322438e-c64e-4cd2-b111-f74301a27424,Keep
00006060,4760 M2,12195,1,0,2322438e-c64e-4cd2-b111-f74301a27424,Keep
00006061,4356 HND,11495,1,1,2322438e-c64e-4cd2-b111-f74301a27424,Keep
00006062,AAROHI,13995,1,0,09d9c1e1-5b0b-4d54-b07e-02d291aaf596,Keep
00006063,AGNI,11995,1,1,09d9c1e1-5b0b-4d54-b07e-02d291aaf596,Keep
00006064,AGNI-P,11995,1,0,09d9c1e1-5b0b-4d54-b07e-02d291aaf596,Keep
00006065,AGNI-R,11995,1,0,09d9c1e1-5b0b-4d54-b07e-02d291aaf596,Keep
00006066,AJANTA,9995,1,1,09d9c1e1-5b0b-4d54-b07e-02d291aaf596,Keep
00006067,ALIA,11995,1,0,09d9c1e1-5b0b-4d54-b07e-02d291aaf596,Keep
00006068,AMRITA,15995,1,1,09d9c1e1-5b0b-4d54-b07e-02d291aaf596,Keep
00006069,ANNU-G,15995,1,1,09d9c1e1-5b0b-4d54-b07e-02d291aaf596,Keep
00006070,ANNU,15995,1,0,09d9c1e1-5b0b-4d54-b07e-02d291aaf596,Keep
00006071,ARADHYA,13995,1,1,09d9c1e1-5b0b-4d54-b07e-02d291aaf596,Keep
00006072,ARSHIN,15995,1,1,09d9c1e1-5b0b-4d54-b07e-02d291aaf596,Keep
00006073,DITYA,14295,1,1,09d9c1e1-5b0b-4d54-b07e-02d291aaf596,Keep
00006074,KRUPA-P,12995,1,1,09d9c1e1-5b0b-4d54-b07e-02d291aaf596,Keep
00006075,KRUPA-G,12995,1,0,09d9c1e1-5b0b-4d54-b07e-02d291aaf596,Keep
00006076,KRUPA-R,12995,1,1,09d9c1e1-5b0b-4d54-b07e-02d291aaf596,Keep
00006077,MEGHA,14995,1,1,09d9c1e1-5b0b-4d54-b07e-02d291aaf596,Keep
00006078,NEHAL,19995,1,1,09d9c1e1-5b0b-4d54-b07e-02d291aaf596,Keep
00006079,RAMILA-G,10995,1,1,09d9c1e1-5b0b-4d54-b07e-02d291aaf596,Keep
00006080,RAMILA-P,10995,1,0,09d9c1e1-5b0b-4d54-b07e-02d291aaf596,Keep
00006081,SIDDHI,13995,1,1,09d9c1e1-5b0b-4d54-b07e-02d291aaf596,Keep
00006082,VARSHA,16995,1,1,09d9c1e1-5b0b-4d54-b07e-02d291aaf596,Keep
00006083,635,11195,1,0,b7a5ac96-f927-4c77-a14d-8e63d58368c7,Keep
00006084,635,11195,1,0,b7a5ac96-f927-4c77-a14d-8e63d58368c7,Keep
00006085,635,11195,1,0,b7a5ac96-f927-4c77-a14d-8e63d58368c7,Keep
00006086,635-2,11795,1,1,b7a5ac96-f927-4c77-a14d-8e63d58368c7,Keep
00006087,635-2,11795,1,1,b7a5ac96-f927-4c77-a14d-8e63d58368c7,Keep
00006088,621,7995,1,0,b7a5ac96-f927-4c77-a14d-8e63d58368c7,Keep
00006089,621,7995,1,0,b7a5ac96-f927-4c77-a14d-8e63d58368c7,Keep
00006090,621,7995,1,0,b7a5ac96-f927-4c77-a14d-8e63d58368c7,Keep
00006091,621-2,8595,1,1,b7a5ac96-f927-4c77-a14d-8e63d58368c7,Keep
00006092,621-2,8595,1,1,b7a5ac96-f927-4c77-a14d-8e63d58368c7,Keep
00006093,613,8795,1,0,b7a5ac96-f927-4c77-a14d-8e63d58368c7,Keep
00006094,613,8795,1,0,b7a5ac96-f927-4c77-a14d-8e63d58368c7,Keep
00006095,613,8795,1,1,b7a5ac96-f927-4c77-a14d-8e63d58368c7,Keep
00006096,613-2,9395,1,1,b7a5ac96-f927-4c77-a14d-8e63d58368c7,Keep
00006097,613-2,9395,1,1,b7a5ac96-f927-4c77-a14d-8e63d58368c7,Keep
00006098,606,12295,1,1,b7a5ac96-f927-4c77-a14d-8e63d58368c7,Keep
00006099,606,12295,1,0,b7a5ac96-f927-4c77-a14d-8e63d58368c7,Keep
00006100,ELS-13,7895,1,0,b7a5ac96-f927-4c77-a14d-8e63d58368c7,Keep
00006101,ELS-13-2,7895,1,0,b7a5ac96-f927-4c77-a14d-8e63d58368c7,Keep
00006102,ELS-02,7895,1,0,b7a5ac96-f927-4c77-a14d-8e63d58368c7,Keep
00006103,ELS-02-2,7895,1,0,b7a5ac96-f927-4c77-a14d-8e63d58368c7,Keep
00006104,ELS-02/B,7895,1,1,b7a5ac96-f927-4c77-a14d-8e63d58368c7,Keep
00006105,ELS-02/B-2,7895,1,1,b7a5ac96-f927-4c77-a14d-8e63d58368c7,Keep
00006106,2566,13595,1,1,b7a5ac96-f927-4c77-a14d-8e63d58368c7,Keep
00006107,2566,13595,1,0,b7a5ac96-f927-4c77-a14d-8e63d58368c7,Keep
00006108,2566,13595,1,0,b7a5ac96-f927-4c77-a14d-8e63d58368c7,Keep
00006109,70 SCRFS,1995,1,0,b7a5ac96-f927-4c77-a14d-8e63d58368c7,Keep
00006110,70 SCRFS-G,1995,1,1,b7a5ac96-f927-4c77-a14d-8e63d58368c7,Keep
00006111,70 SCRFS-W,1995,1,0,b7a5ac96-f927-4c77-a14d-8e63d58368c7,Keep
00006112,69 SCRFS,1995,1,0,b7a5ac96-f927-4c77-a14d-8e63d58368c7,Keep
00006113,69 SCRFS-G,1995,1,1,b7a5ac96-f927-4c77-a14d-8e63d58368c7,Keep
00006114,69 SCRFS-W,1995,1,0,b7a5ac96-f927-4c77-a14d-8e63d58368c7,Keep
00006115,503,9995,1,0,b7a5ac96-f927-4c77-a14d-8e63d58368c7,Keep
00006116,743,13995,1,0,fce71d57-9440-40f3-b2b1-d415fe7a5625,Keep
00006117,743,13995,1,1,fce71d57-9440-40f3-b2b1-d415fe7a5625,Keep
00006118,1315 F,11995,2,2,7ef822dd-b300-4814-af6d-16259e72fa02,Keep
00006119,1315 F2,11995,1,1,7ef822dd-b300-4814-af6d-16259e72fa02,Keep
00006120,1315 F3,11995,1,1,7ef822dd-b300-4814-af6d-16259e72fa02,Keep
00006121,SFS253-A,7595,1,1,9a46fc99-b536-4c26-b360-52d11ce19bc3,Keep
00006122,SFS253-A,7595,1,0,9a46fc99-b536-4c26-b360-52d11ce19bc3,Keep
00006123,SFS253-A,7595,1,1,9a46fc99-b536-4c26-b360-52d11ce19bc3,Keep
00006124,SFS253-A,7595,1,0,9a46fc99-b536-4c26-b360-52d11ce19bc3,Keep
00006125,SFS253-A,7595,1,0,9a46fc99-b536-4c26-b360-52d11ce19bc3,Keep
00006126,SFS253-B,7895,1,1,9a46fc99-b536-4c26-b360-52d11ce19bc3,Keep
00006127,SFS253-B,7895,1,1,9a46fc99-b536-4c26-b360-52d11ce19bc3,Keep
00006128,DES-6060,17995,1,0,58822b11-4a2a-4fc0-9094-caf08843f730,Keep
00006129,DES-6060-P,18595,1,0,58822b11-4a2a-4fc0-9094-caf08843f730,Keep
00006130,DES-6420,11995,1,1,58822b11-4a2a-4fc0-9094-caf08843f730,Keep
00006131,DES-6193,20795,1,0,58822b11-4a2a-4fc0-9094-caf08843f730,Keep
00006132,DES-6197,14595,1,0,58822b11-4a2a-4fc0-9094-caf08843f730,Keep
00006133,C995 LC,29995,1,1,fcf53667-5784-417f-b6d6-313abde33eeb,Keep
00006134,PG535,59595,1,1,c70beaad-b2a2-4ed1-93ae-d13e6e8f0618,Keep
00006135,PG590,45995,1,1,c70beaad-b2a2-4ed1-93ae-d13e6e8f0618,Keep
00006136,8415 L,30295,1,1,e1cb0f21-0974-419c-9efa-15aa715a8c44,Keep
00006137,DC-251009,118295,0,0,844d0022-8a83-47cf-8f3c-28c6aec035b4,Keep
00006138,0149,12595,3,2,f38f08ec-6ed8-4ea1-bae2-f4bde2568b71,Keep
00006139,4030,10795,2,1,f38f08ec-6ed8-4ea1-bae2-f4bde2568b71,Keep
00006140,4030 B,10795,1,1,f38f08ec-6ed8-4ea1-bae2-f4bde2568b71,Keep
00006141,2540-L,40295,1,1,07056756-f42a-498a-b922-c1811a57c7b0,Keep
00006142,AB/032/24,350995,1,1,4606432d-9d02-40e0-bc54-978b7371766d,Keep
00006143,1/1 LCD,87595,1,1,0b66dc50-7bbf-4786-b1c2-76ede09860b3,Keep
00006144,DC-251009,118095,1,1,844d0022-8a83-47cf-8f3c-28c6aec035b4,Keep
00006145,1/1 LCD,164995,1,0,f1faf9c8-990d-4405-ad84-6d71f58674cd,Keep
00006146,411,11195,1,0,a85facd2-85f8-47ff-a96a-bce418abcc4c,Keep
00006147,411,11195,1,0,a85facd2-85f8-47ff-a96a-bce418abcc4c,Keep
00006148,411,11195,1,0,a85facd2-85f8-47ff-a96a-bce418abcc4c,Keep
00006149,420,6995,1,0,a85facd2-85f8-47ff-a96a-bce418abcc4c,Keep
00006150,420,6995,1,0,a85facd2-85f8-47ff-a96a-bce418abcc4c,Keep
00006151,420,6995,1,0,a85facd2-85f8-47ff-a96a-bce418abcc4c,Keep
00006152,7983-R,20595,1,1,13e58826-4d3b-43fc-9fbf-cbfea7ff4665,Keep
00006153,7983-R,20595,1,1,13e58826-4d3b-43fc-9fbf-cbfea7ff4665,Keep
00006154,KP-285,8595,1,1,69fa402c-b94b-4342-9c17-65337a9c94f4,Keep
00006155,KP-285,8595,1,0,69fa402c-b94b-4342-9c17-65337a9c94f4,Keep
00006156,KP-285,8595,1,1,69fa402c-b94b-4342-9c17-65337a9c94f4,Keep
00006157,18516 KS,3595,4,4,f7ec211a-90a2-4406-aaa1-4af39e9deeef,Keep
00006158,18525 KS,3595,2,1,f7ec211a-90a2-4406-aaa1-4af39e9deeef,Keep
00006159,15551 KS,3595,5,2,f7ec211a-90a2-4406-aaa1-4af39e9deeef,Keep
00006160,18638 KS,2695,3,0,f7ec211a-90a2-4406-aaa1-4af39e9deeef,Keep
00006161,18640 KS,3595,4,1,f7ec211a-90a2-4406-aaa1-4af39e9deeef,Keep
00006162,18636 KS,3595,3,1,f7ec211a-90a2-4406-aaa1-4af39e9deeef,Keep
00006163,18633 KS,3595,2,1,f7ec211a-90a2-4406-aaa1-4af39e9deeef,Keep
00006164,15373 KS,2295,4,0,f7ec211a-90a2-4406-aaa1-4af39e9deeef,Keep
00006165,14549 KS,3595,5,3,f7ec211a-90a2-4406-aaa1-4af39e9deeef,Keep
00006166,18262 KS,3595,3,2,2f12d972-56d9-45f7-8620-1012b66cd424,Keep
00006167,14584 KS,3595,3,3,2f12d972-56d9-45f7-8620-1012b66cd424,Keep
00006168,18309 KS,3595,4,1,2f12d972-56d9-45f7-8620-1012b66cd424,Keep
00006169,17120 KS,3595,4,3,2f12d972-56d9-45f7-8620-1012b66cd424,Keep
00006170,18240 KS,3595,3,1,2f12d972-56d9-45f7-8620-1012b66cd424,Keep
00006171,15890 KS,3595,5,4,2f12d972-56d9-45f7-8620-1012b66cd424,Keep
00006172,13972 KS,3595,5,4,2f12d972-56d9-45f7-8620-1012b66cd424,Keep
00006173,16601 KS,3595,4,3,2f12d972-56d9-45f7-8620-1012b66cd424,Keep
00006174,15601 KS,3595,3,1,2f12d972-56d9-45f7-8620-1012b66cd424,Keep
00006175,1/1 LCD,259995,1,1,435b505b-26bf-42fa-9cdb-a8ae4eaf5c20,Keep
00006176,E-03,7895,1,1,a27ea2c8-2e84-4dc8-9b8f-bbfa32598769,Keep
00006177,E-03,7895,1,0,a27ea2c8-2e84-4dc8-9b8f-bbfa32598769,Keep
00006178,E-03,7895,1,1,a27ea2c8-2e84-4dc8-9b8f-bbfa32598769,Keep
00006179,E-03 B,7995,1,1,a27ea2c8-2e84-4dc8-9b8f-bbfa32598769,Keep
00006180,E-03 B,7995,1,0,a27ea2c8-2e84-4dc8-9b8f-bbfa32598769,Keep
00006181,1077,8995,2,1,90d7bbf4-2d9a-4b0c-8366-40e77dc9fbbe,Keep
00006182,1077 B,9195,1,1,90d7bbf4-2d9a-4b0c-8366-40e77dc9fbbe,Keep
00006183,1971,13795,1,0,f9f4d7bf-b3f0-45c7-9cc3-6e812f149240,Keep
00006184,1971,13795,1,1,f9f4d7bf-b3f0-45c7-9cc3-6e812f149240,Keep
00006185,1971,13795,1,1,f9f4d7bf-b3f0-45c7-9cc3-6e812f149240,Keep
00006186,SUKOON-601-M,6595,1,1,664108c9-7c9e-45b0-9b0a-c3521a3291ff,Keep
00006187,SUKOON-601-B,6595,1,1,664108c9-7c9e-45b0-9b0a-c3521a3291ff,Keep
00006188,SUKOON-601-B,6595,1,1,664108c9-7c9e-45b0-9b0a-c3521a3291ff,Keep
00006189,KKK-531-Y,6195,1,1,664108c9-7c9e-45b0-9b0a-c3521a3291ff,Keep
00006190,KKK-531-P,6195,1,1,664108c9-7c9e-45b0-9b0a-c3521a3291ff,Keep
00006191,KKK-531-KL,5795,1,1,664108c9-7c9e-45b0-9b0a-c3521a3291ff,Keep
00006192,DUR-E-NAYAB-102,6295,1,1,664108c9-7c9e-45b0-9b0a-c3521a3291ff,Keep
00006193,DUR-E-NAYAB-104,4795,1,0,664108c9-7c9e-45b0-9b0a-c3521a3291ff,Keep
00006194,KOHINOOR-003-P,12595,1,1,664108c9-7c9e-45b0-9b0a-c3521a3291ff,Keep
00006195,KOHINOOR-003-G,12595,1,1,664108c9-7c9e-45b0-9b0a-c3521a3291ff,Keep
00006196,KOHINOOR-003-B,12595,1,1,664108c9-7c9e-45b0-9b0a-c3521a3291ff,Keep
00006197,KOHINOOR-028-P,8195,1,0,664108c9-7c9e-45b0-9b0a-c3521a3291ff,Keep
00006198,KOHINOOR-028-C,8195,1,0,664108c9-7c9e-45b0-9b0a-c3521a3291ff,Keep
00006199,KOHINOOR-028-Y,8195,1,0,664108c9-7c9e-45b0-9b0a-c3521a3291ff,Keep
00006200,KKK-628-B,6195,1,0,664108c9-7c9e-45b0-9b0a-c3521a3291ff,Keep
00006201,KKK-628-P,6195,1,1,664108c9-7c9e-45b0-9b0a-c3521a3291ff,Keep
00006202,KKK-628-Y,6195,1,0,664108c9-7c9e-45b0-9b0a-c3521a3291ff,Keep
00006203,KKK-628-R,6195,1,0,664108c9-7c9e-45b0-9b0a-c3521a3291ff,Keep
00006204,KKK-610-W,5695,4,4,664108c9-7c9e-45b0-9b0a-c3521a3291ff,Keep
00006205,RADHEY-007-P,4495,1,0,664108c9-7c9e-45b0-9b0a-c3521a3291ff,Keep
00006206,RADHEY-007-Y,4495,1,0,664108c9-7c9e-45b0-9b0a-c3521a3291ff,Keep
00006207,RADHEY-007-B,4495,1,1,664108c9-7c9e-45b0-9b0a-c3521a3291ff,Keep
00006208,DUR-E-NAYAB-103,5695,1,1,664108c9-7c9e-45b0-9b0a-c3521a3291ff,Keep
00006209,SUKOON-603-M,6495,1,0,664108c9-7c9e-45b0-9b0a-c3521a3291ff,Keep
00006210,SUKOON-603-B,6495,1,1,664108c9-7c9e-45b0-9b0a-c3521a3291ff,Keep
00006211,SUKOON-603-Y,6495,1,0,664108c9-7c9e-45b0-9b0a-c3521a3291ff,Keep
00006212,SUKOON-603-B,6495,1,1,664108c9-7c9e-45b0-9b0a-c3521a3291ff,Keep
00006213,RADHEY-005-B,5395,1,1,664108c9-7c9e-45b0-9b0a-c3521a3291ff,Keep
00006214,RADHEY-005-P,5395,1,0,664108c9-7c9e-45b0-9b0a-c3521a3291ff,Keep
00006215,RADHEY-005-G,5395,1,1,664108c9-7c9e-45b0-9b0a-c3521a3291ff,Keep
00006216,KOHINOOR-014-P,7295,1,1,664108c9-7c9e-45b0-9b0a-c3521a3291ff,Keep
00006217,KOHINOOR-014-G,7295,1,1,664108c9-7c9e-45b0-9b0a-c3521a3291ff,Keep
00006218,KOHINOOR-014-C,7295,1,1,664108c9-7c9e-45b0-9b0a-c3521a3291ff,Keep
00006219,KOHINOOR-014-B,7295,1,1,664108c9-7c9e-45b0-9b0a-c3521a3291ff,Keep
00006220,KOHINOOR-015-B,7395,1,1,664108c9-7c9e-45b0-9b0a-c3521a3291ff,Keep
00006221,KOHINOOR-015-G,7395,1,1,664108c9-7c9e-45b0-9b0a-c3521a3291ff,Keep
00006222,KOHINOOR-015-C,7395,1,1,664108c9-7c9e-45b0-9b0a-c3521a3291ff,Keep
00006223,KOHINOOR-024-G,6495,3,3,664108c9-7c9e-45b0-9b0a-c3521a3291ff,Keep
00006224,KOHINOOR-029-Y,6195,1,1,664108c9-7c9e-45b0-9b0a-c3521a3291ff,Keep
00006225,KOHINOOR-029-G,6195,1,0,664108c9-7c9e-45b0-9b0a-c3521a3291ff,Keep
00006226,KOHINOOR-029-W,6195,1,1,664108c9-7c9e-45b0-9b0a-c3521a3291ff,Keep
00006227,KOHINOOR-029-L,6195,1,0,664108c9-7c9e-45b0-9b0a-c3521a3291ff,Keep
00006228,KKK-601-P,6295,1,1,664108c9-7c9e-45b0-9b0a-c3521a3291ff,Keep
00006229,KKK-601-P,6295,1,1,664108c9-7c9e-45b0-9b0a-c3521a3291ff,Keep
00006230,KKK-601-G,6295,1,1,664108c9-7c9e-45b0-9b0a-c3521a3291ff,Keep
00006231,SUKOON-604-B,6395,1,1,664108c9-7c9e-45b0-9b0a-c3521a3291ff,Keep
00006232,SUKOON-604-M,6395,1,1,664108c9-7c9e-45b0-9b0a-c3521a3291ff,Keep
00006233,SUKOON-604-G,6395,1,1,664108c9-7c9e-45b0-9b0a-c3521a3291ff,Keep
00006234,SUKOON-602-B,5995,1,1,664108c9-7c9e-45b0-9b0a-c3521a3291ff,Keep
00006235,SUKOON-602-B,5995,1,0,664108c9-7c9e-45b0-9b0a-c3521a3291ff,Keep
00006236,SUKOON-602-BK,5995,1,0,664108c9-7c9e-45b0-9b0a-c3521a3291ff,Keep
00006237,KKK-615-Y,6495,1,1,664108c9-7c9e-45b0-9b0a-c3521a3291ff,Keep
00006238,KKK-615-G,6495,1,1,664108c9-7c9e-45b0-9b0a-c3521a3291ff,Keep
00006239,KKK-615-P,6495,1,0,664108c9-7c9e-45b0-9b0a-c3521a3291ff,Keep
00006240,KKK-618-Y,6495,1,1,664108c9-7c9e-45b0-9b0a-c3521a3291ff,Keep
00006241,KKK-618-G,6495,1,0,664108c9-7c9e-45b0-9b0a-c3521a3291ff,Keep
00006242,KKK-618-P,6495,1,0,664108c9-7c9e-45b0-9b0a-c3521a3291ff,Keep
00006243,KKK-617-Y,6495,1,1,664108c9-7c9e-45b0-9b0a-c3521a3291ff,Keep
00006244,KKK-617-G,6495,1,1,664108c9-7c9e-45b0-9b0a-c3521a3291ff,Keep
00006245,KKK-617-P,6495,1,0,664108c9-7c9e-45b0-9b0a-c3521a3291ff,Keep
00006246,KOHINOOR-001-P,5795,1,1,664108c9-7c9e-45b0-9b0a-c3521a3291ff,Keep
00006247,KOHINOOR-001-W,5795,1,0,664108c9-7c9e-45b0-9b0a-c3521a3291ff,Keep
00006248,KOHINOOR-001-G,5795,1,0,664108c9-7c9e-45b0-9b0a-c3521a3291ff,Keep
00006249,RADHEY-014-G,4495,1,0,664108c9-7c9e-45b0-9b0a-c3521a3291ff,Keep
00006250,RADHEY-014-Y,4495,1,0,664108c9-7c9e-45b0-9b0a-c3521a3291ff,Keep
00006251,RADHEY-014-P,4495,1,0,664108c9-7c9e-45b0-9b0a-c3521a3291ff,Keep
00006252,RADHEY-006-W,5995,1,1,664108c9-7c9e-45b0-9b0a-c3521a3291ff,Keep
00006253,RADHEY-006-G,5995,1,1,664108c9-7c9e-45b0-9b0a-c3521a3291ff,Keep
00006254,KASHISH-5001-P,7295,1,0,664108c9-7c9e-45b0-9b0a-c3521a3291ff,Keep
00006255,KASHISH-5001-B,7295,1,1,664108c9-7c9e-45b0-9b0a-c3521a3291ff,Keep
00006256,RADHEY-006-G,5995,1,0,664108c9-7c9e-45b0-9b0a-c3521a3291ff,Keep
00006257,RADHEY-006-P,5995,1,0,664108c9-7c9e-45b0-9b0a-c3521a3291ff,Keep
00006258,KASHISH-5002-Y,7295,1,1,664108c9-7c9e-45b0-9b0a-c3521a3291ff,Keep
00006259,KASHISH-5002-C,7295,1,1,664108c9-7c9e-45b0-9b0a-c3521a3291ff,Keep
00006260,671,5695,2,1,dd3df646-2b25-46c2-9f2f-5bed90ed4fcc,Keep
00006261,671,5695,2,0,dd3df646-2b25-46c2-9f2f-5bed90ed4fcc,Keep
00006262,602,4595,1,0,fcf6d886-4e9b-471d-83f1-9afa03b7e4a3,Keep
00006263,602,4595,1,0,fcf6d886-4e9b-471d-83f1-9afa03b7e4a3,Keep
00006264,602,4595,1,0,fcf6d886-4e9b-471d-83f1-9afa03b7e4a3,Keep
00006265,602,4595,1,0,fcf6d886-4e9b-471d-83f1-9afa03b7e4a3,Keep
00006266,637,2195,1,0,fcf6d886-4e9b-471d-83f1-9afa03b7e4a3,Keep
00006267,637,2195,1,0,fcf6d886-4e9b-471d-83f1-9afa03b7e4a3,Keep
00006268,637,2195,1,1,fcf6d886-4e9b-471d-83f1-9afa03b7e4a3,Keep
00006269,637,2195,1,0,fcf6d886-4e9b-471d-83f1-9afa03b7e4a3,Keep
00006270,641,4395,1,0,fcf6d886-4e9b-471d-83f1-9afa03b7e4a3,Keep
00006271,641,4395,1,0,fcf6d886-4e9b-471d-83f1-9afa03b7e4a3,Keep
00006272,641,4395,1,0,fcf6d886-4e9b-471d-83f1-9afa03b7e4a3,Keep
00006273,641,4395,1,0,fcf6d886-4e9b-471d-83f1-9afa03b7e4a3,Keep
00006274,590,4195,1,0,fcf6d886-4e9b-471d-83f1-9afa03b7e4a3,Keep
00006275,590,4195,1,0,fcf6d886-4e9b-471d-83f1-9afa03b7e4a3,Keep
00006276,590,4195,1,0,fcf6d886-4e9b-471d-83f1-9afa03b7e4a3,Keep
00006277,590,4195,1,0,fcf6d886-4e9b-471d-83f1-9afa03b7e4a3,Keep
00006278,1833,4995,1,0,fcf6d886-4e9b-471d-83f1-9afa03b7e4a3,Keep
00006279,1833,4995,1,0,fcf6d886-4e9b-471d-83f1-9afa03b7e4a3,Keep
00006280,1833,4995,1,0,fcf6d886-4e9b-471d-83f1-9afa03b7e4a3,Keep
00006281,1833,4995,1,0,fcf6d886-4e9b-471d-83f1-9afa03b7e4a3,Keep
00006282,1803,4995,1,1,fcf6d886-4e9b-471d-83f1-9afa03b7e4a3,Keep
00006283,1803,4995,1,1,fcf6d886-4e9b-471d-83f1-9afa03b7e4a3,Keep
00006284,1803,4995,1,0,fcf6d886-4e9b-471d-83f1-9afa03b7e4a3,Keep
00006285,1803,4995,1,0,fcf6d886-4e9b-471d-83f1-9afa03b7e4a3,Keep
00006286,1799,4995,1,1,fcf6d886-4e9b-471d-83f1-9afa03b7e4a3,Keep
00006287,1799,4995,1,0,fcf6d886-4e9b-471d-83f1-9afa03b7e4a3,Keep
00006288,1799,4995,1,0,fcf6d886-4e9b-471d-83f1-9afa03b7e4a3,Keep
00006289,1799,4995,1,1,fcf6d886-4e9b-471d-83f1-9afa03b7e4a3,Keep
00006290,DES-6354,17995,1,0,e31f6325-1a30-43b3-a273-feeee25c3875,Keep
00006291,DES-6420,11995,1,0,e31f6325-1a30-43b3-a273-feeee25c3875,Keep
00006292,DES-6207,13995,1,0,e31f6325-1a30-43b3-a273-feeee25c3875,Keep
00006293,DES-6197,13995,1,0,e31f6325-1a30-43b3-a273-feeee25c3875,Keep
00006294,DES-6162,10995,1,0,e31f6325-1a30-43b3-a273-feeee25c3875,Keep
00006295,S20/3227,62995,1,1,1bfc6165-514c-42af-a34e-d1fc34d1e290,Keep
00006296,S20/3052,30995,1,1,1bfc6165-514c-42af-a34e-d1fc34d1e290,Keep
00006297,DS-358,33995,1,0,75c78de5-5e9a-46dc-96d9-67e33dc793c4,Keep
00006298,DS-359,39995,1,1,75c78de5-5e9a-46dc-96d9-67e33dc793c4,Keep
00006299,DS-322,33995,1,1,7c0a991b-ce34-42a1-bb2d-dc124f37b337,Keep
00006300,DP-1592,105995,1,1,7c0a991b-ce34-42a1-bb2d-dc124f37b337,Keep
00006301,DS-0416,49995,1,1,01af61ea-cf5f-44df-9643-b780346bfab9,Keep
00006302,4513,11795,5,3,261899a6-eab6-46c2-b9ad-662089b8eb82,Keep
00006303,13604,16195,0,0,f766444e-c258-4e4a-8651-0c9217cde844,Keep
00006304,21208,16195,0,0,f766444e-c258-4e4a-8651-0c9217cde844,Keep
00006305,12793,10795,0,0,f766444e-c258-4e4a-8651-0c9217cde844,Keep
00006306,3678,8995,0,0,f766444e-c258-4e4a-8651-0c9217cde844,Keep
00006307,1826-G,13995,1,1,7aed0375-07c0-4ca6-a3eb-c9218874f1d1,Keep
00006308,1826-GR,14195,1,1,7aed0375-07c0-4ca6-a3eb-c9218874f1d1,Keep
00006309,1826-B,14195,1,0,7aed0375-07c0-4ca6-a3eb-c9218874f1d1,Keep
00006310,169,3295,0,0,9d14f7ae-fc16-4c54-8511-ecb252307e2f,Keep
00006311,VTA80,3095,0,0,9d14f7ae-fc16-4c54-8511-ecb252307e2f,Keep
00006312,VTA79,3095,0,0,9d14f7ae-fc16-4c54-8511-ecb252307e2f,Keep
00006313,KFS55,3495,0,0,9d14f7ae-fc16-4c54-8511-ecb252307e2f,Keep
00006314,KFS120,3295,0,0,9d14f7ae-fc16-4c54-8511-ecb252307e2f,Keep
00006315,KFS105,2795,0,0,9d14f7ae-fc16-4c54-8511-ecb252307e2f,Keep
00006316,KFS95,2995,0,0,9d14f7ae-fc16-4c54-8511-ecb252307e2f,Keep
00006317,SFN201,12595,0,0,9d14f7ae-fc16-4c54-8511-ecb252307e2f,Keep
00006318,KFS115,3995,0,0,9d14f7ae-fc16-4c54-8511-ecb252307e2f,Keep
00006319,VTA36,3495,0,0,60cd994e-ecb4-4164-97b1-b80dca1feecb,Keep
00006320,VTA95,2195,0,0,60cd994e-ecb4-4164-97b1-b80dca1feecb,Keep
00006321,KFS58,3395,0,0,60cd994e-ecb4-4164-97b1-b80dca1feecb,Keep
00006322,KFS58,3395,0,0,60cd994e-ecb4-4164-97b1-b80dca1feecb,Keep
00006323,VTA33,3295,0,0,60cd994e-ecb4-4164-97b1-b80dca1feecb,Keep
00006324,VTA33,3295,0,0,60cd994e-ecb4-4164-97b1-b80dca1feecb,Keep
00006325,VTA33,3295,0,0,60cd994e-ecb4-4164-97b1-b80dca1feecb,Keep
00006326,S-BH86,7195,0,0,60cd994e-ecb4-4164-97b1-b80dca1feecb,Keep
00006327,S-BH86,7195,0,0,60cd994e-ecb4-4164-97b1-b80dca1feecb,Keep
00006328,S-BH86,7195,0,0,60cd994e-ecb4-4164-97b1-b80dca1feecb,Keep
00006329,S-BH86,7195,0,0,60cd994e-ecb4-4164-97b1-b80dca1feecb,Keep
00006330,VTA87,3095,0,0,60cd994e-ecb4-4164-97b1-b80dca1feecb,Keep
00006331,VTA87,3095,0,0,60cd994e-ecb4-4164-97b1-b80dca1feecb,Keep
00006332,VTA34,3195,0,0,60cd994e-ecb4-4164-97b1-b80dca1feecb,Keep
00006333,VTA34,3195,0,0,60cd994e-ecb4-4164-97b1-b80dca1feecb,Keep
00006334,VTA34,3195,0,0,60cd994e-ecb4-4164-97b1-b80dca1feecb,Keep
00006335,VTA34,3195,0,0,60cd994e-ecb4-4164-97b1-b80dca1feecb,Keep
00006336,VTA123,2995,0,0,60cd994e-ecb4-4164-97b1-b80dca1feecb,Keep
00006337,VTA173,2875,0,0,60cd994e-ecb4-4164-97b1-b80dca1feecb,Keep
00006338,VTA173,2895,0,0,60cd994e-ecb4-4164-97b1-b80dca1feecb,Keep
00006339,VTA173,2895,0,0,60cd994e-ecb4-4164-97b1-b80dca1feecb,Keep
00006340,VTA36,3495,0,0,60cd994e-ecb4-4164-97b1-b80dca1feecb,Keep
00006341,VTA-21,3095,0,0,6bfb018c-7e71-4497-8d15-64117ed68bba,Keep
00006342,VTA-83,2895,0,0,6bfb018c-7e71-4497-8d15-64117ed68bba,Keep
00006343,KFS-102,3395,0,0,6bfb018c-7e71-4497-8d15-64117ed68bba,Keep
00006344,KFS-92,3195,0,0,6bfb018c-7e71-4497-8d15-64117ed68bba,Keep
00006345,KFS-113,2795,0,0,6bfb018c-7e71-4497-8d15-64117ed68bba,Keep
00006346,VTA-100,3395,0,0,6bfb018c-7e71-4497-8d15-64117ed68bba,Keep
00006347,VTA-154,2195,0,0,6bfb018c-7e71-4497-8d15-64117ed68bba,Keep
00006348,VTA-154,2195,0,0,6bfb018c-7e71-4497-8d15-64117ed68bba,Keep
00006349,VTA-63,2495,0,0,6bfb018c-7e71-4497-8d15-64117ed68bba,Keep
00006350,003119,9095,4,0,e03cdbc1-d63c-481e-9388-a6d2664eb3cb,Keep
00006351,IRT/KR/355,7795,1,1,c008cfe6-521d-4c97-a234-23e933b337db,Keep
00006352,IRT/KR/354,7795,1,1,c008cfe6-521d-4c97-a234-23e933b337db,Keep
00006353,IRT/KR/358,7795,1,1,c008cfe6-521d-4c97-a234-23e933b337db,Keep
00006354,1058,7695,1,1,7d5f27f4-9927-49dc-a986-cd364b26eb8d,Keep
00006355,1058,7695,1,1,7d5f27f4-9927-49dc-a986-cd364b26eb8d,Keep
00006356,1058,7695,1,0,7d5f27f4-9927-49dc-a986-cd364b26eb8d,Keep
00006357,1058-2,7795,1,0,7d5f27f4-9927-49dc-a986-cd364b26eb8d,Keep
00006358,1058-2,7795,1,0,7d5f27f4-9927-49dc-a986-cd364b26eb8d,Keep
00006359,3109,8595,0,0,7d5f27f4-9927-49dc-a986-cd364b26eb8d,Keep
00006360,3109,8595,0,0,7d5f27f4-9927-49dc-a986-cd364b26eb8d,Keep
00006361,3109-2,8795,0,0,7d5f27f4-9927-49dc-a986-cd364b26eb8d,Keep
00006362,3109-3,8595,0,0,7d5f27f4-9927-49dc-a986-cd364b26eb8d,Keep
00006363,3109-3,8595,0,0,7d5f27f4-9927-49dc-a986-cd364b26eb8d,Keep
00006364,3109-3,8595,0,0,7d5f27f4-9927-49dc-a986-cd364b26eb8d,Keep
00006365,3109-B,8795,0,0,7d5f27f4-9927-49dc-a986-cd364b26eb8d,Keep
00006366,3012,7395,1,0,7d5f27f4-9927-49dc-a986-cd364b26eb8d,Keep
00006367,3012,7395,1,1,7d5f27f4-9927-49dc-a986-cd364b26eb8d,Keep
00006368,3012-2,7595,1,1,7d5f27f4-9927-49dc-a986-cd364b26eb8d,Keep
00006369,3005,7895,1,1,7d5f27f4-9927-49dc-a986-cd364b26eb8d,Keep
00006370,3005,7895,1,0,7d5f27f4-9927-49dc-a986-cd364b26eb8d,Keep
00006371,3005,7895,1,1,7d5f27f4-9927-49dc-a986-cd364b26eb8d,Keep
00006372,3005-2,8095,1,0,7d5f27f4-9927-49dc-a986-cd364b26eb8d,Keep
00006373,3005-2,8095,1,1,7d5f27f4-9927-49dc-a986-cd364b26eb8d,Keep
00006374,3109-A,8595,1,1,7d5f27f4-9927-49dc-a986-cd364b26eb8d,Keep
00006375,3109-A,8595,1,1,7d5f27f4-9927-49dc-a986-cd364b26eb8d,Keep
00006376,3109-A2,8795,1,0,7d5f27f4-9927-49dc-a986-cd364b26eb8d,Keep
00006377,3109-B,8595,1,0,7d5f27f4-9927-49dc-a986-cd364b26eb8d,Keep
00006378,3109-B,8595,1,0,7d5f27f4-9927-49dc-a986-cd364b26eb8d,Keep
00006379,3109-B,8595,1,1,7d5f27f4-9927-49dc-a986-cd364b26eb8d,Keep
00006380,3109-B2,8795,1,0,7d5f27f4-9927-49dc-a986-cd364b26eb8d,Keep
00006381,JK-671,5795,1,1,00a720c0-f2ff-4356-b5e1-d7ab7f118ea1,Keep
00006382,JK-671,5795,1,1,00a720c0-f2ff-4356-b5e1-d7ab7f118ea1,Keep
00006383,JK-671,5795,1,0,00a720c0-f2ff-4356-b5e1-d7ab7f118ea1,Keep
00006384,JK-671,5795,1,1,00a720c0-f2ff-4356-b5e1-d7ab7f118ea1,Keep
00006385,NH-329,12595,1,1,00a720c0-f2ff-4356-b5e1-d7ab7f118ea1,Keep
00006386,NH-329,12595,1,1,00a720c0-f2ff-4356-b5e1-d7ab7f118ea1,Keep
00006387,NH-329,12595,1,1,00a720c0-f2ff-4356-b5e1-d7ab7f118ea1,Keep
00006388,NH-329,12595,1,1,00a720c0-f2ff-4356-b5e1-d7ab7f118ea1,Keep
00006389,1/2-SBBD,7395,1,0,c629b20f-f58f-4a82-a233-2e9d04f833f3,Keep
00006390,1/2-SBBD,7395,1,0,c629b20f-f58f-4a82-a233-2e9d04f833f3,Keep
00006391,2/1-EDJ,10295,1,0,c629b20f-f58f-4a82-a233-2e9d04f833f3,Keep
00006392,3/2-MCBD,6295,1,0,c629b20f-f58f-4a82-a233-2e9d04f833f3,Keep
00006393,3/2-MCBD,6295,1,0,c629b20f-f58f-4a82-a233-2e9d04f833f3,Keep
00006394,4//2-PCBD,6295,1,0,c629b20f-f58f-4a82-a233-2e9d04f833f3,Keep
00006395,4//2-PCBD,6295,1,0,c629b20f-f58f-4a82-a233-2e9d04f833f3,Keep
00006396,5/1-LLCS,9195,1,0,c629b20f-f58f-4a82-a233-2e9d04f833f3,Keep
00006397,6/1-LCS,9195,1,0,c629b20f-f58f-4a82-a233-2e9d04f833f3,Keep
00006398,7/1-SPJ,7395,1,0,c629b20f-f58f-4a82-a233-2e9d04f833f3,Keep
00006399,8/1-GSFJ,7395,1,0,c629b20f-f58f-4a82-a233-2e9d04f833f3,Keep
00006400,9/1-BSABD,13495,1,0,c629b20f-f58f-4a82-a233-2e9d04f833f3,Keep
00006401,10/1-DFCS,12495,1,0,c629b20f-f58f-4a82-a233-2e9d04f833f3,Keep
00006402,11/1-SKMCS,9195,1,0,c629b20f-f58f-4a82-a233-2e9d04f833f3,Keep
00006403,12/1-NBKMCS,9195,1,0,c629b20f-f58f-4a82-a233-2e9d04f833f3,Keep
00006404,13/1-FCS,9195,1,0,c629b20f-f58f-4a82-a233-2e9d04f833f3,Keep
00006405,14/1-PCCS,9195,1,0,c629b20f-f58f-4a82-a233-2e9d04f833f3,Keep
00006406,15/1-AFCS,12495,1,0,c629b20f-f58f-4a82-a233-2e9d04f833f3,Keep
00006407,16/1-SBCS,8495,1,0,c629b20f-f58f-4a82-a233-2e9d04f833f3,Keep
00006408,17/1- EeM,7395,1,0,c629b20f-f58f-4a82-a233-2e9d04f833f3,Keep
00006409,18/1-EeB,7395,1,0,c629b20f-f58f-4a82-a233-2e9d04f833f3,Keep
00006410,19-1-COBD,7395,1,0,c629b20f-f58f-4a82-a233-2e9d04f833f3,Keep
00006411,20/1-BOBD,7395,1,0,c629b20f-f58f-4a82-a233-2e9d04f833f3,Keep
00006412,21/1-BSABD,13595,1,0,c629b20f-f58f-4a82-a233-2e9d04f833f3,Keep
00006413,D2209,20395,1,0,55807a36-6784-485c-96b7-e73cb0b67458,Keep
00006414,D2329,8695,1,0,55807a36-6784-485c-96b7-e73cb0b67458,Keep
00006415,D2329-B,8695,1,0,55807a36-6784-485c-96b7-e73cb0b67458,Keep
00006416,AHR380,26895,1,1,365639ca-4743-48d9-b578-6a8317758624,Keep
00006417,AHR380-B,26895,1,1,365639ca-4743-48d9-b578-6a8317758624,Keep
00006418,140A,31595,1,1,365639ca-4743-48d9-b578-6a8317758624,Keep
00006419,149A,37695,1,1,365639ca-4743-48d9-b578-6a8317758624,Keep
00006420,005-7183,41395,1,1,e0c50b8a-3297-4d44-a155-7e3b4be5d0e6,Keep
00006421,005-7182,41395,1,1,e0c50b8a-3297-4d44-a155-7e3b4be5d0e6,Keep
00006422,1/9- AJRK,4295,9,4,22d1a3e6-b284-4f3b-9e38-88eae8f78eac,Keep
00006423,2/9- CHNDRI,2895,9,4,22d1a3e6-b284-4f3b-9e38-88eae8f78eac,Keep
00006424,SD-3504,6295,1,0,9de49a68-48b0-43d1-bdec-767a786a975d,Keep
00006425,SD-3504,6295,1,0,9de49a68-48b0-43d1-bdec-767a786a975d,Keep
00006426,SD-3504,6295,1,0,9de49a68-48b0-43d1-bdec-767a786a975d,Keep
00006427,13184-P,5795,2,2,9de49a68-48b0-43d1-bdec-767a786a975d,Keep
00006428,13184-Y,5795,2,1,9de49a68-48b0-43d1-bdec-767a786a975d,Keep
00006429,LH 5219,47795,1,1,5e624a7d-530c-4444-913a-19aaa7f16258,Keep
00006430,LH 3117,53595,1,1,5e624a7d-530c-4444-913a-19aaa7f16258,Keep
00006431,LH 3121,56395,1,0,5e624a7d-530c-4444-913a-19aaa7f16258,Keep
00006432,LH 3106,47995,1,1,5e624a7d-530c-4444-913a-19aaa7f16258,Keep
00006433,LH 3115,43395,1,1,5e624a7d-530c-4444-913a-19aaa7f16258,Keep
00006434,LH 905,61595,1,0,5e624a7d-530c-4444-913a-19aaa7f16258,Keep
00006435,LH 5272,53595,1,1,5e624a7d-530c-4444-913a-19aaa7f16258,Keep
00006436,LH 3163,48995,1,1,5e624a7d-530c-4444-913a-19aaa7f16258,Keep
00006437,LH 3113,49595,1,1,5e624a7d-530c-4444-913a-19aaa7f16258,Keep
00006438,LH 5254,46995,1,1,5e624a7d-530c-4444-913a-19aaa7f16258,Keep
00006439,LH 5266,36995,0,1,5e624a7d-530c-4444-913a-19aaa7f16258,Keep
00006440,S-04130 BNS,76495,1,1,baee2692-d7b0-4d70-bd21-2d777dfd0376,Keep
00006441,SRG-001715 PURE,63895,1,1,baee2692-d7b0-4d70-bd21-2d777dfd0376,Keep
00006442,SRG-001776 SILK,34095,1,0,baee2692-d7b0-4d70-bd21-2d777dfd0376,Keep
00006443,SRG-001758 TUSSER,52995,1,1,baee2692-d7b0-4d70-bd21-2d777dfd0376,Keep
00006444,SRG-001309 KANJIVARAM,87295,1,1,baee2692-d7b0-4d70-bd21-2d777dfd0376,Keep
00006445,S-03991 MOONGA,62995,1,0,baee2692-d7b0-4d70-bd21-2d777dfd0376,Keep
00006446,SRG-001423 GAJJI,80795,1,0,baee2692-d7b0-4d70-bd21-2d777dfd0376,Keep
00006447,SRG-001307 KANJIVARAM,93495,1,1,baee2692-d7b0-4d70-bd21-2d777dfd0376,Keep
00006448,SRG-001793 CHINIYA,72795,1,0,baee2692-d7b0-4d70-bd21-2d777dfd0376,Keep
00006449,2577 LC,60995,1,1,cd83546d-28dc-4758-8c1f-3e4a6fac563f,Keep
00006450,2672 LC,54995,1,1,cd83546d-28dc-4758-8c1f-3e4a6fac563f,Keep
00006451,2044 LC,31895,1,0,cd83546d-28dc-4758-8c1f-3e4a6fac563f,Keep
00006452,6655 LC,98995,1,1,cd83546d-28dc-4758-8c1f-3e4a6fac563f,Keep
00006453,6659 LC,88995,1,1,cd83546d-28dc-4758-8c1f-3e4a6fac563f,Keep
00006454,6643 LC,84995,1,1,cd83546d-28dc-4758-8c1f-3e4a6fac563f,Keep
00006455,DES-5601,17995,1,0,5707a0bb-37c1-4eda-897d-217214028a9f,Keep
00006456,25434,2995,2,1,0f0cc989-19a8-46e5-92c8-c7e464d8b145,Keep
00006457,25434,2995,2,0,0f0cc989-19a8-46e5-92c8-c7e464d8b145,Keep
00006458,25434,2995,2,2,0f0cc989-19a8-46e5-92c8-c7e464d8b145,Keep
00006459,25434,2995,2,0,0f0cc989-19a8-46e5-92c8-c7e464d8b145,Keep
00006460,25434-B,3195,1,0,0f0cc989-19a8-46e5-92c8-c7e464d8b145,Keep
00006461,25434-B,3195,2,1,0f0cc989-19a8-46e5-92c8-c7e464d8b145,Keep
00006462,25434-B,3195,1,1,0f0cc989-19a8-46e5-92c8-c7e464d8b145,Keep
00006463,25436,2995,1,0,0f0cc989-19a8-46e5-92c8-c7e464d8b145,Keep
00006464,25436,2995,1,0,0f0cc989-19a8-46e5-92c8-c7e464d8b145,Keep
00006465,25436,2995,1,1,0f0cc989-19a8-46e5-92c8-c7e464d8b145,Keep
00006466,25436,2995,1,0,0f0cc989-19a8-46e5-92c8-c7e464d8b145,Keep
00006467,25436-B,3195,1,1,0f0cc989-19a8-46e5-92c8-c7e464d8b145,Keep
00006468,25436-B,3195,1,1,0f0cc989-19a8-46e5-92c8-c7e464d8b145,Keep
00006469,25436-B,3195,1,1,0f0cc989-19a8-46e5-92c8-c7e464d8b145,Keep
00006470,6288,4695,1,1,0f0cc989-19a8-46e5-92c8-c7e464d8b145,Keep
00006471,6288,4695,1,0,0f0cc989-19a8-46e5-92c8-c7e464d8b145,Keep
00006472,6288,4695,1,0,0f0cc989-19a8-46e5-92c8-c7e464d8b145,Keep
00006473,6288,4695,1,0,0f0cc989-19a8-46e5-92c8-c7e464d8b145,Keep
00006474,6288-2,4895,1,0,0f0cc989-19a8-46e5-92c8-c7e464d8b145,Keep
00006475,6891,6295,2,0,0f0cc989-19a8-46e5-92c8-c7e464d8b145,Keep
00006476,6891,6295,2,1,0f0cc989-19a8-46e5-92c8-c7e464d8b145,Keep
00006477,6891,6295,2,2,0f0cc989-19a8-46e5-92c8-c7e464d8b145,Keep
00006478,6891,6295,2,0,0f0cc989-19a8-46e5-92c8-c7e464d8b145,Keep
00006479,6891-B,6595,1,1,0f0cc989-19a8-46e5-92c8-c7e464d8b145,Keep
00006480,6891-B,6595,1,1,0f0cc989-19a8-46e5-92c8-c7e464d8b145,Keep
00006481,6891-B,6595,1,1,0f0cc989-19a8-46e5-92c8-c7e464d8b145,Keep
00006482,6899,2995,2,0,0f0cc989-19a8-46e5-92c8-c7e464d8b145,Keep
00006483,6899,2995,2,0,0f0cc989-19a8-46e5-92c8-c7e464d8b145,Keep
00006484,6899,2995,2,0,0f0cc989-19a8-46e5-92c8-c7e464d8b145,Keep
00006485,6899,2995,2,0,0f0cc989-19a8-46e5-92c8-c7e464d8b145,Keep
00006486,6899-B,3195,1,0,0f0cc989-19a8-46e5-92c8-c7e464d8b145,Keep
00006487,6908,3895,1,0,0f0cc989-19a8-46e5-92c8-c7e464d8b145,Keep
00006488,6908,3895,1,0,0f0cc989-19a8-46e5-92c8-c7e464d8b145,Keep
00006489,6908,3895,1,0,0f0cc989-19a8-46e5-92c8-c7e464d8b145,Keep
00006490,6908,3895,1,0,0f0cc989-19a8-46e5-92c8-c7e464d8b145,Keep
00006491,6908-B,4195,1,0,0f0cc989-19a8-46e5-92c8-c7e464d8b145,Keep
00006492,K-0651,1995,1,1,0f0cc989-19a8-46e5-92c8-c7e464d8b145,Keep
00006493,K-0651,1995,1,0,0f0cc989-19a8-46e5-92c8-c7e464d8b145,Keep
00006494,K-0651,1995,1,1,0f0cc989-19a8-46e5-92c8-c7e464d8b145,Keep
00006495,K-0651-B,2195,1,0,0f0cc989-19a8-46e5-92c8-c7e464d8b145,Keep
00006496,K-1007,2095,2,0,0f0cc989-19a8-46e5-92c8-c7e464d8b145,Keep
00006497,K-1007,2095,2,0,0f0cc989-19a8-46e5-92c8-c7e464d8b145,Keep
00006498,K-1007,2095,2,0,0f0cc989-19a8-46e5-92c8-c7e464d8b145,Keep
00006499,K-1007,2095,2,0,0f0cc989-19a8-46e5-92c8-c7e464d8b145,Keep
00006500,K-1007-B,2295,1,1,0f0cc989-19a8-46e5-92c8-c7e464d8b145,Keep
00006501,K-1007-B,2295,2,2,0f0cc989-19a8-46e5-92c8-c7e464d8b145,Keep
00006502,K-1007-B,2295,1,1,0f0cc989-19a8-46e5-92c8-c7e464d8b145,Keep
00006503,K-1007 -W,2095,1,0,0f0cc989-19a8-46e5-92c8-c7e464d8b145,Keep
00006504,K-1007 -W,2095,1,0,0f0cc989-19a8-46e5-92c8-c7e464d8b145,Keep
00006505,K-1007 -W,2095,1,0,0f0cc989-19a8-46e5-92c8-c7e464d8b145,Keep
00006506,K-1007 -W,2095,1,0,0f0cc989-19a8-46e5-92c8-c7e464d8b145,Keep
00006507,K-1007-WB,2295,1,0,0f0cc989-19a8-46e5-92c8-c7e464d8b145,Keep
00006508,K-1007-WB,2295,1,0,0f0cc989-19a8-46e5-92c8-c7e464d8b145,Keep
00006509,K-1007-WB,2295,1,1,0f0cc989-19a8-46e5-92c8-c7e464d8b145,Keep
00006510,C 1074-LC,29995,1,1,91c85ead-1f77-4d25-b1f1-f7ac0bf10114,Keep
00006511,E-49,7995,1,1,bdd34e77-3ee0-418e-8f28-2902b19bc6e5,Keep
00006512,E-49,7995,1,0,bdd34e77-3ee0-418e-8f28-2902b19bc6e5,Keep
00006513,E-49,7995,1,1,bdd34e77-3ee0-418e-8f28-2902b19bc6e5,Keep
00006514,E-49,8095,1,1,bdd34e77-3ee0-418e-8f28-2902b19bc6e5,Keep
00006515,E-49,8095,1,1,bdd34e77-3ee0-418e-8f28-2902b19bc6e5,Keep
00006516,E-66,7995,1,0,bdd34e77-3ee0-418e-8f28-2902b19bc6e5,Keep
00006517,E-66,7995,1,1,bdd34e77-3ee0-418e-8f28-2902b19bc6e5,Keep
00006518,E-66,7995,1,1,bdd34e77-3ee0-418e-8f28-2902b19bc6e5,Keep
00006519,E-66,8094.99,1,1,bdd34e77-3ee0-418e-8f28-2902b19bc6e5,Keep
00006520,E-66,8094.99,1,1,bdd34e77-3ee0-418e-8f28-2902b19bc6e5,Keep
00006521,MNM-377,13795,1,0,0e3c9ceb-0b5c-497c-94b7-97ced7bd934d,Keep
00006522,MNM-377,13795,1,0,0e3c9ceb-0b5c-497c-94b7-97ced7bd934d,Keep
00006523,MNM-377,13795,1,0,0e3c9ceb-0b5c-497c-94b7-97ced7bd934d,Keep
00006524,SFD-593,5995,1,1,a17fed8c-a45f-40d0-99b3-525e28b8caff,Keep
00006525,SFD-593,5694.98,1,0,a17fed8c-a45f-40d0-99b3-525e28b8caff,Keep
00006526,SFD-593,5694.98,1,0,a17fed8c-a45f-40d0-99b3-525e28b8caff,Keep
00006527,SFD-593,5694.98,1,0,a17fed8c-a45f-40d0-99b3-525e28b8caff,Keep
00006528,SFD-593,5995,1,0,a17fed8c-a45f-40d0-99b3-525e28b8caff,Keep
00006529,SFD-593,5995,1,1,a17fed8c-a45f-40d0-99b3-525e28b8caff,Keep
00006530,SFD-593,5995,1,1,a17fed8c-a45f-40d0-99b3-525e28b8caff,Keep
00006531,SFD-611,5095,1,1,a17fed8c-a45f-40d0-99b3-525e28b8caff,Keep
00006532,SFD-611,5095,1,1,a17fed8c-a45f-40d0-99b3-525e28b8caff,Keep
00006533,SFD-611,4266.74,1,0,a17fed8c-a45f-40d0-99b3-525e28b8caff,Keep
00006534,SFD-611,4266.74,1,0,a17fed8c-a45f-40d0-99b3-525e28b8caff,Keep
00006535,SFD-611,5095,1,1,a17fed8c-a45f-40d0-99b3-525e28b8caff,Keep
00006536,SFD-611,5094.86,1,0,a17fed8c-a45f-40d0-99b3-525e28b8caff,Keep
00006537,SFD-611,5094.86,1,1,a17fed8c-a45f-40d0-99b3-525e28b8caff,Keep
00006538,SFD-622,5495,1,0,a17fed8c-a45f-40d0-99b3-525e28b8caff,Keep
00006539,SFD-622,5495,1,0,a17fed8c-a45f-40d0-99b3-525e28b8caff,Keep
00006540,SFD-622,5495,1,1,a17fed8c-a45f-40d0-99b3-525e28b8caff,Keep
00006541,SFD-622,5495,1,0,a17fed8c-a45f-40d0-99b3-525e28b8caff,Keep
00006542,1101 NATURAL,14395,1,1,c6bdc906-0697-4e7c-90c8-7a3a6b660859,Keep
00006543,1101 NATURAL,14395,1,1,c6bdc906-0697-4e7c-90c8-7a3a6b660859,Keep
00006544,1101 NATURAL,14395,1,1,c6bdc906-0697-4e7c-90c8-7a3a6b660859,Keep
00006545,1101-NATURAL -2,14895,1,1,c6bdc906-0697-4e7c-90c8-7a3a6b660859,Keep
00006546,1101-NAVY,14395,1,1,c6bdc906-0697-4e7c-90c8-7a3a6b660859,Keep
00006547,1101-NAVY,14395,1,1,c6bdc906-0697-4e7c-90c8-7a3a6b660859,Keep
00006548,1101-NAVY,14395,1,1,c6bdc906-0697-4e7c-90c8-7a3a6b660859,Keep
00006549,1101 NAVY-B,14895,1,1,c6bdc906-0697-4e7c-90c8-7a3a6b660859,Keep
00006550,1127 CHERRYRED,10195,1,1,c6bdc906-0697-4e7c-90c8-7a3a6b660859,Keep
00006551,1127 CHERRYRED,10195,1,1,c6bdc906-0697-4e7c-90c8-7a3a6b660859,Keep
00006552,1127 CHERRYRED,10195,1,0,c6bdc906-0697-4e7c-90c8-7a3a6b660859,Keep
00006553,1127 CHERRYRED-B,10695,1,1,c6bdc906-0697-4e7c-90c8-7a3a6b660859,Keep
00006554,1130 DNAT,10795,1,1,c6bdc906-0697-4e7c-90c8-7a3a6b660859,Keep
00006555,1130 DNAT,10795,1,1,c6bdc906-0697-4e7c-90c8-7a3a6b660859,Keep
00006556,1130 DNAT,10795,1,1,c6bdc906-0697-4e7c-90c8-7a3a6b660859,Keep
00006557,1130 DNAT-B,11295,1,1,c6bdc906-0697-4e7c-90c8-7a3a6b660859,Keep
00006558,1152 DARKNAT,15795,1,0,c6bdc906-0697-4e7c-90c8-7a3a6b660859,Keep
00006559,1152 DARKNAT,15795,1,0,c6bdc906-0697-4e7c-90c8-7a3a6b660859,Keep
00006560,1152 DARKNAT,15795,1,0,c6bdc906-0697-4e7c-90c8-7a3a6b660859,Keep
00006561,1152 DARKNAT-B,16295,0,0,c6bdc906-0697-4e7c-90c8-7a3a6b660859,Keep
00006562,1152 MAUVE,15795,1,1,c6bdc906-0697-4e7c-90c8-7a3a6b660859,Keep
00006563,1152 MAUVE,15795,1,1,c6bdc906-0697-4e7c-90c8-7a3a6b660859,Keep
00006564,1152 MAUVE,15795,1,1,c6bdc906-0697-4e7c-90c8-7a3a6b660859,Keep
00006565,1152 MAUVE-B,16295,1,1,c6bdc906-0697-4e7c-90c8-7a3a6b660859,Keep
00006566,1152 DARK NAT -B,16295,1,0,c6bdc906-0697-4e7c-90c8-7a3a6b660859,Keep
00006567,8800/4242,32495,1,0,d12b693c-e2af-4ee1-921f-9cac3bcbba1f,Keep
00006568,8800/4039,48995,1,0,d12b693c-e2af-4ee1-921f-9cac3bcbba1f,Keep
00006569,8800/4077,48995,1,1,d12b693c-e2af-4ee1-921f-9cac3bcbba1f,Keep
00006570,8800/4230,40995,1,0,d12b693c-e2af-4ee1-921f-9cac3bcbba1f,Keep
00006571,8800/4119,36995,1,0,d12b693c-e2af-4ee1-921f-9cac3bcbba1f,Keep
00006572,8800/4146,45995,1,0,d12b693c-e2af-4ee1-921f-9cac3bcbba1f,Keep
00006573,8800/4063,45995,1,0,d12b693c-e2af-4ee1-921f-9cac3bcbba1f,Keep
00006574,8800/4074,40995,1,1,d12b693c-e2af-4ee1-921f-9cac3bcbba1f,Keep
00006575,8800/3914,40995,1,1,d12b693c-e2af-4ee1-921f-9cac3bcbba1f,Keep
00006576,8800/3999,40995,1,1,d12b693c-e2af-4ee1-921f-9cac3bcbba1f,Keep
00006577,8800/3936,45995,1,0,d12b693c-e2af-4ee1-921f-9cac3bcbba1f,Keep
00006578,8800/4224,32495,1,0,d12b693c-e2af-4ee1-921f-9cac3bcbba1f,Keep
00006579,8430-R,19595,1,1,090ce5a9-0408-4a6a-b2f3-cfdbbebb89b1,Keep
00006580,8400-R,33995,1,0,090ce5a9-0408-4a6a-b2f3-cfdbbebb89b1,Keep
00006581,9813-R,73995,1,1,ed6cdfe4-136a-4317-a3be-c597406a82a8,Keep
00006582,VALW-GC-W-AL139,34995,0,0,ca67b9e4-9b28-456e-b483-4c9198fc09aa,Keep
00006583,VALW-GC-W-AL-153,33195,0,0,ca67b9e4-9b28-456e-b483-4c9198fc09aa,Keep
00006584,VALW-GC-W-AL-154,26795,0,0,ca67b9e4-9b28-456e-b483-4c9198fc09aa,Keep
00006585,VALW-88,29995,0,0,da46b672-f2e0-4d18-96f9-5ec907b31b03,Keep
00006586,VALW-89,31995,0,0,da46b672-f2e0-4d18-96f9-5ec907b31b03,Keep
00006587,VALW-63,23595,0,0,da46b672-f2e0-4d18-96f9-5ec907b31b03,Keep
00006588,VALW-64,20795,0,0,da46b672-f2e0-4d18-96f9-5ec907b31b03,Keep
00006589,VALW-GC-W-AL-101,35995,0,0,e40b5289-0520-4515-940c-5135fa0447f4,Keep
00006590,VALW-GC-W-AL-102,33995,0,0,e40b5289-0520-4515-940c-5135fa0447f4,Keep
00006591,VALW-GC-W-AL-138,33995,0,0,e40b5289-0520-4515-940c-5135fa0447f4,Keep
00006592,VALW-ANKL-W-AL-12,26395,0,0,6bd2f1c2-dfbd-4c8f-a30a-e90866071123,Keep
00006593,VALW-ANKL-W-AL-12,26395,0,0,6bd2f1c2-dfbd-4c8f-a30a-e90866071123,Keep
00006594,VALW-ANKL-W-AL-13,20595,0,0,6bd2f1c2-dfbd-4c8f-a30a-e90866071123,Keep
00006595,VALW-ANKL-W-AL-13,20595,0,0,6bd2f1c2-dfbd-4c8f-a30a-e90866071123,Keep
00006596,VALW-ANKL-W-AL-14,21395,0,0,fcb770d2-07a4-408f-a3bd-d59feabaf916,Keep
00006597,VALW-ANKL-W-AL-14,21395,0,0,fcb770d2-07a4-408f-a3bd-d59feabaf916,Keep
00006598,VALW-ANKL-W-AL-15,18995,0,0,fcb770d2-07a4-408f-a3bd-d59feabaf916,Keep
00006599,VALW-ANKL-W-AL-15,18995,0,0,fcb770d2-07a4-408f-a3bd-d59feabaf916,Keep
00006600,D-0125,21000,1,0,582de365-1bfb-4395-98e9-07bfdc7f00b9,Keep
00006601,0125,13995,1,1,e0c26eca-f483-4c7d-8f96-1040ee5a895f,Keep
00006602,1456,24725,1,0,6b86812f-ad15-4b35-ade4-cde8b0323b49,Keep
00006603,785,29995,1,0,fe7bb6f8-c5ec-41d2-844c-fa48eb9e454c,Keep
00006604,FF-1796,3495,1,0,2a29a76e-04cd-4560-bef4-9ed222b4eee1,Keep
00006605,0125,8294.98,1,0,6dc74691-4608-4b8e-ae71-be2bdeea01d8,Keep
00006606,05595,5595,1,0,5bc2efc7-5203-4d1d-9371-eca39dff958a,Keep
00006607,78,11995,1,0,5886a83a-5e7f-4b29-806a-735b2f355b87,Keep
00006608,1512,3695,1,0,c355874d-9d13-4aa4-a4f3-57e411becc19,Keep
00006609,1253,3195,2,0,a0d762fe-11d9-49fe-a337-a106844f93b9,Keep
00006610,12456,19995,1,0,eb65f1be-db53-4114-89c4-c253dfa680de,Keep
00006611,4315-LC,24695,1,0,56271517-ee8d-460c-bb67-956db26cc9b5,Keep
00006612,227-1,11395,1,1,d23eef65-6de1-4943-929f-759512b3efd4,Keep
00006613,227-2,11395,1,1,d23eef65-6de1-4943-929f-759512b3efd4,Keep
00006614,275-1,8695,1,1,d23eef65-6de1-4943-929f-759512b3efd4,Keep
00006615,275-2,8695,1,0,d23eef65-6de1-4943-929f-759512b3efd4,Keep
00006616,275-3,8695,1,0,d23eef65-6de1-4943-929f-759512b3efd4,Keep
00006617,229,8495,1,1,d23eef65-6de1-4943-929f-759512b3efd4,Keep
00006618,5834-G,11395,1,0,d23eef65-6de1-4943-929f-759512b3efd4,Keep
00006619,5834-Y,11395,1,0,d23eef65-6de1-4943-929f-759512b3efd4,Keep
00006620,4936-R,13195,1,0,d23eef65-6de1-4943-929f-759512b3efd4,Keep
00006621,2234-P,17895,1,1,d23eef65-6de1-4943-929f-759512b3efd4,Keep
00006622,2234-G,17895,1,1,d23eef65-6de1-4943-929f-759512b3efd4,Keep
00006623,11546-G,16095,1,0,d23eef65-6de1-4943-929f-759512b3efd4,Keep
00006624,11546-P,16095,1,1,d23eef65-6de1-4943-929f-759512b3efd4,Keep
00006625,6476-B,13195,1,0,d23eef65-6de1-4943-929f-759512b3efd4,Keep
00006626,6428-L,13395,1,0,d23eef65-6de1-4943-929f-759512b3efd4,Keep
00006627,5731-G,10095,2,1,d23eef65-6de1-4943-929f-759512b3efd4,Keep
00006628,5789,10095,1,0,d23eef65-6de1-4943-929f-759512b3efd4,Keep
00006629,6240,16095,1,0,d23eef65-6de1-4943-929f-759512b3efd4,Keep
00006630,3138-R,13995,1,0,d23eef65-6de1-4943-929f-759512b3efd4,Keep
00006631,3138-Y,13395,1,1,d23eef65-6de1-4943-929f-759512b3efd4,Keep
00006632,3138-G,13395,1,0,d23eef65-6de1-4943-929f-759512b3efd4,Keep
00006633,3180-P,13495,1,1,d23eef65-6de1-4943-929f-759512b3efd4,Keep
00006634,3180-G,13495,1,1,d23eef65-6de1-4943-929f-759512b3efd4,Keep
00006635,6353-P,8995,1,0,d23eef65-6de1-4943-929f-759512b3efd4,Keep
00006636,271-W,5595,2,1,d23eef65-6de1-4943-929f-759512b3efd4,Keep
00006637,5586-R,5395,1,1,d23eef65-6de1-4943-929f-759512b3efd4,Keep
00006638,5586-R,5395,9,7,d23eef65-6de1-4943-929f-759512b3efd4,Keep
00006639,5795-G,17995,2,1,d23eef65-6de1-4943-929f-759512b3efd4,Keep
00006640,3194,12995,1,1,d23eef65-6de1-4943-929f-759512b3efd4,Keep
00006641,442-W,8095,2,2,d23eef65-6de1-4943-929f-759512b3efd4,Keep
00006642,442-Y,8095,1,1,d23eef65-6de1-4943-929f-759512b3efd4,Keep
00006643,8069-P,23395,2,0,d23eef65-6de1-4943-929f-759512b3efd4,Keep
00006644,3148-G,12595,1,1,d23eef65-6de1-4943-929f-759512b3efd4,Keep
00006645,3148-P,12595,1,1,d23eef65-6de1-4943-929f-759512b3efd4,Keep
00006646,3148-Y,12595,1,0,d23eef65-6de1-4943-929f-759512b3efd4,Keep
00006647,3148-P,12595,1,0,d23eef65-6de1-4943-929f-759512b3efd4,Keep
00006648,3164-G,13895,1,0,d23eef65-6de1-4943-929f-759512b3efd4,Keep
00006649,195,10795,1,0,d23eef65-6de1-4943-929f-759512b3efd4,Keep
00006650,3160,12595,1,0,d23eef65-6de1-4943-929f-759512b3efd4,Keep
00006651,5747,12095,1,0,d23eef65-6de1-4943-929f-759512b3efd4,Keep
00006652,3020,11695,1,1,d23eef65-6de1-4943-929f-759512b3efd4,Keep
00006653,3020,11695,1,0,d23eef65-6de1-4943-929f-759512b3efd4,Keep
00006654,28,9995,3,0,d23eef65-6de1-4943-929f-759512b3efd4,Keep
00006655,SBS-91,19195,1,0,6f45b88d-a23f-4b23-9d83-b4f48925036a,Keep
00006656,SBS-101,17994.99,1,0,6f45b88d-a23f-4b23-9d83-b4f48925036a,Keep
00006657,IG-124,21595,1,0,6f45b88d-a23f-4b23-9d83-b4f48925036a,Keep
00006658,VS-101,23995,1,1,6f45b88d-a23f-4b23-9d83-b4f48925036a,Keep
00006659,VS-101-2,23995,1,0,6f45b88d-a23f-4b23-9d83-b4f48925036a,Keep
00006660,SG-3022,19995,1,0,6f45b88d-a23f-4b23-9d83-b4f48925036a,Keep
00006661,SBS-86,19195,1,1,6f45b88d-a23f-4b23-9d83-b4f48925036a,Keep
00006662,IG-119,17495,1,1,6f45b88d-a23f-4b23-9d83-b4f48925036a,Keep
00006663,HB-1046-P,8295,1,1,39352587-2620-4477-ace7-57e71dc5756b,Keep
00006664,HB-1046-P,8295,1,0,39352587-2620-4477-ace7-57e71dc5756b,Keep
00006665,HB-1046-G,8295,1,1,39352587-2620-4477-ace7-57e71dc5756b,Keep
00006666,HB-1046-G,8295,1,0,39352587-2620-4477-ace7-57e71dc5756b,Keep
00006667,HA-3007-P,8195,1,0,39352587-2620-4477-ace7-57e71dc5756b,Keep
00006668,HA-3007-P,8195,1,0,39352587-2620-4477-ace7-57e71dc5756b,Keep
00006669,HA-3007,8295,1,0,39352587-2620-4477-ace7-57e71dc5756b,Keep
00006670,HA-3007,8295,1,1,39352587-2620-4477-ace7-57e71dc5756b,Keep
00006671,C-4496,12795,1,1,c7ce73b1-9509-4d6c-9652-40a7f76e9844,Keep
00006672,KP-415,5995,1,0,fc1863e8-e96b-413d-b967-1599ffbe97f4,Keep
00006673,KP-415,5995,1,0,fc1863e8-e96b-413d-b967-1599ffbe97f4,Keep
00006674,KP-415,5995,1,0,fc1863e8-e96b-413d-b967-1599ffbe97f4,Keep
00006675,260107,9795,1,1,b9f4eb6a-09e7-4037-8a82-da3b2f853698,Keep
00006676,260107,9795,1,1,b9f4eb6a-09e7-4037-8a82-da3b2f853698,Keep
00006677,260107,9795,1,1,b9f4eb6a-09e7-4037-8a82-da3b2f853698,Keep
00006678,260107,9795,1,0,b9f4eb6a-09e7-4037-8a82-da3b2f853698,Keep
00006679,260107,9795,1,1,b9f4eb6a-09e7-4037-8a82-da3b2f853698,Keep
00006680,250059,6595,1,0,b9f4eb6a-09e7-4037-8a82-da3b2f853698,Keep
00006681,250059,6595,1,1,b9f4eb6a-09e7-4037-8a82-da3b2f853698,Keep
00006682,250059,6595,1,0,b9f4eb6a-09e7-4037-8a82-da3b2f853698,Keep
00006683,250059,6595,1,0,b9f4eb6a-09e7-4037-8a82-da3b2f853698,Keep
00006684,250059,6595,1,0,b9f4eb6a-09e7-4037-8a82-da3b2f853698,Keep
00006685,260301,4695,1,0,b9f4eb6a-09e7-4037-8a82-da3b2f853698,Keep
00006686,260301,4695,1,0,b9f4eb6a-09e7-4037-8a82-da3b2f853698,Keep
00006687,260301,4695,1,0,b9f4eb6a-09e7-4037-8a82-da3b2f853698,Keep
00006688,260301,4695,1,1,b9f4eb6a-09e7-4037-8a82-da3b2f853698,Keep
00006689,260301,4695,1,0,b9f4eb6a-09e7-4037-8a82-da3b2f853698,Keep
00006690,260238,11395,1,0,b9f4eb6a-09e7-4037-8a82-da3b2f853698,Keep
00006691,260238,11395,1,0,b9f4eb6a-09e7-4037-8a82-da3b2f853698,Keep
00006692,260238,11395,1,0,b9f4eb6a-09e7-4037-8a82-da3b2f853698,Keep
00006693,260238,11395,1,0,b9f4eb6a-09e7-4037-8a82-da3b2f853698,Keep
00006694,907-G,5695,1,0,e49d28a5-d5e0-4b91-85df-b959185370ba,Keep
00006695,907-G,5695,1,0,e49d28a5-d5e0-4b91-85df-b959185370ba,Keep
00006696,907-G,5695,1,1,e49d28a5-d5e0-4b91-85df-b959185370ba,Keep
00006697,907-G,5695,1,1,e49d28a5-d5e0-4b91-85df-b959185370ba,Keep
00006698,907-B,5695,1,0,e49d28a5-d5e0-4b91-85df-b959185370ba,Keep
00006699,907-B,5695,1,1,e49d28a5-d5e0-4b91-85df-b959185370ba,Keep
00006700,907-B,5695,1,1,e49d28a5-d5e0-4b91-85df-b959185370ba,Keep
00006701,907-B,5695,1,1,e49d28a5-d5e0-4b91-85df-b959185370ba,Keep
00006702,314,4995,1,1,e49d28a5-d5e0-4b91-85df-b959185370ba,Keep
00006703,314,4995,1,1,e49d28a5-d5e0-4b91-85df-b959185370ba,Keep
00006704,314,4995,1,1,e49d28a5-d5e0-4b91-85df-b959185370ba,Keep
00006705,314,4995,1,1,e49d28a5-d5e0-4b91-85df-b959185370ba,Keep
00006706,335,4495,1,0,e49d28a5-d5e0-4b91-85df-b959185370ba,Keep
00006707,335,4495,1,1,e49d28a5-d5e0-4b91-85df-b959185370ba,Keep
00006708,335,4495,1,1,e49d28a5-d5e0-4b91-85df-b959185370ba,Keep
00006709,335,4495,1,1,e49d28a5-d5e0-4b91-85df-b959185370ba,Keep
00006710,325,4495,1,0,e49d28a5-d5e0-4b91-85df-b959185370ba,Keep
00006711,325,4495,1,1,e49d28a5-d5e0-4b91-85df-b959185370ba,Keep
00006712,325,4495,1,1,e49d28a5-d5e0-4b91-85df-b959185370ba,Keep
00006713,325,4495,1,1,e49d28a5-d5e0-4b91-85df-b959185370ba,Keep
00006714,307,4595,1,1,e49d28a5-d5e0-4b91-85df-b959185370ba,Keep
00006715,307,4595,1,0,e49d28a5-d5e0-4b91-85df-b959185370ba,Keep
00006716,307,4595,1,0,e49d28a5-d5e0-4b91-85df-b959185370ba,Keep
00006717,307,4595,1,0,e49d28a5-d5e0-4b91-85df-b959185370ba,Keep
00006718,313,8495,1,0,e49d28a5-d5e0-4b91-85df-b959185370ba,Keep
00006719,313,8495,1,1,e49d28a5-d5e0-4b91-85df-b959185370ba,Keep
00006720,313,8495,1,0,e49d28a5-d5e0-4b91-85df-b959185370ba,Keep
00006721,313,8495,1,1,e49d28a5-d5e0-4b91-85df-b959185370ba,Keep
00006722,250477,9395,1,1,d5e7d859-20c6-4db6-ae48-7c0085e45f42,Keep
00006723,250477,9395,1,1,d5e7d859-20c6-4db6-ae48-7c0085e45f42,Keep
00006724,250477,9395,1,1,d5e7d859-20c6-4db6-ae48-7c0085e45f42,Keep
00006725,250477,9395,1,1,d5e7d859-20c6-4db6-ae48-7c0085e45f42,Keep
00006726,250477,9395,1,1,d5e7d859-20c6-4db6-ae48-7c0085e45f42,Keep
00006727,250477,9395,1,1,d5e7d859-20c6-4db6-ae48-7c0085e45f42,Keep
00006728,250477-G,9395,1,1,d5e7d859-20c6-4db6-ae48-7c0085e45f42,Keep
00006729,250477-G,9395,1,1,d5e7d859-20c6-4db6-ae48-7c0085e45f42,Keep
00006730,250477-G,9395,1,1,d5e7d859-20c6-4db6-ae48-7c0085e45f42,Keep
00006731,250477-G,9395,1,1,d5e7d859-20c6-4db6-ae48-7c0085e45f42,Keep
00006732,250477-G,9395,1,1,d5e7d859-20c6-4db6-ae48-7c0085e45f42,Keep
00006733,250477-G,9395,1,1,d5e7d859-20c6-4db6-ae48-7c0085e45f42,Keep
00006734,230052,3495,1,0,d5e7d859-20c6-4db6-ae48-7c0085e45f42,Keep
00006735,230052,3495,1,0,d5e7d859-20c6-4db6-ae48-7c0085e45f42,Keep
00006736,230052,3495,1,0,d5e7d859-20c6-4db6-ae48-7c0085e45f42,Keep
00006737,230052,3495,1,0,d5e7d859-20c6-4db6-ae48-7c0085e45f42,Keep
00006738,230052,3495,1,0,d5e7d859-20c6-4db6-ae48-7c0085e45f42,Keep
00006739,230052,3495,1,0,d5e7d859-20c6-4db6-ae48-7c0085e45f42,Keep
00006740,230052,3495,1,0,d5e7d859-20c6-4db6-ae48-7c0085e45f42,Keep
00006741,230052,3495,1,0,d5e7d859-20c6-4db6-ae48-7c0085e45f42,Keep
00006742,230052,3495,1,0,d5e7d859-20c6-4db6-ae48-7c0085e45f42,Keep
00006743,230052,3495,1,0,d5e7d859-20c6-4db6-ae48-7c0085e45f42,Keep
00006744,240553,13795,1,1,d5e7d859-20c6-4db6-ae48-7c0085e45f42,Keep
00006745,230052,3495,1,0,d5e7d859-20c6-4db6-ae48-7c0085e45f42,Keep
00006746,230052,3495,1,0,d5e7d859-20c6-4db6-ae48-7c0085e45f42,Keep
00006747,230052,3495,1,0,d5e7d859-20c6-4db6-ae48-7c0085e45f42,Keep
00006748,230052,3495,1,0,d5e7d859-20c6-4db6-ae48-7c0085e45f42,Keep
00006749,230052,3495,1,0,d5e7d859-20c6-4db6-ae48-7c0085e45f42,Keep
00006750,230052,3495,1,0,d5e7d859-20c6-4db6-ae48-7c0085e45f42,Keep
00006751,230052,3495,1,0,d5e7d859-20c6-4db6-ae48-7c0085e45f42,Keep
00006752,230052,3495,1,0,d5e7d859-20c6-4db6-ae48-7c0085e45f42,Keep
00006753,230052,3495,1,0,d5e7d859-20c6-4db6-ae48-7c0085e45f42,Keep
00006754,230052,3495,1,0,d5e7d859-20c6-4db6-ae48-7c0085e45f42,Keep
00006755,1-4751,8095,2,0,384f6229-c409-4818-8195-5a1a672d2363,Keep
00006756,2-4736,7895,1,0,384f6229-c409-4818-8195-5a1a672d2363,Keep
00006757,2-4736-P,7895,1,0,384f6229-c409-4818-8195-5a1a672d2363,Keep
00006758,3-4735-R,8495,1,1,384f6229-c409-4818-8195-5a1a672d2363,Keep
00006759,3-4735-Y,8495,1,0,384f6229-c409-4818-8195-5a1a672d2363,Keep
00006760,3-4735-P,8495,1,1,384f6229-c409-4818-8195-5a1a672d2363,Keep
00006761,4-4311A-G,6895,1,0,384f6229-c409-4818-8195-5a1a672d2363,Keep
00006762,4-4311A-B,6895,1,1,384f6229-c409-4818-8195-5a1a672d2363,Keep
00006763,4-4311A-P,6895,1,0,384f6229-c409-4818-8195-5a1a672d2363,Keep
00006764,5-4304A-R,8095,1,0,384f6229-c409-4818-8195-5a1a672d2363,Keep
00006765,5-4304A-B,8095,1,1,384f6229-c409-4818-8195-5a1a672d2363,Keep
00006766,5-4304A-P,8095,1,0,384f6229-c409-4818-8195-5a1a672d2363,Keep
00006767,6-4315-R,8695,1,1,384f6229-c409-4818-8195-5a1a672d2363,Keep
00006768,6-4315-P,8695,1,0,384f6229-c409-4818-8195-5a1a672d2363,Keep
00006769,7-3910A-G,12595,1,1,384f6229-c409-4818-8195-5a1a672d2363,Keep
00006770,7-3910A-P,12595,1,1,384f6229-c409-4818-8195-5a1a672d2363,Keep
00006771,7-3910A-P,12595,1,0,384f6229-c409-4818-8195-5a1a672d2363,Keep
00006772,8-4007-B,12995,1,1,384f6229-c409-4818-8195-5a1a672d2363,Keep
00006773,8-4007-G,12995,1,1,384f6229-c409-4818-8195-5a1a672d2363,Keep
00006774,8-4007-R,12995,1,1,384f6229-c409-4818-8195-5a1a672d2363,Keep
00006775,tc-491,3494.99,1,0,b59aa720-d999-4491-9037-90959bd3ab1f,Keep
00006776,tc-491,3494.99,1,1,b59aa720-d999-4491-9037-90959bd3ab1f,Keep
00006777,39-RED,14995,0,0,9e80273b-0a3f-433e-a4f7-38f4a7bccc66,Keep
00006778,49-RANI,14395,0,0,9e80273b-0a3f-433e-a4f7-38f4a7bccc66,Keep
00006779,23-RED,16195,0,0,9e80273b-0a3f-433e-a4f7-38f4a7bccc66,Keep
00006780,71-PINK,26095,0,0,9e80273b-0a3f-433e-a4f7-38f4a7bccc66,Keep
00006781,70-RED,26095,0,0,9e80273b-0a3f-433e-a4f7-38f4a7bccc66,Keep
00006782,75-GREEN,25195,1,0,9e80273b-0a3f-433e-a4f7-38f4a7bccc66,Keep
00006783,78-PINK,26995,1,0,9e80273b-0a3f-433e-a4f7-38f4a7bccc66,Keep
00006784,21-BLUE,26495,1,1,9e80273b-0a3f-433e-a4f7-38f4a7bccc66,Keep
00006785,08-PINK,26995,1,1,9e80273b-0a3f-433e-a4f7-38f4a7bccc66,Keep
00006786,13-RANI,46795,1,0,9e80273b-0a3f-433e-a4f7-38f4a7bccc66,Keep
00006787,51-RANI,43195,1,1,9e80273b-0a3f-433e-a4f7-38f4a7bccc66,Keep
00006788,09-GOLDEN,73795,1,0,9e80273b-0a3f-433e-a4f7-38f4a7bccc66,Keep
00006789,1995-RANI,19095,1,0,9e80273b-0a3f-433e-a4f7-38f4a7bccc66,Keep
00006790,1988-PINK,28795,1,0,9e80273b-0a3f-433e-a4f7-38f4a7bccc66,Keep
00006791,1632-PINK,28795,1,0,9e80273b-0a3f-433e-a4f7-38f4a7bccc66,Keep
00006792,1632-GREEN,28795,1,0,9e80273b-0a3f-433e-a4f7-38f4a7bccc66,Keep
00006793,1999-PURPLE,25195,1,1,9e80273b-0a3f-433e-a4f7-38f4a7bccc66,Keep
00006794,1363-MAROON,23595,1,1,9e80273b-0a3f-433e-a4f7-38f4a7bccc66,Keep
00006795,1970-RED,28795,1,1,9e80273b-0a3f-433e-a4f7-38f4a7bccc66,Keep
00006796,1972A-PURPLE,31895,1,0,9e80273b-0a3f-433e-a4f7-38f4a7bccc66,Keep
00006797,1972A-GREEN,31895,1,0,9e80273b-0a3f-433e-a4f7-38f4a7bccc66,Keep
00006798,4789-P,22495,1,0,6547e328-469d-492e-835c-442c1906363e,Keep
00006799,4134-R,24195,1,0,6547e328-469d-492e-835c-442c1906363e,Keep
00006800,4873-P,22595,1,0,6547e328-469d-492e-835c-442c1906363e,Keep
00006801,4180-P,19595,1,0,6547e328-469d-492e-835c-442c1906363e,Keep
00006802,5075-P,17595,1,0,6547e328-469d-492e-835c-442c1906363e,Keep
00006803,5074-P,26795,1,0,6547e328-469d-492e-835c-442c1906363e,Keep
00006804,4663-R,17795,1,0,6547e328-469d-492e-835c-442c1906363e,Keep
00006805,5078-R,17795,1,1,6547e328-469d-492e-835c-442c1906363e,Keep
00006806,39-RED,14995,1,0,9e80273b-0a3f-433e-a4f7-38f4a7bccc66,Keep
00006807,49-RANI,14395,1,1,9e80273b-0a3f-433e-a4f7-38f4a7bccc66,Keep
00006808,23-RED,16195,1,0,9e80273b-0a3f-433e-a4f7-38f4a7bccc66,Keep
00006809,71-PINK,26095,1,0,9e80273b-0a3f-433e-a4f7-38f4a7bccc66,Keep
00006810,70-RED,26095,1,0,9e80273b-0a3f-433e-a4f7-38f4a7bccc66,Keep
00006811,2494,101895,1,0,1fc8555f-825b-4b5b-9449-608360117db2,Keep
00006812,5267,153895,1,1,1fc8555f-825b-4b5b-9449-608360117db2,Keep
00006813,2667,98995,1,1,1fc8555f-825b-4b5b-9449-608360117db2,Keep
00006814,1859,21895,1,1,1fc8555f-825b-4b5b-9449-608360117db2,Keep
00006815,4024/A,15495,1,0,0620029b-54d6-4ff3-8372-1141d3ecf3fe,Keep
00006816,4024/A,15495,1,1,0620029b-54d6-4ff3-8372-1141d3ecf3fe,Keep
00006817,4024/A,15495,1,0,0620029b-54d6-4ff3-8372-1141d3ecf3fe,Keep
00006818,4024/A,15495,1,1,0620029b-54d6-4ff3-8372-1141d3ecf3fe,Keep
00006819,4024/A,15195,1,1,0620029b-54d6-4ff3-8372-1141d3ecf3fe,Keep
00006820,4024/A,15495,1,1,0620029b-54d6-4ff3-8372-1141d3ecf3fe,Keep
00006821,DC-251033,197995,1,1,a5b44265-355b-47a1-8789-25ed0dff388a,Keep
00006822,DC-251577,73995,1,1,54ff2987-2a1e-4abc-9ec5-08bcbc331d7f,Keep
00006823,DC-25876,325995,1,1,85b30765-f155-4cb9-83a2-b6ffb4d19efa,Keep
00006824,DC-251558,69995,1,1,809ba075-a68f-4a0b-af33-1e2654e51c59,Keep
00006825,DC-25116,137995,1,0,34070f61-6b3e-4a16-8424-63caacc18c3c,Keep
00006826,K-3822,18795,1,0,3435b428-ddcf-47d2-a80b-a006766c16eb,Keep
00006827,K-3874,22395,1,1,3435b428-ddcf-47d2-a80b-a006766c16eb,Keep
00006828,T-7908,21295,1,0,3435b428-ddcf-47d2-a80b-a006766c16eb,Keep
00006829,R-04,24595,1,1,3435b428-ddcf-47d2-a80b-a006766c16eb,Keep
00006830,R-1,26195,1,1,3435b428-ddcf-47d2-a80b-a006766c16eb,Keep
00006831,TB-5019,13695,1,0,3435b428-ddcf-47d2-a80b-a006766c16eb,Keep
00006832,Z-8553,15895,1,1,3435b428-ddcf-47d2-a80b-a006766c16eb,Keep
00006833,Z-8612,13295,1,0,3435b428-ddcf-47d2-a80b-a006766c16eb,Keep
00006834,Z-8508,16895,1,0,3435b428-ddcf-47d2-a80b-a006766c16eb,Keep
00006835,TB-5288,10195,1,0,3435b428-ddcf-47d2-a80b-a006766c16eb,Keep
00006836,W-11061,6295,1,0,3435b428-ddcf-47d2-a80b-a006766c16eb,Keep
00006837,W-11061,6295,1,1,3435b428-ddcf-47d2-a80b-a006766c16eb,Keep
00006838,W-354,7195,1,1,3435b428-ddcf-47d2-a80b-a006766c16eb,Keep
00006839,W-354,7195,1,1,3435b428-ddcf-47d2-a80b-a006766c16eb,Keep
00006840,W-215,7195,1,1,3435b428-ddcf-47d2-a80b-a006766c16eb,Keep
00006841,W-309,7195,1,0,3435b428-ddcf-47d2-a80b-a006766c16eb,Keep
00006842,TR-513,6395,1,1,3435b428-ddcf-47d2-a80b-a006766c16eb,Keep
00006843,Z-111,10295,1,0,3435b428-ddcf-47d2-a80b-a006766c16eb,Keep
00006844,Z-8453,16095,1,0,3435b428-ddcf-47d2-a80b-a006766c16eb,Keep
00006845,Z-9095,8795,1,0,3435b428-ddcf-47d2-a80b-a006766c16eb,Keep
00006846,Z-8105,23995,1,0,3435b428-ddcf-47d2-a80b-a006766c16eb,Keep
00006847,Z-8121,22495,1,0,3435b428-ddcf-47d2-a80b-a006766c16eb,Keep
00006848,Z-9075,7995,1,1,3435b428-ddcf-47d2-a80b-a006766c16eb,Keep
00006849,Z-9075,7995,1,0,3435b428-ddcf-47d2-a80b-a006766c16eb,Keep
00006850,Z-9027,6895,1,0,3435b428-ddcf-47d2-a80b-a006766c16eb,Keep
00006851,Z-7362,14395,1,0,3435b428-ddcf-47d2-a80b-a006766c16eb,Keep
00006852,MNM-377,13795,1,0,5041c3fa-9010-41a4-9661-1b2c7f4a64fb,Keep
00006853,PG-212,5595,0,0,c1f05b3c-617a-41a2-a4ed-77f2ecfd4dfb,Keep
00006854,SN-2342,5295,1,1,57c22e8e-f59c-4fae-b15d-e7d16ef1bc3d,Keep
00006855,SN-2342-G,5295,1,1,57c22e8e-f59c-4fae-b15d-e7d16ef1bc3d,Keep
00006856,DC-251050,257995,1,1,f561a80f-955e-419b-b4e8-2ad699ccc8f9,Keep
00006857,7417,15995,1,1,b8e787c4-d9db-4c3b-bb73-c9e451b983ac,Keep
00006858,2777,52995,1,1,d6b67404-da63-4aa5-8c26-40d09e7d98a7,Keep
00006859,2730,102995,1,1,d6b67404-da63-4aa5-8c26-40d09e7d98a7,Keep
00006860,2492,25995,1,1,d6b67404-da63-4aa5-8c26-40d09e7d98a7,Keep
00006861,2506,25995,1,0,77d47051-d929-4ba1-ad5e-894be8dfd2cb,Keep
00006862,2556,25995,1,1,77d47051-d929-4ba1-ad5e-894be8dfd2cb,Keep
00006863,2555,23995,1,1,77d47051-d929-4ba1-ad5e-894be8dfd2cb,Keep
00006864,2500,23995,1,1,77d47051-d929-4ba1-ad5e-894be8dfd2cb,Keep
00006865,2588,23995,1,1,77d47051-d929-4ba1-ad5e-894be8dfd2cb,Keep
00006866,2554,29995,1,1,77d47051-d929-4ba1-ad5e-894be8dfd2cb,Keep
00006867,2498,23995,1,0,77d47051-d929-4ba1-ad5e-894be8dfd2cb,Keep
00006868,2531,19995,1,1,77d47051-d929-4ba1-ad5e-894be8dfd2cb,Keep
00006869,2504,25995,1,1,77d47051-d929-4ba1-ad5e-894be8dfd2cb,Keep
00006870,2491,21995,1,1,77d47051-d929-4ba1-ad5e-894be8dfd2cb,Keep
00006871,1458,10695,1,0,706ff9e4-8c3e-4029-bc09-be24ad3668fb,Keep
00006872,2592,27995,1,0,77d47051-d929-4ba1-ad5e-894be8dfd2cb,Keep
00006873,2543,31995,1,1,77d47051-d929-4ba1-ad5e-894be8dfd2cb,Keep
00006874,2539,19995,1,0,77d47051-d929-4ba1-ad5e-894be8dfd2cb,Keep
00006875,2534,19995,1,0,77d47051-d929-4ba1-ad5e-894be8dfd2cb,Keep
00006876,2525,31995,1,0,77d47051-d929-4ba1-ad5e-894be8dfd2cb,Keep
00006877,2471,23995,1,0,77d47051-d929-4ba1-ad5e-894be8dfd2cb,Keep
00006878,2541,39995,1,1,77d47051-d929-4ba1-ad5e-894be8dfd2cb,Keep
00006879,2535,23995,1,0,77d47051-d929-4ba1-ad5e-894be8dfd2cb,Keep
00006880,2489,23995,1,0,77d47051-d929-4ba1-ad5e-894be8dfd2cb,Keep
00006881,2490,27995,1,1,77d47051-d929-4ba1-ad5e-894be8dfd2cb,Keep
00006882,2516,37995,1,0,77d47051-d929-4ba1-ad5e-894be8dfd2cb,Keep
00006883,7418-Y,17995,1,0,a1c1e537-8e70-4e40-af08-52f62bb9e3be,Keep
00006884,7219-W,19995,1,0,a1c1e537-8e70-4e40-af08-52f62bb9e3be,Keep
00006885,DES-8036,11995,1,1,50797050-3641-442c-8b0f-96b6121c99a5,Keep
00006886,760,10595,1,0,edb34d57-12d2-4412-bb4e-62fbeaadb698,Keep
00006887,760,10595,1,1,edb34d57-12d2-4412-bb4e-62fbeaadb698,Keep
00006888,S-1800,2595,1,1,9aa09a95-3093-43bf-b33b-59c918fbf892,Keep
00006889,SA-23345,23995,1,0,e6998b48-775a-4c4f-9128-b7dbedebbe9e,Keep
00006890,MNM-328,9395,1,0,a57a0e2d-4622-46ff-839a-b5b583e696b3,Keep
00006891,MNM-328,9395,1,1,a57a0e2d-4622-46ff-839a-b5b583e696b3,Keep
00006892,MNM-328,9395,1,0,a57a0e2d-4622-46ff-839a-b5b583e696b3,Keep
00006893,S-3441,8595,2,2,9ec37502-d76f-4e89-8e1a-957a0e370eaf,Keep
00006894,01,29995,1,1,46419765-4eab-48e4-99cc-9a2cac3195af,Keep
00006895,1,6395,6,6,8ab44175-bb27-468f-a9a9-325bc4cd84dc,Keep
00006896,2,7995,3,2,8ab44175-bb27-468f-a9a9-325bc4cd84dc,Keep
00006897,3,9395,1,1,8ab44175-bb27-468f-a9a9-325bc4cd84dc,Keep
00006898,4,9395,1,1,8ab44175-bb27-468f-a9a9-325bc4cd84dc,Keep
00006899,5,7995,1,0,8ab44175-bb27-468f-a9a9-325bc4cd84dc,Keep
00006900,T-4059,30595,1,1,83d57877-de51-4551-a5c9-8058a706ff52,Keep
00006901,080-MH 213,15995,1,1,8d64fbb8-8aaf-4c9a-b825-948184fb4caa,Keep
00006902,AA-1286-G,11395,1,1,b77aa694-2b4a-4eeb-b460-71cb36a9d2ae,Keep
00006903,AA-1286-P,11395,1,1,b77aa694-2b4a-4eeb-b460-71cb36a9d2ae,Keep
00006904,AA-1286 B,11395,1,1,b77aa694-2b4a-4eeb-b460-71cb36a9d2ae,Keep
00006905,AA-1277 P,16395,1,0,b77aa694-2b4a-4eeb-b460-71cb36a9d2ae,Keep
00006906,AA-1277 P,16395,1,0,b77aa694-2b4a-4eeb-b460-71cb36a9d2ae,Keep
00006907,SGN-117,35995,1,1,9d323d0d-3dc7-45af-8fc7-848e9e1c1a46,Keep
00006908,E-198-P,6995,1,1,ea2d3a15-f182-4686-8c2d-a1f11e821f8c,Keep
00006909,E-198 P,7195,1,1,ea2d3a15-f182-4686-8c2d-a1f11e821f8c,Keep
00006910,E-198 G,6995,1,0,ea2d3a15-f182-4686-8c2d-a1f11e821f8c,Keep
00006911,E-198 G,7195,1,0,ea2d3a15-f182-4686-8c2d-a1f11e821f8c,Keep
00006912,SGH-2919,57995,1,0,366892ea-9982-4a11-82f8-8dac1854cb06,Keep
00006913,SGH-2985,59995,1,1,366892ea-9982-4a11-82f8-8dac1854cb06,Keep
00006914,US-327,25195,2,2,366892ea-9982-4a11-82f8-8dac1854cb06,Keep
00006915,1,21995,1,0,91c3a663-84b8-43a5-aeff-7ab6356d0576,Keep
00006916,NO-8250,26995,0,0,e90c597b-0f27-44c7-aa1a-6d7236cfeedb,Keep
00006917,NO-8250,26995,1,0,e90c597b-0f27-44c7-aa1a-6d7236cfeedb,Keep
00006918,E-84,8695,1,1,23b55796-5a23-4e85-ad52-bce7da665cfb,Keep
00006919,E-84,8695,1,0,23b55796-5a23-4e85-ad52-bce7da665cfb,Keep
00006920,E-84,8695,1,0,23b55796-5a23-4e85-ad52-bce7da665cfb,Keep
00006921,E-84,8695,1,1,23b55796-5a23-4e85-ad52-bce7da665cfb,Keep
00006922,E-84,8695,1,1,23b55796-5a23-4e85-ad52-bce7da665cfb,Keep
00006923,01,25495,1,1,4e686b6b-e722-4ffa-bed2-91a92298b382,Keep
00006924,02,26095,1,0,4e686b6b-e722-4ffa-bed2-91a92298b382,Keep
00006925,03,30695,1,1,4e686b6b-e722-4ffa-bed2-91a92298b382,Keep
00006926,04,28095,1,0,4e686b6b-e722-4ffa-bed2-91a92298b382,Keep
00006927,05,25495,1,1,4e686b6b-e722-4ffa-bed2-91a92298b382,Keep
00006928,SS-445,127995,1,1,1c57810a-f1de-4668-b32d-a993a928a401,Keep
00006929,10067,31995,1,0,7c76c9cf-cb5e-4ce6-86e3-30795ab81481,Keep
00006930,10093,31995,1,0,7c76c9cf-cb5e-4ce6-86e3-30795ab81481,Keep
00006931,10080,29995,1,0,7c76c9cf-cb5e-4ce6-86e3-30795ab81481,Keep
00006932,10049,31995,1,0,7c76c9cf-cb5e-4ce6-86e3-30795ab81481,Keep
00006933,11033,35995,1,0,7c76c9cf-cb5e-4ce6-86e3-30795ab81481,Keep
00006934,11041,29995,1,0,7c76c9cf-cb5e-4ce6-86e3-30795ab81481,Keep
00006935,CCRS/25/02,4695,0,0,7b0016f8-9d86-4f30-b37d-9464b33c7556,Keep
00006936,CCRS/25/02,4695,0,1,7b0016f8-9d86-4f30-b37d-9464b33c7556,Keep
00006937,CCRS/25/106,4695,0,0,7b0016f8-9d86-4f30-b37d-9464b33c7556,Keep
00006938,CCRS/25/106,4695,0,0,7b0016f8-9d86-4f30-b37d-9464b33c7556,Keep
00006939,CCRS/25/02,44995,2,2,7b0016f8-9d86-4f30-b37d-9464b33c7556,Keep
00006940,CCRS/25/106,46295,0,0,7b0016f8-9d86-4f30-b37d-9464b33c7556,Keep
00006941,MS-4223,6995,3,0,bb4835c4-4cf6-4d1a-ba99-da908e91af8a,Keep
00006942,MS-4224,6995,1,0,bb4835c4-4cf6-4d1a-ba99-da908e91af8a,Keep
00006943,MS-4224,6995,1,0,bb4835c4-4cf6-4d1a-ba99-da908e91af8a,Keep
00006944,MS-4534,6995,5,0,bb4835c4-4cf6-4d1a-ba99-da908e91af8a,Keep
00006945,MS-453-Y,6995,2,0,bb4835c4-4cf6-4d1a-ba99-da908e91af8a,Keep
00006946,1784,33595,1,1,a7c07dad-1cea-4b57-b2a8-b392fe8b9ca2,Keep
00006947,1784,33595,1,1,a7c07dad-1cea-4b57-b2a8-b392fe8b9ca2,Keep
00006948,V-1937-WS,23695,1,1,ec2394a7-0e2d-4ac3-a322-410c96e6b6b4,Keep
00006949,V-5098S,25695,1,1,ec2394a7-0e2d-4ac3-a322-410c96e6b6b4,Keep
00006950,V-6034L,27695,1,1,ec2394a7-0e2d-4ac3-a322-410c96e6b6b4,Keep
00006951,M-8881,31995,1,1,5e0c660e-9e3a-4801-8b6d-191731784b9f,Keep
00006952,1,50995,1,1,02f1ea18-21e9-44bd-95cf-8d6308d1a436,Keep
00006953,2,50995,1,1,02f1ea18-21e9-44bd-95cf-8d6308d1a436,Keep
00006954,3,52995,1,1,02f1ea18-21e9-44bd-95cf-8d6308d1a436,Keep
00006955,4,49995,1,1,02f1ea18-21e9-44bd-95cf-8d6308d1a436,Keep
00006956,9109-A,89995,1,1,5d408255-5673-4afa-b80b-822b78a28169,Keep
00006957,11004,35995,1,0,6a08a789-4a19-4296-b5f6-a03be3d05e4d,Keep
00006958,P-4025,23995,1,0,6acb0bde-8408-4ee3-b19c-dbb8c8740b85,Keep
00006959,1128-B,10095,1,1,f797e1ec-0377-4f15-b3f6-6be0c1eaaa00,Keep
00006960,1128-B,10095,1,0,f797e1ec-0377-4f15-b3f6-6be0c1eaaa00,Keep
00006961,1128-B,10095,1,0,f797e1ec-0377-4f15-b3f6-6be0c1eaaa00,Keep
00006962,1128-B,10095,1,1,f797e1ec-0377-4f15-b3f6-6be0c1eaaa00,Keep
00006963,1128-G,10095,1,0,f797e1ec-0377-4f15-b3f6-6be0c1eaaa00,Keep
00006964,1128-G,10095,1,1,f797e1ec-0377-4f15-b3f6-6be0c1eaaa00,Keep
00006965,1128-G,10095,1,1,f797e1ec-0377-4f15-b3f6-6be0c1eaaa00,Keep
00006966,1128-P,10095,1,0,f797e1ec-0377-4f15-b3f6-6be0c1eaaa00,Keep
00006967,1128-P,10095,1,1,f797e1ec-0377-4f15-b3f6-6be0c1eaaa00,Keep
00006968,1128-P,10095,1,0,f797e1ec-0377-4f15-b3f6-6be0c1eaaa00,Keep
00006969,1128-P,10095,1,1,f797e1ec-0377-4f15-b3f6-6be0c1eaaa00,Keep
00006970,2027,8795,0,0,2fdfb7d6-7418-4681-8101-0246881fefe9,Keep
00006971,2027,8795,0,0,2fdfb7d6-7418-4681-8101-0246881fefe9,Keep
00006972,2027,8795,0,0,2fdfb7d6-7418-4681-8101-0246881fefe9,Keep
00006973,2027,8795,0,0,2fdfb7d6-7418-4681-8101-0246881fefe9,Keep
00006974,2027,8795,0,0,2fdfb7d6-7418-4681-8101-0246881fefe9,Keep
00006975,3118,8695,0,0,2fdfb7d6-7418-4681-8101-0246881fefe9,Keep
00006976,3118,8695,0,0,2fdfb7d6-7418-4681-8101-0246881fefe9,Keep
00006977,3118,8695,0,0,2fdfb7d6-7418-4681-8101-0246881fefe9,Keep
00006978,3118,8695,0,0,2fdfb7d6-7418-4681-8101-0246881fefe9,Keep
00006979,1075,8995,0,0,2fdfb7d6-7418-4681-8101-0246881fefe9,Keep
00006980,1075,8995,0,0,2fdfb7d6-7418-4681-8101-0246881fefe9,Keep
00006981,1075,8995,0,0,2fdfb7d6-7418-4681-8101-0246881fefe9,Keep
00006982,1075,8995,0,0,2fdfb7d6-7418-4681-8101-0246881fefe9,Keep
00006983,1075,8995,0,0,2fdfb7d6-7418-4681-8101-0246881fefe9,Keep
00006984,3023-B,8895,0,0,2fdfb7d6-7418-4681-8101-0246881fefe9,Keep
00006985,3023-B,8895,0,0,2fdfb7d6-7418-4681-8101-0246881fefe9,Keep
00006986,3023-B,8895,0,0,2fdfb7d6-7418-4681-8101-0246881fefe9,Keep
00006987,3023-B,8895,0,0,2fdfb7d6-7418-4681-8101-0246881fefe9,Keep
00006988,3023-C,8895,0,0,2fdfb7d6-7418-4681-8101-0246881fefe9,Keep
00006989,3023-C,8895,0,0,2fdfb7d6-7418-4681-8101-0246881fefe9,Keep
00006990,3023-C,8895,0,0,2fdfb7d6-7418-4681-8101-0246881fefe9,Keep
00006991,3023-C,8895,0,0,2fdfb7d6-7418-4681-8101-0246881fefe9,Keep
00006992,4035,15995,1,1,97504148-6737-44c8-9d87-351889d577ff,Keep
00006993,4035,15995,1,1,97504148-6737-44c8-9d87-351889d577ff,Keep
00006994,4035,15995,1,1,97504148-6737-44c8-9d87-351889d577ff,Keep
00006995,4035,15995,0,0,97504148-6737-44c8-9d87-351889d577ff,Keep
00006996,4035,15995,0,0,97504148-6737-44c8-9d87-351889d577ff,Keep
00006997,4035,15995,0,0,97504148-6737-44c8-9d87-351889d577ff,Keep
00006998,4017/A,15095,1,1,97504148-6737-44c8-9d87-351889d577ff,Keep
00006999,4017/A,15095,1,1,97504148-6737-44c8-9d87-351889d577ff,Keep
00007000,4017/A,15095,1,1,97504148-6737-44c8-9d87-351889d577ff,Keep
00007001,4017/A,15095,0,0,97504148-6737-44c8-9d87-351889d577ff,Keep
00007002,4017/A,15095,0,0,97504148-6737-44c8-9d87-351889d577ff,Keep
00007003,4017/A,15095,0,0,97504148-6737-44c8-9d87-351889d577ff,Keep
00007004,4035 A,15995,1,1,97504148-6737-44c8-9d87-351889d577ff,Keep
00007005,4035 B,15995,1,1,97504148-6737-44c8-9d87-351889d577ff,Keep
00007006,4035-C,15995,1,1,97504148-6737-44c8-9d87-351889d577ff,Keep
00007007,4017/A-1,15095,1,1,97504148-6737-44c8-9d87-351889d577ff,Keep
00007008,4017/1-2,15095,1,1,97504148-6737-44c8-9d87-351889d577ff,Keep
00007009,4017/A-3,15095,1,1,97504148-6737-44c8-9d87-351889d577ff,Keep
00007010,2027-A,8795,1,1,2fdfb7d6-7418-4681-8101-0246881fefe9,Keep
00007011,2027-A,8795,1,1,2fdfb7d6-7418-4681-8101-0246881fefe9,Keep
00007012,2027-A,8795,1,0,2fdfb7d6-7418-4681-8101-0246881fefe9,Keep
00007013,3118-A,8695,1,1,2fdfb7d6-7418-4681-8101-0246881fefe9,Keep
00007014,3118-A,8695,1,1,2fdfb7d6-7418-4681-8101-0246881fefe9,Keep
00007015,3118-A,8695,1,1,2fdfb7d6-7418-4681-8101-0246881fefe9,Keep
00007016,1075-A,8995,1,0,2fdfb7d6-7418-4681-8101-0246881fefe9,Keep
00007017,1075-A,8995,1,0,2fdfb7d6-7418-4681-8101-0246881fefe9,Keep
00007018,1075-A,8995,1,0,2fdfb7d6-7418-4681-8101-0246881fefe9,Keep
00007019,3023-B-1,8895,1,0,2fdfb7d6-7418-4681-8101-0246881fefe9,Keep
00007020,3023-B-1,8895,1,0,2fdfb7d6-7418-4681-8101-0246881fefe9,Keep
00007021,3023-B-1,8895,1,0,2fdfb7d6-7418-4681-8101-0246881fefe9,Keep
00007022,3023-C-1,8895,1,0,2fdfb7d6-7418-4681-8101-0246881fefe9,Keep
00007023,3023-C-1,8895,1,0,2fdfb7d6-7418-4681-8101-0246881fefe9,Keep
00007024,3023-C-1,8895,1,0,2fdfb7d6-7418-4681-8101-0246881fefe9,Keep
00007025,2027-B,8795,1,1,2fdfb7d6-7418-4681-8101-0246881fefe9,Keep
00007026,2027-B,8795,1,1,2fdfb7d6-7418-4681-8101-0246881fefe9,Keep
00007027,3118-B,8695,1,0,2fdfb7d6-7418-4681-8101-0246881fefe9,Keep
00007028,1075-B,8995,1,0,2fdfb7d6-7418-4681-8101-0246881fefe9,Keep
00007029,1075-B,8995,1,1,2fdfb7d6-7418-4681-8101-0246881fefe9,Keep
00007030,3023-B-2,8895,1,0,2fdfb7d6-7418-4681-8101-0246881fefe9,Keep
00007031,3023-C-2,8895,1,1,2fdfb7d6-7418-4681-8101-0246881fefe9,Keep
00007032,1450,63995,1,1,a15b2a5f-4925-4eb0-ad77-b2a8595a49c8,Keep
00007033,2395,189995,1,0,f0e295f2-8f10-4dec-a9a1-0c934a62e584,Keep
00007034,M-851,116995,1,1,d962a815-62ba-4261-8649-f46582cf6a2d,Keep
00007035,2206,59995,1,1,1a92b6e8-282f-4a5b-b9de-43e938bbeae8,Keep
00007036,5124,129995,1,1,1a92b6e8-282f-4a5b-b9de-43e938bbeae8,Keep
00007037,RJ-1605,119995,1,1,b274091a-faf2-411c-80ca-6ff6fb5631de,Keep
00007038,OMKDS-36,43195,1,1,5adfcc01-4b2c-4a6c-8e1f-30ccbb47de70,Keep
00007039,SGH-2836,39595,1,1,5adfcc01-4b2c-4a6c-8e1f-30ccbb47de70,Keep
00007040,DH-1784,33595,1,1,154f47ab-56a5-4395-930a-9e17f112f860,Keep
00007041,HA-7022,39195,1,0,c94510f0-ca92-441e-b2cd-f67eed404f9a,Keep
00007042,DS-1128,32395,1,1,a158b0de-7578-48b4-9c27-4d98aca40173,Keep
00007043,DS-1166,32395,1,1,a158b0de-7578-48b4-9c27-4d98aca40173,Keep
00007044,DS-1170,34195,1,1,a158b0de-7578-48b4-9c27-4d98aca40173,Keep
00007045,IW-1184A,28795,1,0,a158b0de-7578-48b4-9c27-4d98aca40173,Keep
00007046,S-10740,23395,1,1,a158b0de-7578-48b4-9c27-4d98aca40173,Keep
00007047,HES-4714,29995,1,1,19c52f22-9f6f-4820-83b1-451aab5dd5fd,Keep
00007048,IW-1189,32395,1,0,19c52f22-9f6f-4820-83b1-451aab5dd5fd,Keep
00007049,IW-1251,26995,1,0,19c52f22-9f6f-4820-83b1-451aab5dd5fd,Keep
00007050,IW-1280,21595,1,0,19c52f22-9f6f-4820-83b1-451aab5dd5fd,Keep
00007051,OMKS-82,34195,1,1,19c52f22-9f6f-4820-83b1-451aab5dd5fd,Keep
00007052,1047-A,8795,1,0,3584a948-f155-492c-b087-c8d7f327e85c,Keep
00007053,1047-A,8795,1,0,3584a948-f155-492c-b087-c8d7f327e85c,Keep
00007054,1047-A,8795,1,0,3584a948-f155-492c-b087-c8d7f327e85c,Keep
00007055,1047-B,8795,1,1,3584a948-f155-492c-b087-c8d7f327e85c,Keep
00007056,1047-B,8795,1,1,3584a948-f155-492c-b087-c8d7f327e85c,Keep
00007057,1019-A,7795,1,0,3584a948-f155-492c-b087-c8d7f327e85c,Keep
00007058,1019-A,7795,1,0,3584a948-f155-492c-b087-c8d7f327e85c,Keep
00007059,1019-A,7795,1,0,3584a948-f155-492c-b087-c8d7f327e85c,Keep
00007060,DS-1149,25195,1,1,50eeede7-e4fc-43f6-a50a-f062d1529bd6,Keep
00007061,EL-IW9,34195,1,0,50eeede7-e4fc-43f6-a50a-f062d1529bd6,Keep
00007062,IW-1358R,35995,1,1,50eeede7-e4fc-43f6-a50a-f062d1529bd6,Keep
00007063,PE-78,23395,1,0,50eeede7-e4fc-43f6-a50a-f062d1529bd6,Keep
00007064,S-10711,19795,1,0,50eeede7-e4fc-43f6-a50a-f062d1529bd6,Keep
00007065,S-10803,34195,1,1,50eeede7-e4fc-43f6-a50a-f062d1529bd6,Keep
00007066,SGH-2918,50395,1,0,50eeede7-e4fc-43f6-a50a-f062d1529bd6,Keep
00007067,SFS-224,5795,1,1,f5928a62-90f4-4471-b354-95145ecd4409,Keep
00007068,1,39995,1,1,816005b2-6b82-4100-a556-6c0695aca5eb,Keep
00007069,2,39995,1,1,816005b2-6b82-4100-a556-6c0695aca5eb,Keep
00007070,1,32995,1,1,fcdac148-72ff-4990-947d-5c86c0587f93,Keep
00007071,2,32995,1,1,fcdac148-72ff-4990-947d-5c86c0587f93,Keep
00007072,DS-418,59995,1,1,1a00b74b-01bf-445f-8d08-5df546b9b8d3,Keep
00007073,IW-1164,26995,1,0,1360644e-e11c-4bed-a7b4-5ad85feeb740,Keep
00007074,IW-1206,25195,1,0,1360644e-e11c-4bed-a7b4-5ad85feeb740,Keep
00007075,HA-7090,25595,1,1,c60fec68-ec31-4037-b241-ff5dca72e1d6,Keep
00007076,VA-120,6495,1,1,c60fec68-ec31-4037-b241-ff5dca72e1d6,Keep
00007077,VA-120,6495,1,0,c60fec68-ec31-4037-b241-ff5dca72e1d6,Keep
00007078,1461,62995,1,1,d3f9f092-ef02-46ab-8876-a7ae86e230c6,Keep
00007079,1585,37995,1,1,ee8e3165-a284-41c1-9e23-7b7ed9212950,Keep
00007080,KP-361,8995,1,1,53fc4891-c32c-4751-b99f-f26ab16cb161,Keep
00007081,KP-361,8995,1,0,53fc4891-c32c-4751-b99f-f26ab16cb161,Keep
00007082,KP-361,8995,1,1,53fc4891-c32c-4751-b99f-f26ab16cb161,Keep
00007083,KP-363,9195,1,1,53fc4891-c32c-4751-b99f-f26ab16cb161,Keep
00007084,KP-363,9195,1,0,53fc4891-c32c-4751-b99f-f26ab16cb161,Keep
00007085,KP-363,9195,1,1,53fc4891-c32c-4751-b99f-f26ab16cb161,Keep
00007086,147,22995,1,1,1e8275ed-1fe6-4a45-a536-ad498b067d72,Keep
00007087,368,50995,1,1,abafea43-d794-4e15-9ac6-a18716ce057c,Keep
00007088,341,46995,1,1,abafea43-d794-4e15-9ac6-a18716ce057c,Keep
00007089,363,70995,1,1,abafea43-d794-4e15-9ac6-a18716ce057c,Keep
00007090,359,30995,1,0,abafea43-d794-4e15-9ac6-a18716ce057c,Keep
00007091,8295,59195,1,1,b592f03c-64a3-46a0-9462-c2022c7bc10c,Keep
00007092,8389,77995,1,1,b592f03c-64a3-46a0-9462-c2022c7bc10c,Keep
00007093,25418-A,3195,1,1,6283d61a-c230-4cf4-a1da-5feb7c3667d4,Keep
00007094,25418-A,3195,1,1,6283d61a-c230-4cf4-a1da-5feb7c3667d4,Keep
00007095,25418-A,3195,1,1,6283d61a-c230-4cf4-a1da-5feb7c3667d4,Keep
00007096,25418-A,3195,1,1,6283d61a-c230-4cf4-a1da-5feb7c3667d4,Keep
00007097,25418-B,3195,1,1,6283d61a-c230-4cf4-a1da-5feb7c3667d4,Keep
00007098,25418-B,3195,1,0,6283d61a-c230-4cf4-a1da-5feb7c3667d4,Keep
00007099,25426-A,3095,1,1,6283d61a-c230-4cf4-a1da-5feb7c3667d4,Keep
00007100,25426-A,3095,1,0,6283d61a-c230-4cf4-a1da-5feb7c3667d4,Keep
00007101,25426-A,3095,1,1,6283d61a-c230-4cf4-a1da-5feb7c3667d4,Keep
00007102,25426-A,3095,1,1,6283d61a-c230-4cf4-a1da-5feb7c3667d4,Keep
00007103,25426-B,3095,1,1,6283d61a-c230-4cf4-a1da-5feb7c3667d4,Keep
00007104,25426-B,3095,1,1,6283d61a-c230-4cf4-a1da-5feb7c3667d4,Keep
00007105,25426-B,3095,1,1,6283d61a-c230-4cf4-a1da-5feb7c3667d4,Keep
00007106,25439-A,3195,1,1,6283d61a-c230-4cf4-a1da-5feb7c3667d4,Keep
00007107,25439-A,3195,1,1,6283d61a-c230-4cf4-a1da-5feb7c3667d4,Keep
00007108,25439-A,3195,1,1,6283d61a-c230-4cf4-a1da-5feb7c3667d4,Keep
00007109,25439-B,3195,1,1,6283d61a-c230-4cf4-a1da-5feb7c3667d4,Keep
00007110,25439-B,3195,1,1,6283d61a-c230-4cf4-a1da-5feb7c3667d4,Keep
00007111,6913-A,6595,1,1,6283d61a-c230-4cf4-a1da-5feb7c3667d4,Keep
00007112,6913-A,6595,1,1,6283d61a-c230-4cf4-a1da-5feb7c3667d4,Keep
00007113,6913-A,6595,1,1,6283d61a-c230-4cf4-a1da-5feb7c3667d4,Keep
00007114,6913-A,6595,1,1,6283d61a-c230-4cf4-a1da-5feb7c3667d4,Keep
00007115,6913-B,6595,1,1,6283d61a-c230-4cf4-a1da-5feb7c3667d4,Keep
00007116,6913-B,6595,1,1,6283d61a-c230-4cf4-a1da-5feb7c3667d4,Keep
00007117,8984,5995,1,1,6283d61a-c230-4cf4-a1da-5feb7c3667d4,Keep
00007118,K-1025-A,2695,1,1,6283d61a-c230-4cf4-a1da-5feb7c3667d4,Keep
00007119,K-1025-A,2695,2,2,6283d61a-c230-4cf4-a1da-5feb7c3667d4,Keep
00007120,K-1025-A,2695,2,2,6283d61a-c230-4cf4-a1da-5feb7c3667d4,Keep
00007121,K-1025-A,2695,2,2,6283d61a-c230-4cf4-a1da-5feb7c3667d4,Keep
00007122,K-1025-B,2695,1,1,6283d61a-c230-4cf4-a1da-5feb7c3667d4,Keep
00007123,K-1025-B,2695,1,0,6283d61a-c230-4cf4-a1da-5feb7c3667d4,Keep
00007124,DP-1520,51995,1,1,0f57bbc0-54d1-44ae-900e-c52bbc9cd2b7,Keep
00007125,C-1038,39995,1,1,40466ff7-75f4-46bc-98f3-72f836356f46,Keep
00007126,1478,59795,1,1,e27909bf-18a5-4670-80af-7fa6f345e3b7,Keep
00007127,1524,57795,1,1,e27909bf-18a5-4670-80af-7fa6f345e3b7,Keep
00007128,DC-25058,41995,1,0,1a641ae8-1acc-4e50-891f-478e919cd4c2,Keep
00007129,S1SS25,139995,1,1,458a6f62-71c1-45a2-980d-e5311721567f,Keep
00007130,SS-448,131195,1,1,ac99a19a-f8fb-4024-8c25-8857c50e457a,Keep
00007131,1473,55995,1,1,6d8a5e27-e1d5-4347-8dde-6db8547ea2b1,Keep
00007132,2569,359995,1,1,d331a3c6-2bed-46b4-825f-3a396cb1ed92,Keep
00007133,2383,96995,1,1,7c705870-fa11-4eee-a4aa-9950c2cd2e9e,Keep
00007134,2745,35895,1,1,7c705870-fa11-4eee-a4aa-9950c2cd2e9e,Keep
00007135,2305,29895,1,1,7c705870-fa11-4eee-a4aa-9950c2cd2e9e,Keep
00007136,2392,24995,1,1,7c705870-fa11-4eee-a4aa-9950c2cd2e9e,Keep
00007137,1,8348,1,0,096d6cbe-0fb0-466a-9598-73c99b2e5fae,Keep
00007138,AK-W09,35595,1,0,1b8db208-78f7-45ba-a17b-bfcfc7bf9f4d,Keep
00007139,AK-W10,30595,1,0,1b8db208-78f7-45ba-a17b-bfcfc7bf9f4d,Keep
00007140,AK-W11,50895,1,0,1b8db208-78f7-45ba-a17b-bfcfc7bf9f4d,Keep
00007141,AK-W12,27195,1,0,1b8db208-78f7-45ba-a17b-bfcfc7bf9f4d,Keep
00007142,AK-W13,33895,1,0,1b8db208-78f7-45ba-a17b-bfcfc7bf9f4d,Keep
00007143,AK-W14,42395,1,0,1b8db208-78f7-45ba-a17b-bfcfc7bf9f4d,Keep
00007144,AK-W15,37295,1,0,1b8db208-78f7-45ba-a17b-bfcfc7bf9f4d,Keep
00007145,AK-W16,54295,1,0,1b8db208-78f7-45ba-a17b-bfcfc7bf9f4d,Keep
00007146,AK-W17,45795,1,0,1b8db208-78f7-45ba-a17b-bfcfc7bf9f4d,Keep
00007147,AK-W18,25495,1,0,1b8db208-78f7-45ba-a17b-bfcfc7bf9f4d,Keep
00007148,AK-W19,42395,1,0,1b8db208-78f7-45ba-a17b-bfcfc7bf9f4d,Keep
00007149,VA-117,9295,1,0,836fca38-b082-4000-8bc7-35c8bf81d25a,Keep
00007150,VA-117,9295,1,0,836fca38-b082-4000-8bc7-35c8bf81d25a,Keep
00007151,VA-122,5295,1,0,836fca38-b082-4000-8bc7-35c8bf81d25a,Keep
00007152,VA-122,5295,1,0,836fca38-b082-4000-8bc7-35c8bf81d25a,Keep
00007153,HBP-01,7795,1,1,6c3a0ec9-c881-47b3-ada8-21ed913f1405,Keep
00007154,DBP-02,9895,1,1,6c3a0ec9-c881-47b3-ada8-21ed913f1405,Keep
00007155,DBP-03,9895,1,0,6c3a0ec9-c881-47b3-ada8-21ed913f1405,Keep
00007156,DBP-04,9895,1,0,6c3a0ec9-c881-47b3-ada8-21ed913f1405,Keep
00007157,DBP-05,9895,1,1,6c3a0ec9-c881-47b3-ada8-21ed913f1405,Keep
00007158,DBP-06,9895,1,1,6c3a0ec9-c881-47b3-ada8-21ed913f1405,Keep
00007159,01,12995,3,0,4f1be133-6cc2-439b-ae2e-54664db3e29d,Keep
00007160,02,32995,1,0,4f1be133-6cc2-439b-ae2e-54664db3e29d,Keep
00007161,4231,3795,1,1,acec8030-7fe1-472f-a397-7f44c2f50811,Keep
00007162,4231,3795,1,0,acec8030-7fe1-472f-a397-7f44c2f50811,Keep
00007163,4231,3795,1,0,acec8030-7fe1-472f-a397-7f44c2f50811,Keep
00007164,4231,3795,1,1,acec8030-7fe1-472f-a397-7f44c2f50811,Keep
00007165,4233,3995,1,0,acec8030-7fe1-472f-a397-7f44c2f50811,Keep
00007166,4233,3995,1,0,acec8030-7fe1-472f-a397-7f44c2f50811,Keep
00007167,4233,3995,1,0,acec8030-7fe1-472f-a397-7f44c2f50811,Keep
00007168,4233,3995,1,1,acec8030-7fe1-472f-a397-7f44c2f50811,Keep
00007169,CCRS/25/106-B,4695,1,1,7b0016f8-9d86-4f30-b37d-9464b33c7556,Keep
00007170,CCRS/25/106-S,46295,1,1,7b0016f8-9d86-4f30-b37d-9464b33c7556,Keep
00007171,3211-ST-1,12795,1,0,0862358d-25f4-4f66-b3ab-366299477326,Keep
00007172,3211-ST-1/2,12795,1,1,0862358d-25f4-4f66-b3ab-366299477326,Keep
00007173,5946-P-1,15995,1,1,0862358d-25f4-4f66-b3ab-366299477326,Keep
00007174,5946-G-2/1,15995,1,1,0862358d-25f4-4f66-b3ab-366299477326,Keep
00007175,3-3163,14995,1,0,0862358d-25f4-4f66-b3ab-366299477326,Keep
00007176,4-6250,25195,1,0,0862358d-25f4-4f66-b3ab-366299477326,Keep
00007177,5/1-5773,25595,1,1,0862358d-25f4-4f66-b3ab-366299477326,Keep
00007178,5/2-5773,25595,1,1,0862358d-25f4-4f66-b3ab-366299477326,Keep
00007179,6-8533,7195,1,0,0862358d-25f4-4f66-b3ab-366299477326,Keep
00007180,7-3149,14195,1,0,0862358d-25f4-4f66-b3ab-366299477326,Keep
00007181,8/1-11753,8095,1,0,0862358d-25f4-4f66-b3ab-366299477326,Keep
00007182,8/2-11753,8095,1,1,0862358d-25f4-4f66-b3ab-366299477326,Keep
00007183,8/3-11753,8095,1,0,0862358d-25f4-4f66-b3ab-366299477326,Keep
00007184,9/1-5675,15995,1,1,0862358d-25f4-4f66-b3ab-366299477326,Keep
00007185,9/2-5675,15995,1,1,0862358d-25f4-4f66-b3ab-366299477326,Keep
00007186,10-3152,13195,1,0,0862358d-25f4-4f66-b3ab-366299477326,Keep
00007187,214,10095,1,0,d9ec026e-08a8-478a-b913-b1db606d183a,Keep
00007188,214,10095,1,1,d9ec026e-08a8-478a-b913-b1db606d183a,Keep
00007189,214,10095,1,1,d9ec026e-08a8-478a-b913-b1db606d183a,Keep
00007190,214,10095,1,1,d9ec026e-08a8-478a-b913-b1db606d183a,Keep
00007191,214,10095,1,1,d9ec026e-08a8-478a-b913-b1db606d183a,Keep
00007192,214,10095,1,1,d9ec026e-08a8-478a-b913-b1db606d183a,Keep
00007193,SFD-GD-345,50995,1,1,9102eeef-f727-4f2e-b761-d7f321a5a545,Keep
00007194,SFD-GR-345,50995,1,1,9102eeef-f727-4f2e-b761-d7f321a5a545,Keep
00007195,SFD-W-365,52995,1,1,9102eeef-f727-4f2e-b761-d7f321a5a545,Keep
00007196,SFD-P-365,52995,1,1,9102eeef-f727-4f2e-b761-d7f321a5a545,Keep
00007197,E-05,7895,1,1,3e860ba4-6370-4fd3-9ee0-db842e233186,Keep
00007198,E-05,7895,1,1,3e860ba4-6370-4fd3-9ee0-db842e233186,Keep
00007199,E-05,7895,1,0,3e860ba4-6370-4fd3-9ee0-db842e233186,Keep
00007200,E-05,7895,1,0,3e860ba4-6370-4fd3-9ee0-db842e233186,Keep
00007201,E-05,7895,1,1,3e860ba4-6370-4fd3-9ee0-db842e233186,Keep
00007202,E-02,6995,1,1,3e860ba4-6370-4fd3-9ee0-db842e233186,Keep
00007203,E-02,6995,1,0,3e860ba4-6370-4fd3-9ee0-db842e233186,Keep
00007204,E-02,6995,1,1,3e860ba4-6370-4fd3-9ee0-db842e233186,Keep
00007205,E-02,6995,1,1,3e860ba4-6370-4fd3-9ee0-db842e233186,Keep
00007206,E-02,6995,1,1,3e860ba4-6370-4fd3-9ee0-db842e233186,Keep
00007207,KP-428,9195,1,0,864cf09f-75ed-4496-8691-038bf36c22f1,Keep
00007208,KP-428,9195,1,1,864cf09f-75ed-4496-8691-038bf36c22f1,Keep
00007209,KP-428,9195,1,0,864cf09f-75ed-4496-8691-038bf36c22f1,Keep
00007210,KP-402,4395,1,0,864cf09f-75ed-4496-8691-038bf36c22f1,Keep
00007211,KP-402,4395,1,1,864cf09f-75ed-4496-8691-038bf36c22f1,Keep
00007212,KP-402,4395,1,1,864cf09f-75ed-4496-8691-038bf36c22f1,Keep
00007213,KP-419,6895,1,0,864cf09f-75ed-4496-8691-038bf36c22f1,Keep
00007214,KP-419,6895,1,1,864cf09f-75ed-4496-8691-038bf36c22f1,Keep
00007215,KP-419,6895,1,1,864cf09f-75ed-4496-8691-038bf36c22f1,Keep
00007216,MIS-Y,4595,10,0,72363113-8c33-4ef6-a7dd-462d79c4c101,Keep
00007217,MIS-B,4595,10,0,72363113-8c33-4ef6-a7dd-462d79c4c101,Keep
00007218,1-RANI,4995,1,1,80c3e04e-ff86-4d01-843b-8268c7de0880,Keep
00007219,02-RED,4995,1,1,80c3e04e-ff86-4d01-843b-8268c7de0880,Keep
00007220,03-YELLOW,4995,1,1,80c3e04e-ff86-4d01-843b-8268c7de0880,Keep
00007221,04-BLUE,4995,1,1,80c3e04e-ff86-4d01-843b-8268c7de0880,Keep
00007222,05-GREEN,4995,1,1,80c3e04e-ff86-4d01-843b-8268c7de0880,Keep
00007223,06-PINK,4995,1,1,80c3e04e-ff86-4d01-843b-8268c7de0880,Keep
00007224,FC-007-BLUE,5795,1,1,2c8d483e-0a9f-4bd0-915d-d0db19998e3d,Keep
00007225,FC-007 CREAM,5795,1,1,2c8d483e-0a9f-4bd0-915d-d0db19998e3d,Keep
00007226,FC-007-BROWN,5795,1,1,2c8d483e-0a9f-4bd0-915d-d0db19998e3d,Keep
00007227,FC-007-PEACH,5795,1,1,2c8d483e-0a9f-4bd0-915d-d0db19998e3d,Keep
00007228,MIS-P,4595,9,5,3e523ba0-0358-44e0-9a66-9138db3b3227,Keep
00007229,MIS-B,4595,8,7,3e523ba0-0358-44e0-9a66-9138db3b3227,Keep
00007230,MSD-4840,7195,1,1,c8a29d0c-a4dd-452f-843b-ac9612875d7c,Keep
00007231,MS-4492-2/1,26895,1,1,c8a29d0c-a4dd-452f-843b-ac9612875d7c,Keep
00007232,MS-4492-2/2,26895,1,1,c8a29d0c-a4dd-452f-843b-ac9612875d7c,Keep
00007233,MS-4492-2/3,26895,1,1,c8a29d0c-a4dd-452f-843b-ac9612875d7c,Keep
00007234,MS-4492-2/4,26895,1,0,c8a29d0c-a4dd-452f-843b-ac9612875d7c,Keep
00007235,MSD-4805-3/1,6795,1,1,c8a29d0c-a4dd-452f-843b-ac9612875d7c,Keep
00007236,MSD-4805-3/2,6795,1,1,c8a29d0c-a4dd-452f-843b-ac9612875d7c,Keep
00007237,MSD-4805-3/3,6795,1,1,c8a29d0c-a4dd-452f-843b-ac9612875d7c,Keep
00007238,MSD-4805-3/4,6795,1,1,c8a29d0c-a4dd-452f-843b-ac9612875d7c,Keep
00007239,MSD-4805-3/5,6795,1,0,c8a29d0c-a4dd-452f-843b-ac9612875d7c,Keep
00007240,1121-BLUE,12395,1,1,d58fbafe-2125-4a61-a7fd-99641c735f6a,Keep
00007241,1121-BLUE,12395,1,0,d58fbafe-2125-4a61-a7fd-99641c735f6a,Keep
00007242,1121-BLUE,12395,1,0,d58fbafe-2125-4a61-a7fd-99641c735f6a,Keep
00007243,1121-BLUE-02,12395,1,0,d58fbafe-2125-4a61-a7fd-99641c735f6a,Keep
00007244,1121-GREY,12395,1,1,d58fbafe-2125-4a61-a7fd-99641c735f6a,Keep
00007245,1121-GREY,12395,1,1,d58fbafe-2125-4a61-a7fd-99641c735f6a,Keep
00007246,1121-GREY,12395,1,1,d58fbafe-2125-4a61-a7fd-99641c735f6a,Keep
00007247,1121-GREY-02,12395,1,1,d58fbafe-2125-4a61-a7fd-99641c735f6a,Keep
00007248,1130-GOLD,11295,1,1,d58fbafe-2125-4a61-a7fd-99641c735f6a,Keep
00007249,1130-GOLD,11295,1,1,d58fbafe-2125-4a61-a7fd-99641c735f6a,Keep
00007250,1130-GOLD,11295,1,0,d58fbafe-2125-4a61-a7fd-99641c735f6a,Keep
00007251,1130-GOLD-02,11295,1,1,d58fbafe-2125-4a61-a7fd-99641c735f6a,Keep
00007252,1130-BLUE,11295,1,1,d58fbafe-2125-4a61-a7fd-99641c735f6a,Keep
00007253,1130-BLUE,11295,1,1,d58fbafe-2125-4a61-a7fd-99641c735f6a,Keep
00007254,1130-BLUE,11295,1,0,d58fbafe-2125-4a61-a7fd-99641c735f6a,Keep
00007255,1130-BLUE-02,11295,1,1,d58fbafe-2125-4a61-a7fd-99641c735f6a,Keep
00007256,SFD-616,8195,1,1,09501ead-e14d-4322-ad4a-8ca25a8ae489,Keep
00007257,SFD-616,8195,1,1,09501ead-e14d-4322-ad4a-8ca25a8ae489,Keep
00007258,SFD-616,8195,1,1,09501ead-e14d-4322-ad4a-8ca25a8ae489,Keep
00007259,SFD-616,8195,1,1,09501ead-e14d-4322-ad4a-8ca25a8ae489,Keep
00007260,SFD-616,8195,1,1,09501ead-e14d-4322-ad4a-8ca25a8ae489,Keep
00007261,SFD-616-02,8195,1,1,09501ead-e14d-4322-ad4a-8ca25a8ae489,Keep
00007262,SFD-616-02,8195,1,1,09501ead-e14d-4322-ad4a-8ca25a8ae489,Keep
00007263,SAK-3876,7095,1,1,09501ead-e14d-4322-ad4a-8ca25a8ae489,Keep
00007264,SAK-3876,7095,1,1,09501ead-e14d-4322-ad4a-8ca25a8ae489,Keep
00007265,SAK-3876,7095,1,1,09501ead-e14d-4322-ad4a-8ca25a8ae489,Keep
00007266,SAK-3876,7095,1,1,09501ead-e14d-4322-ad4a-8ca25a8ae489,Keep
00007267,SAK-3876-02,7095,1,1,09501ead-e14d-4322-ad4a-8ca25a8ae489,Keep
00007268,SAK-3876-02,7095,1,1,09501ead-e14d-4322-ad4a-8ca25a8ae489,Keep
00007269,661-BROWN,11995,2,2,369ede68-9b10-4513-9009-8d6282366c82,Keep
00007270,661-BROWN,11995,1,1,369ede68-9b10-4513-9009-8d6282366c82,Keep
00007271,661-PEACH,11995,2,2,369ede68-9b10-4513-9009-8d6282366c82,Keep
00007272,661-PEACH,11995,1,1,369ede68-9b10-4513-9009-8d6282366c82,Keep
00007273,813-MAROON,7395,0,0,371e0236-3779-4eea-aad6-75f0ca9526a5,Keep
00007274,813-MAROON,7395,0,0,371e0236-3779-4eea-aad6-75f0ca9526a5,Keep
00007275,813-MAROON,7395,0,0,371e0236-3779-4eea-aad6-75f0ca9526a5,Keep
00007276,813-ORANGE,7395,0,0,371e0236-3779-4eea-aad6-75f0ca9526a5,Keep
00007277,813-ORANGE,7395,0,0,371e0236-3779-4eea-aad6-75f0ca9526a5,Keep
00007278,813-ORANGE,7395,0,0,371e0236-3779-4eea-aad6-75f0ca9526a5,Keep
00007279,823-GREEN,5195,0,0,371e0236-3779-4eea-aad6-75f0ca9526a5,Keep
00007280,823-GREEN,5195,0,0,371e0236-3779-4eea-aad6-75f0ca9526a5,Keep
00007281,823-GREEN,5195,0,0,371e0236-3779-4eea-aad6-75f0ca9526a5,Keep
00007282,836-GREEN,5295,0,0,371e0236-3779-4eea-aad6-75f0ca9526a5,Keep
00007283,813-PURPLE,7395,0,0,371e0236-3779-4eea-aad6-75f0ca9526a5,Keep
00007284,813-PURPLE,7395,0,0,371e0236-3779-4eea-aad6-75f0ca9526a5,Keep
00007285,813-PURPLE,7395,0,0,371e0236-3779-4eea-aad6-75f0ca9526a5,Keep
00007286,813-PURPLE-02,8095,0,0,371e0236-3779-4eea-aad6-75f0ca9526a5,Keep
00007287,816-PURPLE,9195,0,0,371e0236-3779-4eea-aad6-75f0ca9526a5,Keep
00007288,816-PURPLE,9195,0,0,371e0236-3779-4eea-aad6-75f0ca9526a5,Keep
00007289,OR-315,17995,2,2,db3a0184-3ae9-4acc-a28e-1e8dcb906e7c,Keep
00007290,OR-315,17995,1,1,db3a0184-3ae9-4acc-a28e-1e8dcb906e7c,Keep
00007291,65,14995,1,0,32a61c8b-afcd-46e8-80a9-fd3c56cabfe3,Keep
00007292,65-B,14995,1,0,32a61c8b-afcd-46e8-80a9-fd3c56cabfe3,Keep
00007293,90,20995,2,1,32a61c8b-afcd-46e8-80a9-fd3c56cabfe3,Keep
00007294,110,24995,1,0,32a61c8b-afcd-46e8-80a9-fd3c56cabfe3,Keep
00007295,90-PURPLE,20995,1,0,32a61c8b-afcd-46e8-80a9-fd3c56cabfe3,Keep
00007296,90-PINK,20995,1,1,32a61c8b-afcd-46e8-80a9-fd3c56cabfe3,Keep
00007297,40,9595,1,0,32a61c8b-afcd-46e8-80a9-fd3c56cabfe3,Keep
00007298,40-B,9595,1,0,32a61c8b-afcd-46e8-80a9-fd3c56cabfe3,Keep
00007299,85,18995,1,1,32a61c8b-afcd-46e8-80a9-fd3c56cabfe3,Keep
00007300,85-B,18995,1,0,32a61c8b-afcd-46e8-80a9-fd3c56cabfe3,Keep
00007301,35,8395,1,0,32a61c8b-afcd-46e8-80a9-fd3c56cabfe3,Keep
00007302,35-B,8395,1,0,32a61c8b-afcd-46e8-80a9-fd3c56cabfe3,Keep
00007303,90-BROWN,20995,1,1,32a61c8b-afcd-46e8-80a9-fd3c56cabfe3,Keep
00007304,90-BROWN,20995,2,1,32a61c8b-afcd-46e8-80a9-fd3c56cabfe3,Keep
00007305,85-BROWN,18995,1,1,32a61c8b-afcd-46e8-80a9-fd3c56cabfe3,Keep
00007306,35-BLUE,8395,1,1,32a61c8b-afcd-46e8-80a9-fd3c56cabfe3,Keep
00007307,35-BLUE,8395,1,0,32a61c8b-afcd-46e8-80a9-fd3c56cabfe3,Keep
00007308,35-GREEN,8395,1,1,32a61c8b-afcd-46e8-80a9-fd3c56cabfe3,Keep
00007309,50,11995,1,1,32a61c8b-afcd-46e8-80a9-fd3c56cabfe3,Keep
00007310,25,6395,1,0,32a61c8b-afcd-46e8-80a9-fd3c56cabfe3,Keep
00007311,25-B,6395,1,1,32a61c8b-afcd-46e8-80a9-fd3c56cabfe3,Keep
00007312,30,7595,1,0,32a61c8b-afcd-46e8-80a9-fd3c56cabfe3,Keep
00007313,30,7595,1,1,32a61c8b-afcd-46e8-80a9-fd3c56cabfe3,Keep
00007314,30-GREEN,7595,1,0,32a61c8b-afcd-46e8-80a9-fd3c56cabfe3,Keep
00007315,75,16995,1,1,32a61c8b-afcd-46e8-80a9-fd3c56cabfe3,Keep
00007316,75-B,16995,1,0,32a61c8b-afcd-46e8-80a9-fd3c56cabfe3,Keep
00007317,28-1,6995,1,1,32a61c8b-afcd-46e8-80a9-fd3c56cabfe3,Keep
00007318,28-2,6995,1,1,32a61c8b-afcd-46e8-80a9-fd3c56cabfe3,Keep
00007319,28-3,6995,1,1,32a61c8b-afcd-46e8-80a9-fd3c56cabfe3,Keep
00007320,28-4,6995,1,1,32a61c8b-afcd-46e8-80a9-fd3c56cabfe3,Keep
00007321,S-3455,12195,2,2,c1261d07-d89e-4d19-bbab-6226b74a7595,Keep
00007322,S-3455-B,12195,1,1,c1261d07-d89e-4d19-bbab-6226b74a7595,Keep
00007323,S-3472,10195,2,2,c1261d07-d89e-4d19-bbab-6226b74a7595,Keep
00007324,S-3472-B,10195,1,1,c1261d07-d89e-4d19-bbab-6226b74a7595,Keep
00007325,S-3500,10595,2,2,c1261d07-d89e-4d19-bbab-6226b74a7595,Keep
00007326,S-3500-B,10595,1,1,c1261d07-d89e-4d19-bbab-6226b74a7595,Keep
00007327,V-1115-RANI,9195,2,2,c1261d07-d89e-4d19-bbab-6226b74a7595,Keep
00007328,V-1115-RANI-B,9195,1,1,c1261d07-d89e-4d19-bbab-6226b74a7595,Keep
00007329,V-1115-YELLOW,9195,2,2,c1261d07-d89e-4d19-bbab-6226b74a7595,Keep
00007330,V-1115-YELLOW-B,9195,1,1,c1261d07-d89e-4d19-bbab-6226b74a7595,Keep
00007331,200-A,7395,1,1,2ad66eed-cda7-4a86-bfd2-9c609d53ccc2,Keep
00007332,200-B,7395,1,1,2ad66eed-cda7-4a86-bfd2-9c609d53ccc2,Keep
00007333,200-G,7395,1,0,2ad66eed-cda7-4a86-bfd2-9c609d53ccc2,Keep
00007334,200-G,7395,1,0,2ad66eed-cda7-4a86-bfd2-9c609d53ccc2,Keep
00007335,133-GREEN,8395,1,0,2ad66eed-cda7-4a86-bfd2-9c609d53ccc2,Keep
00007336,133-GREEN,8395,1,0,2ad66eed-cda7-4a86-bfd2-9c609d53ccc2,Keep
00007337,133-PINK,8395,1,0,2ad66eed-cda7-4a86-bfd2-9c609d53ccc2,Keep
00007338,133-PINK,8395,1,0,2ad66eed-cda7-4a86-bfd2-9c609d53ccc2,Keep
00007339,XN-864,5995,1,1,bd8002f9-9fe4-45db-9dde-938e051b97b5,Keep
00007340,ET M-9-A,5995,1,1,bd8002f9-9fe4-45db-9dde-938e051b97b5,Keep
00007341,ET M-9-B,5995,1,1,bd8002f9-9fe4-45db-9dde-938e051b97b5,Keep
00007342,ET M-9-C,5995,1,1,bd8002f9-9fe4-45db-9dde-938e051b97b5,Keep
00007343,ET M-1-Y,7395,1,1,bd8002f9-9fe4-45db-9dde-938e051b97b5,Keep
00007344,ET M-1-P,7395,1,0,bd8002f9-9fe4-45db-9dde-938e051b97b5,Keep
00007345,2071,29395,1,1,fb4bfa10-18d6-4d37-ad46-a90ca2135ae8,Keep
00007346,2071-C,29395,1,1,fb4bfa10-18d6-4d37-ad46-a90ca2135ae8,Keep
00007347,1950-P,13195,1,0,fb4bfa10-18d6-4d37-ad46-a90ca2135ae8,Keep
00007348,1950-G,13195,1,1,fb4bfa10-18d6-4d37-ad46-a90ca2135ae8,Keep
00007349,1950-B,13195,1,1,fb4bfa10-18d6-4d37-ad46-a90ca2135ae8,Keep
00007350,1950-B,13195,1,1,fb4bfa10-18d6-4d37-ad46-a90ca2135ae8,Keep
00007351,OR-306,24195,1,0,fb4bfa10-18d6-4d37-ad46-a90ca2135ae8,Keep
00007352,1140-BR-A,11695,1,1,aed6b5b2-aa23-471f-ad23-319ee0728219,Keep
00007353,1140-BR-A,11695,1,1,aed6b5b2-aa23-471f-ad23-319ee0728219,Keep
00007354,1140-BR-A,11695,1,0,aed6b5b2-aa23-471f-ad23-319ee0728219,Keep
00007355,1140-BR-B,11695,1,1,aed6b5b2-aa23-471f-ad23-319ee0728219,Keep
00007356,1140-GD-A,11695,1,1,aed6b5b2-aa23-471f-ad23-319ee0728219,Keep
00007357,1140-GD-A,11695,1,1,aed6b5b2-aa23-471f-ad23-319ee0728219,Keep
00007358,1140-GD-A,11695,1,1,aed6b5b2-aa23-471f-ad23-319ee0728219,Keep
00007359,1140-GD-B,11695,1,1,aed6b5b2-aa23-471f-ad23-319ee0728219,Keep
00007360,1140-BL-A,11695,1,1,aed6b5b2-aa23-471f-ad23-319ee0728219,Keep
00007361,1140-BL-A,11695,1,1,aed6b5b2-aa23-471f-ad23-319ee0728219,Keep
00007362,1140-BL-A,11695,1,0,aed6b5b2-aa23-471f-ad23-319ee0728219,Keep
00007363,1140-BL-B,11695,1,0,aed6b5b2-aa23-471f-ad23-319ee0728219,Keep
00007364,G-2901,5595,1,1,87c5733e-64ae-4ca0-b09e-b897666642ec,Keep
00007365,G-2901,5595,1,1,87c5733e-64ae-4ca0-b09e-b897666642ec,Keep
00007366,G-2913D,4995,1,0,87c5733e-64ae-4ca0-b09e-b897666642ec,Keep
00007367,G-2913D,4995,1,0,87c5733e-64ae-4ca0-b09e-b897666642ec,Keep
00007368,G-2913D,4995,1,0,87c5733e-64ae-4ca0-b09e-b897666642ec,Keep
00007369,G-2913D,4995,1,0,87c5733e-64ae-4ca0-b09e-b897666642ec,Keep
00007370,G-3058D,6995,1,0,87c5733e-64ae-4ca0-b09e-b897666642ec,Keep
00007371,G-3058D,6995,1,1,87c5733e-64ae-4ca0-b09e-b897666642ec,Keep
00007372,G-3058D,6995,1,1,87c5733e-64ae-4ca0-b09e-b897666642ec,Keep
00007373,G-3058D,6995,1,0,87c5733e-64ae-4ca0-b09e-b897666642ec,Keep
00007374,G-2920D,4995,1,1,87c5733e-64ae-4ca0-b09e-b897666642ec,Keep
00007375,G-2920D,4995,1,1,87c5733e-64ae-4ca0-b09e-b897666642ec,Keep
00007376,G-2920D,4995,1,1,87c5733e-64ae-4ca0-b09e-b897666642ec,Keep
00007377,G-2920D,4995,1,1,87c5733e-64ae-4ca0-b09e-b897666642ec,Keep
00007378,G-125D,5395,1,0,87c5733e-64ae-4ca0-b09e-b897666642ec,Keep
00007379,G-125D,5395,1,0,87c5733e-64ae-4ca0-b09e-b897666642ec,Keep
00007380,G-125D,5395,1,0,87c5733e-64ae-4ca0-b09e-b897666642ec,Keep
00007381,G-125D,5395,1,0,87c5733e-64ae-4ca0-b09e-b897666642ec,Keep
00007382,G-2884DR,4895,1,1,87c5733e-64ae-4ca0-b09e-b897666642ec,Keep
00007383,G-2884DR,4895,1,1,87c5733e-64ae-4ca0-b09e-b897666642ec,Keep
00007384,G-2894DR,4395,1,1,87c5733e-64ae-4ca0-b09e-b897666642ec,Keep
00007385,G-2894DR,4395,1,0,87c5733e-64ae-4ca0-b09e-b897666642ec,Keep
00007386,G-2896DR,4395,1,1,87c5733e-64ae-4ca0-b09e-b897666642ec,Keep
00007387,G-2896DR,4395,1,1,87c5733e-64ae-4ca0-b09e-b897666642ec,Keep
00007388,0382,22195,1,1,6727b076-89ad-4a28-8deb-429e3a5c599a,Keep
00007389,0395,16995,1,1,7f10d6ba-e118-482d-888e-2ac0d0a152b3,Keep
00007390,0396,15995,1,0,7f10d6ba-e118-482d-888e-2ac0d0a152b3,Keep
00007391,8494,25795,1,1,7f10d6ba-e118-482d-888e-2ac0d0a152b3,Keep
00007392,8495,22195,1,1,7f10d6ba-e118-482d-888e-2ac0d0a152b3,Keep
00007393,8472,39795,1,0,7f10d6ba-e118-482d-888e-2ac0d0a152b3,Keep
00007394,8373,29995,1,1,7f10d6ba-e118-482d-888e-2ac0d0a152b3,Keep
00007395,01,4995,1,1,b6486597-ef27-4cd4-ad45-82077453ef23,Keep
00007396,1-2554,29995,1,1,38c6ab20-6d12-484e-b206-45fa2cbc20d8,Keep
00007397,2-2595,19995,1,1,38c6ab20-6d12-484e-b206-45fa2cbc20d8,Keep
00007398,3-2513,27995,1,1,38c6ab20-6d12-484e-b206-45fa2cbc20d8,Keep
00007399,4-2513,27995,1,0,38c6ab20-6d12-484e-b206-45fa2cbc20d8,Keep
00007400,5-2543,31995,1,1,38c6ab20-6d12-484e-b206-45fa2cbc20d8,Keep
00007401,6-2543,31995,1,0,38c6ab20-6d12-484e-b206-45fa2cbc20d8,Keep
00007402,7-2352,35995,1,1,38c6ab20-6d12-484e-b206-45fa2cbc20d8,Keep
00007403,8-2557,27995,1,0,38c6ab20-6d12-484e-b206-45fa2cbc20d8,Keep
00007404,9-2504,25995,1,1,38c6ab20-6d12-484e-b206-45fa2cbc20d8,Keep
00007405,10-2533,21995,1,1,38c6ab20-6d12-484e-b206-45fa2cbc20d8,Keep
00007406,11-2587,27995,1,1,38c6ab20-6d12-484e-b206-45fa2cbc20d8,Keep
00007407,12-2751,21995,1,0,38c6ab20-6d12-484e-b206-45fa2cbc20d8,Keep
00007408,13-2520,25995,1,1,38c6ab20-6d12-484e-b206-45fa2cbc20d8,Keep
00007409,14-2504,25995,1,0,38c6ab20-6d12-484e-b206-45fa2cbc20d8,Keep
00007410,15-2567,43995,1,1,38c6ab20-6d12-484e-b206-45fa2cbc20d8,Keep
00007411,16-2515,25995,1,1,38c6ab20-6d12-484e-b206-45fa2cbc20d8,Keep
00007412,8365,21995,1,1,a1efa898-23ec-4e60-88e2-241eeba4291f,Keep
00007413,8350,22995,1,1,a1efa898-23ec-4e60-88e2-241eeba4291f,Keep
00007414,8485,35995,1,0,a1efa898-23ec-4e60-88e2-241eeba4291f,Keep
00007415,1849,78995,1,1,e3985278-4a8c-4085-839e-5e992dec4830,Keep
00007416,2882,90995,1,1,e3985278-4a8c-4085-839e-5e992dec4830,Keep
00007417,1506,53995,1,1,c885455e-1635-468e-b7b7-063856970014,Keep
00007418,V-2108,31995,1,1,832b9ca4-a6a9-4295-9db5-f4ea214a7132,Keep
00007419,V-2005,25995,1,1,832b9ca4-a6a9-4295-9db5-f4ea214a7132,Keep
00007420,P-2989,15195,1,1,ec195d1e-bae4-411b-a14f-90b175842f76,Keep
00007421,P-2989,15195,1,0,ec195d1e-bae4-411b-a14f-90b175842f76,Keep
00007422,V-1937WS,21695,1,1,b640f821-c396-429b-a674-b3f51ec90b70,Keep
00007423,V-1948NL,45695,1,0,b640f821-c396-429b-a674-b3f51ec90b70,Keep
00007424,IW-1280,22795,1,1,6cd8352f-67b1-4a84-980a-e161f35273d0,Keep
00007425,SGH-2859R,53195,0,0,6cd8352f-67b1-4a84-980a-e161f35273d0,Keep
00007426,SGH-2931,37995,1,0,6cd8352f-67b1-4a84-980a-e161f35273d0,Keep
00007427,SGH-2895R,53195,1,1,6cd8352f-67b1-4a84-980a-e161f35273d0,Keep
00007428,09/VF-521A-B,10995,1,1,566cf7b3-7f9c-475d-91db-18919402bc3e,Keep
00007429,09/VF-521A-G,10995,1,0,566cf7b3-7f9c-475d-91db-18919402bc3e,Keep
00007430,09/VF-521A-P,10995,1,1,566cf7b3-7f9c-475d-91db-18919402bc3e,Keep
00007431,09/VF-521A-C,10995,1,1,566cf7b3-7f9c-475d-91db-18919402bc3e,Keep
00007432,09/VF-521A-Y,10995,1,1,566cf7b3-7f9c-475d-91db-18919402bc3e,Keep
00007433,091/VF-522-P,8795,1,1,566cf7b3-7f9c-475d-91db-18919402bc3e,Keep
00007434,091/VF-522-C,8795,1,0,566cf7b3-7f9c-475d-91db-18919402bc3e,Keep
00007435,091/VF-522-B,8795,1,1,566cf7b3-7f9c-475d-91db-18919402bc3e,Keep
00007436,298/SF-11-G,3595,1,1,566cf7b3-7f9c-475d-91db-18919402bc3e,Keep
00007437,298/SF-11-P,3595,1,1,566cf7b3-7f9c-475d-91db-18919402bc3e,Keep
00007438,298/SF-11-B,3595,2,2,566cf7b3-7f9c-475d-91db-18919402bc3e,Keep
00007439,T/584/KKP-933,3395,0,0,566cf7b3-7f9c-475d-91db-18919402bc3e,Keep
00007440,T/584/KKP-933-B,3395,1,1,566cf7b3-7f9c-475d-91db-18919402bc3e,Keep
00007441,T/584/KKP-933-G,3395,3,3,566cf7b3-7f9c-475d-91db-18919402bc3e,Keep
00007442,T/455/BSD-08,3595,4,2,566cf7b3-7f9c-475d-91db-18919402bc3e,Keep
00007443,T/455/BSD-10,3595,3,2,566cf7b3-7f9c-475d-91db-18919402bc3e,Keep
00007444,T/560/OF-86,3395,1,1,566cf7b3-7f9c-475d-91db-18919402bc3e,Keep
00007445,01-BLUE,3795,2,2,decb02a5-e5c1-40d4-a02f-47ae5baf393c,Keep
00007446,02-PEACH,3795,2,2,decb02a5-e5c1-40d4-a02f-47ae5baf393c,Keep
00007447,03-PINK,3795,2,2,decb02a5-e5c1-40d4-a02f-47ae5baf393c,Keep
00007448,04-GREEN,3795,2,2,decb02a5-e5c1-40d4-a02f-47ae5baf393c,Keep
00007449,05-WHITE,5795,4,4,decb02a5-e5c1-40d4-a02f-47ae5baf393c,Keep
00007450,1502,55995,1,1,74686713-67c7-4455-8adf-62cb10b39313,Keep
00007451,IW-1309,25995,1,1,9194dc46-5358-495f-b323-bc3602947c62,Keep
00007452,S-9678M,23995,1,1,9194dc46-5358-495f-b323-bc3602947c62,Keep
00007453,SGH-2958R,37995,1,1,9194dc46-5358-495f-b323-bc3602947c62,Keep
00007454,1572,39395,1,1,98aa67a2-72ae-48f1-a1e8-ecae0fbcae9e,Keep
00007455,3039-BROWN,7395,1,0,1a58d17a-0de9-4f5d-bb38-de3472c092e2,Keep
00007456,3039-BROWN,7395,1,1,1a58d17a-0de9-4f5d-bb38-de3472c092e2,Keep
00007457,3039-BROWN,7395,1,1,1a58d17a-0de9-4f5d-bb38-de3472c092e2,Keep
00007458,3039-BROWN-B,7395,1,0,1a58d17a-0de9-4f5d-bb38-de3472c092e2,Keep
00007459,3039-BROWN-B,7395,1,0,1a58d17a-0de9-4f5d-bb38-de3472c092e2,Keep
00007460,3039-BLUE,7395,1,0,1a58d17a-0de9-4f5d-bb38-de3472c092e2,Keep
00007461,3039-BLUE-B,7395,1,0,1a58d17a-0de9-4f5d-bb38-de3472c092e2,Keep
00007462,3039-RED,7395,1,0,1a58d17a-0de9-4f5d-bb38-de3472c092e2,Keep
00007463,3039-RED,7395,1,1,1a58d17a-0de9-4f5d-bb38-de3472c092e2,Keep
00007464,3039-RED,7395,1,0,1a58d17a-0de9-4f5d-bb38-de3472c092e2,Keep
00007465,3039-RED-B,7395,1,0,1a58d17a-0de9-4f5d-bb38-de3472c092e2,Keep
00007466,01,29995,1,1,0915a721-3834-4a54-aabb-8e21159c380e,Keep
00007467,02,45995,1,1,0915a721-3834-4a54-aabb-8e21159c380e,Keep
00007468,03,4595,1,1,0915a721-3834-4a54-aabb-8e21159c380e,Keep
00007469,UKA-3-GREEN,19095,1,1,bc27b6aa-ecb5-42be-a53d-3c74368ae94a,Keep
00007470,UKA-3-RANI,19095,1,0,bc27b6aa-ecb5-42be-a53d-3c74368ae94a,Keep
00007471,UKA-4-YELLOW,24095,2,2,bc27b6aa-ecb5-42be-a53d-3c74368ae94a,Keep
00007472,UKA-4-PINK,24095,1,1,bc27b6aa-ecb5-42be-a53d-3c74368ae94a,Keep
00007473,UKA-4-ORANGE,24095,1,1,bc27b6aa-ecb5-42be-a53d-3c74368ae94a,Keep
00007474,UKA-4-BLUE,24095,1,1,bc27b6aa-ecb5-42be-a53d-3c74368ae94a,Keep
00007475,UKA-4-PURPLE,24095,1,1,bc27b6aa-ecb5-42be-a53d-3c74368ae94a,Keep
00007476,UKA-4-RANI,24095,1,1,bc27b6aa-ecb5-42be-a53d-3c74368ae94a,Keep
00007477,UKA-6-ORANGE,20495,1,1,bc27b6aa-ecb5-42be-a53d-3c74368ae94a,Keep
00007478,UKA-6-GREEN,20425,1,1,bc27b6aa-ecb5-42be-a53d-3c74368ae94a,Keep
00007479,UKB-5-GOLDEN,17395,3,3,bc27b6aa-ecb5-42be-a53d-3c74368ae94a,Keep
00007480,UKB-5-RANI,17395,1,1,bc27b6aa-ecb5-42be-a53d-3c74368ae94a,Keep
00007481,UKA-5-GOLDEN,20495,2,2,bc27b6aa-ecb5-42be-a53d-3c74368ae94a,Keep
00007482,UKA-5-GREY,20495,2,2,bc27b6aa-ecb5-42be-a53d-3c74368ae94a,Keep
00007483,UKA-5-GREEN,20495,1,1,bc27b6aa-ecb5-42be-a53d-3c74368ae94a,Keep
00007484,UKA-5-YELLOW,20495,1,0,bc27b6aa-ecb5-42be-a53d-3c74368ae94a,Keep
00007485,UKA-5-PURPLE,20495,1,1,bc27b6aa-ecb5-42be-a53d-3c74368ae94a,Keep
00007486,UKA-5-RED,20495,1,1,bc27b6aa-ecb5-42be-a53d-3c74368ae94a,Keep
00007487,UKA-5-PINK,20495,1,1,bc27b6aa-ecb5-42be-a53d-3c74368ae94a,Keep
00007488,UKA-5-BLACK,20495,1,1,bc27b6aa-ecb5-42be-a53d-3c74368ae94a,Keep
00007489,01,5216,1,0,4c3ce816-632f-4c54-9b8b-bf2f2a58c6d9,Keep
00007490,01-MULTI,6695,21,0,225cf8b5-992a-4b6e-a734-1bf8e56fb7ed,Keep
00007491,02-MULTI,6995,5,0,225cf8b5-992a-4b6e-a734-1bf8e56fb7ed,Keep
00007492,1,8095,0,0,5dd3022d-f1ae-4275-8bab-e51726c56e55,Keep
00007493,2,10495,0,0,5dd3022d-f1ae-4275-8bab-e51726c56e55,Keep
00007494,3,16295,0,0,5dd3022d-f1ae-4275-8bab-e51726c56e55,Keep
00007495,4,19895,0,0,5dd3022d-f1ae-4275-8bab-e51726c56e55,Keep
00007496,5,16195,0,0,5dd3022d-f1ae-4275-8bab-e51726c56e55,Keep
00007497,87503-06,3595,1,0,b7f606bc-3461-4fab-be0f-68c94238d0d2,Keep
00007498,4,7995,4,1,9bc06778-c464-40e5-ab2f-b9ce952f5544,Keep
00007499,87504-04,3595,1,0,6bee4280-b7d9-4f8a-b2e0-a85ad1f2962f,Keep
00007500,4278,21195,1,0,ee877caf-7232-4a03-b9c0-f3e08b6a8a99,Keep
00007501,260188,9495,2,2,740e8f6e-e3c7-4c8b-95cf-0fa3410b545a,Keep
00007502,260188,9495,2,2,740e8f6e-e3c7-4c8b-95cf-0fa3410b545a,Keep
00007503,260188,9495,2,1,740e8f6e-e3c7-4c8b-95cf-0fa3410b545a,Keep
00007504,260150,12095,1,0,740e8f6e-e3c7-4c8b-95cf-0fa3410b545a,Keep
00007505,260150,12095,1,0,740e8f6e-e3c7-4c8b-95cf-0fa3410b545a,Keep
00007506,260150,12095,1,0,740e8f6e-e3c7-4c8b-95cf-0fa3410b545a,Keep
00007507,260150,12095,1,1,740e8f6e-e3c7-4c8b-95cf-0fa3410b545a,Keep
00007508,260150,12095,1,1,740e8f6e-e3c7-4c8b-95cf-0fa3410b545a,Keep
00007509,260055,10395,1,1,740e8f6e-e3c7-4c8b-95cf-0fa3410b545a,Keep
00007510,260055,10395,1,0,740e8f6e-e3c7-4c8b-95cf-0fa3410b545a,Keep
00007511,260055,10395,1,1,740e8f6e-e3c7-4c8b-95cf-0fa3410b545a,Keep
00007512,260055,10395,1,0,740e8f6e-e3c7-4c8b-95cf-0fa3410b545a,Keep
00007513,260055,10395,1,1,740e8f6e-e3c7-4c8b-95cf-0fa3410b545a,Keep
00007514,260008CL,10595,1,0,740e8f6e-e3c7-4c8b-95cf-0fa3410b545a,Keep
00007515,260008CL,10595,1,0,740e8f6e-e3c7-4c8b-95cf-0fa3410b545a,Keep
00007516,260008CL,10595,1,1,740e8f6e-e3c7-4c8b-95cf-0fa3410b545a,Keep
00007517,260008CL,10595,1,1,740e8f6e-e3c7-4c8b-95cf-0fa3410b545a,Keep
00007518,260008CL,10595,1,1,740e8f6e-e3c7-4c8b-95cf-0fa3410b545a,Keep
00007519,260008,11595,1,0,740e8f6e-e3c7-4c8b-95cf-0fa3410b545a,Keep
00007520,260008,11595,1,0,740e8f6e-e3c7-4c8b-95cf-0fa3410b545a,Keep
00007521,260008,11595,1,0,740e8f6e-e3c7-4c8b-95cf-0fa3410b545a,Keep
00007522,260008,11595,1,1,740e8f6e-e3c7-4c8b-95cf-0fa3410b545a,Keep
00007523,260008,11595,1,1,740e8f6e-e3c7-4c8b-95cf-0fa3410b545a,Keep
00007524,E-39,8895,1,1,2002719e-e732-4d37-9747-a6108db4e7cb,Keep
00007525,E-39,8895,1,1,2002719e-e732-4d37-9747-a6108db4e7cb,Keep
00007526,E-39,8895,1,1,2002719e-e732-4d37-9747-a6108db4e7cb,Keep
00007527,E-39-B,8895,1,1,2002719e-e732-4d37-9747-a6108db4e7cb,Keep
00007528,E-118,8795,1,1,2002719e-e732-4d37-9747-a6108db4e7cb,Keep
00007529,E-118,8795,1,1,2002719e-e732-4d37-9747-a6108db4e7cb,Keep
00007530,E-118,8795,1,1,2002719e-e732-4d37-9747-a6108db4e7cb,Keep
00007531,E-118-B,8695,1,1,2002719e-e732-4d37-9747-a6108db4e7cb,Keep
00007532,E-96,8895,1,1,2002719e-e732-4d37-9747-a6108db4e7cb,Keep
00007533,E-96,8895,1,1,2002719e-e732-4d37-9747-a6108db4e7cb,Keep
00007534,E-96-B,8895,1,1,2002719e-e732-4d37-9747-a6108db4e7cb,Keep
00007535,E-196-YELLOW,8495,1,1,2002719e-e732-4d37-9747-a6108db4e7cb,Keep
00007536,E-196-BLUE,8495,1,1,2002719e-e732-4d37-9747-a6108db4e7cb,Keep
00007537,E-06,8095,1,1,2002719e-e732-4d37-9747-a6108db4e7cb,Keep
00007538,E-06,8095,1,1,2002719e-e732-4d37-9747-a6108db4e7cb,Keep
00007539,E-06,8095,1,1,2002719e-e732-4d37-9747-a6108db4e7cb,Keep
00007540,E-06-B,8095,1,1,2002719e-e732-4d37-9747-a6108db4e7cb,Keep
00007541,E-06-B,8095,1,1,2002719e-e732-4d37-9747-a6108db4e7cb,Keep
00007542,1-PINK,3995,1,1,5bd403a8-01c7-4253-a021-ef54aa1806b9,Keep
00007543,1-WHITE,3995,2,0,5bd403a8-01c7-4253-a021-ef54aa1806b9,Keep
00007544,1-BROWN,3995,0,0,5bd403a8-01c7-4253-a021-ef54aa1806b9,Keep
00007545,1-GREEN,3995,4,1,5bd403a8-01c7-4253-a021-ef54aa1806b9,Keep
00007546,1-BLACK,3995,2,0,5bd403a8-01c7-4253-a021-ef54aa1806b9,Keep
00007547,1-BROWN,3995,0,0,5bd403a8-01c7-4253-a021-ef54aa1806b9,Keep
00007548,1-MULTI,3995,2,0,5bd403a8-01c7-4253-a021-ef54aa1806b9,Keep
00007549,2-WHITE,4795,2,0,5bd403a8-01c7-4253-a021-ef54aa1806b9,Keep
00007550,2-BROWN,4795,0,0,5bd403a8-01c7-4253-a021-ef54aa1806b9,Keep
00007551,2-WHITE,4795,2,0,5bd403a8-01c7-4253-a021-ef54aa1806b9,Keep
00007552,2-BLACK,4795,1,0,5bd403a8-01c7-4253-a021-ef54aa1806b9,Keep
00007553,2-BROWN,4795,0,0,5bd403a8-01c7-4253-a021-ef54aa1806b9,Keep
00007554,2-MULTI,4795,2,0,5bd403a8-01c7-4253-a021-ef54aa1806b9,Keep
00007555,E-196-YELLOW,8495,1,1,2002719e-e732-4d37-9747-a6108db4e7cb,Keep
00007556,E-196-BLUE,8495,1,1,2002719e-e732-4d37-9747-a6108db4e7cb,Keep
00007557,3-BLACK,5695,2,0,5bd403a8-01c7-4253-a021-ef54aa1806b9,Keep
00007558,4-YELLOW,5395,2,1,5bd403a8-01c7-4253-a021-ef54aa1806b9,Keep
00007559,3126,9295,1,0,a68934b9-e5b9-45e5-9141-e8afe326e543,Keep
00007560,3126,9295,1,0,a68934b9-e5b9-45e5-9141-e8afe326e543,Keep
00007561,3126,9295,1,1,a68934b9-e5b9-45e5-9141-e8afe326e543,Keep
00007562,3126,9295,1,1,a68934b9-e5b9-45e5-9141-e8afe326e543,Keep
00007563,3144,8395,1,0,a68934b9-e5b9-45e5-9141-e8afe326e543,Keep
00007564,3144,8395,1,1,a68934b9-e5b9-45e5-9141-e8afe326e543,Keep
00007565,3144,8395,1,1,a68934b9-e5b9-45e5-9141-e8afe326e543,Keep
00007566,3062,8195,1,0,a68934b9-e5b9-45e5-9141-e8afe326e543,Keep
00007567,3062,8195,1,1,a68934b9-e5b9-45e5-9141-e8afe326e543,Keep
00007568,3062,8195,1,0,a68934b9-e5b9-45e5-9141-e8afe326e543,Keep
00007569,3062,8195,1,1,a68934b9-e5b9-45e5-9141-e8afe326e543,Keep
00007570,3099,7995,1,1,a68934b9-e5b9-45e5-9141-e8afe326e543,Keep
00007571,3099,7995,1,1,a68934b9-e5b9-45e5-9141-e8afe326e543,Keep
00007572,9001,8595,1,0,a68934b9-e5b9-45e5-9141-e8afe326e543,Keep
00007573,9001,8595,1,0,a68934b9-e5b9-45e5-9141-e8afe326e543,Keep
00007574,S-3491,10595,2,2,d53fbf27-608a-4caf-afc2-e67f68f6a07b,Keep
00007575,S-3491,10595,1,1,d53fbf27-608a-4caf-afc2-e67f68f6a07b,Keep
00007576,S-3501,10595,2,2,d53fbf27-608a-4caf-afc2-e67f68f6a07b,Keep
00007577,S-3501,10595,1,1,d53fbf27-608a-4caf-afc2-e67f68f6a07b,Keep
00007578,S-3502,10595,2,2,d53fbf27-608a-4caf-afc2-e67f68f6a07b,Keep
00007579,S-3502,10595,1,1,d53fbf27-608a-4caf-afc2-e67f68f6a07b,Keep
00007580,S-3503,9995,0,0,d53fbf27-608a-4caf-afc2-e67f68f6a07b,Keep
00007581,S-3503,9995,1,1,d53fbf27-608a-4caf-afc2-e67f68f6a07b,Keep
00007582,S-3503,9995,2,2,d53fbf27-608a-4caf-afc2-e67f68f6a07b,Keep
00007583,13185-R,5395,2,2,635e41ef-a8c1-44f8-9376-5faa52744d98,Keep
00007584,13185-R,5395,1,1,635e41ef-a8c1-44f8-9376-5faa52744d98,Keep
00007585,13185-O,5395,2,2,635e41ef-a8c1-44f8-9376-5faa52744d98,Keep
00007586,13185-O,5395,1,1,635e41ef-a8c1-44f8-9376-5faa52744d98,Keep
00007587,13176-Y,6395,2,2,635e41ef-a8c1-44f8-9376-5faa52744d98,Keep
00007588,13176-Y,6395,1,1,635e41ef-a8c1-44f8-9376-5faa52744d98,Keep
00007589,13176-C,6395,2,2,635e41ef-a8c1-44f8-9376-5faa52744d98,Keep
00007590,13176-C,6395,1,1,635e41ef-a8c1-44f8-9376-5faa52744d98,Keep
00007591,SN-2445,10595,1,1,635e41ef-a8c1-44f8-9376-5faa52744d98,Keep
00007592,1144-GREEN,7495,1,1,3ded5c37-ee6d-45ad-a737-eb204c68866b,Keep
00007593,1144-GREEN,7495,1,1,3ded5c37-ee6d-45ad-a737-eb204c68866b,Keep
00007594,1144-GREEN,7495,1,1,3ded5c37-ee6d-45ad-a737-eb204c68866b,Keep
00007595,1144-GREEN,7495,1,0,3ded5c37-ee6d-45ad-a737-eb204c68866b,Keep
00007596,1144-BROWN,7495,1,1,3ded5c37-ee6d-45ad-a737-eb204c68866b,Keep
00007597,1144-BROWN,7495,1,1,3ded5c37-ee6d-45ad-a737-eb204c68866b,Keep
00007598,1144-BROWN,7495,1,1,3ded5c37-ee6d-45ad-a737-eb204c68866b,Keep
00007599,1144-BROWN,7495,1,1,3ded5c37-ee6d-45ad-a737-eb204c68866b,Keep
00007600,1144-GREY,7495,1,0,3ded5c37-ee6d-45ad-a737-eb204c68866b,Keep
00007601,1144-GREY,7495,1,0,3ded5c37-ee6d-45ad-a737-eb204c68866b,Keep
00007602,1144-GREY,7495,1,0,3ded5c37-ee6d-45ad-a737-eb204c68866b,Keep
00007603,1144-GREY,7495,1,0,3ded5c37-ee6d-45ad-a737-eb204c68866b,Keep
00007604,1144-BLUE,7495,0,0,3ded5c37-ee6d-45ad-a737-eb204c68866b,Keep
00007605,1144-BLUE,7495,0,0,3ded5c37-ee6d-45ad-a737-eb204c68866b,Keep
00007606,1144-BLUE,7495,0,0,3ded5c37-ee6d-45ad-a737-eb204c68866b,Keep
00007607,1144-BLUE,7495,0,0,3ded5c37-ee6d-45ad-a737-eb204c68866b,Keep
00007608,1144-WINE,7495,0,0,3ded5c37-ee6d-45ad-a737-eb204c68866b,Keep
00007609,1144-WINE,7495,0,0,3ded5c37-ee6d-45ad-a737-eb204c68866b,Keep
00007610,1144-WINE,7495,0,0,3ded5c37-ee6d-45ad-a737-eb204c68866b,Keep
00007611,1144-WINE,7495,0,0,3ded5c37-ee6d-45ad-a737-eb204c68866b,Keep
00007612,1145-BLUE,7495,1,0,3ded5c37-ee6d-45ad-a737-eb204c68866b,Keep
00007613,1145-BLUE,7495,1,0,3ded5c37-ee6d-45ad-a737-eb204c68866b,Keep
00007614,1145-BLUE,7495,1,0,3ded5c37-ee6d-45ad-a737-eb204c68866b,Keep
00007615,1145-BLUE,7495,1,0,3ded5c37-ee6d-45ad-a737-eb204c68866b,Keep
00007616,1145-WINE,7495,1,1,3ded5c37-ee6d-45ad-a737-eb204c68866b,Keep
00007617,1145-WINE,7495,1,1,3ded5c37-ee6d-45ad-a737-eb204c68866b,Keep
00007618,1145-WINE,7495,1,1,3ded5c37-ee6d-45ad-a737-eb204c68866b,Keep
00007619,1145-WINE,7495,1,0,3ded5c37-ee6d-45ad-a737-eb204c68866b,Keep
00007620,1-15817-B,10995,1,0,9ffa6975-9729-47b8-b836-0cdc7b939ca1,Keep
00007621,1-15817-P,10995,1,1,9ffa6975-9729-47b8-b836-0cdc7b939ca1,Keep
00007622,2-15673,13195,1,0,9ffa6975-9729-47b8-b836-0cdc7b939ca1,Keep
00007623,3-15574,17995,1,1,9ffa6975-9729-47b8-b836-0cdc7b939ca1,Keep
00007624,4-15503-B,12995,1,0,9ffa6975-9729-47b8-b836-0cdc7b939ca1,Keep
00007625,4-15503-C,12995,1,0,9ffa6975-9729-47b8-b836-0cdc7b939ca1,Keep
00007626,5-15500-G,14595,1,0,9ffa6975-9729-47b8-b836-0cdc7b939ca1,Keep
00007627,5-15500-P,14595,1,0,9ffa6975-9729-47b8-b836-0cdc7b939ca1,Keep
00007628,6-15499-G,17995,1,1,9ffa6975-9729-47b8-b836-0cdc7b939ca1,Keep
00007629,6-15499-P,17995,1,1,9ffa6975-9729-47b8-b836-0cdc7b939ca1,Keep
00007630,7-15297,17595,1,0,9ffa6975-9729-47b8-b836-0cdc7b939ca1,Keep
00007631,8-15290,8995,1,0,9ffa6975-9729-47b8-b836-0cdc7b939ca1,Keep
00007632,9-15169,11195,1,1,9ffa6975-9729-47b8-b836-0cdc7b939ca1,Keep
00007633,10-15152,12995,1,1,9ffa6975-9729-47b8-b836-0cdc7b939ca1,Keep
00007634,11-14938,15995,1,1,9ffa6975-9729-47b8-b836-0cdc7b939ca1,Keep
00007635,12-14751,11595,2,0,9ffa6975-9729-47b8-b836-0cdc7b939ca1,Keep
00007636,13-14157-G,17595,1,1,9ffa6975-9729-47b8-b836-0cdc7b939ca1,Keep
00007637,13-14157-P,17595,1,1,9ffa6975-9729-47b8-b836-0cdc7b939ca1,Keep
00007638,14-13453,10995,1,1,9ffa6975-9729-47b8-b836-0cdc7b939ca1,Keep
00007639,15-13314,8595,1,0,9ffa6975-9729-47b8-b836-0cdc7b939ca1,Keep
00007640,16-12862,9995,1,0,9ffa6975-9729-47b8-b836-0cdc7b939ca1,Keep
00007641,17-11633,8895,1,0,9ffa6975-9729-47b8-b836-0cdc7b939ca1,Keep
00007642,18-11136,9195,1,0,9ffa6975-9729-47b8-b836-0cdc7b939ca1,Keep
00007643,01,4995,1,0,f187c9dd-29c3-4fa9-ab05-d2e12531b344,Keep
00007644,591 GREEN,9995,1,0,e59fc328-de68-4a19-976f-c843b3f6a092,Keep
00007645,591-WHITE,9995,1,0,e59fc328-de68-4a19-976f-c843b3f6a092,Keep
00007646,KS,39995,1,0,fe7317dc-4c7c-42a0-b7a3-865b08861d7e,Keep
00007647,HB-1003,8995,1,1,253f99af-4b95-4a18-acd5-12493417d7d7,Keep
00007648,HB-1003,8995,1,1,253f99af-4b95-4a18-acd5-12493417d7d7,Keep
00007649,HB-1017,8595,1,1,253f99af-4b95-4a18-acd5-12493417d7d7,Keep
00007650,HB-1017,8595,1,1,253f99af-4b95-4a18-acd5-12493417d7d7,Keep
00007651,HB-1017,8595,1,1,253f99af-4b95-4a18-acd5-12493417d7d7,Keep
00007652,01,5395,1,0,18980123-d992-47f0-abfa-111d31842750,Keep
00007653,164/24,76995,1,0,99172a97-2358-4d24-ba06-1ba34d58fc7b,Keep
00007654,C1093,49995,1,1,e7effb59-1f08-4104-8e43-c6f1dee98532,Keep
00007655,D-2375-PINK,17495,1,0,1bae965f-f03b-45b1-a17a-313b3e5fb38c,Keep
00007656,D-2375-BLUE,17495,1,0,1bae965f-f03b-45b1-a17a-313b3e5fb38c,Keep
00007657,D-2369-RANI,15195,1,1,1bae965f-f03b-45b1-a17a-313b3e5fb38c,Keep
00007658,D-2369-GREEN,15195,1,1,1bae965f-f03b-45b1-a17a-313b3e5fb38c,Keep
00007659,D-2369-ORANGE,15195,1,0,1bae965f-f03b-45b1-a17a-313b3e5fb38c,Keep
00007660,116,8395,1,0,f1059cac-a3c9-4961-8010-026594126827,Keep
00007661,116,8395,1,0,f1059cac-a3c9-4961-8010-026594126827,Keep
00007662,01-GOLDEN,146695,1,1,86835a18-2307-4f89-a7d3-0c19186e0572,Keep
00007663,02-RED,274495,1,1,86835a18-2307-4f89-a7d3-0c19186e0572,Keep
00007664,MS-4454,6195,1,0,74d9ebed-4bdc-43d1-8d4a-fce2dde32f54,Keep
00007665,MS-4452,5695,1,0,74d9ebed-4bdc-43d1-8d4a-fce2dde32f54,Keep
00007666,01-PINK,296995,1,1,1910d2eb-66e2-4c0e-80b7-75b6c832357f,Keep
00007667,KP-153,8395,1,0,21a719cc-450b-4216-8333-4040188b0f9b,Keep
00007668,KP-153,8395,1,1,21a719cc-450b-4216-8333-4040188b0f9b,Keep
00007669,KP-153,8395,1,0,21a719cc-450b-4216-8333-4040188b0f9b,Keep
00007670,TS-620,9195,1,1,2a0e91da-1278-4c36-8189-af5ea48faf05,Keep
00007671,TS-620,9195,1,1,2a0e91da-1278-4c36-8189-af5ea48faf05,Keep
00007672,TS-620,9195,1,1,2a0e91da-1278-4c36-8189-af5ea48faf05,Keep
00007673,TS-620-B,9195,1,1,2a0e91da-1278-4c36-8189-af5ea48faf05,Keep
00007674,TS-620-B,9195,1,1,2a0e91da-1278-4c36-8189-af5ea48faf05,Keep
00007675,KS-610,11295,1,1,d69bffc8-2a1c-495e-976d-c39ce5a232cc,Keep
00007676,KS-610,11295,1,1,d69bffc8-2a1c-495e-976d-c39ce5a232cc,Keep
00007677,KS-610,11295,1,1,d69bffc8-2a1c-495e-976d-c39ce5a232cc,Keep
00007678,KS-610-B,11295,1,1,d69bffc8-2a1c-495e-976d-c39ce5a232cc,Keep
00007679,KS-610-B,11295,1,1,d69bffc8-2a1c-495e-976d-c39ce5a232cc,Keep
00007680,GD-2577,41795,1,1,343bd878-19be-42db-917a-b17081aa58b1,Keep
00007681,ORT-214,10095,1,1,0c83fe2e-e830-47a0-ad5e-fe49682bbeb0,Keep
00007682,ORT-214,10095,1,1,0c83fe2e-e830-47a0-ad5e-fe49682bbeb0,Keep
00007683,ORT-214,10095,1,1,0c83fe2e-e830-47a0-ad5e-fe49682bbeb0,Keep
00007684,ORT-214,10095,1,1,0c83fe2e-e830-47a0-ad5e-fe49682bbeb0,Keep
00007685,ORT-214-B,10095,1,1,0c83fe2e-e830-47a0-ad5e-fe49682bbeb0,Keep
00007686,ORT-214-B,10095,1,1,0c83fe2e-e830-47a0-ad5e-fe49682bbeb0,Keep
00007687,D-2264-WINE,10695,1,0,70e744d1-c2f5-4cbf-bfed-f5aabf33bd10,Keep
00007688,D-226-64-YELLOW,10695,1,0,70e744d1-c2f5-4cbf-bfed-f5aabf33bd10,Keep
00007689,D-2264-PINK,10695,1,0,70e744d1-c2f5-4cbf-bfed-f5aabf33bd10,Keep
00007690,D-2264-BLUE,10695,1,0,70e744d1-c2f5-4cbf-bfed-f5aabf33bd10,Keep
00007691,V-1087-B,7795,2,2,334b97ac-a778-42d5-b0a5-50f29f236b7b,Keep
00007692,V-1087-P,7795,2,2,334b97ac-a778-42d5-b0a5-50f29f236b7b,Keep
00007693,V-1087-B-XL,7795,1,0,334b97ac-a778-42d5-b0a5-50f29f236b7b,Keep
00007694,V-1087-P-XL,7795,1,1,334b97ac-a778-42d5-b0a5-50f29f236b7b,Keep
00007695,V-1088-Y,7795,2,2,334b97ac-a778-42d5-b0a5-50f29f236b7b,Keep
00007696,V-1088-G,7795,2,2,334b97ac-a778-42d5-b0a5-50f29f236b7b,Keep
00007697,V-1088-Y-XL,7795,1,1,334b97ac-a778-42d5-b0a5-50f29f236b7b,Keep
00007698,V-1088-G-XL,7795,1,1,334b97ac-a778-42d5-b0a5-50f29f236b7b,Keep
00007699,85724,3395,1,0,0a2d894d-9190-4ab5-abf1-272079482b65,Keep
00007700,85724,3395,1,0,0a2d894d-9190-4ab5-abf1-272079482b65,Keep
00007701,85724,3395,1,0,0a2d894d-9190-4ab5-abf1-272079482b65,Keep
00007702,85724,3395,1,0,0a2d894d-9190-4ab5-abf1-272079482b65,Keep
00007703,01,5216,1,0,3d362038-d425-4cad-9edd-c70f36d2c280,Keep
00007704,01,4000,1,0,e6c0c8d0-b7e1-4558-bd57-df3d3fa52c49,Keep
00007705,85965,3695,1,0,0a2d894d-9190-4ab5-abf1-272079482b65,Keep
00007706,85965,3695,1,0,0a2d894d-9190-4ab5-abf1-272079482b65,Keep
00007707,85965,3695,1,0,0a2d894d-9190-4ab5-abf1-272079482b65,Keep
00007708,85965,3695,1,0,0a2d894d-9190-4ab5-abf1-272079482b65,Keep
00007709,85965,3795,1,0,0a2d894d-9190-4ab5-abf1-272079482b65,Keep
00007710,87491,3495,1,0,0a2d894d-9190-4ab5-abf1-272079482b65,Keep
00007711,87491,3495,1,1,0a2d894d-9190-4ab5-abf1-272079482b65,Keep
00007712,87491,3495,1,0,0a2d894d-9190-4ab5-abf1-272079482b65,Keep
00007713,87491,3495,1,1,0a2d894d-9190-4ab5-abf1-272079482b65,Keep
00007714,87491,3495,1,0,0a2d894d-9190-4ab5-abf1-272079482b65,Keep
00007715,2206,66995,1,1,39f8b792-c38c-4967-8bbf-2de7d5d346a0,Keep
00007716,MARIGOLD-3072,7995,1,0,80a34090-cacf-4760-9f44-9fba251f36d4,Keep
00007717,MARIGOLD-3072,7995,1,0,80a34090-cacf-4760-9f44-9fba251f36d4,Keep
00007718,MARIGOLD-3072,8195,1,0,80a34090-cacf-4760-9f44-9fba251f36d4,Keep
00007719,85801,3395,1,1,0a2d894d-9190-4ab5-abf1-272079482b65,Keep
00007720,85801,3395,1,0,0a2d894d-9190-4ab5-abf1-272079482b65,Keep
00007721,85801,3395,1,0,0a2d894d-9190-4ab5-abf1-272079482b65,Keep
00007722,85801,3395,1,0,0a2d894d-9190-4ab5-abf1-272079482b65,Keep
00007723,85801,3495,1,1,0a2d894d-9190-4ab5-abf1-272079482b65,Keep
00007724,84664 -05,5895,0,0,0a2d894d-9190-4ab5-abf1-272079482b65,Keep
00007725,84664 -05,5895,1,0,0a2d894d-9190-4ab5-abf1-272079482b65,Keep
00007726,84664 -05,5895,0,0,0a2d894d-9190-4ab5-abf1-272079482b65,Keep
00007727,84664 -05,5895,1,0,0a2d894d-9190-4ab5-abf1-272079482b65,Keep
00007728,84664-05,5995,1,1,0a2d894d-9190-4ab5-abf1-272079482b65,Keep
00007729,2804,21895,1,1,98c4a160-e33d-4b3a-bc61-5e7fb11aab13,Keep
00007730,2814,23895,1,1,98c4a160-e33d-4b3a-bc61-5e7fb11aab13,Keep
00007731,2392,24995,1,1,98c4a160-e33d-4b3a-bc61-5e7fb11aab13,Keep
00007732,1816,18995,1,1,98c4a160-e33d-4b3a-bc61-5e7fb11aab13,Keep
00007733,2203,17895,1,1,98c4a160-e33d-4b3a-bc61-5e7fb11aab13,Keep
00007734,KP-360,10295,1,0,04e65779-f56b-4ae3-9bb8-abed78e729a5,Keep
00007735,KP-360,10295,1,1,04e65779-f56b-4ae3-9bb8-abed78e729a5,Keep
00007736,KP-360,10295,1,1,04e65779-f56b-4ae3-9bb8-abed78e729a5,Keep
00007737,KP-270,10995,1,0,8ad960ff-c018-40a2-8bb8-1bae5a7b9eeb,Keep
00007738,KP-270,10995,1,0,8ad960ff-c018-40a2-8bb8-1bae5a7b9eeb,Keep
00007739,KP-270,10995,1,1,8ad960ff-c018-40a2-8bb8-1bae5a7b9eeb,Keep
00007740,KP-365,8395,1,0,8ad960ff-c018-40a2-8bb8-1bae5a7b9eeb,Keep
00007741,KP-365,8395,1,0,8ad960ff-c018-40a2-8bb8-1bae5a7b9eeb,Keep
00007742,KP-365,8395,1,1,8ad960ff-c018-40a2-8bb8-1bae5a7b9eeb,Keep
00007743,MNM-377,14395,1,1,8ad960ff-c018-40a2-8bb8-1bae5a7b9eeb,Keep
00007744,SFD-620,8795,1,1,30d71809-8590-4073-8189-a7e54cd28745,Keep
00007745,SFD-620,8795,1,1,30d71809-8590-4073-8189-a7e54cd28745,Keep
00007746,SFD-620,8795,1,1,30d71809-8590-4073-8189-a7e54cd28745,Keep
00007747,SFD-620,8795,1,1,30d71809-8590-4073-8189-a7e54cd28745,Keep
00007748,SFD-620,8795,1,1,30d71809-8590-4073-8189-a7e54cd28745,Keep
00007749,SFD-620-B,8795,1,1,30d71809-8590-4073-8189-a7e54cd28745,Keep
00007750,SAK-3874,10195,1,1,30d71809-8590-4073-8189-a7e54cd28745,Keep
00007751,SAK-3874,10195,1,1,30d71809-8590-4073-8189-a7e54cd28745,Keep
00007752,SAK-3874,10195,1,1,30d71809-8590-4073-8189-a7e54cd28745,Keep
00007753,SAK-3874,10195,1,1,30d71809-8590-4073-8189-a7e54cd28745,Keep
00007754,SAK-3874,10195,1,1,30d71809-8590-4073-8189-a7e54cd28745,Keep
00007755,SAK-3874-B,10195,1,1,30d71809-8590-4073-8189-a7e54cd28745,Keep
00007756,SAK-3874-B,10195,1,1,30d71809-8590-4073-8189-a7e54cd28745,Keep
00007757,SAK-3896-BLUE,5495,1,1,30d71809-8590-4073-8189-a7e54cd28745,Keep
00007758,SAK-3896-BLUE,5495,1,1,30d71809-8590-4073-8189-a7e54cd28745,Keep
00007759,SAK-3896-BLUE,5495,1,1,30d71809-8590-4073-8189-a7e54cd28745,Keep
00007760,SAK-3896-BLUE,5495,1,1,30d71809-8590-4073-8189-a7e54cd28745,Keep
00007761,SAK-3896-BLUE,5495,1,1,30d71809-8590-4073-8189-a7e54cd28745,Keep
00007762,SAK-3896-BLUE,5495,1,1,30d71809-8590-4073-8189-a7e54cd28745,Keep
00007763,SAK-3896-BLUE,5495,1,1,30d71809-8590-4073-8189-a7e54cd28745,Keep
00007764,SAK-3896-BEIGE,5495,1,1,30d71809-8590-4073-8189-a7e54cd28745,Keep
00007765,SAK-3896-BEIGE,5495,1,1,30d71809-8590-4073-8189-a7e54cd28745,Keep
00007766,SAK-3896-BEIGE,5495,1,1,30d71809-8590-4073-8189-a7e54cd28745,Keep
00007767,SAK-3896-BEIGE,5495,1,1,30d71809-8590-4073-8189-a7e54cd28745,Keep
00007768,SAK-3896-BEIGE,5495,1,1,30d71809-8590-4073-8189-a7e54cd28745,Keep
00007769,SAK-3896-BEIGE,5495,1,1,30d71809-8590-4073-8189-a7e54cd28745,Keep
00007770,SAK-3896-BEIGE,5495,1,1,30d71809-8590-4073-8189-a7e54cd28745,Keep
00007771,13181-PEACH,7395,2,2,e93a12bc-0e44-440e-a237-ada023c9b862,Keep
00007772,13181-PEACH,7395,1,1,e93a12bc-0e44-440e-a237-ada023c9b862,Keep
00007773,13181- CREAM,7395,2,2,e93a12bc-0e44-440e-a237-ada023c9b862,Keep
00007774,13181- CREAM,7395,1,1,e93a12bc-0e44-440e-a237-ada023c9b862,Keep
00007775,13171-PINK,8195,2,2,e93a12bc-0e44-440e-a237-ada023c9b862,Keep
00007776,13171-PINK,8195,1,1,e93a12bc-0e44-440e-a237-ada023c9b862,Keep
00007777,13171-BLUE,8195,2,2,e93a12bc-0e44-440e-a237-ada023c9b862,Keep
00007778,13171-BLUE,8195,1,1,e93a12bc-0e44-440e-a237-ada023c9b862,Keep
00007779,13174-SKY BLUE,6595,1,1,e93a12bc-0e44-440e-a237-ada023c9b862,Keep
00007780,13174-SKY BLUE,6595,2,2,e93a12bc-0e44-440e-a237-ada023c9b862,Keep
00007781,13174-PEACH,6595,2,2,e93a12bc-0e44-440e-a237-ada023c9b862,Keep
00007782,13174-PEACH,6595,1,1,e93a12bc-0e44-440e-a237-ada023c9b862,Keep
00007783,SD-3503-GREEN,5995,1,1,e93a12bc-0e44-440e-a237-ada023c9b862,Keep
00007784,SD-3503-CREAM,5995,1,1,e93a12bc-0e44-440e-a237-ada023c9b862,Keep
00007785,2201-C,48295,1,1,1f8f0ded-111b-4e69-b7ae-25b3b5ad9dfb,Keep
00007786,3216,14395,1,1,41ec50cc-6778-48f2-91f8-ca45dc3c876e,Keep
00007787,3216,14395,1,0,41ec50cc-6778-48f2-91f8-ca45dc3c876e,Keep
00007788,3190,18595,1,1,41ec50cc-6778-48f2-91f8-ca45dc3c876e,Keep
00007789,3190,18595,1,1,41ec50cc-6778-48f2-91f8-ca45dc3c876e,Keep
00007790,3366,14395,1,0,41ec50cc-6778-48f2-91f8-ca45dc3c876e,Keep
00007791,3266-KK,14395,1,0,41ec50cc-6778-48f2-91f8-ca45dc3c876e,Keep
00007792,3191-KK,9995,1,0,41ec50cc-6778-48f2-91f8-ca45dc3c876e,Keep
00007793,3191-KK,9995,1,1,41ec50cc-6778-48f2-91f8-ca45dc3c876e,Keep
00007794,86923-A,7795,1,0,4a0fb50c-d794-448e-bef8-e6dc0889de58,Keep
00007795,86923-A,7795,1,1,4a0fb50c-d794-448e-bef8-e6dc0889de58,Keep
00007796,86923-A,7795,1,1,4a0fb50c-d794-448e-bef8-e6dc0889de58,Keep
00007797,86923-A,7795,1,1,4a0fb50c-d794-448e-bef8-e6dc0889de58,Keep
00007798,86923-B,7795,1,1,4a0fb50c-d794-448e-bef8-e6dc0889de58,Keep
00007799,86927-A,7695,1,1,4a0fb50c-d794-448e-bef8-e6dc0889de58,Keep
00007800,86927-A,7695,1,1,4a0fb50c-d794-448e-bef8-e6dc0889de58,Keep
00007801,86927-A,7695,1,1,4a0fb50c-d794-448e-bef8-e6dc0889de58,Keep
00007802,86927-A,7695,1,1,4a0fb50c-d794-448e-bef8-e6dc0889de58,Keep
00007803,86927-B,7695,1,1,4a0fb50c-d794-448e-bef8-e6dc0889de58,Keep
00007804,86927-G-A,7695,1,0,4a0fb50c-d794-448e-bef8-e6dc0889de58,Keep
00007805,86927-G-A,7695,1,0,4a0fb50c-d794-448e-bef8-e6dc0889de58,Keep
00007806,86927-G-A,7695,1,0,4a0fb50c-d794-448e-bef8-e6dc0889de58,Keep
00007807,86927-G-A,7695,1,0,4a0fb50c-d794-448e-bef8-e6dc0889de58,Keep
00007808,86927-B-G,7695,1,1,4a0fb50c-d794-448e-bef8-e6dc0889de58,Keep
00007809,86941-A,4795,1,0,4a0fb50c-d794-448e-bef8-e6dc0889de58,Keep
00007810,86941-A,4795,1,0,4a0fb50c-d794-448e-bef8-e6dc0889de58,Keep
00007811,86941-A,4795,1,0,4a0fb50c-d794-448e-bef8-e6dc0889de58,Keep
00007812,86941-A,4795,1,1,4a0fb50c-d794-448e-bef8-e6dc0889de58,Keep
00007813,86941-B,4795,1,0,4a0fb50c-d794-448e-bef8-e6dc0889de58,Keep
00007814,86945-A,4795,1,0,4a0fb50c-d794-448e-bef8-e6dc0889de58,Keep
00007815,86945-A,4795,1,0,4a0fb50c-d794-448e-bef8-e6dc0889de58,Keep
00007816,86945-A,4795,1,0,4a0fb50c-d794-448e-bef8-e6dc0889de58,Keep
00007817,86945-A,4795,1,1,4a0fb50c-d794-448e-bef8-e6dc0889de58,Keep
00007818,86945-B,4795,1,1,4a0fb50c-d794-448e-bef8-e6dc0889de58,Keep
00007819,86969-A,7495,1,0,4a0fb50c-d794-448e-bef8-e6dc0889de58,Keep
00007820,86969-A,7495,1,0,4a0fb50c-d794-448e-bef8-e6dc0889de58,Keep
00007821,86969-A,7495,1,1,4a0fb50c-d794-448e-bef8-e6dc0889de58,Keep
00007822,86969-A,7495,1,1,4a0fb50c-d794-448e-bef8-e6dc0889de58,Keep
00007823,86969-B,7495,1,1,4a0fb50c-d794-448e-bef8-e6dc0889de58,Keep
00007824,86969-C-A,7495,1,0,4a0fb50c-d794-448e-bef8-e6dc0889de58,Keep
00007825,86969-C-A,7495,1,1,4a0fb50c-d794-448e-bef8-e6dc0889de58,Keep
00007826,86969-C-A,7495,1,0,4a0fb50c-d794-448e-bef8-e6dc0889de58,Keep
00007827,86969-C-A,7495,1,1,4a0fb50c-d794-448e-bef8-e6dc0889de58,Keep
00007828,86969-C-B,7495,1,1,4a0fb50c-d794-448e-bef8-e6dc0889de58,Keep
00007829,24058-A,3495,2,0,4a0fb50c-d794-448e-bef8-e6dc0889de58,Keep
00007830,24058-A,3495,2,0,4a0fb50c-d794-448e-bef8-e6dc0889de58,Keep
00007831,24058-A,3495,2,0,4a0fb50c-d794-448e-bef8-e6dc0889de58,Keep
00007832,24058-A,3495,2,0,4a0fb50c-d794-448e-bef8-e6dc0889de58,Keep
00007833,24058-B,3495,2,0,4a0fb50c-d794-448e-bef8-e6dc0889de58,Keep
00007834,85801-A,3495,1,0,4a0fb50c-d794-448e-bef8-e6dc0889de58,Keep
00007835,85801-A,3495,1,1,4a0fb50c-d794-448e-bef8-e6dc0889de58,Keep
00007836,85801-A,3495,1,0,4a0fb50c-d794-448e-bef8-e6dc0889de58,Keep
00007837,85801-A,3495,1,1,4a0fb50c-d794-448e-bef8-e6dc0889de58,Keep
00007838,85801-B,3495,1,1,4a0fb50c-d794-448e-bef8-e6dc0889de58,Keep
00007839,87492-A,3795,2,1,4a0fb50c-d794-448e-bef8-e6dc0889de58,Keep
00007840,87492-A,3795,2,1,4a0fb50c-d794-448e-bef8-e6dc0889de58,Keep
00007841,87492-A,3795,2,1,4a0fb50c-d794-448e-bef8-e6dc0889de58,Keep
00007842,87492-A,3795,2,1,4a0fb50c-d794-448e-bef8-e6dc0889de58,Keep
00007843,87492-B,3795,2,2,4a0fb50c-d794-448e-bef8-e6dc0889de58,Keep
00007844,UV7-60G,15995,23,22,c7fa4d78-063f-4989-8009-fbee3281804d,Keep
00007845,UV6-40GM,13995,20,19,b3c9d026-1661-4c39-a5de-a65c41b89a47,Keep
00007846,1441,10995,1,1,f21f51b5-4665-4b7d-94bc-2a97c7200e5c,Keep
00007847,1441,10995,1,1,f21f51b5-4665-4b7d-94bc-2a97c7200e5c,Keep
00007848,1439,10995,1,1,f21f51b5-4665-4b7d-94bc-2a97c7200e5c,Keep
00007849,7117-A,49995,1,0,ac385a1f-ddcd-4ccd-b2e8-5f5e17879cde,Keep
00007850,7104,47995,1,1,ac385a1f-ddcd-4ccd-b2e8-5f5e17879cde,Keep
00007851,3510,48695,1,1,84afd0f8-420f-4fa0-a1f3-17d694546dd0,Keep
00007852,3452,32295,1,1,84afd0f8-420f-4fa0-a1f3-17d694546dd0,Keep
00007853,3416,26295,1,1,84afd0f8-420f-4fa0-a1f3-17d694546dd0,Keep
00007854,3111,33495,0,0,2388bf8a-543c-4dd3-923b-07e84c6f9216,Keep
00007855,307,28995,0,0,2388bf8a-543c-4dd3-923b-07e84c6f9216,Keep
00007856,4044-1,10195,1,1,4b404050-c522-4604-8277-c65b6c2505bc,Keep
00007857,4044-2,10195,1,1,4b404050-c522-4604-8277-c65b6c2505bc,Keep
00007858,4044-3,10195,1,1,4b404050-c522-4604-8277-c65b6c2505bc,Keep
00007859,4044-4,10195,1,0,4b404050-c522-4604-8277-c65b6c2505bc,Keep
00007860,4044-5,10195,1,1,4b404050-c522-4604-8277-c65b6c2505bc,Keep
00007861,4044-6,10195,1,1,4b404050-c522-4604-8277-c65b6c2505bc,Keep
00007862,OR-307,28995,1,1,2388bf8a-543c-4dd3-923b-07e84c6f9216,Keep
00007863,SFD-621,5895,0,0,2ea0c454-75b0-4c0a-a56f-10837cb04cde,Keep
00007864,01,47995,1,1,c5b0b197-b598-4c9f-91e2-610391e173e9,Keep
00007865,01,5995,1,1,235ccf2c-5d63-447b-859a-6ca0d0c2cf41,Keep
00007866,1851-G,12995,0,0,b4b3f73e-18fb-4752-8545-6eb93b76a6d4,Keep
00007867,1851-P,12995,0,0,b4b3f73e-18fb-4752-8545-6eb93b76a6d4,Keep
00007868,1851-G,12995,0,0,b4b3f73e-18fb-4752-8545-6eb93b76a6d4,Keep
00007869,S1ss25,237995,1,1,63d4d34a-c8c8-4646-bde5-cccdb2ced811,Keep
00007870,ORT-192,21595,1,1,95868c8e-f722-4f96-8973-5463203ee2d8,Keep
00007871,ORT-192,21595,1,1,95868c8e-f722-4f96-8973-5463203ee2d8,Keep
00007872,ORT-192,21595,1,1,95868c8e-f722-4f96-8973-5463203ee2d8,Keep
00007873,ORT-192,21595,1,1,95868c8e-f722-4f96-8973-5463203ee2d8,Keep
00007874,ORT-192,21595,1,1,95868c8e-f722-4f96-8973-5463203ee2d8,Keep
00007875,ORT-192,21595,1,1,95868c8e-f722-4f96-8973-5463203ee2d8,Keep
00007876,1851-G,12995,1,0,b4b3f73e-18fb-4752-8545-6eb93b76a6d4,Keep
00007877,1851-P,12995,1,0,b4b3f73e-18fb-4752-8545-6eb93b76a6d4,Keep
00007878,1851-G,12995,1,1,b4b3f73e-18fb-4752-8545-6eb93b76a6d4,Keep
00007879,ITU-3-G,9295,1,1,be6bef21-1026-473e-b142-afd46dd4ef2b,Keep
00007880,ITU-3-C,9295,1,1,be6bef21-1026-473e-b142-afd46dd4ef2b,Keep
00007881,ITU-6,7395,2,2,be6bef21-1026-473e-b142-afd46dd4ef2b,Keep
00007882,3262,5495,1,0,3fbdd778-e8c1-437a-8c42-f66b0f9d6d09,Keep
00007883,3262,5495,1,1,3fbdd778-e8c1-437a-8c42-f66b0f9d6d09,Keep
00007884,3262,5495,1,1,3fbdd778-e8c1-437a-8c42-f66b0f9d6d09,Keep
00007885,3262,5495,1,0,3fbdd778-e8c1-437a-8c42-f66b0f9d6d09,Keep
00007886,3263,5495,1,0,3fbdd778-e8c1-437a-8c42-f66b0f9d6d09,Keep
00007887,3263,5495,1,1,3fbdd778-e8c1-437a-8c42-f66b0f9d6d09,Keep
00007888,3263,5495,1,0,3fbdd778-e8c1-437a-8c42-f66b0f9d6d09,Keep
00007889,3263,5495,1,1,3fbdd778-e8c1-437a-8c42-f66b0f9d6d09,Keep
00007890,3262,5495,1,0,3fbdd778-e8c1-437a-8c42-f66b0f9d6d09,Keep
00007891,3262,5495,1,1,3fbdd778-e8c1-437a-8c42-f66b0f9d6d09,Keep
00007892,3262,5495,1,1,3fbdd778-e8c1-437a-8c42-f66b0f9d6d09,Keep
00007893,3262,5495,1,1,3fbdd778-e8c1-437a-8c42-f66b0f9d6d09,Keep
00007894,2543-BROWN,33595,1,1,1559a0fd-3d0a-4c86-9c3e-99f1b4c64fd7,Keep
00007895,2543-CREAM,33595,1,1,1559a0fd-3d0a-4c86-9c3e-99f1b4c64fd7,Keep
00007896,4484-ORANGE,6295,1,1,14d22b2e-d52c-4c84-962b-59fff97db33a,Keep
00007897,4484-GREEN,6295,1,1,14d22b2e-d52c-4c84-962b-59fff97db33a,Keep
00007898,4484-PINK,6295,1,1,14d22b2e-d52c-4c84-962b-59fff97db33a,Keep
00007899,4484-YELLOW,6295,1,1,14d22b2e-d52c-4c84-962b-59fff97db33a,Keep
00007900,4820-PINK,18595,1,1,14d22b2e-d52c-4c84-962b-59fff97db33a,Keep
00007901,4820-RED,18595,2,0,14d22b2e-d52c-4c84-962b-59fff97db33a,Keep
00007902,4820-BLUE,18595,1,1,14d22b2e-d52c-4c84-962b-59fff97db33a,Keep
00007903,2554,31995,1,0,70630ee6-b1d1-41a5-8cbe-c9c0e86fb183,Keep
00007904,SS25,113495,1,1,5cdda680-852d-40f7-be30-63c8b90f6352,Keep
00007905,ss24,140495,1,1,58cd3810-bd01-4c1c-83a8-146bc5d78524,Keep
00007906,5023,41695,1,1,5cfab70d-a132-4fc4-b191-9ed4b2c3a951,Keep
00007907,V-4044,31195,1,1,d9d28b52-f30a-41a7-8b35-bb719fa7a338,Keep
00007908,4025,25195,1,0,daa807dd-b615-43cc-b034-0e27d3c6368f,Keep
00007909,JAN-26-01,32295,1,0,de244d31-7070-429b-83d8-c0b35980729a,Keep
00007910,S10069,23795,1,1,de244d31-7070-429b-83d8-c0b35980729a,Keep
00007911,S11135,39895,1,1,de244d31-7070-429b-83d8-c0b35980729a,Keep
00007912,S11154,22795,1,0,de244d31-7070-429b-83d8-c0b35980729a,Keep
00007913,S11154,22795,1,0,de244d31-7070-429b-83d8-c0b35980729a,Keep
00007914,SGH2944,47495,1,1,de244d31-7070-429b-83d8-c0b35980729a,Keep
00007915,091/9391-B,15995,1,1,15fef852-70af-4279-969e-19076361baae,Keep
00007916,091/9391-BL,15995,1,0,15fef852-70af-4279-969e-19076361baae,Keep
00007917,091/9391-P,15995,1,1,15fef852-70af-4279-969e-19076361baae,Keep
00007918,9458A,16995,1,0,bc183aaf-e216-4ac7-bbf8-575ac9ab56be,Keep
00007919,6458A,16995,1,0,bc183aaf-e216-4ac7-bbf8-575ac9ab56be,Keep
00007920,9458A,16995,1,0,bc183aaf-e216-4ac7-bbf8-575ac9ab56be,Keep
00007921,9492,15995,1,0,bc183aaf-e216-4ac7-bbf8-575ac9ab56be,Keep
00007922,9492,15995,1,1,bc183aaf-e216-4ac7-bbf8-575ac9ab56be,Keep
00007923,4231-CREAM,18395,1,0,dcd3d1bf-c749-4f63-afc2-a685d2b3b65f,Keep
00007924,4231-GREEN,18395,1,1,dcd3d1bf-c749-4f63-afc2-a685d2b3b65f,Keep
00007925,4313-RED,16595,1,0,dcd3d1bf-c749-4f63-afc2-a685d2b3b65f,Keep
00007926,4313-BLUE,16595,1,1,dcd3d1bf-c749-4f63-afc2-a685d2b3b65f,Keep
00007927,4284-GREEN,26395,1,0,dcd3d1bf-c749-4f63-afc2-a685d2b3b65f,Keep
00007928,4289-RED,12595,1,0,dcd3d1bf-c749-4f63-afc2-a685d2b3b65f,Keep
00007929,4264-BEIGE,5795,1,0,dcd3d1bf-c749-4f63-afc2-a685d2b3b65f,Keep
00007930,4264-BLACK,5795,1,0,dcd3d1bf-c749-4f63-afc2-a685d2b3b65f,Keep
00007931,4331-PEACH,6995,1,1,dcd3d1bf-c749-4f63-afc2-a685d2b3b65f,Keep
00007932,4331-GREEN,6995,1,1,dcd3d1bf-c749-4f63-afc2-a685d2b3b65f,Keep
00007933,4331-WHITE,6995,1,1,dcd3d1bf-c749-4f63-afc2-a685d2b3b65f,Keep
00007934,4331-BLUE,6995,1,1,dcd3d1bf-c749-4f63-afc2-a685d2b3b65f,Keep
00007935,4293-CREAM,6395,1,1,dcd3d1bf-c749-4f63-afc2-a685d2b3b65f,Keep
00007936,4268-GREEN,6395,1,0,dcd3d1bf-c749-4f63-afc2-a685d2b3b65f,Keep
00007937,4268-BLUE,6395,1,0,dcd3d1bf-c749-4f63-afc2-a685d2b3b65f,Keep
00007938,4342-PINK,6395,1,0,dcd3d1bf-c749-4f63-afc2-a685d2b3b65f,Keep
00007939,4352-CREAM,6395,1,1,dcd3d1bf-c749-4f63-afc2-a685d2b3b65f,Keep
00007940,4358-MULTI,6395,2,2,dcd3d1bf-c749-4f63-afc2-a685d2b3b65f,Keep
00007941,4358-BLUE,6395,1,1,dcd3d1bf-c749-4f63-afc2-a685d2b3b65f,Keep
00007942,4287-RED,21995,1,0,dcd3d1bf-c749-4f63-afc2-a685d2b3b65f,Keep
00007943,IW-1206,27995,1,1,2981a0c7-9028-4542-9433-4ac818be9a6c,Keep
00007944,01-BROWN,20995,1,0,4858aa5c-de8e-495e-a525-84ae4f02d24f,Keep
00007945,02-SILVER,22995,1,1,4858aa5c-de8e-495e-a525-84ae4f02d24f,Keep
00007946,01-RED,370495,1,1,52e296de-15bc-4744-b6d7-fc3bfd23071d,Keep
00007947,2636,19995,1,1,1cd8fc62-16c2-475d-8e44-c714587c5d6e,Keep
00007948,3469,21995,1,0,1cd8fc62-16c2-475d-8e44-c714587c5d6e,Keep
00007949,4480,25995,1,1,1cd8fc62-16c2-475d-8e44-c714587c5d6e,Keep
00007950,3985,17995,1,1,1cd8fc62-16c2-475d-8e44-c714587c5d6e,Keep
00007951,3985,17995,1,1,1cd8fc62-16c2-475d-8e44-c714587c5d6e,Keep
00007952,DES-6054,13995,1,0,35834a3b-9245-4979-b589-87233d1d447a,Keep
00007953,PD0928,17395,1,1,965e0c2c-e264-49a0-987e-150aabdf5289,Keep
00007954,251058,137995,1,1,228fa92c-a970-4840-979c-8a33d88170a3,Keep
00007955,V-6001,39995,1,1,6dd62302-adf3-4a89-9a5a-91b198e01f9e,Keep
00007956,1553,49995,1,1,d2f5b67f-e413-45a2-8d99-863b561d0084,Keep
00007957,VA-115,8395,1,1,5d418ed7-d88f-4c40-bdf1-bad01671dfce,Keep
00007958,VA-115,8395,1,1,5d418ed7-d88f-4c40-bdf1-bad01671dfce,Keep
00007959,VA-121,6595,1,1,5d418ed7-d88f-4c40-bdf1-bad01671dfce,Keep
00007960,VA-121,6595,1,1,5d418ed7-d88f-4c40-bdf1-bad01671dfce,Keep
00007961,DH/PG-590/1685,36995,1,0,f7ff12cf-98b5-4c79-8087-6871505ec7c1,Keep
00007962,739,13995,1,1,f86046aa-7d13-4a62-96f6-070fbe55bace,Keep
00007963,739,13995,1,1,f86046aa-7d13-4a62-96f6-070fbe55bace,Keep
00007964,740,13995,1,1,f86046aa-7d13-4a62-96f6-070fbe55bace,Keep
00007965,740,13995,1,1,f86046aa-7d13-4a62-96f6-070fbe55bace,Keep
00007966,HB-1052,9995,1,1,3caf7277-f469-4d48-99c1-e7327c66fc0d,Keep
00007967,VA-120,6495,1,0,3caf7277-f469-4d48-99c1-e7327c66fc0d,Keep
00007968,VA-120,6495,1,0,3caf7277-f469-4d48-99c1-e7327c66fc0d,Keep
00007969,OR-007,6000,1,0,a7fc8729-0b69-485b-b4c4-81b1703cc9e1,Keep
00007970,260255,4995,1,1,bd344031-3426-44d9-a490-9c58f4addc35,Keep
00007971,260255,4995,1,1,bd344031-3426-44d9-a490-9c58f4addc35,Keep
00007972,260255,4995,1,1,bd344031-3426-44d9-a490-9c58f4addc35,Keep
00007973,260255,4995,1,1,bd344031-3426-44d9-a490-9c58f4addc35,Keep
00007974,260255,4995,1,1,bd344031-3426-44d9-a490-9c58f4addc35,Keep
00007975,S1ss24,150000,0,0,675a0a5b-5620-47af-9d76-5d113ea5c7f7,Keep
00007976,OD-011,150000,1,1,675a0a5b-5620-47af-9d76-5d113ea5c7f7,Keep
00007977,ORT-184-P,9395,1,1,0f12ca5c-0217-4304-8aa0-4f4522980ac7,Keep
00007978,ORT-184-P,9395,1,1,0f12ca5c-0217-4304-8aa0-4f4522980ac7,Keep
00007979,ORT-184-P,9395,1,1,0f12ca5c-0217-4304-8aa0-4f4522980ac7,Keep
00007980,ORT-184-P,9395,1,1,0f12ca5c-0217-4304-8aa0-4f4522980ac7,Keep
00007981,ORT-184-P,9395,1,1,0f12ca5c-0217-4304-8aa0-4f4522980ac7,Keep
00007982,ORT-184-P,9395,1,1,0f12ca5c-0217-4304-8aa0-4f4522980ac7,Keep
00007983,ORT-184-L,9395,1,1,0f12ca5c-0217-4304-8aa0-4f4522980ac7,Keep
00007984,ORT-184-L,9395,1,1,0f12ca5c-0217-4304-8aa0-4f4522980ac7,Keep
00007985,ORT-184-L,9395,1,1,0f12ca5c-0217-4304-8aa0-4f4522980ac7,Keep
00007986,ORT-184-L,9395,1,1,0f12ca5c-0217-4304-8aa0-4f4522980ac7,Keep
00007987,ORT-184-L,9395,1,1,0f12ca5c-0217-4304-8aa0-4f4522980ac7,Keep
00007988,ORT-184-L,9395,1,1,0f12ca5c-0217-4304-8aa0-4f4522980ac7,Keep
00007989,KP-266,11995,1,0,76f91e5d-a10e-4a57-960b-91fa757c34db,Keep
00007990,KP-266,11995,1,1,76f91e5d-a10e-4a57-960b-91fa757c34db,Keep
00007991,KP-266,11995,1,0,76f91e5d-a10e-4a57-960b-91fa757c34db,Keep
00007992,MNM-387,7395,1,1,76f91e5d-a10e-4a57-960b-91fa757c34db,Keep
00007993,MNM-387,7395,1,1,76f91e5d-a10e-4a57-960b-91fa757c34db,Keep
00007994,MNM-387,7395,1,1,76f91e5d-a10e-4a57-960b-91fa757c34db,Keep
00007995,ORT-192-C,11995,1,1,6edcaac9-f176-470a-87df-d2762d2b34d1,Keep
00007996,ORT-192-C,11995,1,1,6edcaac9-f176-470a-87df-d2762d2b34d1,Keep
00007997,ORT-192-C,11995,1,1,6edcaac9-f176-470a-87df-d2762d2b34d1,Keep
00007998,ORT-192-C,11995,1,1,6edcaac9-f176-470a-87df-d2762d2b34d1,Keep
00007999,ORT-192-C,11995,1,1,6edcaac9-f176-470a-87df-d2762d2b34d1,Keep
00008000,ORT-192-C,11995,1,1,6edcaac9-f176-470a-87df-d2762d2b34d1,Keep
00008001,ORT-133-G,9495,1,1,6edcaac9-f176-470a-87df-d2762d2b34d1,Keep
00008002,ORT-133-G,9495,1,1,6edcaac9-f176-470a-87df-d2762d2b34d1,Keep
00008003,ORT-133-G,9495,1,1,6edcaac9-f176-470a-87df-d2762d2b34d1,Keep
00008004,ORT-133-G,9495,1,1,6edcaac9-f176-470a-87df-d2762d2b34d1,Keep
00008005,ORT-133-G,9495,1,1,6edcaac9-f176-470a-87df-d2762d2b34d1,Keep
00008006,ORT-133-G,9495,1,1,6edcaac9-f176-470a-87df-d2762d2b34d1,Keep
00008007,E-126-R,10495,1,1,ce0f2f0e-dcfb-40aa-a7fc-15fd5110d95f,Keep
00008008,E-126-Y,10495,1,1,ce0f2f0e-dcfb-40aa-a7fc-15fd5110d95f,Keep
00008009,E-01,8095,1,1,ce0f2f0e-dcfb-40aa-a7fc-15fd5110d95f,Keep
00008010,E-01,8095,1,1,ce0f2f0e-dcfb-40aa-a7fc-15fd5110d95f,Keep
00008011,E-01,8095,1,1,ce0f2f0e-dcfb-40aa-a7fc-15fd5110d95f,Keep
00008012,E-01,8095,1,1,ce0f2f0e-dcfb-40aa-a7fc-15fd5110d95f,Keep
00008013,E-01,8095,1,1,ce0f2f0e-dcfb-40aa-a7fc-15fd5110d95f,Keep
00008014,E-69,7695,1,1,ce0f2f0e-dcfb-40aa-a7fc-15fd5110d95f,Keep
00008015,E-69,7695,1,1,ce0f2f0e-dcfb-40aa-a7fc-15fd5110d95f,Keep
00008016,E-69,7695,1,1,ce0f2f0e-dcfb-40aa-a7fc-15fd5110d95f,Keep
00008017,E-69,7695,1,1,ce0f2f0e-dcfb-40aa-a7fc-15fd5110d95f,Keep
00008018,E-69,7695,1,1,ce0f2f0e-dcfb-40aa-a7fc-15fd5110d95f,Keep
00008019,E-126-R,10495,1,1,ce0f2f0e-dcfb-40aa-a7fc-15fd5110d95f,Keep
00008020,E-126-Y,10495,1,1,ce0f2f0e-dcfb-40aa-a7fc-15fd5110d95f,Keep
00008021,12,2995,1,0,bddbd729-92f7-4079-b872-14d6811e1d66,Keep
00008022,16472,3995,2,2,047a0368-8dc3-4023-9a99-dde5e5e85214,Keep
00008023,16472,3995,2,2,047a0368-8dc3-4023-9a99-dde5e5e85214,Keep
00008024,16472,3995,2,2,047a0368-8dc3-4023-9a99-dde5e5e85214,Keep
00008025,16472,3995,2,2,047a0368-8dc3-4023-9a99-dde5e5e85214,Keep
00008026,25431,3195,2,2,047a0368-8dc3-4023-9a99-dde5e5e85214,Keep
00008027,25431,3195,2,2,047a0368-8dc3-4023-9a99-dde5e5e85214,Keep
00008028,25431,3195,2,2,047a0368-8dc3-4023-9a99-dde5e5e85214,Keep
00008029,25431,3195,2,2,047a0368-8dc3-4023-9a99-dde5e5e85214,Keep
00008030,25431-B,3195,1,1,047a0368-8dc3-4023-9a99-dde5e5e85214,Keep
00008031,25431-B,3195,1,1,047a0368-8dc3-4023-9a99-dde5e5e85214,Keep
00008032,25431-B,3195,1,1,047a0368-8dc3-4023-9a99-dde5e5e85214,Keep
00008033,6901,6995,1,1,047a0368-8dc3-4023-9a99-dde5e5e85214,Keep
00008034,6901,6995,1,1,047a0368-8dc3-4023-9a99-dde5e5e85214,Keep
00008035,6901,6995,1,1,047a0368-8dc3-4023-9a99-dde5e5e85214,Keep
00008036,6901,6995,1,1,047a0368-8dc3-4023-9a99-dde5e5e85214,Keep
00008037,6901- B,6995,1,1,047a0368-8dc3-4023-9a99-dde5e5e85214,Keep
00008038,6901- B,6995,1,1,047a0368-8dc3-4023-9a99-dde5e5e85214,Keep
00008039,6901- B,6995,1,1,047a0368-8dc3-4023-9a99-dde5e5e85214,Keep
00008040,6905,3895,1,0,6ea15ca0-293c-45c2-b909-998699ea45c2,Keep
00008041,6905,3895,1,1,6ea15ca0-293c-45c2-b909-998699ea45c2,Keep
00008042,6905,3895,1,1,6ea15ca0-293c-45c2-b909-998699ea45c2,Keep
00008043,6905-B,3895,1,1,6ea15ca0-293c-45c2-b909-998699ea45c2,Keep
00008044,9003,5295,2,2,047a0368-8dc3-4023-9a99-dde5e5e85214,Keep
00008045,9003,5295,2,2,047a0368-8dc3-4023-9a99-dde5e5e85214,Keep
00008046,9003,5295,2,2,047a0368-8dc3-4023-9a99-dde5e5e85214,Keep
00008047,9003,5295,2,2,047a0368-8dc3-4023-9a99-dde5e5e85214,Keep
00008048,9003-B,5295,1,1,047a0368-8dc3-4023-9a99-dde5e5e85214,Keep
00008049,9003-B,5295,1,1,047a0368-8dc3-4023-9a99-dde5e5e85214,Keep
00008050,9003-B,5295,1,1,047a0368-8dc3-4023-9a99-dde5e5e85214,Keep
00008051,9013,3695,2,2,047a0368-8dc3-4023-9a99-dde5e5e85214,Keep
00008052,9013,3695,2,2,047a0368-8dc3-4023-9a99-dde5e5e85214,Keep
00008053,9013,3695,2,2,047a0368-8dc3-4023-9a99-dde5e5e85214,Keep
00008054,9013,3695,2,2,047a0368-8dc3-4023-9a99-dde5e5e85214,Keep
00008055,9013-B,3695,1,0,047a0368-8dc3-4023-9a99-dde5e5e85214,Keep
00008056,9013-B,3695,1,1,047a0368-8dc3-4023-9a99-dde5e5e85214,Keep
00008057,9013-B,3695,1,0,047a0368-8dc3-4023-9a99-dde5e5e85214,Keep
00008058,9014,3695,2,2,047a0368-8dc3-4023-9a99-dde5e5e85214,Keep
00008059,9014,3695,2,2,047a0368-8dc3-4023-9a99-dde5e5e85214,Keep
00008060,9014,3695,2,2,047a0368-8dc3-4023-9a99-dde5e5e85214,Keep
00008061,9014,3695,2,2,047a0368-8dc3-4023-9a99-dde5e5e85214,Keep
00008062,9014-B,3695,1,1,047a0368-8dc3-4023-9a99-dde5e5e85214,Keep
00008063,9014-B,3695,1,0,047a0368-8dc3-4023-9a99-dde5e5e85214,Keep
00008064,9014-B,3695,1,1,047a0368-8dc3-4023-9a99-dde5e5e85214,Keep
00008065,9019,5495,2,2,047a0368-8dc3-4023-9a99-dde5e5e85214,Keep
00008066,9019,5495,2,2,047a0368-8dc3-4023-9a99-dde5e5e85214,Keep
00008067,9019,5495,2,2,047a0368-8dc3-4023-9a99-dde5e5e85214,Keep
00008068,9019,5495,2,2,047a0368-8dc3-4023-9a99-dde5e5e85214,Keep
00008069,9019-B,5495,1,1,047a0368-8dc3-4023-9a99-dde5e5e85214,Keep
00008070,347,7795,1,1,15c610c0-4c51-4ac0-a7d3-6ebe4002b72b,Keep
00008071,4022,7795,1,1,64388f11-8b6c-47dc-95ce-6ae312e83f11,Keep
00008072,4022,7795,1,1,64388f11-8b6c-47dc-95ce-6ae312e83f11,Keep
00008073,13039-GREEN,11995,1,0,9cf246b9-a7af-4bf6-87f5-fa54ec5fa7f7,Keep
00008074,13039-GOLDEN,11995,1,0,9cf246b9-a7af-4bf6-87f5-fa54ec5fa7f7,Keep
00008075,12099-CREAM,7995,1,0,9cf246b9-a7af-4bf6-87f5-fa54ec5fa7f7,Keep
00008076,12099-PINK,7995,1,0,9cf246b9-a7af-4bf6-87f5-fa54ec5fa7f7,Keep
00008077,13070-SKY BLUE,11795,1,0,9cf246b9-a7af-4bf6-87f5-fa54ec5fa7f7,Keep
00008078,13085,7995,1,0,9cf246b9-a7af-4bf6-87f5-fa54ec5fa7f7,Keep
00008079,12086,9795,1,0,9cf246b9-a7af-4bf6-87f5-fa54ec5fa7f7,Keep
00008080,13056,8395,1,0,9cf246b9-a7af-4bf6-87f5-fa54ec5fa7f7,Keep
00008081,12083,10995,1,0,9cf246b9-a7af-4bf6-87f5-fa54ec5fa7f7,Keep
00008082,12,40195,1,1,8b5d5d09-ed4c-47f0-b0fc-c83a783b8b7f,Keep
00008083,12-B,3495,1,1,8b5d5d09-ed4c-47f0-b0fc-c83a783b8b7f,Keep
00008084,15,41495,1,1,8b5d5d09-ed4c-47f0-b0fc-c83a783b8b7f,Keep
00008085,15-B,3495,1,1,8b5d5d09-ed4c-47f0-b0fc-c83a783b8b7f,Keep
00008086,205,42195,1,0,8b5d5d09-ed4c-47f0-b0fc-c83a783b8b7f,Keep
00008087,205-B,3495,1,0,8b5d5d09-ed4c-47f0-b0fc-c83a783b8b7f,Keep
00008088,209,43995,1,0,8b5d5d09-ed4c-47f0-b0fc-c83a783b8b7f,Keep
00008089,209-B,3495,1,0,8b5d5d09-ed4c-47f0-b0fc-c83a783b8b7f,Keep
00008090,64,41495,1,0,8b5d5d09-ed4c-47f0-b0fc-c83a783b8b7f,Keep
00008091,64-B,3495,1,0,8b5d5d09-ed4c-47f0-b0fc-c83a783b8b7f,Keep
00008092,68,36995,1,0,8b5d5d09-ed4c-47f0-b0fc-c83a783b8b7f,Keep
00008093,68-B,4695,1,0,8b5d5d09-ed4c-47f0-b0fc-c83a783b8b7f,Keep
00008094,25048,197995,1,1,ac5c4daa-bb99-42b6-9cc1-7331c6600a0f,Keep
00008095,5117,47995,1,1,92e227fc-7b5e-4b64-be4b-cdb53bbb696e,Keep
00008096,V-2045,43695,1,1,8dde47e5-dcc6-4bd8-ab2d-14091c56c0b0,Keep
00008097,V-2013,27695,1,1,8dde47e5-dcc6-4bd8-ab2d-14091c56c0b0,Keep
00008098,1135-BLUE,10495,1,1,7e89c440-6e44-4ee9-af24-91937affbbce,Keep
00008099,1135-BLUE,10495,1,1,7e89c440-6e44-4ee9-af24-91937affbbce,Keep
00008100,1135-BLUE,10495,1,1,7e89c440-6e44-4ee9-af24-91937affbbce,Keep
00008101,1135-BLUE,10495,1,1,7e89c440-6e44-4ee9-af24-91937affbbce,Keep
00008102,1135-CREAM,10495,1,1,7e89c440-6e44-4ee9-af24-91937affbbce,Keep
00008103,1135-CREAM,10495,1,1,7e89c440-6e44-4ee9-af24-91937affbbce,Keep
00008104,1135-CREAM,10495,1,1,7e89c440-6e44-4ee9-af24-91937affbbce,Keep
00008105,1135-CREAM,10495,1,1,7e89c440-6e44-4ee9-af24-91937affbbce,Keep
00008106,1135-WINE,10495,1,1,7e89c440-6e44-4ee9-af24-91937affbbce,Keep
00008107,1135-WINE,10495,1,1,7e89c440-6e44-4ee9-af24-91937affbbce,Keep
00008108,1135-WINE,10495,1,1,7e89c440-6e44-4ee9-af24-91937affbbce,Keep
00008109,1135-WINE,10495,1,1,7e89c440-6e44-4ee9-af24-91937affbbce,Keep
00008110,1920,45695,1,0,852fbbe1-457f-49df-b006-65f7d58c5023,Keep
00008111,4150,39995,1,1,14ee6f7a-dc4f-4d45-a3fc-91eab9cf836a,Keep
00008112,2146,11995,1,1,9bbc79ca-3534-48d8-9693-8d07177cf4c7,Keep
00008113,DS-1068,28995,1,1,7a19c7b0-fb7c-48dc-a075-e892a392c2ca,Keep
00008114,IW-1184A,28995,1,1,7a19c7b0-fb7c-48dc-a075-e892a392c2ca,Keep
00008115,IW-1185,37995,1,1,7a19c7b0-fb7c-48dc-a075-e892a392c2ca,Keep
00008116,IW-1234,26995,1,0,7a19c7b0-fb7c-48dc-a075-e892a392c2ca,Keep
00008117,S-8556,23395,1,0,7a19c7b0-fb7c-48dc-a075-e892a392c2ca,Keep
00008118,S-8556,23395,1,1,7a19c7b0-fb7c-48dc-a075-e892a392c2ca,Keep
00008119,1509,51395,1,1,04b5bd69-5d0c-4abb-b87d-5f5aeb4ce78a,Keep
00008120,E-305,4995,1,0,841be28a-8d57-4d20-be8f-f78ff86f62fd,Keep
00008121,E-305,4995,1,1,841be28a-8d57-4d20-be8f-f78ff86f62fd,Keep
00008122,E-305,4995,1,1,841be28a-8d57-4d20-be8f-f78ff86f62fd,Keep
00008123,E-305,4995,1,1,841be28a-8d57-4d20-be8f-f78ff86f62fd,Keep
00008124,8403,28395,1,1,724bfdec-588f-4772-966a-412c903394b9,Keep
00008125,8365,21995,1,1,724bfdec-588f-4772-966a-412c903394b9,Keep
00008126,E-612,8995,1,0,dbe59e75-9662-42a6-915d-6c2af3c82581,Keep
00008127,E-612,8995,1,1,dbe59e75-9662-42a6-915d-6c2af3c82581,Keep
00008128,E-612,8995,1,1,dbe59e75-9662-42a6-915d-6c2af3c82581,Keep
00008129,E-612,8995,1,1,dbe59e75-9662-42a6-915d-6c2af3c82581,Keep
00008130,E-623,8495,1,1,dbe59e75-9662-42a6-915d-6c2af3c82581,Keep
00008131,E-623,8495,1,1,dbe59e75-9662-42a6-915d-6c2af3c82581,Keep
00008132,E-623,8495,1,1,dbe59e75-9662-42a6-915d-6c2af3c82581,Keep
00008133,E-623,8495,1,1,dbe59e75-9662-42a6-915d-6c2af3c82581,Keep
00008134,4234,3995,1,0,11336afc-5490-41aa-a37d-a7be0e9beaad,Keep
00008135,4234,3995,1,0,11336afc-5490-41aa-a37d-a7be0e9beaad,Keep
00008136,4234,3995,1,0,11336afc-5490-41aa-a37d-a7be0e9beaad,Keep
00008137,4234,3995,1,0,11336afc-5490-41aa-a37d-a7be0e9beaad,Keep
00008138,4242,4995,1,1,11336afc-5490-41aa-a37d-a7be0e9beaad,Keep
00008139,4242,4995,1,0,11336afc-5490-41aa-a37d-a7be0e9beaad,Keep
00008140,4242,4995,1,1,11336afc-5490-41aa-a37d-a7be0e9beaad,Keep
00008141,4242,4995,1,0,11336afc-5490-41aa-a37d-a7be0e9beaad,Keep
00008142,4222,4995,1,0,11336afc-5490-41aa-a37d-a7be0e9beaad,Keep
00008143,4222,4995,1,0,11336afc-5490-41aa-a37d-a7be0e9beaad,Keep
00008144,4222,4995,1,0,11336afc-5490-41aa-a37d-a7be0e9beaad,Keep
00008145,4222,4995,1,0,11336afc-5490-41aa-a37d-a7be0e9beaad,Keep
00008146,7850-GOLD,6695,1,1,1870a930-8500-4a58-8c22-948f70e4caec,Keep
00008147,7850-RANI,6695,1,1,1870a930-8500-4a58-8c22-948f70e4caec,Keep
00008148,22622-CREAM,6895,1,1,1870a930-8500-4a58-8c22-948f70e4caec,Keep
00008149,22622-YELLOW,6895,1,1,1870a930-8500-4a58-8c22-948f70e4caec,Keep
00008150,7112-PURPLE,5095,1,1,1870a930-8500-4a58-8c22-948f70e4caec,Keep
00008151,7112-PINK,5095,1,1,1870a930-8500-4a58-8c22-948f70e4caec,Keep
00008152,7112-GREEN,5095,1,1,1870a930-8500-4a58-8c22-948f70e4caec,Keep
00008153,7112-YELLOW,5095,1,1,1870a930-8500-4a58-8c22-948f70e4caec,Keep
00008154,8052-BLUE,6695,1,1,1870a930-8500-4a58-8c22-948f70e4caec,Keep
00008155,8052-PINK,6695,1,1,1870a930-8500-4a58-8c22-948f70e4caec,Keep
00008156,25361-GREEN,10695,1,1,1870a930-8500-4a58-8c22-948f70e4caec,Keep
00008157,25361-PINK,10695,1,1,1870a930-8500-4a58-8c22-948f70e4caec,Keep
00008158,OR-301,18995,0,0,0a1b6d97-655b-4e9c-9226-e285472ba8f5,Keep
00008159,OR-006,59995,0,0,23f3a827-785d-4f71-a3c9-dbbd86574444,Keep
00008160,OR-301-1-FLOOR,18995,1,0,0a1b6d97-655b-4e9c-9226-e285472ba8f5,Keep
00008161,OR-006-4FLOOR,59995,0,0,23f3a827-785d-4f71-a3c9-dbbd86574444,Keep
00008162,OR--006--4FLOOR,59995,1,1,23f3a827-785d-4f71-a3c9-dbbd86574444,Keep
00008163,9613,7295,1,1,c64b4273-01c7-44da-8329-691c742aaa28,Keep
00008164,7362,15195,1,0,c64b4273-01c7-44da-8329-691c742aaa28,Keep
00008165,8615,12595,1,1,c64b4273-01c7-44da-8329-691c742aaa28,Keep
00008166,8121,23795,1,0,c64b4273-01c7-44da-8329-691c742aaa28,Keep
00008167,7205,16795,1,0,c64b4273-01c7-44da-8329-691c742aaa28,Keep
00008168,7139,20195,1,0,c64b4273-01c7-44da-8329-691c742aaa28,Keep
00008169,7139-02,20195,1,1,c64b4273-01c7-44da-8329-691c742aaa28,Keep
00008170,8973,13795,1,0,c64b4273-01c7-44da-8329-691c742aaa28,Keep
00008171,8973-02,13795,1,0,c64b4273-01c7-44da-8329-691c742aaa28,Keep
00008172,8973-03,13795,1,0,c64b4273-01c7-44da-8329-691c742aaa28,Keep
00008173,01-,18895,1,1,a78d12ad-8f9e-4b3d-88ce-f395dd2cc132,Keep
00008174,02,19995,1,1,a78d12ad-8f9e-4b3d-88ce-f395dd2cc132,Keep
00008175,02-2/2,19995,1,0,a78d12ad-8f9e-4b3d-88ce-f395dd2cc132,Keep
00008176,03,13195,1,1,a78d12ad-8f9e-4b3d-88ce-f395dd2cc132,Keep
00008177,04,13195,1,0,a78d12ad-8f9e-4b3d-88ce-f395dd2cc132,Keep
00008178,05,16195,1,0,a78d12ad-8f9e-4b3d-88ce-f395dd2cc132,Keep
00008179,06,27595,1,1,a78d12ad-8f9e-4b3d-88ce-f395dd2cc132,Keep
00008180,07,13195,1,1,a78d12ad-8f9e-4b3d-88ce-f395dd2cc132,Keep
00008181,HA-6023,8595,1,1,eba50fe8-c993-469b-9da0-37ed071cb9f0,Keep
00008182,E-133,8395,1,0,3b40df86-d4dc-4a17-95f4-e13bb1a47bc9,Keep
00008183,01,7995,1,0,537e4657-ceda-45b3-a33c-83ccaf2392ec,Keep
00008184,0376,15795,2,0,24d69d60-4de2-4b67-beaf-cd1ad7c17421,Keep
00008185,0376,15795,1,0,24d69d60-4de2-4b67-beaf-cd1ad7c17421,Keep
00008186,0376,15795,2,0,24d69d60-4de2-4b67-beaf-cd1ad7c17421,Keep
00008187,0376-02,15795,1,0,24d69d60-4de2-4b67-beaf-cd1ad7c17421,Keep
00008188,0400,16595,1,0,24d69d60-4de2-4b67-beaf-cd1ad7c17421,Keep
00008189,0400,16595,1,0,24d69d60-4de2-4b67-beaf-cd1ad7c17421,Keep
00008190,0400,16595,1,0,24d69d60-4de2-4b67-beaf-cd1ad7c17421,Keep
00008191,0400-02,16595,1,0,24d69d60-4de2-4b67-beaf-cd1ad7c17421,Keep
00008192,415,15595,1,0,24d69d60-4de2-4b67-beaf-cd1ad7c17421,Keep
00008193,415,15595,1,0,24d69d60-4de2-4b67-beaf-cd1ad7c17421,Keep
00008194,547,13595,1,0,24d69d60-4de2-4b67-beaf-cd1ad7c17421,Keep
00008195,560,14195,1,0,24d69d60-4de2-4b67-beaf-cd1ad7c17421,Keep
00008196,560-02,14195,1,0,24d69d60-4de2-4b67-beaf-cd1ad7c17421,Keep
00008197,0593,17295,1,0,24d69d60-4de2-4b67-beaf-cd1ad7c17421,Keep
00008198,0593-02,17295,1,0,24d69d60-4de2-4b67-beaf-cd1ad7c17421,Keep
00008199,0601,13895,1,0,24d69d60-4de2-4b67-beaf-cd1ad7c17421,Keep
00008200,0601,13895,1,0,24d69d60-4de2-4b67-beaf-cd1ad7c17421,Keep
00008201,0643,12795,3,0,24d69d60-4de2-4b67-beaf-cd1ad7c17421,Keep
00008202,0643,12795,1,0,24d69d60-4de2-4b67-beaf-cd1ad7c17421,Keep
00008203,0643-02,12795,1,0,24d69d60-4de2-4b67-beaf-cd1ad7c17421,Keep
00008204,0669,14595,1,0,24d69d60-4de2-4b67-beaf-cd1ad7c17421,Keep
00008205,0669-02,14595,1,0,24d69d60-4de2-4b67-beaf-cd1ad7c17421,Keep
00008206,0677,13795,2,0,24d69d60-4de2-4b67-beaf-cd1ad7c17421,Keep
00008207,0677-02,13795,2,0,24d69d60-4de2-4b67-beaf-cd1ad7c17421,Keep
00008208,0361,8395,1,0,dd05c089-9f68-41a0-a9be-a6253713e840,Keep
00008209,0361-02,8395,1,0,dd05c089-9f68-41a0-a9be-a6253713e840,Keep
00008210,0404,9495,1,0,dd05c089-9f68-41a0-a9be-a6253713e840,Keep
00008211,0404,9428,0,0,dd05c089-9f68-41a0-a9be-a6253713e840,Keep
00008212,9002,7995,1,1,5a9a09ff-6a94-49b7-9707-13a7be88e8d7,Keep
00008213,9002,7995,1,1,5a9a09ff-6a94-49b7-9707-13a7be88e8d7,Keep
00008214,3032,8195,1,1,5a9a09ff-6a94-49b7-9707-13a7be88e8d7,Keep
00008215,3032,8195,1,1,5a9a09ff-6a94-49b7-9707-13a7be88e8d7,Keep
00008216,3032,8195,1,1,5a9a09ff-6a94-49b7-9707-13a7be88e8d7,Keep
00008217,3032,8195,1,1,5a9a09ff-6a94-49b7-9707-13a7be88e8d7,Keep
00008218,86941,4795,0,0,2ccf32d1-7c79-49fb-a2e6-dc2931517eb6,Keep
00008219,86941,4795,0,0,2ccf32d1-7c79-49fb-a2e6-dc2931517eb6,Keep
00008220,86941,4795,0,0,2ccf32d1-7c79-49fb-a2e6-dc2931517eb6,Keep
00008221,86941,4795,0,0,2ccf32d1-7c79-49fb-a2e6-dc2931517eb6,Keep
00008222,86941,4795,0,0,2ccf32d1-7c79-49fb-a2e6-dc2931517eb6,Keep
00008223,86943,4995,1,0,2ccf32d1-7c79-49fb-a2e6-dc2931517eb6,Keep
00008224,86943,4995,1,0,2ccf32d1-7c79-49fb-a2e6-dc2931517eb6,Keep
00008225,86943,4995,1,0,2ccf32d1-7c79-49fb-a2e6-dc2931517eb6,Keep
00008226,86943,4995,1,0,2ccf32d1-7c79-49fb-a2e6-dc2931517eb6,Keep
00008227,86943,4995,1,1,2ccf32d1-7c79-49fb-a2e6-dc2931517eb6,Keep
00008228,86945,4995,1,1,2ccf32d1-7c79-49fb-a2e6-dc2931517eb6,Keep
00008229,86945,4995,1,0,2ccf32d1-7c79-49fb-a2e6-dc2931517eb6,Keep
00008230,86945,4995,1,1,2ccf32d1-7c79-49fb-a2e6-dc2931517eb6,Keep
00008231,86945,4995,1,1,2ccf32d1-7c79-49fb-a2e6-dc2931517eb6,Keep
00008232,86945,4995,1,1,2ccf32d1-7c79-49fb-a2e6-dc2931517eb6,Keep
00008233,86945,4995,1,1,2ccf32d1-7c79-49fb-a2e6-dc2931517eb6,Keep
00008234,86948,4795,1,1,2ccf32d1-7c79-49fb-a2e6-dc2931517eb6,Keep
00008235,86948,4795,1,0,2ccf32d1-7c79-49fb-a2e6-dc2931517eb6,Keep
00008236,86948,4795,1,0,2ccf32d1-7c79-49fb-a2e6-dc2931517eb6,Keep
00008237,86948,4795,1,1,2ccf32d1-7c79-49fb-a2e6-dc2931517eb6,Keep
00008238,86948,4795,1,1,2ccf32d1-7c79-49fb-a2e6-dc2931517eb6,Keep
00008239,86952,5495,0,0,2ccf32d1-7c79-49fb-a2e6-dc2931517eb6,Keep
00008240,86952,5495,0,0,2ccf32d1-7c79-49fb-a2e6-dc2931517eb6,Keep
00008241,86952,5495,0,0,2ccf32d1-7c79-49fb-a2e6-dc2931517eb6,Keep
00008242,86952,5495,0,0,2ccf32d1-7c79-49fb-a2e6-dc2931517eb6,Keep
00008243,86952,5495,0,0,2ccf32d1-7c79-49fb-a2e6-dc2931517eb6,Keep
00008244,86624,5295,1,1,2ccf32d1-7c79-49fb-a2e6-dc2931517eb6,Keep
00008245,86624,5295,1,0,2ccf32d1-7c79-49fb-a2e6-dc2931517eb6,Keep
00008246,86624,5295,1,1,2ccf32d1-7c79-49fb-a2e6-dc2931517eb6,Keep
00008247,86624,5295,1,1,2ccf32d1-7c79-49fb-a2e6-dc2931517eb6,Keep
00008248,86624,5295,1,1,2ccf32d1-7c79-49fb-a2e6-dc2931517eb6,Keep
00008249,86671-BR,3395,1,1,2ccf32d1-7c79-49fb-a2e6-dc2931517eb6,Keep
00008250,86671-BR,3395,1,1,2ccf32d1-7c79-49fb-a2e6-dc2931517eb6,Keep
00008251,86671-BR,3395,1,1,2ccf32d1-7c79-49fb-a2e6-dc2931517eb6,Keep
00008252,86671-BR,3395,1,1,2ccf32d1-7c79-49fb-a2e6-dc2931517eb6,Keep
00008253,86671-BR,3395,1,1,2ccf32d1-7c79-49fb-a2e6-dc2931517eb6,Keep
00008254,86671-BG,3395,1,1,2ccf32d1-7c79-49fb-a2e6-dc2931517eb6,Keep
00008255,86671-BG,3395,1,1,2ccf32d1-7c79-49fb-a2e6-dc2931517eb6,Keep
00008256,86671-BG,3395,1,1,2ccf32d1-7c79-49fb-a2e6-dc2931517eb6,Keep
00008257,86671-BG,3395,1,1,2ccf32d1-7c79-49fb-a2e6-dc2931517eb6,Keep
00008258,86671-BG,3395,1,1,2ccf32d1-7c79-49fb-a2e6-dc2931517eb6,Keep
00008259,87253-WH,4195,1,1,2ccf32d1-7c79-49fb-a2e6-dc2931517eb6,Keep
00008260,87253-WH,4195,1,1,2ccf32d1-7c79-49fb-a2e6-dc2931517eb6,Keep
00008261,87253-WH,4195,1,1,2ccf32d1-7c79-49fb-a2e6-dc2931517eb6,Keep
00008262,87253-WH,4195,1,1,2ccf32d1-7c79-49fb-a2e6-dc2931517eb6,Keep
00008263,87253-WH,4195,1,1,2ccf32d1-7c79-49fb-a2e6-dc2931517eb6,Keep
00008264,87253-BG,4195,1,1,2ccf32d1-7c79-49fb-a2e6-dc2931517eb6,Keep
00008265,87253-BG,4195,1,1,2ccf32d1-7c79-49fb-a2e6-dc2931517eb6,Keep
00008266,87253-BG,4195,1,1,2ccf32d1-7c79-49fb-a2e6-dc2931517eb6,Keep
00008267,87253-BG,4195,1,1,2ccf32d1-7c79-49fb-a2e6-dc2931517eb6,Keep
00008268,87253-BG,4195,1,1,2ccf32d1-7c79-49fb-a2e6-dc2931517eb6,Keep
00008269,87384-WH,3795,1,1,2ccf32d1-7c79-49fb-a2e6-dc2931517eb6,Keep
00008270,87384-WH,3795,1,1,2ccf32d1-7c79-49fb-a2e6-dc2931517eb6,Keep
00008271,87384-WH,3795,1,1,2ccf32d1-7c79-49fb-a2e6-dc2931517eb6,Keep
00008272,87384-WH,3795,1,1,2ccf32d1-7c79-49fb-a2e6-dc2931517eb6,Keep
00008273,87384-WH,3795,1,1,2ccf32d1-7c79-49fb-a2e6-dc2931517eb6,Keep
00008274,87384-BR,3795,1,1,2ccf32d1-7c79-49fb-a2e6-dc2931517eb6,Keep
00008275,87384-BR,3795,1,1,2ccf32d1-7c79-49fb-a2e6-dc2931517eb6,Keep
00008276,87384-BR,3795,1,1,2ccf32d1-7c79-49fb-a2e6-dc2931517eb6,Keep
00008277,87384-BR,3795,1,1,2ccf32d1-7c79-49fb-a2e6-dc2931517eb6,Keep
00008278,87384-BR,3795,1,1,2ccf32d1-7c79-49fb-a2e6-dc2931517eb6,Keep
00008279,87446-WH,3895,1,1,2ccf32d1-7c79-49fb-a2e6-dc2931517eb6,Keep
00008280,87446-WH,3895,1,1,2ccf32d1-7c79-49fb-a2e6-dc2931517eb6,Keep
00008281,87446-WH,3895,1,1,2ccf32d1-7c79-49fb-a2e6-dc2931517eb6,Keep
00008282,87446-WH,3895,1,1,2ccf32d1-7c79-49fb-a2e6-dc2931517eb6,Keep
00008283,87446-WH,3895,1,1,2ccf32d1-7c79-49fb-a2e6-dc2931517eb6,Keep
00008284,87446-SB,3895,1,1,2ccf32d1-7c79-49fb-a2e6-dc2931517eb6,Keep
00008285,87446-SB,3895,1,1,2ccf32d1-7c79-49fb-a2e6-dc2931517eb6,Keep
00008286,87446-SB,3895,1,1,2ccf32d1-7c79-49fb-a2e6-dc2931517eb6,Keep
00008287,87446-SB,3895,1,1,2ccf32d1-7c79-49fb-a2e6-dc2931517eb6,Keep
00008288,87446-SB,3895,1,1,2ccf32d1-7c79-49fb-a2e6-dc2931517eb6,Keep
00008289,87447-PK,3895,1,1,2ccf32d1-7c79-49fb-a2e6-dc2931517eb6,Keep
00008290,87447-PK,3895,1,1,2ccf32d1-7c79-49fb-a2e6-dc2931517eb6,Keep
00008291,87447-PK,3895,1,1,2ccf32d1-7c79-49fb-a2e6-dc2931517eb6,Keep
00008292,87447-PK,3895,1,1,2ccf32d1-7c79-49fb-a2e6-dc2931517eb6,Keep
00008293,87447-PK,3895,1,1,2ccf32d1-7c79-49fb-a2e6-dc2931517eb6,Keep
00008294,87447-YL,3895,1,1,2ccf32d1-7c79-49fb-a2e6-dc2931517eb6,Keep
00008295,87447-YL,3895,1,1,2ccf32d1-7c79-49fb-a2e6-dc2931517eb6,Keep
00008296,87447-YL,3895,1,1,2ccf32d1-7c79-49fb-a2e6-dc2931517eb6,Keep
00008297,87447-YL,3895,1,1,2ccf32d1-7c79-49fb-a2e6-dc2931517eb6,Keep
00008298,87447-YL,3895,1,1,2ccf32d1-7c79-49fb-a2e6-dc2931517eb6,Keep
00008299,87498-BR,3895,1,1,2ccf32d1-7c79-49fb-a2e6-dc2931517eb6,Keep
00008300,87498-BR,3895,1,1,2ccf32d1-7c79-49fb-a2e6-dc2931517eb6,Keep
00008301,87498-BR,3895,1,1,2ccf32d1-7c79-49fb-a2e6-dc2931517eb6,Keep
00008302,87498-BR,3895,1,1,2ccf32d1-7c79-49fb-a2e6-dc2931517eb6,Keep
00008303,87498-BR,3895,1,1,2ccf32d1-7c79-49fb-a2e6-dc2931517eb6,Keep
00008304,87498-GY,3895,1,1,2ccf32d1-7c79-49fb-a2e6-dc2931517eb6,Keep
00008305,87498-GY,3895,1,1,2ccf32d1-7c79-49fb-a2e6-dc2931517eb6,Keep
00008306,87498-GY,3895,1,1,2ccf32d1-7c79-49fb-a2e6-dc2931517eb6,Keep
00008307,87498-GY,3895,1,1,2ccf32d1-7c79-49fb-a2e6-dc2931517eb6,Keep
00008308,87498-GY,3895,1,1,2ccf32d1-7c79-49fb-a2e6-dc2931517eb6,Keep
00008309,87521,3995,1,1,2ccf32d1-7c79-49fb-a2e6-dc2931517eb6,Keep
00008310,87521,3995,1,1,2ccf32d1-7c79-49fb-a2e6-dc2931517eb6,Keep
00008311,87521,3995,1,1,2ccf32d1-7c79-49fb-a2e6-dc2931517eb6,Keep
00008312,87521,3995,1,1,2ccf32d1-7c79-49fb-a2e6-dc2931517eb6,Keep
00008313,87521,3995,1,1,2ccf32d1-7c79-49fb-a2e6-dc2931517eb6,Keep
00008314,DES-6374-A,14595,1,0,2f252216-89dd-4fe4-a99f-0cd7c1d5a0ae,Keep
00008315,DES-6374-B,14595,1,0,2f252216-89dd-4fe4-a99f-0cd7c1d5a0ae,Keep
00008316,DES-6374-C,13995,1,0,2f252216-89dd-4fe4-a99f-0cd7c1d5a0ae,Keep
00008317,DES-6206,14595,0,0,a19f3707-096b-4828-86be-3ab7a91e49a8,Keep
00008318,DES-6060,17995,0,0,a19f3707-096b-4828-86be-3ab7a91e49a8,Keep
00008319,DES-6299-A,7995,1,1,2f252216-89dd-4fe4-a99f-0cd7c1d5a0ae,Keep
00008320,DES-6299-B,7995,1,1,2f252216-89dd-4fe4-a99f-0cd7c1d5a0ae,Keep
00008321,DES-6193,21595,1,1,2f252216-89dd-4fe4-a99f-0cd7c1d5a0ae,Keep
00008322,DES-6355,15995,1,1,2f252216-89dd-4fe4-a99f-0cd7c1d5a0ae,Keep
00008323,DES-6375-G,9995,1,1,2f252216-89dd-4fe4-a99f-0cd7c1d5a0ae,Keep
00008324,DES-6375-L,9995,1,1,2f252216-89dd-4fe4-a99f-0cd7c1d5a0ae,Keep
00008325,DES-6197-P,14595,1,1,2f252216-89dd-4fe4-a99f-0cd7c1d5a0ae,Keep
00008326,DES-6197-B,14595,1,0,2f252216-89dd-4fe4-a99f-0cd7c1d5a0ae,Keep
00008327,DES-6369,15395,1,1,2f252216-89dd-4fe4-a99f-0cd7c1d5a0ae,Keep
00008328,DES-6379,14595,1,1,2f252216-89dd-4fe4-a99f-0cd7c1d5a0ae,Keep
00008329,DES-6386,11595,1,1,2f252216-89dd-4fe4-a99f-0cd7c1d5a0ae,Keep
00008330,DES-6417-G,13995,1,1,2f252216-89dd-4fe4-a99f-0cd7c1d5a0ae,Keep
00008331,DES-6417-YL,13995,1,1,2f252216-89dd-4fe4-a99f-0cd7c1d5a0ae,Keep
00008332,DES-6410,10995,0,0,a19f3707-096b-4828-86be-3ab7a91e49a8,Keep
00008333,86941-A,4795,1,1,2ccf32d1-7c79-49fb-a2e6-dc2931517eb6,Keep
00008334,86941-A,4795,1,0,2ccf32d1-7c79-49fb-a2e6-dc2931517eb6,Keep
00008335,86941-A,4795,1,1,2ccf32d1-7c79-49fb-a2e6-dc2931517eb6,Keep
00008336,86941-A,4795,1,1,2ccf32d1-7c79-49fb-a2e6-dc2931517eb6,Keep
00008337,86941-B,4795,1,1,2ccf32d1-7c79-49fb-a2e6-dc2931517eb6,Keep
00008338,86952-A,5495,1,1,2ccf32d1-7c79-49fb-a2e6-dc2931517eb6,Keep
00008339,86952-A,5495,1,0,2ccf32d1-7c79-49fb-a2e6-dc2931517eb6,Keep
00008340,86952-A,5495,1,0,2ccf32d1-7c79-49fb-a2e6-dc2931517eb6,Keep
00008341,86952-A,5495,1,0,2ccf32d1-7c79-49fb-a2e6-dc2931517eb6,Keep
00008342,86952-B,5495,1,0,2ccf32d1-7c79-49fb-a2e6-dc2931517eb6,Keep
00008343,Z-7624-B,19995,1,1,cb843361-5eb5-4f8e-9eaa-782aff9887fb,Keep
00008344,Z-7624-P,19995,1,0,cb843361-5eb5-4f8e-9eaa-782aff9887fb,Keep
00008345,K-38880,23995,1,0,cb843361-5eb5-4f8e-9eaa-782aff9887fb,Keep
00008346,K-3946,23395,1,0,cb843361-5eb5-4f8e-9eaa-782aff9887fb,Keep
00008347,K-3884,19995,1,0,cb843361-5eb5-4f8e-9eaa-782aff9887fb,Keep
00008348,01-BLACK,8995,1,1,147b454a-59ce-4222-9f62-c061ceb0de8c,Keep
00008349,02-BLACK,7995,3,3,147b454a-59ce-4222-9f62-c061ceb0de8c,Keep
00008350,03-WHITE,6995,1,1,147b454a-59ce-4222-9f62-c061ceb0de8c,Keep
00008351,DES 6193-A,21595,1,0,39d28c76-c493-4380-8427-db863b5b7fa4,Keep
00008352,DES 6369-A,15395,1,0,39d28c76-c493-4380-8427-db863b5b7fa4,Keep
00008353,0404-02,9495,1,0,dd05c089-9f68-41a0-a9be-a6253713e840,Keep
00008354,0407,11495,1,0,dd05c089-9f68-41a0-a9be-a6253713e840,Keep
00008355,0407,11495,1,0,dd05c089-9f68-41a0-a9be-a6253713e840,Keep
00008356,0407,11495,1,0,dd05c089-9f68-41a0-a9be-a6253713e840,Keep
00008357,0407-02,11495,1,0,dd05c089-9f68-41a0-a9be-a6253713e840,Keep
00008358,0464,7595,1,0,dd05c089-9f68-41a0-a9be-a6253713e840,Keep
00008359,0464-02,7595,1,0,dd05c089-9f68-41a0-a9be-a6253713e840,Keep
00008360,0434,9095,1,0,dd05c089-9f68-41a0-a9be-a6253713e840,Keep
00008361,0434,9095,1,0,dd05c089-9f68-41a0-a9be-a6253713e840,Keep
00008362,0434-02,9095,1,0,dd05c089-9f68-41a0-a9be-a6253713e840,Keep
00008363,0434-02,9095,1,0,dd05c089-9f68-41a0-a9be-a6253713e840,Keep
00008364,0490,8995,1,0,dd05c089-9f68-41a0-a9be-a6253713e840,Keep
00008365,0490,8995,1,0,dd05c089-9f68-41a0-a9be-a6253713e840,Keep
00008366,0490,8995,1,0,dd05c089-9f68-41a0-a9be-a6253713e840,Keep
00008367,0490-02,8995,1,0,dd05c089-9f68-41a0-a9be-a6253713e840,Keep
00008368,0575,9595,1,0,dd05c089-9f68-41a0-a9be-a6253713e840,Keep
00008369,0575,9595,1,0,dd05c089-9f68-41a0-a9be-a6253713e840,Keep
00008370,0592,8795,2,0,dd05c089-9f68-41a0-a9be-a6253713e840,Keep
00008371,0592,8795,1,0,dd05c089-9f68-41a0-a9be-a6253713e840,Keep
00008372,0592,8795,2,0,dd05c089-9f68-41a0-a9be-a6253713e840,Keep
00008373,0592-02,8795,1,0,dd05c089-9f68-41a0-a9be-a6253713e840,Keep
00008374,0594,12295,1,0,dd05c089-9f68-41a0-a9be-a6253713e840,Keep
00008375,0594,12295,2,0,dd05c089-9f68-41a0-a9be-a6253713e840,Keep
00008376,0594,12295,1,0,dd05c089-9f68-41a0-a9be-a6253713e840,Keep
00008377,0594-02,12295,2,0,dd05c089-9f68-41a0-a9be-a6253713e840,Keep
00008378,0595,8395,1,0,dd05c089-9f68-41a0-a9be-a6253713e840,Keep
00008379,0595,8395,1,0,dd05c089-9f68-41a0-a9be-a6253713e840,Keep
00008380,0595-02,8395,1,0,dd05c089-9f68-41a0-a9be-a6253713e840,Keep
00008381,0613,9995,1,0,dd05c089-9f68-41a0-a9be-a6253713e840,Keep
00008382,0613,9995,1,0,dd05c089-9f68-41a0-a9be-a6253713e840,Keep
00008383,0615,9995,1,0,dd05c089-9f68-41a0-a9be-a6253713e840,Keep
00008384,0615,9995,1,0,dd05c089-9f68-41a0-a9be-a6253713e840,Keep
00008385,DES 6498 PK-1,15195,1,0,39d28c76-c493-4380-8427-db863b5b7fa4,Keep
00008386,VA-122,5295,1,1,d4abac67-9ef1-4534-b6ca-b2169e34ebdb,Keep
00008387,DES 6352-1,17995,0,1,39d28c76-c493-4380-8427-db863b5b7fa4,Keep
00008388,DES 6352-2,17995,1,0,39d28c76-c493-4380-8427-db863b5b7fa4,Keep
00008389,DES 6498 BR-1,15195,1,0,39d28c76-c493-4380-8427-db863b5b7fa4,Keep
00008390,DES-6458,11995,1,0,39d28c76-c493-4380-8427-db863b5b7fa4,Keep
00008391,DES-6054,13995,0,1,39d28c76-c493-4380-8427-db863b5b7fa4,Keep
00008392,DES-6054-1,13995,2,1,39d28c76-c493-4380-8427-db863b5b7fa4,Keep
00008393,0645,11595,1,0,dd05c089-9f68-41a0-a9be-a6253713e840,Keep
00008394,0645,11595,1,0,dd05c089-9f68-41a0-a9be-a6253713e840,Keep
00008395,0645-02,11595,1,0,dd05c089-9f68-41a0-a9be-a6253713e840,Keep
00008396,0654,11495,2,0,dd05c089-9f68-41a0-a9be-a6253713e840,Keep
00008397,0654,11495,2,0,dd05c089-9f68-41a0-a9be-a6253713e840,Keep
00008398,0654,11495,1,0,dd05c089-9f68-41a0-a9be-a6253713e840,Keep
00008399,0654-02,11495,1,0,dd05c089-9f68-41a0-a9be-a6253713e840,Keep
00008400,0657,11795,1,0,dd05c089-9f68-41a0-a9be-a6253713e840,Keep
00008401,0657-02,11795,1,0,dd05c089-9f68-41a0-a9be-a6253713e840,Keep
00008402,0675,9095,1,0,dd05c089-9f68-41a0-a9be-a6253713e840,Keep
00008403,0675,9095,1,0,dd05c089-9f68-41a0-a9be-a6253713e840,Keep
00008404,0698,7695,1,0,dd05c089-9f68-41a0-a9be-a6253713e840,Keep
00008405,0698,7695,1,0,dd05c089-9f68-41a0-a9be-a6253713e840,Keep
00008406,0701,11595,2,0,dd05c089-9f68-41a0-a9be-a6253713e840,Keep
00008407,0701-02,11595,2,0,dd05c089-9f68-41a0-a9be-a6253713e840,Keep
00008408,0718,8595,1,0,dd05c089-9f68-41a0-a9be-a6253713e840,Keep
00008409,0718,8595,1,0,dd05c089-9f68-41a0-a9be-a6253713e840,Keep
00008410,0725,11995,1,0,dd05c089-9f68-41a0-a9be-a6253713e840,Keep
00008411,0725-02,11995,1,0,dd05c089-9f68-41a0-a9be-a6253713e840,Keep
00008412,0727,11795,2,0,dd05c089-9f68-41a0-a9be-a6253713e840,Keep
00008413,0727-02,11795,1,0,dd05c089-9f68-41a0-a9be-a6253713e840,Keep
00008414,0727-02,11795,1,0,dd05c089-9f68-41a0-a9be-a6253713e840,Keep
00008415,DES 6377-01,13995,1,0,39d28c76-c493-4380-8427-db863b5b7fa4,Keep
00008416,ORT/212,9695,1,0,01a14bd0-589b-4a58-a60c-0d55cf38c981,Keep
00008417,DES 6498 GR-1,15195,1,0,39d28c76-c493-4380-8427-db863b5b7fa4,Keep
00008418,1138-BLUE,11695,1,1,4e8d92cc-e0f7-49ef-a090-57d63ec75aad,Keep
00008419,1138-BLUE,11695,1,1,4e8d92cc-e0f7-49ef-a090-57d63ec75aad,Keep
00008420,1138-BLUE,11695,1,1,4e8d92cc-e0f7-49ef-a090-57d63ec75aad,Keep
00008421,1138-BLUE-02,11695,1,1,4e8d92cc-e0f7-49ef-a090-57d63ec75aad,Keep
00008422,1138-BROWN,11695,1,1,4e8d92cc-e0f7-49ef-a090-57d63ec75aad,Keep
00008423,1138-BROWN,11695,1,1,4e8d92cc-e0f7-49ef-a090-57d63ec75aad,Keep
00008424,1138-BROWN,11695,1,1,4e8d92cc-e0f7-49ef-a090-57d63ec75aad,Keep
00008425,1138-BROWN-02,11695,1,1,4e8d92cc-e0f7-49ef-a090-57d63ec75aad,Keep
00008426,1138-CREAM,11695,1,1,4e8d92cc-e0f7-49ef-a090-57d63ec75aad,Keep
00008427,1138-CREAM,11695,1,1,4e8d92cc-e0f7-49ef-a090-57d63ec75aad,Keep
00008428,1138-CREAM,11695,1,1,4e8d92cc-e0f7-49ef-a090-57d63ec75aad,Keep
00008429,1138-CREAM-02,11695,1,1,4e8d92cc-e0f7-49ef-a090-57d63ec75aad,Keep
00008430,DES 6054-01,14595,0,1,39d28c76-c493-4380-8427-db863b5b7fa4,Keep
00008431,DES 6054-02,14595,1,0,39d28c76-c493-4380-8427-db863b5b7fa4,Keep
00008432,DES 6386-01,11995,1,0,39d28c76-c493-4380-8427-db863b5b7fa4,Keep
00008433,IW-1276,17995,1,1,97ab4f8c-6c8d-4d6a-87b0-d6c42a9e7f63,Keep
00008434,8264,31995,1,1,f4ec4aa4-8e00-429c-9fda-3b46e6120962,Keep
00008435,8463,103995,1,0,978baba1-3636-48b2-875c-0eb0eb9c48c4,Keep
00008436,OR-002-GROUND-FLOOR,13195,1,1,30e1ab3b-54db-4caa-9230-353993c0807d,Keep
00008437,2989,15395,1,1,b01cc25b-51b8-406f-b6ab-ed2a2db81d73,Keep
00008438,OR-323,15395,1,1,b01cc25b-51b8-406f-b6ab-ed2a2db81d73,Keep
00008439,E-133,8395,1,0,b01cc25b-51b8-406f-b6ab-ed2a2db81d73,Keep
00008440,1128,10095,1,0,9a0d2656-f30c-4615-9928-4f7a8369d108,Keep
00008441,OR-002-4TH-FLOOR,122995,1,1,188e5b5c-f287-47ed-a304-62931700e58e,Keep
00008442,SFD-157,5895,1,1,f896b658-3bab-4ba3-8387-3e22bb5f72f0,Keep
00008443,SFD-157,5895,1,1,f896b658-3bab-4ba3-8387-3e22bb5f72f0,Keep
00008444,SFD-157,5895,1,1,f896b658-3bab-4ba3-8387-3e22bb5f72f0,Keep
00008445,SFD-157,5895,1,1,f896b658-3bab-4ba3-8387-3e22bb5f72f0,Keep
00008446,SFD-157,5895,1,1,f896b658-3bab-4ba3-8387-3e22bb5f72f0,Keep
00008447,SFD-157-B,5895,1,1,f896b658-3bab-4ba3-8387-3e22bb5f72f0,Keep
00008448,SFD-157-B,5895,1,1,f896b658-3bab-4ba3-8387-3e22bb5f72f0,Keep
00008449,SAK-3826,8795,1,1,f896b658-3bab-4ba3-8387-3e22bb5f72f0,Keep
00008450,SAK-3826,8795,1,1,f896b658-3bab-4ba3-8387-3e22bb5f72f0,Keep
00008451,SAK-3826,8795,1,1,f896b658-3bab-4ba3-8387-3e22bb5f72f0,Keep
00008452,SAK-3826,8795,1,1,f896b658-3bab-4ba3-8387-3e22bb5f72f0,Keep
00008453,SAK-3826,8795,1,1,f896b658-3bab-4ba3-8387-3e22bb5f72f0,Keep
00008454,SAK-3826,8795,1,1,f896b658-3bab-4ba3-8387-3e22bb5f72f0,Keep
00008455,SAK-3826,8795,1,1,f896b658-3bab-4ba3-8387-3e22bb5f72f0,Keep
00008456,3548-A,7195,1,1,7303711d-3af2-4d42-8efb-31065161ed1d,Keep
00008457,3548-A,7195,1,1,7303711d-3af2-4d42-8efb-31065161ed1d,Keep
00008458,3548-A,7195,1,1,7303711d-3af2-4d42-8efb-31065161ed1d,Keep
00008459,3548-A,7195,1,1,7303711d-3af2-4d42-8efb-31065161ed1d,Keep
00008460,3548-B,7195,1,1,7303711d-3af2-4d42-8efb-31065161ed1d,Keep
00008461,5303-A-C,6395,1,1,7303711d-3af2-4d42-8efb-31065161ed1d,Keep
00008462,5303-A-C,6395,1,1,7303711d-3af2-4d42-8efb-31065161ed1d,Keep
00008463,5303-A-C,6395,1,1,7303711d-3af2-4d42-8efb-31065161ed1d,Keep
00008464,5303-A-C,6395,1,1,7303711d-3af2-4d42-8efb-31065161ed1d,Keep
00008465,3503-G-A,6395,1,1,7303711d-3af2-4d42-8efb-31065161ed1d,Keep
00008466,3503-G-A,6395,1,1,7303711d-3af2-4d42-8efb-31065161ed1d,Keep
00008467,3503-G-A,6395,1,1,7303711d-3af2-4d42-8efb-31065161ed1d,Keep
00008468,BW-01,16795,1,1,5fbe012b-3d5a-4b9e-a8df-bffc177ed82e,Keep
00008469,SH-30,20995,1,1,5fbe012b-3d5a-4b9e-a8df-bffc177ed82e,Keep
00008470,SH-30,20995,1,1,5fbe012b-3d5a-4b9e-a8df-bffc177ed82e,Keep
00008471,SH-30,20995,1,0,5fbe012b-3d5a-4b9e-a8df-bffc177ed82e,Keep
00008472,SH-30-G,20995,1,1,3a117e21-f1d6-475c-bbe7-ff2a75b0dade,Keep
00008473,SH-30-R,20995,1,0,3a117e21-f1d6-475c-bbe7-ff2a75b0dade,Keep
00008474,SH-140,13995,1,1,3a117e21-f1d6-475c-bbe7-ff2a75b0dade,Keep
00008475,GDA-80,23995,1,1,3a117e21-f1d6-475c-bbe7-ff2a75b0dade,Keep
00008476,7,6395,7,7,24788df1-03ff-4cc2-a7c1-e7f4ceb3f004,Keep
00008477,9,1995,9,8,24788df1-03ff-4cc2-a7c1-e7f4ceb3f004,Keep
00008478,6-A,2895,6,5,24788df1-03ff-4cc2-a7c1-e7f4ceb3f004,Keep
00008479,6-B,4895,6,6,24788df1-03ff-4cc2-a7c1-e7f4ceb3f004,Keep
00008480,4-B,2295,4,4,24788df1-03ff-4cc2-a7c1-e7f4ceb3f004,Keep
00008481,4-A,1795,4,4,24788df1-03ff-4cc2-a7c1-e7f4ceb3f004,Keep
00008482,4-C,3695,4,2,24788df1-03ff-4cc2-a7c1-e7f4ceb3f004,Keep
00008483,8,2795,8,8,24788df1-03ff-4cc2-a7c1-e7f4ceb3f004,Keep
00008484,OR-105591,22995,1,1,e53e5c96-eacf-42f2-9449-7e2818225cdc,Keep
00008485,GLC-22,24995,1,1,e53e5c96-eacf-42f2-9449-7e2818225cdc,Keep
00008486,GLA-149,16995,1,1,e53e5c96-eacf-42f2-9449-7e2818225cdc,Keep
00008487,GLA-141,15595,1,1,e53e5c96-eacf-42f2-9449-7e2818225cdc,Keep
00008488,4/1-PINK,3695,1,0,4ece1d8c-b890-43a2-85e0-d3772fb1484c,Keep
00008489,4/2-YELLOW,3695,1,1,4ece1d8c-b890-43a2-85e0-d3772fb1484c,Keep
00008490,4/3-PEACH,3695,1,1,4ece1d8c-b890-43a2-85e0-d3772fb1484c,Keep
00008491,4/4-GREEN,3695,1,1,4ece1d8c-b890-43a2-85e0-d3772fb1484c,Keep
00008492,4/1-RED,10995,1,1,4ece1d8c-b890-43a2-85e0-d3772fb1484c,Keep
00008493,4/2-BLUE,10995,1,1,4ece1d8c-b890-43a2-85e0-d3772fb1484c,Keep
00008494,4/3-GREEN,10995,1,0,4ece1d8c-b890-43a2-85e0-d3772fb1484c,Keep
00008495,4/4-PINK,10995,1,1,4ece1d8c-b890-43a2-85e0-d3772fb1484c,Keep
00008496,4/1-YELLOW,8795,1,1,4ece1d8c-b890-43a2-85e0-d3772fb1484c,Keep
00008497,4/2-RANI,8795,1,1,4ece1d8c-b890-43a2-85e0-d3772fb1484c,Keep
00008498,4/3-PINK,8795,1,1,4ece1d8c-b890-43a2-85e0-d3772fb1484c,Keep
00008499,4/4-RED,8795,1,1,4ece1d8c-b890-43a2-85e0-d3772fb1484c,Keep
00008500,SLC-03-RED,13995,1,1,7e895bfe-aa95-4e7d-829b-8746f7d96d9d,Keep
00008501,SLC-03-BLUE,13995,0,0,7e895bfe-aa95-4e7d-829b-8746f7d96d9d,Keep
00008502,SLC-03-RANI,18995,1,1,7e895bfe-aa95-4e7d-829b-8746f7d96d9d,Keep
00008503,SLC-03-BLUE,13995,1,1,7e895bfe-aa95-4e7d-829b-8746f7d96d9d,Keep
00008504,GLA-40,11395,1,1,7e895bfe-aa95-4e7d-829b-8746f7d96d9d,Keep
00008505,JK-687,7795,1,1,af27e45a-521b-48b1-8e3a-8daecf4572fb,Keep
00008506,JK-687,7795,1,1,af27e45a-521b-48b1-8e3a-8daecf4572fb,Keep
00008507,JK-687,7795,1,1,af27e45a-521b-48b1-8e3a-8daecf4572fb,Keep
00008508,JK-687,7795,1,1,af27e45a-521b-48b1-8e3a-8daecf4572fb,Keep
00008509,JK-675,6595,1,1,af27e45a-521b-48b1-8e3a-8daecf4572fb,Keep
00008510,JK-675,6595,1,1,af27e45a-521b-48b1-8e3a-8daecf4572fb,Keep
00008511,JK-675,6595,1,1,af27e45a-521b-48b1-8e3a-8daecf4572fb,Keep
00008512,JK-675,6595,1,1,af27e45a-521b-48b1-8e3a-8daecf4572fb,Keep
00008513,JK-662,5995,1,1,af27e45a-521b-48b1-8e3a-8daecf4572fb,Keep
00008514,JK-662,5995,1,1,af27e45a-521b-48b1-8e3a-8daecf4572fb,Keep
00008515,JK-662,5995,1,1,af27e45a-521b-48b1-8e3a-8daecf4572fb,Keep
00008516,JK-662,5995,1,1,af27e45a-521b-48b1-8e3a-8daecf4572fb,Keep
00008517,JK-689,5795,1,1,af27e45a-521b-48b1-8e3a-8daecf4572fb,Keep
00008518,JK-689,5795,1,1,af27e45a-521b-48b1-8e3a-8daecf4572fb,Keep
00008519,JK-689,5795,1,1,af27e45a-521b-48b1-8e3a-8daecf4572fb,Keep
00008520,JK-689,5795,1,1,af27e45a-521b-48b1-8e3a-8daecf4572fb,Keep
00008521,JK-697,4795,0,0,58040b3f-50a6-4a6b-a82c-56718834af53,Keep
00008522,JK-697,4795,0,0,58040b3f-50a6-4a6b-a82c-56718834af53,Keep
00008523,JK-697,4795,0,0,58040b3f-50a6-4a6b-a82c-56718834af53,Keep
00008524,JK-697,4795,0,0,58040b3f-50a6-4a6b-a82c-56718834af53,Keep
00008525,JK-697,4995,0,0,58040b3f-50a6-4a6b-a82c-56718834af53,Keep
00008526,JK-697,4995,0,0,58040b3f-50a6-4a6b-a82c-56718834af53,Keep
00008527,JK-697,4995,0,0,58040b3f-50a6-4a6b-a82c-56718834af53,Keep
00008528,JK-697,4995,0,0,58040b3f-50a6-4a6b-a82c-56718834af53,Keep
00008529,OR-308 1ST FLOOR,10795,1,0,6163245b-98f3-44e6-874f-fd678965f6d0,Keep
00008530,SFS-224,5795,0,0,613990fc-ae20-4e39-b68e-5209a9909e5d,Keep
00008531,SFS-264,5695,1,1,613990fc-ae20-4e39-b68e-5209a9909e5d,Keep
00008532,SFS-264,5695,1,1,613990fc-ae20-4e39-b68e-5209a9909e5d,Keep
00008533,SFD-583,5295,1,0,613990fc-ae20-4e39-b68e-5209a9909e5d,Keep
00008534,SFD-583,5295,1,0,613990fc-ae20-4e39-b68e-5209a9909e5d,Keep
00008535,SFD-611-A,5095,1,1,613990fc-ae20-4e39-b68e-5209a9909e5d,Keep
00008536,SFD-611-A,5095,1,0,613990fc-ae20-4e39-b68e-5209a9909e5d,Keep
00008537,SFD-611-B,5095,1,0,613990fc-ae20-4e39-b68e-5209a9909e5d,Keep
00008538,SFD-615,5495,1,1,613990fc-ae20-4e39-b68e-5209a9909e5d,Keep
00008539,SFD-615,5495,1,1,613990fc-ae20-4e39-b68e-5209a9909e5d,Keep
00008540,SFD-622,5495,1,0,613990fc-ae20-4e39-b68e-5209a9909e5d,Keep
00008541,SAK-3825,8495,0,0,9e895a21-dc1f-4b8a-afe7-2a0fd6003ca7,Keep
00008542,SAK-3827,8295,1,1,613990fc-ae20-4e39-b68e-5209a9909e5d,Keep
00008543,SAK-3858,8395,1,0,613990fc-ae20-4e39-b68e-5209a9909e5d,Keep
00008544,SAK-3858,8395,1,0,613990fc-ae20-4e39-b68e-5209a9909e5d,Keep
00008545,SAK-3872-D,9395,1,0,613990fc-ae20-4e39-b68e-5209a9909e5d,Keep
00008546,SAK-3893,7495,1,1,613990fc-ae20-4e39-b68e-5209a9909e5d,Keep
00008547,SAK-3894,7495,1,1,613990fc-ae20-4e39-b68e-5209a9909e5d,Keep
00008548,SAK-3894,7495,1,1,613990fc-ae20-4e39-b68e-5209a9909e5d,Keep
00008549,SLC-03-BLUE-02,18995,1,1,7e895bfe-aa95-4e7d-829b-8746f7d96d9d,Keep
00008550,1154-A,14995,1,1,00850cae-3ece-4942-ac3d-4bce5872c05e,Keep
00008551,1154-A,14995,1,1,00850cae-3ece-4942-ac3d-4bce5872c05e,Keep
00008552,1154-A,14995,1,1,00850cae-3ece-4942-ac3d-4bce5872c05e,Keep
00008553,1154-B,14995,1,1,00850cae-3ece-4942-ac3d-4bce5872c05e,Keep
00008554,1154-B,14995,1,1,00850cae-3ece-4942-ac3d-4bce5872c05e,Keep
00008555,1154-NB-A,14995,1,1,00850cae-3ece-4942-ac3d-4bce5872c05e,Keep
00008556,1154-NB-A,14995,1,1,00850cae-3ece-4942-ac3d-4bce5872c05e,Keep
00008557,1154-NB-A,14995,1,1,00850cae-3ece-4942-ac3d-4bce5872c05e,Keep
00008558,1154-NB-B,14995,1,1,00850cae-3ece-4942-ac3d-4bce5872c05e,Keep
00008559,1154-NB-B,14995,1,1,00850cae-3ece-4942-ac3d-4bce5872c05e,Keep
00008560,E-25,7795,1,0,97c38e91-bd3d-45c2-8a15-f573715dfb10,Keep
00008561,E-25,7795,1,1,97c38e91-bd3d-45c2-8a15-f573715dfb10,Keep
00008562,E-25-02,7795,1,1,97c38e91-bd3d-45c2-8a15-f573715dfb10,Keep
00008563,E-25-02,7795,0,0,97c38e91-bd3d-45c2-8a15-f573715dfb10,Keep
00008564,E-53,8095,1,0,97c38e91-bd3d-45c2-8a15-f573715dfb10,Keep
00008565,E-53,8095,1,1,97c38e91-bd3d-45c2-8a15-f573715dfb10,Keep
00008566,E-53,8095,1,0,97c38e91-bd3d-45c2-8a15-f573715dfb10,Keep
00008567,E-53-02,8095,1,1,97c38e91-bd3d-45c2-8a15-f573715dfb10,Keep
00008568,E-53-02,8095,1,1,97c38e91-bd3d-45c2-8a15-f573715dfb10,Keep
00008569,E-25-03,7795,1,1,97c38e91-bd3d-45c2-8a15-f573715dfb10,Keep
00008570,001,7995,4,2,ba1ce29b-2546-4e8c-aaa0-5d62f0416074,Keep
00008571,002,20895,4,3,ba1ce29b-2546-4e8c-aaa0-5d62f0416074,Keep
00008572,143-M,11795,1,1,e0b49932-3119-43a3-a470-9f9e317e58a9,Keep
00008573,143-ASF,11395,1,0,e0b49932-3119-43a3-a470-9f9e317e58a9,Keep
00008574,6309,35995,1,0,e0b49932-3119-43a3-a470-9f9e317e58a9,Keep
00008575,5322,18995,1,1,e0b49932-3119-43a3-a470-9f9e317e58a9,Keep
00008576,1129-BLACK,17395,1,1,a0ab988c-a19f-42ad-a345-3f16c2e7014c,Keep
00008577,1129-BLACK,17395,1,1,a0ab988c-a19f-42ad-a345-3f16c2e7014c,Keep
00008578,1129-BLACK,17395,1,1,a0ab988c-a19f-42ad-a345-3f16c2e7014c,Keep
00008579,1129-BLACK,17395,1,1,a0ab988c-a19f-42ad-a345-3f16c2e7014c,Keep
00008580,1129-BLUE,17395,1,1,a0ab988c-a19f-42ad-a345-3f16c2e7014c,Keep
00008581,1129-BLUE,17395,1,1,a0ab988c-a19f-42ad-a345-3f16c2e7014c,Keep
00008582,1129-BLUE,17395,1,1,a0ab988c-a19f-42ad-a345-3f16c2e7014c,Keep
00008583,1129-BLUE,17395,1,1,a0ab988c-a19f-42ad-a345-3f16c2e7014c,Keep
00008584,1129-RED,17395,1,1,a0ab988c-a19f-42ad-a345-3f16c2e7014c,Keep
00008585,1129-RED,17395,1,1,a0ab988c-a19f-42ad-a345-3f16c2e7014c,Keep
00008586,1129-RED,17395,1,1,a0ab988c-a19f-42ad-a345-3f16c2e7014c,Keep
00008587,1129-RED,17395,1,1,a0ab988c-a19f-42ad-a345-3f16c2e7014c,Keep
00008588,1136-BLUE,13495,1,1,781c0eeb-51d2-471b-a78c-5530cb8d22db,Keep
00008589,1136-BLUE,13495,1,1,781c0eeb-51d2-471b-a78c-5530cb8d22db,Keep
00008590,1136-BLUE,13495,1,1,781c0eeb-51d2-471b-a78c-5530cb8d22db,Keep
00008591,1136-BLUE,13495,1,1,781c0eeb-51d2-471b-a78c-5530cb8d22db,Keep
00008592,1136-RED,13495,1,1,781c0eeb-51d2-471b-a78c-5530cb8d22db,Keep
00008593,1136-RED,13495,1,1,781c0eeb-51d2-471b-a78c-5530cb8d22db,Keep
00008594,1136-RED,13495,1,1,781c0eeb-51d2-471b-a78c-5530cb8d22db,Keep
00008595,1136-RED,13495,1,1,781c0eeb-51d2-471b-a78c-5530cb8d22db,Keep
00008596,1136-BEIGE,13495,1,1,781c0eeb-51d2-471b-a78c-5530cb8d22db,Keep
00008597,1136-BEIGE,13495,1,1,781c0eeb-51d2-471b-a78c-5530cb8d22db,Keep
00008598,1136-BEIGE,13495,1,1,781c0eeb-51d2-471b-a78c-5530cb8d22db,Keep
00008599,1136-BEIGE,13495,1,1,781c0eeb-51d2-471b-a78c-5530cb8d22db,Keep
00008600,ANV-1845,4995,1,1,58040b3f-50a6-4a6b-a82c-56718834af53,Keep
00008601,ANV-1845,4995,1,1,58040b3f-50a6-4a6b-a82c-56718834af53,Keep
00008602,ANV-1845,4995,1,1,58040b3f-50a6-4a6b-a82c-56718834af53,Keep
00008603,ANV-1845,4995,1,1,58040b3f-50a6-4a6b-a82c-56718834af53,Keep
00008604,250496,4995,1,1,f86713ce-2b95-408e-937a-c4d3ba2b6cce,Keep
00008605,250496,4995,1,1,f86713ce-2b95-408e-937a-c4d3ba2b6cce,Keep
00008606,250496,4995,1,1,f86713ce-2b95-408e-937a-c4d3ba2b6cce,Keep
00008607,250496,4995,1,1,f86713ce-2b95-408e-937a-c4d3ba2b6cce,Keep
00008608,250496,4995,1,1,f86713ce-2b95-408e-937a-c4d3ba2b6cce,Keep
00008609,260116,6095,1,1,f86713ce-2b95-408e-937a-c4d3ba2b6cce,Keep
00008610,260116,6095,1,1,f86713ce-2b95-408e-937a-c4d3ba2b6cce,Keep
00008611,260116,6095,1,0,f86713ce-2b95-408e-937a-c4d3ba2b6cce,Keep
00008612,260116,6095,1,1,f86713ce-2b95-408e-937a-c4d3ba2b6cce,Keep
00008613,260116,6095,1,0,f86713ce-2b95-408e-937a-c4d3ba2b6cce,Keep
00008614,260076,8995,1,1,f86713ce-2b95-408e-937a-c4d3ba2b6cce,Keep
00008615,260076,8995,1,1,f86713ce-2b95-408e-937a-c4d3ba2b6cce,Keep
00008616,260076,8995,1,1,f86713ce-2b95-408e-937a-c4d3ba2b6cce,Keep
00008617,260076,8995,1,1,f86713ce-2b95-408e-937a-c4d3ba2b6cce,Keep
00008618,260076,8995,1,1,f86713ce-2b95-408e-937a-c4d3ba2b6cce,Keep
00008619,260175,9795,1,1,f86713ce-2b95-408e-937a-c4d3ba2b6cce,Keep
00008620,260175,9795,1,1,f86713ce-2b95-408e-937a-c4d3ba2b6cce,Keep
00008621,260175,9795,1,1,f86713ce-2b95-408e-937a-c4d3ba2b6cce,Keep
00008622,260175,9795,1,1,f86713ce-2b95-408e-937a-c4d3ba2b6cce,Keep
00008623,260175,9795,1,1,f86713ce-2b95-408e-937a-c4d3ba2b6cce,Keep
00008624,JK-697-,4795,0,0,58040b3f-50a6-4a6b-a82c-56718834af53,Keep
00008625,JK-697-,4795,0,0,58040b3f-50a6-4a6b-a82c-56718834af53,Keep
00008626,JK-697-,4795,0,0,58040b3f-50a6-4a6b-a82c-56718834af53,Keep
00008627,JK-697-,4795,0,0,58040b3f-50a6-4a6b-a82c-56718834af53,Keep
00008628,JK-697-BEIGE,4795,1,1,58040b3f-50a6-4a6b-a82c-56718834af53,Keep
00008629,JK-697-BEIGE,4795,1,1,58040b3f-50a6-4a6b-a82c-56718834af53,Keep
00008630,JK-697-BEIGE,4795,1,1,58040b3f-50a6-4a6b-a82c-56718834af53,Keep
00008631,JK-697-BEIGE,4795,1,1,58040b3f-50a6-4a6b-a82c-56718834af53,Keep
00008632,13179-YL,4995,2,2,2adfff38-40c5-4080-8c19-30dda8f95593,Keep
00008633,13179-YL,4995,1,1,2adfff38-40c5-4080-8c19-30dda8f95593,Keep
00008634,13179-PK,4995,2,2,2adfff38-40c5-4080-8c19-30dda8f95593,Keep
00008635,13179-PK,4995,1,1,2adfff38-40c5-4080-8c19-30dda8f95593,Keep
00008636,13177-GR,5195,3,3,2adfff38-40c5-4080-8c19-30dda8f95593,Keep
00008637,13177-YL,5195,2,2,2adfff38-40c5-4080-8c19-30dda8f95593,Keep
00008638,13177-YL,5195,1,1,2adfff38-40c5-4080-8c19-30dda8f95593,Keep
00008639,13176-YL,6395,1,1,2adfff38-40c5-4080-8c19-30dda8f95593,Keep
00008640,13176-C,6395,1,1,2adfff38-40c5-4080-8c19-30dda8f95593,Keep
00008641,13180-C,4995,1,1,2adfff38-40c5-4080-8c19-30dda8f95593,Keep
00008642,13180-C,4995,1,1,2adfff38-40c5-4080-8c19-30dda8f95593,Keep
00008643,13180-PK,4995,2,2,2adfff38-40c5-4080-8c19-30dda8f95593,Keep
00008644,13180-PK,4995,1,1,2adfff38-40c5-4080-8c19-30dda8f95593,Keep
00008645,E-19,7595,1,1,e72a6c4b-e137-4357-aadb-3a8813d2c975,Keep
00008646,E-19,7595,1,1,e72a6c4b-e137-4357-aadb-3a8813d2c975,Keep
00008647,E-19,7595,1,1,e72a6c4b-e137-4357-aadb-3a8813d2c975,Keep
00008648,E-19-02,7595,1,1,e72a6c4b-e137-4357-aadb-3a8813d2c975,Keep
00008649,E-19-02,7595,1,1,e72a6c4b-e137-4357-aadb-3a8813d2c975,Keep
00008650,E-199,7295,2,2,e72a6c4b-e137-4357-aadb-3a8813d2c975,Keep
00008651,E-199-B,7295,1,0,e72a6c4b-e137-4357-aadb-3a8813d2c975,Keep
00008652,E-199-C,7295,1,1,e72a6c4b-e137-4357-aadb-3a8813d2c975,Keep
00008653,E-90,7695,1,1,287f6b3d-e91a-4e1e-84bd-f8a550c594b4,Keep
00008654,E-90,7695,1,1,287f6b3d-e91a-4e1e-84bd-f8a550c594b4,Keep
00008655,E-90,7695,1,1,287f6b3d-e91a-4e1e-84bd-f8a550c594b4,Keep
00008656,E-90-B,7695,1,1,287f6b3d-e91a-4e1e-84bd-f8a550c594b4,Keep
00008657,E-90-B,7695,1,1,287f6b3d-e91a-4e1e-84bd-f8a550c594b4,Keep
00008658,LS-531,8895,1,1,287f6b3d-e91a-4e1e-84bd-f8a550c594b4,Keep
00008659,LS-531,8895,1,1,287f6b3d-e91a-4e1e-84bd-f8a550c594b4,Keep
00008660,LS-531,8895,1,1,287f6b3d-e91a-4e1e-84bd-f8a550c594b4,Keep
00008661,LS-531-B,8895,1,1,287f6b3d-e91a-4e1e-84bd-f8a550c594b4,Keep
00008662,LS-531-B,8895,1,1,287f6b3d-e91a-4e1e-84bd-f8a550c594b4,Keep
00008663,LS-505,7795,1,1,287f6b3d-e91a-4e1e-84bd-f8a550c594b4,Keep
00008664,LS-505,7795,1,1,287f6b3d-e91a-4e1e-84bd-f8a550c594b4,Keep
00008665,LS-505-B,7795,1,1,287f6b3d-e91a-4e1e-84bd-f8a550c594b4,Keep
00008666,LS-505-B,7795,1,1,287f6b3d-e91a-4e1e-84bd-f8a550c594b4,Keep
00008667,LS-503,7795,1,1,287f6b3d-e91a-4e1e-84bd-f8a550c594b4,Keep
00008668,LS-503,7795,1,1,287f6b3d-e91a-4e1e-84bd-f8a550c594b4,Keep
00008669,LS-503,7795,1,1,287f6b3d-e91a-4e1e-84bd-f8a550c594b4,Keep
00008670,LS-503,7795,1,1,287f6b3d-e91a-4e1e-84bd-f8a550c594b4,Keep
00008671,10,4595,10,9,7ce74c92-19dd-4ccf-9668-5768aa77c279,Keep
00008672,5,995,0,0,7ce74c92-19dd-4ccf-9668-5768aa77c279,Keep
00008673,5,4595,5,5,7ce74c92-19dd-4ccf-9668-5768aa77c279,Keep
00008674,5-B,3595,0,0,7ce74c92-19dd-4ccf-9668-5768aa77c279,Keep
00008675,3122,8195,1,0,e724d5a0-45d9-4c14-ab43-8dae9f24aa41,Keep
00008676,SFS-262-A,5695,1,1,eeeb5d3b-ce32-415f-9444-a77cbe949d6f,Keep
00008677,SFS-262-A,5695,1,1,eeeb5d3b-ce32-415f-9444-a77cbe949d6f,Keep
00008678,SFS-262-A,5695,1,1,eeeb5d3b-ce32-415f-9444-a77cbe949d6f,Keep
00008679,SFS-262-A,5695,1,1,eeeb5d3b-ce32-415f-9444-a77cbe949d6f,Keep
00008680,SFS-262-A,5695,1,1,eeeb5d3b-ce32-415f-9444-a77cbe949d6f,Keep
00008681,SFS-262-B,5695,1,1,eeeb5d3b-ce32-415f-9444-a77cbe949d6f,Keep
00008682,SFS-262-B,5695,1,1,eeeb5d3b-ce32-415f-9444-a77cbe949d6f,Keep
00008683,SFS-263-A,9395,1,1,eeeb5d3b-ce32-415f-9444-a77cbe949d6f,Keep
00008684,SFS-263-A,9395,1,1,eeeb5d3b-ce32-415f-9444-a77cbe949d6f,Keep
00008685,SFS-263-A,9395,1,1,eeeb5d3b-ce32-415f-9444-a77cbe949d6f,Keep
00008686,SFS-263-A,9395,1,1,eeeb5d3b-ce32-415f-9444-a77cbe949d6f,Keep
00008687,SFS-263-A,9395,1,1,eeeb5d3b-ce32-415f-9444-a77cbe949d6f,Keep
00008688,SFS-263-B,9395,1,1,eeeb5d3b-ce32-415f-9444-a77cbe949d6f,Keep
00008689,SFS-263-B,9395,1,1,eeeb5d3b-ce32-415f-9444-a77cbe949d6f,Keep
00008690,SFD-622-A,5795,1,1,eeeb5d3b-ce32-415f-9444-a77cbe949d6f,Keep
00008691,SFD-622-A,5795,1,1,eeeb5d3b-ce32-415f-9444-a77cbe949d6f,Keep
00008692,SFD-622-A,5795,1,1,eeeb5d3b-ce32-415f-9444-a77cbe949d6f,Keep
00008693,SFD-622-A,5795,1,1,eeeb5d3b-ce32-415f-9444-a77cbe949d6f,Keep
00008694,SFD-622-A,5795,1,1,eeeb5d3b-ce32-415f-9444-a77cbe949d6f,Keep
00008695,SFD-622-B,5795,1,1,eeeb5d3b-ce32-415f-9444-a77cbe949d6f,Keep
00008696,SFD-622-B,5795,1,1,eeeb5d3b-ce32-415f-9444-a77cbe949d6f,Keep
00008697,SAK-3890-A,4895,1,1,eeeb5d3b-ce32-415f-9444-a77cbe949d6f,Keep
00008698,SAK-3890-A,4895,1,1,eeeb5d3b-ce32-415f-9444-a77cbe949d6f,Keep
00008699,SAK-3890-A,4895,1,1,eeeb5d3b-ce32-415f-9444-a77cbe949d6f,Keep
00008700,SAK-3890-A,4895,1,1,eeeb5d3b-ce32-415f-9444-a77cbe949d6f,Keep
00008701,SAK-3890-A,4895,1,1,eeeb5d3b-ce32-415f-9444-a77cbe949d6f,Keep
00008702,SAK-3890-B,4895,1,1,eeeb5d3b-ce32-415f-9444-a77cbe949d6f,Keep
00008703,SAK-3890-B,4895,1,1,eeeb5d3b-ce32-415f-9444-a77cbe949d6f,Keep
00008704,SFD-621,5895,1,0,2ea0c454-75b0-4c0a-a56f-10837cb04cde,Keep
00008705,5118T,7295,1,1,3d04bb30-9b35-44e5-98f8-c5205af2c7f4,Keep
00008706,5118T,7295,1,1,3d04bb30-9b35-44e5-98f8-c5205af2c7f4,Keep
00008707,5118T,7295,1,1,3d04bb30-9b35-44e5-98f8-c5205af2c7f4,Keep
00008708,5118T-B,7295,1,1,3d04bb30-9b35-44e5-98f8-c5205af2c7f4,Keep
00008709,5118T-C,7295,1,1,3d04bb30-9b35-44e5-98f8-c5205af2c7f4,Keep
00008710,5118T-D,7295,1,0,3d04bb30-9b35-44e5-98f8-c5205af2c7f4,Keep
00008711,817T,5495,1,1,3d04bb30-9b35-44e5-98f8-c5205af2c7f4,Keep
00008712,817T,5495,1,0,3d04bb30-9b35-44e5-98f8-c5205af2c7f4,Keep
00008713,817T,5495,1,1,3d04bb30-9b35-44e5-98f8-c5205af2c7f4,Keep
00008714,817T-B,5495,1,1,3d04bb30-9b35-44e5-98f8-c5205af2c7f4,Keep
00008715,825T,5195,1,1,3d04bb30-9b35-44e5-98f8-c5205af2c7f4,Keep
00008716,825T,5195,1,1,3d04bb30-9b35-44e5-98f8-c5205af2c7f4,Keep
00008717,825T,5195,1,1,3d04bb30-9b35-44e5-98f8-c5205af2c7f4,Keep
00008718,825T-B,5195,1,1,3d04bb30-9b35-44e5-98f8-c5205af2c7f4,Keep
00008719,825T-C,5192,1,0,3d04bb30-9b35-44e5-98f8-c5205af2c7f4,Keep
00008720,825T-D,5195,1,1,3d04bb30-9b35-44e5-98f8-c5205af2c7f4,Keep
00008721,K9270,10595,1,1,3d04bb30-9b35-44e5-98f8-c5205af2c7f4,Keep
00008722,K9270,10595,1,0,3d04bb30-9b35-44e5-98f8-c5205af2c7f4,Keep
00008723,K9270,10595,1,0,3d04bb30-9b35-44e5-98f8-c5205af2c7f4,Keep
00008724,K9270-B,10595,1,1,3d04bb30-9b35-44e5-98f8-c5205af2c7f4,Keep
00008725,K9270-C,10595,1,1,3d04bb30-9b35-44e5-98f8-c5205af2c7f4,Keep
00008726,K9270-D,10595,1,0,3d04bb30-9b35-44e5-98f8-c5205af2c7f4,Keep
00008727,K9271T,10895,1,0,3d04bb30-9b35-44e5-98f8-c5205af2c7f4,Keep
00008728,K9271T,10895,1,0,3d04bb30-9b35-44e5-98f8-c5205af2c7f4,Keep
00008729,K9271T,10895,1,0,3d04bb30-9b35-44e5-98f8-c5205af2c7f4,Keep
00008730,K9271T-B,10895,1,1,3d04bb30-9b35-44e5-98f8-c5205af2c7f4,Keep
00008731,K9271T-C,10895,1,1,3d04bb30-9b35-44e5-98f8-c5205af2c7f4,Keep
00008732,K9271T-D,10895,1,1,3d04bb30-9b35-44e5-98f8-c5205af2c7f4,Keep
00008733,K9274,10895,1,1,3d04bb30-9b35-44e5-98f8-c5205af2c7f4,Keep
00008734,K9274,10895,1,0,3d04bb30-9b35-44e5-98f8-c5205af2c7f4,Keep
00008735,K9274,10895,1,0,3d04bb30-9b35-44e5-98f8-c5205af2c7f4,Keep
00008736,K9274-B,10895,1,1,3d04bb30-9b35-44e5-98f8-c5205af2c7f4,Keep
00008737,K9274-C,10895,1,1,3d04bb30-9b35-44e5-98f8-c5205af2c7f4,Keep
00008738,K9274-D,10895,1,1,3d04bb30-9b35-44e5-98f8-c5205af2c7f4,Keep
00008739,16862-PINK,2995,1,0,88035ba4-1656-41c2-a2ae-9c4a8b849b57,Keep
00008740,16862-PINK,2995,1,0,88035ba4-1656-41c2-a2ae-9c4a8b849b57,Keep
00008741,16862-PINK,2995,1,1,88035ba4-1656-41c2-a2ae-9c4a8b849b57,Keep
00008742,16862-PINK,2995,1,1,88035ba4-1656-41c2-a2ae-9c4a8b849b57,Keep
00008743,16862-BLUE,2995,1,0,88035ba4-1656-41c2-a2ae-9c4a8b849b57,Keep
00008744,16862-BLUE,2995,1,0,88035ba4-1656-41c2-a2ae-9c4a8b849b57,Keep
00008745,16862-BLUE,2995,1,1,88035ba4-1656-41c2-a2ae-9c4a8b849b57,Keep
00008746,16862-BLUE,2995,1,1,88035ba4-1656-41c2-a2ae-9c4a8b849b57,Keep
00008747,515-1,10995,1,1,226d6a45-c9bd-4219-a6e2-08ae5cfb593e,Keep
00008748,515-2,10995,1,1,226d6a45-c9bd-4219-a6e2-08ae5cfb593e,Keep
00008749,515-3,10995,1,1,226d6a45-c9bd-4219-a6e2-08ae5cfb593e,Keep
00008750,515-4,10995,1,1,226d6a45-c9bd-4219-a6e2-08ae5cfb593e,Keep
00008751,513-1,9995,1,1,226d6a45-c9bd-4219-a6e2-08ae5cfb593e,Keep
00008752,513-2,9995,1,1,226d6a45-c9bd-4219-a6e2-08ae5cfb593e,Keep
00008753,513-3,9995,1,1,226d6a45-c9bd-4219-a6e2-08ae5cfb593e,Keep
00008754,513-4,9995,1,1,226d6a45-c9bd-4219-a6e2-08ae5cfb593e,Keep
00008755,543-1,11395,1,1,226d6a45-c9bd-4219-a6e2-08ae5cfb593e,Keep
00008756,543-2,11395,1,1,226d6a45-c9bd-4219-a6e2-08ae5cfb593e,Keep
00008757,537-1,10395,1,1,226d6a45-c9bd-4219-a6e2-08ae5cfb593e,Keep
00008758,537-2,10395,1,1,226d6a45-c9bd-4219-a6e2-08ae5cfb593e,Keep
00008759,538-1,10995,1,1,226d6a45-c9bd-4219-a6e2-08ae5cfb593e,Keep
00008760,538-2,10995,1,1,226d6a45-c9bd-4219-a6e2-08ae5cfb593e,Keep
00008761,23238-1,13195,1,1,226d6a45-c9bd-4219-a6e2-08ae5cfb593e,Keep
00008762,23238-2,13195,1,1,226d6a45-c9bd-4219-a6e2-08ae5cfb593e,Keep
00008763,23238-3,13195,1,1,226d6a45-c9bd-4219-a6e2-08ae5cfb593e,Keep
00008764,491-1,8795,1,1,226d6a45-c9bd-4219-a6e2-08ae5cfb593e,Keep
00008765,491-2,8795,1,1,226d6a45-c9bd-4219-a6e2-08ae5cfb593e,Keep
00008766,491-3,8795,1,1,226d6a45-c9bd-4219-a6e2-08ae5cfb593e,Keep
00008767,534,8795,1,1,226d6a45-c9bd-4219-a6e2-08ae5cfb593e,Keep
00008768,011,7995,1,0,1508c471-ce38-452c-86ff-09f9d71cf0fd,Keep
00008769,012,7995,1,0,1508c471-ce38-452c-86ff-09f9d71cf0fd,Keep
00008770,SFD-590,5495,1,1,d7f716e3-1783-410f-b67f-85064f80d052,Keep
00008771,SFD-590,5495,1,1,d7f716e3-1783-410f-b67f-85064f80d052,Keep
00008772,SFD-590,5495,1,1,d7f716e3-1783-410f-b67f-85064f80d052,Keep
00008773,SFD-590,5495,1,1,d7f716e3-1783-410f-b67f-85064f80d052,Keep
00008774,SFD-590,5495,1,1,d7f716e3-1783-410f-b67f-85064f80d052,Keep
00008775,SFD-590-B,5495,1,1,d7f716e3-1783-410f-b67f-85064f80d052,Keep
00008776,SFD-596,5495,1,1,d7f716e3-1783-410f-b67f-85064f80d052,Keep
00008777,SFD-596,5495,1,1,d7f716e3-1783-410f-b67f-85064f80d052,Keep
00008778,SFD-596,5495,1,1,d7f716e3-1783-410f-b67f-85064f80d052,Keep
00008779,SFD-596,5495,1,1,d7f716e3-1783-410f-b67f-85064f80d052,Keep
00008780,LCS-044,7995,1,1,d7f716e3-1783-410f-b67f-85064f80d052,Keep
00008781,LCS-044,7995,1,1,d7f716e3-1783-410f-b67f-85064f80d052,Keep
00008782,LCS-044,7995,1,1,d7f716e3-1783-410f-b67f-85064f80d052,Keep
00008783,LCS-044,7995,1,1,d7f716e3-1783-410f-b67f-85064f80d052,Keep
00008784,LCS-044,7995,1,1,d7f716e3-1783-410f-b67f-85064f80d052,Keep
00008785,LST-022,4295,1,1,d7f716e3-1783-410f-b67f-85064f80d052,Keep
00008786,1/3,3995,3,3,833df295-6116-4966-9555-9c3e4a4decda,Keep
00008787,2/1,7595,1,1,833df295-6116-4966-9555-9c3e4a4decda,Keep
00008788,3/1,7995,1,1,833df295-6116-4966-9555-9c3e4a4decda,Keep
00008789,4/2,3995,2,1,833df295-6116-4966-9555-9c3e4a4decda,Keep
00008790,5/2,5995,2,1,833df295-6116-4966-9555-9c3e4a4decda,Keep
00008791,6/1,5995,1,1,833df295-6116-4966-9555-9c3e4a4decda,Keep
00008792,7/2,13995,2,2,833df295-6116-4966-9555-9c3e4a4decda,Keep
00008793,8/1,11995,1,1,833df295-6116-4966-9555-9c3e4a4decda,Keep
00008794,9/1,9395,1,1,833df295-6116-4966-9555-9c3e4a4decda,Keep
00008795,10/1,9595,1,1,833df295-6116-4966-9555-9c3e4a4decda,Keep
00008796,11/1,7995,1,1,833df295-6116-4966-9555-9c3e4a4decda,Keep
00008797,E-222,10395,1,1,82e15687-ed06-433d-9374-cdb73f2b7454,Keep
00008798,E-222,10595,1,0,82e15687-ed06-433d-9374-cdb73f2b7454,Keep
00008799,01,23495,2,2,f0ecb440-e336-4a5c-8509-09c22e57ebf0,Keep
00008800,022,23495,1,1,424ba3d6-761d-4753-bd9e-126955e62be7,Keep
00008801,01,5995,2,2,3ef4e587-a213-48bf-8881-367822dcf436,Keep
00008802,02,9995,1,1,3ef4e587-a213-48bf-8881-367822dcf436,Keep
00008803,3926,7495,1,0,b3d7009d-b721-401d-8b95-9c993a721b0e,Keep
00008804,13-2,54195,1,1,b3e321a2-6229-43f5-83ab-58380b53a3e4,Keep
00008805,16-01,29095,3,3,b3e321a2-6229-43f5-83ab-58380b53a3e4,Keep
00008806,17-01,24795,1,1,fc1af338-6f9e-455d-9be0-e541b31747ce,Keep
00008807,011,49995,1,1,5eb60e05-c70b-4323-84b4-fbedcbedccf1,Keep
00008808,1-BROWN-01,3995,6,2,5bd403a8-01c7-4253-a021-ef54aa1806b9,Keep
00008809,2-BROWN-01,4795,3,0,5bd403a8-01c7-4253-a021-ef54aa1806b9,Keep
00008810,110-03-A,14995,1,0,ee4ed444-c78a-4d16-8c30-0021a243dcae,Keep
00008811,110-03-A,14995,1,1,ee4ed444-c78a-4d16-8c30-0021a243dcae,Keep
00008812,110-03-A,14995,1,0,ee4ed444-c78a-4d16-8c30-0021a243dcae,Keep
00008813,110-03-A,14995,1,1,ee4ed444-c78a-4d16-8c30-0021a243dcae,Keep
00008814,110-03-A,14995,1,1,ee4ed444-c78a-4d16-8c30-0021a243dcae,Keep
00008815,D-799-A,5995,1,0,cc931400-cd7e-4960-9d14-21b0ed0d1d21,Keep
00008816,114-A,11395,1,1,ee4ed444-c78a-4d16-8c30-0021a243dcae,Keep
00008817,114-A,11395,1,1,ee4ed444-c78a-4d16-8c30-0021a243dcae,Keep
00008818,114-A,11395,1,1,ee4ed444-c78a-4d16-8c30-0021a243dcae,Keep
00008819,114-A,11395,1,1,ee4ed444-c78a-4d16-8c30-0021a243dcae,Keep
00008820,114-A,11395,1,1,ee4ed444-c78a-4d16-8c30-0021a243dcae,Keep
00008821,100-A,9595,1,0,ee4ed444-c78a-4d16-8c30-0021a243dcae,Keep
00008822,100-A,9595,1,0,ee4ed444-c78a-4d16-8c30-0021a243dcae,Keep
00008823,100-A,9595,1,0,ee4ed444-c78a-4d16-8c30-0021a243dcae,Keep
00008824,100-A,9595,1,0,ee4ed444-c78a-4d16-8c30-0021a243dcae,Keep
00008825,109-02-A,9695,1,0,ee4ed444-c78a-4d16-8c30-0021a243dcae,Keep
00008826,109-02-A,9695,1,1,ee4ed444-c78a-4d16-8c30-0021a243dcae,Keep
00008827,109-02-A,9695,1,0,ee4ed444-c78a-4d16-8c30-0021a243dcae,Keep
00008828,109-02-A,9695,1,0,ee4ed444-c78a-4d16-8c30-0021a243dcae,Keep
00008829,109-02-A,9695,1,1,ee4ed444-c78a-4d16-8c30-0021a243dcae,Keep
00008830,111-A,15595,1,1,ee4ed444-c78a-4d16-8c30-0021a243dcae,Keep
00008831,111-A,15595,1,1,ee4ed444-c78a-4d16-8c30-0021a243dcae,Keep
00008832,111-A,15595,1,1,ee4ed444-c78a-4d16-8c30-0021a243dcae,Keep
00008833,111-A,15595,1,0,ee4ed444-c78a-4d16-8c30-0021a243dcae,Keep
00008834,111-A,15595,1,0,ee4ed444-c78a-4d16-8c30-0021a243dcae,Keep
00008835,1879-A,16295,1,0,050e55a0-4d54-43fa-8645-be71f7f2c082,Keep
00008836,1879-A,16295,1,0,050e55a0-4d54-43fa-8645-be71f7f2c082,Keep
00008837,1879-A,16295,1,1,050e55a0-4d54-43fa-8645-be71f7f2c082,Keep
00008838,1879-A,16295,1,1,050e55a0-4d54-43fa-8645-be71f7f2c082,Keep
00008839,1879-A,16295,1,1,050e55a0-4d54-43fa-8645-be71f7f2c082,Keep
00008840,SFS-224-A,5795,1,0,9e895a21-dc1f-4b8a-afe7-2a0fd6003ca7,Keep
00008841,SFS-224-A,5795,1,0,9e895a21-dc1f-4b8a-afe7-2a0fd6003ca7,Keep
00008842,SFS-224-A,5795,1,0,9e895a21-dc1f-4b8a-afe7-2a0fd6003ca7,Keep
00008843,SFS-224-A,5795,1,0,9e895a21-dc1f-4b8a-afe7-2a0fd6003ca7,Keep
00008844,OR-002-4TH-FLOOR,53795,1,1,bce2fb03-2ce6-47ba-a304-6be5b162bea7,Keep
00008845,OR-005-4TH-FLOOR,196995,1,1,635cc7fa-6b25-4782-a415-184d1c290896,Keep
00008846,84664 -05,5895,1,0,0a2d894d-9190-4ab5-abf1-272079482b65,Keep
00008847,E-89-A,8095,1,1,37c39e98-819e-49b8-bb2e-290566c75c93,Keep
00008848,E-89-A,8095,1,1,37c39e98-819e-49b8-bb2e-290566c75c93,Keep
00008849,C-893,24995,1,1,8be15e40-1e93-4d4a-a061-d56a8feaa3b6,Keep
00008850,LH 5266-A,36995,1,0,5e624a7d-530c-4444-913a-19aaa7f16258,Keep
00008851,TW-032C-A,7595,1,0,0f859621-c6dc-44b3-8712-57e4dae64f45,Keep
00008852,7/4-A,30495,1,1,3113fa3f-a9ba-4f1c-9035-b6d38dc2ceb4,Keep
00008853,035-7050-A,26995,1,0,15344658-9513-4d92-9f5e-348404e26454,Keep
00008854,FY-008-A,32395,1,1,97393ac5-b9ac-47da-827b-649e2c3d5f35,Keep
00008855,KT-18-A,10995,0,0,9cd94bdc-8fd2-4bdb-a720-d1894c4d8325,Keep
00008856,KT-18-A-B,17195,0,0,9cd94bdc-8fd2-4bdb-a720-d1894c4d8325,Keep
00008857,KT-18-A-B,17195,0,0,9cd94bdc-8fd2-4bdb-a720-d1894c4d8325,Keep
00008858,KS-631,10995,1,0,9cd94bdc-8fd2-4bdb-a720-d1894c4d8325,Keep
00008859,EMB-108,17195,0,0,9cd94bdc-8fd2-4bdb-a720-d1894c4d8325,Keep
00008860,87385,3795,1,0,98ca1d1e-d9cd-4ee2-b1d3-bbbfcccbccfa,Keep
00008861,D-8727,11595,1,1,a4b5b3f2-02a6-40bc-9da4-8385e0b325c7,Keep
00008862,86453,3295,1,1,2f4b0c1c-373f-40b1-8c37-f00fd6adc71f,Keep
00008863,86453,3295,1,1,2f4b0c1c-373f-40b1-8c37-f00fd6adc71f,Keep
00008864,86453,3295,1,1,2f4b0c1c-373f-40b1-8c37-f00fd6adc71f,Keep
00008865,86626,5295,1,1,2f4b0c1c-373f-40b1-8c37-f00fd6adc71f,Keep
00008866,86626,5295,1,1,2f4b0c1c-373f-40b1-8c37-f00fd6adc71f,Keep
00008867,86626,5295,1,1,2f4b0c1c-373f-40b1-8c37-f00fd6adc71f,Keep
00008868,86626,5295,1,1,2f4b0c1c-373f-40b1-8c37-f00fd6adc71f,Keep
00008869,86626-B,5295,1,1,2f4b0c1c-373f-40b1-8c37-f00fd6adc71f,Keep
00008870,24364-BLACK,3995,1,0,2f4b0c1c-373f-40b1-8c37-f00fd6adc71f,Keep
00008871,24364-BLACK,3995,1,0,2f4b0c1c-373f-40b1-8c37-f00fd6adc71f,Keep
00008872,24364-BLACK,3995,1,0,2f4b0c1c-373f-40b1-8c37-f00fd6adc71f,Keep
00008873,24364-BLACK,3995,1,0,2f4b0c1c-373f-40b1-8c37-f00fd6adc71f,Keep
00008874,24364-BLACK,3995,1,0,2f4b0c1c-373f-40b1-8c37-f00fd6adc71f,Keep
00008875,24364-CREAM,3995,1,0,2f4b0c1c-373f-40b1-8c37-f00fd6adc71f,Keep
00008876,24364-CREAM,3995,1,0,2f4b0c1c-373f-40b1-8c37-f00fd6adc71f,Keep
00008877,24364-CREAM,3995,1,0,2f4b0c1c-373f-40b1-8c37-f00fd6adc71f,Keep
00008878,24364-CREAM,3995,1,0,2f4b0c1c-373f-40b1-8c37-f00fd6adc71f,Keep
00008879,24364-CREAM,3995,1,0,2f4b0c1c-373f-40b1-8c37-f00fd6adc71f,Keep
00008880,24364-WHITE,3995,1,0,2f4b0c1c-373f-40b1-8c37-f00fd6adc71f,Keep
00008881,24364-WHITE,3995,1,0,2f4b0c1c-373f-40b1-8c37-f00fd6adc71f,Keep
00008882,24364-WHITE,3995,1,0,2f4b0c1c-373f-40b1-8c37-f00fd6adc71f,Keep
00008883,24364-WHITE,3995,1,0,2f4b0c1c-373f-40b1-8c37-f00fd6adc71f,Keep
00008884,24364-WHITE,3995,1,0,2f4b0c1c-373f-40b1-8c37-f00fd6adc71f,Keep
00008885,87424,3495,1,1,2f4b0c1c-373f-40b1-8c37-f00fd6adc71f,Keep
00008886,87424,3495,1,1,2f4b0c1c-373f-40b1-8c37-f00fd6adc71f,Keep
00008887,87424,3495,1,1,2f4b0c1c-373f-40b1-8c37-f00fd6adc71f,Keep
00008888,87424,3495,1,1,2f4b0c1c-373f-40b1-8c37-f00fd6adc71f,Keep
00008889,87424-B,3495,1,1,2f4b0c1c-373f-40b1-8c37-f00fd6adc71f,Keep
00008890,87493,4295,0,0,2f4b0c1c-373f-40b1-8c37-f00fd6adc71f,Keep
00008891,87493,4295,0,0,2f4b0c1c-373f-40b1-8c37-f00fd6adc71f,Keep
00008892,87493,4295,0,0,2f4b0c1c-373f-40b1-8c37-f00fd6adc71f,Keep
00008893,87493,4295,0,0,2f4b0c1c-373f-40b1-8c37-f00fd6adc71f,Keep
00008894,87493-B,4295,0,0,2f4b0c1c-373f-40b1-8c37-f00fd6adc71f,Keep
00008895,87540,3795,1,1,2f4b0c1c-373f-40b1-8c37-f00fd6adc71f,Keep
00008896,87540,3795,1,1,2f4b0c1c-373f-40b1-8c37-f00fd6adc71f,Keep
00008897,87540,3795,1,1,2f4b0c1c-373f-40b1-8c37-f00fd6adc71f,Keep
00008898,87540,3795,1,1,2f4b0c1c-373f-40b1-8c37-f00fd6adc71f,Keep
00008899,87540-B,3795,1,1,2f4b0c1c-373f-40b1-8c37-f00fd6adc71f,Keep
00008900,87540-02,3795,1,1,2f4b0c1c-373f-40b1-8c37-f00fd6adc71f,Keep
00008901,87540-02,3795,1,1,2f4b0c1c-373f-40b1-8c37-f00fd6adc71f,Keep
00008902,87540-02,3795,1,1,2f4b0c1c-373f-40b1-8c37-f00fd6adc71f,Keep
00008903,87540-02,3795,1,1,2f4b0c1c-373f-40b1-8c37-f00fd6adc71f,Keep
00008904,87540-02-B,3795,1,1,2f4b0c1c-373f-40b1-8c37-f00fd6adc71f,Keep
00008905,87439,4295,1,1,2f4b0c1c-373f-40b1-8c37-f00fd6adc71f,Keep
00008906,87439,4295,1,1,2f4b0c1c-373f-40b1-8c37-f00fd6adc71f,Keep
00008907,87439,4295,1,1,2f4b0c1c-373f-40b1-8c37-f00fd6adc71f,Keep
00008908,87439,4295,1,1,2f4b0c1c-373f-40b1-8c37-f00fd6adc71f,Keep
00008909,87439-B,4295,1,1,2f4b0c1c-373f-40b1-8c37-f00fd6adc71f,Keep
00008910,250634-WHITE,6395,1,1,43384d81-c95b-451a-a10d-7df8f0e1b2cd,Keep
00008911,250634-WHITE,6395,1,1,43384d81-c95b-451a-a10d-7df8f0e1b2cd,Keep
00008912,250634-WHITE,6395,1,1,43384d81-c95b-451a-a10d-7df8f0e1b2cd,Keep
00008913,250634-WHITE,6395,1,1,43384d81-c95b-451a-a10d-7df8f0e1b2cd,Keep
00008914,250634-WHITE,6395,1,1,43384d81-c95b-451a-a10d-7df8f0e1b2cd,Keep
00008915,250634-GREY,6395,1,1,43384d81-c95b-451a-a10d-7df8f0e1b2cd,Keep
00008916,250634-GREY,6395,1,1,43384d81-c95b-451a-a10d-7df8f0e1b2cd,Keep
00008917,250634-GREY,6395,1,1,43384d81-c95b-451a-a10d-7df8f0e1b2cd,Keep
00008918,250634-GREY,6395,1,1,43384d81-c95b-451a-a10d-7df8f0e1b2cd,Keep
00008919,250634-GREY,6395,1,1,43384d81-c95b-451a-a10d-7df8f0e1b2cd,Keep
00008920,260095,7895,1,1,43384d81-c95b-451a-a10d-7df8f0e1b2cd,Keep
00008921,260095,7895,1,1,43384d81-c95b-451a-a10d-7df8f0e1b2cd,Keep
00008922,260095,7895,1,1,43384d81-c95b-451a-a10d-7df8f0e1b2cd,Keep
00008923,260095,7895,1,1,43384d81-c95b-451a-a10d-7df8f0e1b2cd,Keep
00008924,260095,7895,1,1,43384d81-c95b-451a-a10d-7df8f0e1b2cd,Keep
00008925,260237,12095,1,1,43384d81-c95b-451a-a10d-7df8f0e1b2cd,Keep
00008926,260237,12095,1,1,43384d81-c95b-451a-a10d-7df8f0e1b2cd,Keep
00008927,260237,12095,1,1,43384d81-c95b-451a-a10d-7df8f0e1b2cd,Keep
00008928,260237,12095,1,1,43384d81-c95b-451a-a10d-7df8f0e1b2cd,Keep
00008929,260237,12095,1,1,43384d81-c95b-451a-a10d-7df8f0e1b2cd,Keep
00008930,MNM-282,13695,1,1,d4e4a9d8-8ca2-427a-a9ec-ca83e679ae6f,Keep
00008931,MNM-282,13695,1,1,d4e4a9d8-8ca2-427a-a9ec-ca83e679ae6f,Keep
00008932,MNM-282,13695,1,1,d4e4a9d8-8ca2-427a-a9ec-ca83e679ae6f,Keep
00008933,G-3273D,5295,1,1,22ec3171-7243-424b-8cee-8520eb132341,Keep
00008934,G-3273D,5295,1,1,22ec3171-7243-424b-8cee-8520eb132341,Keep
00008935,G-3273D,5295,1,1,22ec3171-7243-424b-8cee-8520eb132341,Keep
00008936,G-3273D,5295,1,1,22ec3171-7243-424b-8cee-8520eb132341,Keep
00008937,G-3132D,8595,1,1,22ec3171-7243-424b-8cee-8520eb132341,Keep
00008938,G-3132D,8595,1,1,22ec3171-7243-424b-8cee-8520eb132341,Keep
00008939,G-3132D,8595,1,1,22ec3171-7243-424b-8cee-8520eb132341,Keep
00008940,G-3132D,8595,1,0,22ec3171-7243-424b-8cee-8520eb132341,Keep
00008941,S-3498,14995,2,2,40529b65-71ba-47a5-b7e3-e8666b235ab3,Keep
00008942,S-3498-B,14995,1,1,40529b65-71ba-47a5-b7e3-e8666b235ab3,Keep
00008943,S-3499,14995,2,2,40529b65-71ba-47a5-b7e3-e8666b235ab3,Keep
00008944,S-3499-B,14995,1,1,40529b65-71ba-47a5-b7e3-e8666b235ab3,Keep
00008945,V-1094,8695,2,2,40529b65-71ba-47a5-b7e3-e8666b235ab3,Keep
00008946,V-1094-B,8695,1,0,40529b65-71ba-47a5-b7e3-e8666b235ab3,Keep
00008947,V-1117,6295,1,1,40529b65-71ba-47a5-b7e3-e8666b235ab3,Keep
00008948,E-138-01,9895,1,0,9354ed15-158a-44a8-8d12-11adab43df5e,Keep
00008949,E-138-02,9895,1,1,9354ed15-158a-44a8-8d12-11adab43df5e,Keep
00008950,E-138-03,9895,1,1,9354ed15-158a-44a8-8d12-11adab43df5e,Keep
00008951,E-138-04,9895,1,0,9354ed15-158a-44a8-8d12-11adab43df5e,Keep
00008952,E-125,10495,1,0,9354ed15-158a-44a8-8d12-11adab43df5e,Keep
00008953,E-125,10495,1,1,9354ed15-158a-44a8-8d12-11adab43df5e,Keep
00008954,E-202,9095,1,1,9354ed15-158a-44a8-8d12-11adab43df5e,Keep
00008955,E-202-02,9095,1,0,9354ed15-158a-44a8-8d12-11adab43df5e,Keep
00008956,E-202-02,9095,1,1,9354ed15-158a-44a8-8d12-11adab43df5e,Keep
00008957,E-133,8895,1,1,9354ed15-158a-44a8-8d12-11adab43df5e,Keep
00008958,E-133,8895,1,1,9354ed15-158a-44a8-8d12-11adab43df5e,Keep
00008959,E-133-02,8895,1,1,9354ed15-158a-44a8-8d12-11adab43df5e,Keep
00008960,E-133-02,8895,1,1,9354ed15-158a-44a8-8d12-11adab43df5e,Keep
00008961,E-143,10495,1,0,9354ed15-158a-44a8-8d12-11adab43df5e,Keep
00008962,E-143,10495,1,1,9354ed15-158a-44a8-8d12-11adab43df5e,Keep
00008963,E-143-02,10495,1,1,9354ed15-158a-44a8-8d12-11adab43df5e,Keep
00008964,E-143-02,10495,1,1,9354ed15-158a-44a8-8d12-11adab43df5e,Keep
00008965,E-215-01,9195,1,1,9354ed15-158a-44a8-8d12-11adab43df5e,Keep
00008966,E-215-02,9195,1,1,9354ed15-158a-44a8-8d12-11adab43df5e,Keep
00008967,E-215-03,9195,1,1,9354ed15-158a-44a8-8d12-11adab43df5e,Keep
00008968,E-215-04,9195,1,0,9354ed15-158a-44a8-8d12-11adab43df5e,Keep
00008969,ORT-133,9995,1,1,f86f2d89-0e3f-42e4-b3ac-f59db8915809,Keep
00008970,ORT-133,9995,1,1,f86f2d89-0e3f-42e4-b3ac-f59db8915809,Keep
00008971,ORT-133,9995,1,1,f86f2d89-0e3f-42e4-b3ac-f59db8915809,Keep
00008972,ORT-133,9995,1,1,f86f2d89-0e3f-42e4-b3ac-f59db8915809,Keep
00008973,ORT-133,9995,1,1,f86f2d89-0e3f-42e4-b3ac-f59db8915809,Keep
00008974,ORT-133,9995,1,1,f86f2d89-0e3f-42e4-b3ac-f59db8915809,Keep
00008975,01,7995,1,1,8a24042b-117a-4290-a561-473e9d478961,Keep
00008976,MARIGOLD 3072,7995,1,0,b23855cc-5320-4c70-a3d0-a38aa04f6565,Keep
00008977,2211-A,59995,1,0,4f6ace29-4557-43ab-aab2-5ff40ddacabb,Keep
00008978,4157-A,37995,1,0,4f6ace29-4557-43ab-aab2-5ff40ddacabb,Keep
00008979,2030-01,24995,1,1,c5a66db7-76c6-4e11-9af8-146040043ca7,Keep
00008980,2030-02,25395,1,1,c5a66db7-76c6-4e11-9af8-146040043ca7,Keep
00008981,2030-03,24995,1,0,c5a66db7-76c6-4e11-9af8-146040043ca7,Keep
00008982,2030-04,24395,1,1,c5a66db7-76c6-4e11-9af8-146040043ca7,Keep
00008983,2060-01,17995,1,1,c5a66db7-76c6-4e11-9af8-146040043ca7,Keep
00008984,2060-02,18195,1,0,c5a66db7-76c6-4e11-9af8-146040043ca7,Keep
00008985,2060-03,18195,1,1,c5a66db7-76c6-4e11-9af8-146040043ca7,Keep
00008986,2060-04,17995,1,1,c5a66db7-76c6-4e11-9af8-146040043ca7,Keep
00008987,2059-01,15995,1,0,c5a66db7-76c6-4e11-9af8-146040043ca7,Keep
00008988,2059-02,16195,1,1,c5a66db7-76c6-4e11-9af8-146040043ca7,Keep
00008989,2059-03,16195,1,1,c5a66db7-76c6-4e11-9af8-146040043ca7,Keep
00008990,2059-04,15995,1,1,c5a66db7-76c6-4e11-9af8-146040043ca7,Keep
00008991,1997-01,14995,1,1,c5a66db7-76c6-4e11-9af8-146040043ca7,Keep
00008992,1997-02,14995,1,1,c5a66db7-76c6-4e11-9af8-146040043ca7,Keep
00008993,1987-01,16595,1,1,c5a66db7-76c6-4e11-9af8-146040043ca7,Keep
00008994,1987-02,16595,1,0,c5a66db7-76c6-4e11-9af8-146040043ca7,Keep
00008995,1987-03,16595,1,0,c5a66db7-76c6-4e11-9af8-146040043ca7,Keep
00008996,8479-R,49995,1,1,fbf15559-3a77-4e72-bb56-2207ac2a0d38,Keep
00008997,LM-113,30395,1,1,547d267e-1abf-472f-8606-786967ac8aed,Keep
00008998,SFD-338,54995,1,0,0de2a6da-c2dc-4db1-90fb-0829397b6021,Keep
00008999,SFD-346,50995,1,1,0de2a6da-c2dc-4db1-90fb-0829397b6021,Keep
00009000,D-2264,10695,1,1,244cb702-4469-45fa-87f3-b07f80b5e607,Keep
00009001,105-R,20995,1,1,9370d49f-337f-405f-9d6a-71e9c939a073,Keep
00009002,8800/4119,36995,1,1,6ba34240-2d3d-4bce-a96d-806258a52a87,Keep
00009003,IW-1251,28495,1,1,f0378e39-e1d9-4048-9603-eac1def78bd2,Keep
00009004,TA-444,9195,1,1,3098bb30-6cc5-4618-b742-c3a5a2218761,Keep
00009005,TA-449,11995,1,1,3098bb30-6cc5-4618-b742-c3a5a2218761,Keep
00009006,TA-449-02,11995,1,1,3098bb30-6cc5-4618-b742-c3a5a2218761,Keep
00009007,TA-455,11395,1,1,3098bb30-6cc5-4618-b742-c3a5a2218761,Keep
00009008,TA-455-02,11395,1,1,3098bb30-6cc5-4618-b742-c3a5a2218761,Keep
00009009,BS-02,31195,1,1,a96033c0-8059-4625-80ef-d066c6d75aab,Keep
00009010,DS-075,31195,1,1,a96033c0-8059-4625-80ef-d066c6d75aab,Keep
00009011,BS-01,19995,1,1,a96033c0-8059-4625-80ef-d066c6d75aab,Keep
00009012,6521,87995,1,1,277eab2c-39f2-4f0b-a585-e8fb612f5bc3,Keep
00009013,2706,103995,1,1,277eab2c-39f2-4f0b-a585-e8fb612f5bc3,Keep
00009014,2541,31995,1,1,277eab2c-39f2-4f0b-a585-e8fb612f5bc3,Keep
00009015,1928,27995,1,1,277eab2c-39f2-4f0b-a585-e8fb612f5bc3,Keep
00009016,01,1950,1,1,d13899af-9979-4acd-908b-bae01e13449b,Keep
00009017,02,1950,1,1,d13899af-9979-4acd-908b-bae01e13449b,Keep
00009018,BS-234-01,11095,1,1,a96033c0-8059-4625-80ef-d066c6d75aab,Keep
00009019,BS-234-02,11095,1,1,a96033c0-8059-4625-80ef-d066c6d75aab,Keep
00009020,BS-234-03,11095,1,1,a96033c0-8059-4625-80ef-d066c6d75aab,Keep
00009021,BS-229-01,12795,1,1,a96033c0-8059-4625-80ef-d066c6d75aab,Keep
00009022,BS-229-02,12795,1,1,a96033c0-8059-4625-80ef-d066c6d75aab,Keep
00009023,386-1,3195,1,0,2ec34301-ba36-46a0-be7c-bbe78347a77e,Keep
00009024,01,2995,1,0,2ec34301-ba36-46a0-be7c-bbe78347a77e,Keep
00009025,386-2,2995,1,0,2ec34301-ba36-46a0-be7c-bbe78347a77e,Keep
00009026,386-3,2995,1,0,2ec34301-ba36-46a0-be7c-bbe78347a77e,Keep
00009027,386-4,2995,1,0,2ec34301-ba36-46a0-be7c-bbe78347a77e,Keep
00009028,426,37995,1,1,2951c577-af23-4b3b-93ef-bf0a6fd109a7,Keep
00009029,25205,109995,1,1,99de372b-3803-45d5-be06-87acda17e549,Keep
00009030,3895-A,9995,1,1,bda7a325-0daf-4cad-a048-78327f0b6620,Keep
00009031,3895-A,9995,1,1,bda7a325-0daf-4cad-a048-78327f0b6620,Keep
00009032,3895-A,9995,1,1,bda7a325-0daf-4cad-a048-78327f0b6620,Keep
00009033,3895-B,9995,1,1,bda7a325-0daf-4cad-a048-78327f0b6620,Keep
00009034,3895-C,9995,1,1,bda7a325-0daf-4cad-a048-78327f0b6620,Keep
00009035,3895-D,9995,1,1,bda7a325-0daf-4cad-a048-78327f0b6620,Keep
00009036,OR-325-1ST FLOOR,15195,1,1,3410e64e-5786-40ae-9022-febcd9dcbfe4,Keep
00009037,6063,27695,1,1,3d900eeb-f64f-4b3e-87bc-5860db158bc4,Keep
00009038,2108,29695,1,1,3d900eeb-f64f-4b3e-87bc-5860db158bc4,Keep
00009039,4290-B,24395,1,0,396abfa9-9e50-419d-a525-2bd41074f54b,Keep
00009040,4290-R,24395,1,1,396abfa9-9e50-419d-a525-2bd41074f54b,Keep
00009041,4149-P,17195,1,1,396abfa9-9e50-419d-a525-2bd41074f54b,Keep
00009042,4149-G,17195,1,1,396abfa9-9e50-419d-a525-2bd41074f54b,Keep
00009043,4149-B,17195,1,1,396abfa9-9e50-419d-a525-2bd41074f54b,Keep
00009044,4313,16595,1,0,396abfa9-9e50-419d-a525-2bd41074f54b,Keep
00009045,E-221-01,10895,1,0,853c7a99-16a8-442f-93ad-5a6a27d4165f,Keep
00009046,E-221-02,10895,1,1,853c7a99-16a8-442f-93ad-5a6a27d4165f,Keep
00009047,E-221-03,10895,1,0,853c7a99-16a8-442f-93ad-5a6a27d4165f,Keep
00009048,E-221-03,10895,1,1,853c7a99-16a8-442f-93ad-5a6a27d4165f,Keep
00009049,E221-04,10895,1,1,853c7a99-16a8-442f-93ad-5a6a27d4165f,Keep
00009050,LS-506-01,8795,1,1,853c7a99-16a8-442f-93ad-5a6a27d4165f,Keep
00009051,LS-506-01,8795,1,1,853c7a99-16a8-442f-93ad-5a6a27d4165f,Keep
00009052,LS-506-01,8795,1,1,853c7a99-16a8-442f-93ad-5a6a27d4165f,Keep
00009053,LS-506-02,8795,1,1,853c7a99-16a8-442f-93ad-5a6a27d4165f,Keep
00009054,8484,33995,1,0,aa76ed63-d655-441b-8d53-959dbc9d9994,Keep
00009055,8487,28395,1,1,aa76ed63-d655-441b-8d53-959dbc9d9994,Keep
00009056,0262,24995,1,1,aa76ed63-d655-441b-8d53-959dbc9d9994,Keep
00009057,0262-C,26995,1,0,aa76ed63-d655-441b-8d53-959dbc9d9994,Keep
00009058,OR-23-4TH FLOOR,164995,0,0,6a38fc9a-4a81-4e65-b3e7-cc766f953968,Keep
00009059,260272,2995,1,1,61655b05-ca44-4b94-bb68-7f7a9a89f744,Keep
00009060,260272,2995,1,1,61655b05-ca44-4b94-bb68-7f7a9a89f744,Keep
00009061,260272,2995,1,1,61655b05-ca44-4b94-bb68-7f7a9a89f744,Keep
00009062,260272,2995,1,1,61655b05-ca44-4b94-bb68-7f7a9a89f744,Keep
00009063,260272,2995,1,1,61655b05-ca44-4b94-bb68-7f7a9a89f744,Keep
00009064,260273,2995,1,1,61655b05-ca44-4b94-bb68-7f7a9a89f744,Keep
00009065,260273,2995,1,1,61655b05-ca44-4b94-bb68-7f7a9a89f744,Keep
00009066,260273,2995,1,1,61655b05-ca44-4b94-bb68-7f7a9a89f744,Keep
00009067,260273,2995,1,0,61655b05-ca44-4b94-bb68-7f7a9a89f744,Keep
00009068,260273,2995,1,1,61655b05-ca44-4b94-bb68-7f7a9a89f744,Keep
00009069,16475,3195,1,1,6ea15ca0-293c-45c2-b909-998699ea45c2,Keep
00009070,16475,3195,1,1,6ea15ca0-293c-45c2-b909-998699ea45c2,Keep
00009071,16475,3195,1,1,6ea15ca0-293c-45c2-b909-998699ea45c2,Keep
00009072,16475,3195,1,1,6ea15ca0-293c-45c2-b909-998699ea45c2,Keep
00009073,16475-B,3195,1,1,6ea15ca0-293c-45c2-b909-998699ea45c2,Keep
00009074,16475-B,3195,1,1,6ea15ca0-293c-45c2-b909-998699ea45c2,Keep
00009075,16475-B,3195,1,0,6ea15ca0-293c-45c2-b909-998699ea45c2,Keep
00009076,2175,3695,1,1,6ea15ca0-293c-45c2-b909-998699ea45c2,Keep
00009077,2175,3695,2,2,6ea15ca0-293c-45c2-b909-998699ea45c2,Keep
00009078,2175,3695,2,2,6ea15ca0-293c-45c2-b909-998699ea45c2,Keep
00009079,2175,3695,2,2,6ea15ca0-293c-45c2-b909-998699ea45c2,Keep
00009080,2175-B,3695,1,1,6ea15ca0-293c-45c2-b909-998699ea45c2,Keep
00009081,2175-B,3695,1,0,6ea15ca0-293c-45c2-b909-998699ea45c2,Keep
00009082,2175-B,3695,1,1,6ea15ca0-293c-45c2-b909-998699ea45c2,Keep
00009083,25420,3195,2,2,6ea15ca0-293c-45c2-b909-998699ea45c2,Keep
00009084,25420,3195,2,2,6ea15ca0-293c-45c2-b909-998699ea45c2,Keep
00009085,25420,3195,2,2,6ea15ca0-293c-45c2-b909-998699ea45c2,Keep
00009086,25420,3195,2,2,6ea15ca0-293c-45c2-b909-998699ea45c2,Keep
00009087,25420-B,3195,1,1,6ea15ca0-293c-45c2-b909-998699ea45c2,Keep
00009088,25420-B,3195,2,2,6ea15ca0-293c-45c2-b909-998699ea45c2,Keep
00009089,25420-B,3195,1,1,6ea15ca0-293c-45c2-b909-998699ea45c2,Keep
00009090,2629,4395,2,2,6ea15ca0-293c-45c2-b909-998699ea45c2,Keep
00009091,2629,4395,2,2,6ea15ca0-293c-45c2-b909-998699ea45c2,Keep
00009092,2629,4395,2,2,6ea15ca0-293c-45c2-b909-998699ea45c2,Keep
00009093,2629,4395,2,1,6ea15ca0-293c-45c2-b909-998699ea45c2,Keep
00009094,6798,3195,1,1,6ea15ca0-293c-45c2-b909-998699ea45c2,Keep
00009095,6798,3195,1,1,6ea15ca0-293c-45c2-b909-998699ea45c2,Keep
00009096,6798,3195,1,1,6ea15ca0-293c-45c2-b909-998699ea45c2,Keep
00009097,6798,3195,1,1,6ea15ca0-293c-45c2-b909-998699ea45c2,Keep
00009098,6798-B,3195,1,1,6ea15ca0-293c-45c2-b909-998699ea45c2,Keep
00009099,6798-B,3195,1,1,6ea15ca0-293c-45c2-b909-998699ea45c2,Keep
00009100,6798-B,3195,1,1,6ea15ca0-293c-45c2-b909-998699ea45c2,Keep
00009101,6899,3195,2,1,6ea15ca0-293c-45c2-b909-998699ea45c2,Keep
00009102,6899,3195,2,1,6ea15ca0-293c-45c2-b909-998699ea45c2,Keep
00009103,6899,3195,2,2,6ea15ca0-293c-45c2-b909-998699ea45c2,Keep
00009104,6899,3195,2,1,6ea15ca0-293c-45c2-b909-998699ea45c2,Keep
00009105,6899-B,3195,1,1,6ea15ca0-293c-45c2-b909-998699ea45c2,Keep
00009106,OR-23-3TH FLOOR,164995,1,0,6a38fc9a-4a81-4e65-b3e7-cc766f953968,Keep
00009107,260041,10595,1,1,a500a53a-0316-4b1a-bf18-4db3597a8e10,Keep
00009108,260041,10595,1,0,a500a53a-0316-4b1a-bf18-4db3597a8e10,Keep
00009109,260041,10595,1,0,a500a53a-0316-4b1a-bf18-4db3597a8e10,Keep
00009110,260041,10595,1,1,a500a53a-0316-4b1a-bf18-4db3597a8e10,Keep
00009111,260041,10595,1,1,a500a53a-0316-4b1a-bf18-4db3597a8e10,Keep
00009112,260027,9595,1,1,a500a53a-0316-4b1a-bf18-4db3597a8e10,Keep
00009113,260027,9595,1,1,a500a53a-0316-4b1a-bf18-4db3597a8e10,Keep
00009114,260027,9595,1,1,a500a53a-0316-4b1a-bf18-4db3597a8e10,Keep
00009115,260027,9595,1,1,a500a53a-0316-4b1a-bf18-4db3597a8e10,Keep
00009116,260027,9595,1,1,a500a53a-0316-4b1a-bf18-4db3597a8e10,Keep
00009117,6905,3895,1,1,6ea15ca0-293c-45c2-b909-998699ea45c2,Keep
00009118,K-0807,2295,1,1,6ea15ca0-293c-45c2-b909-998699ea45c2,Keep
00009119,K-0807,2295,1,1,6ea15ca0-293c-45c2-b909-998699ea45c2,Keep
00009120,K-0807,2295,1,1,6ea15ca0-293c-45c2-b909-998699ea45c2,Keep
00009121,K-0807,2295,1,1,6ea15ca0-293c-45c2-b909-998699ea45c2,Keep
00009122,K-0807-B,2295,1,1,6ea15ca0-293c-45c2-b909-998699ea45c2,Keep
00009123,K-0807-B,2295,1,1,6ea15ca0-293c-45c2-b909-998699ea45c2,Keep
00009124,K-0807-B,2295,1,1,6ea15ca0-293c-45c2-b909-998699ea45c2,Keep
00009125,K-0878,2495,2,2,6ea15ca0-293c-45c2-b909-998699ea45c2,Keep
00009126,K-0878,2495,2,2,6ea15ca0-293c-45c2-b909-998699ea45c2,Keep
00009127,K-0878,2495,2,2,6ea15ca0-293c-45c2-b909-998699ea45c2,Keep
00009128,K-0878,2495,2,2,6ea15ca0-293c-45c2-b909-998699ea45c2,Keep
00009129,K-0878-B,2495,1,1,6ea15ca0-293c-45c2-b909-998699ea45c2,Keep
00009130,K-0878-B,2495,1,1,6ea15ca0-293c-45c2-b909-998699ea45c2,Keep
00009131,K-0878-B,2495,1,1,6ea15ca0-293c-45c2-b909-998699ea45c2,Keep
00009132,K-1026,2295,2,2,6ea15ca0-293c-45c2-b909-998699ea45c2,Keep
00009133,K-1026,2295,2,2,6ea15ca0-293c-45c2-b909-998699ea45c2,Keep
00009134,K-1026,2295,2,2,6ea15ca0-293c-45c2-b909-998699ea45c2,Keep
00009135,K-1026,2295,2,2,6ea15ca0-293c-45c2-b909-998699ea45c2,Keep
00009136,K-1026-B,2295,1,1,6ea15ca0-293c-45c2-b909-998699ea45c2,Keep
00009137,K-1026-B,2295,1,0,6ea15ca0-293c-45c2-b909-998699ea45c2,Keep
00009138,K-1026-B,2295,1,1,6ea15ca0-293c-45c2-b909-998699ea45c2,Keep
00009139,OR-005,41995,1,1,f93c5ad4-435f-41d9-993c-09f345527bed,Keep
00009140,OR-011,37995,1,1,a48709a1-c49b-4310-8567-1b2201409504,Keep
00009141,01-PINK,99995,1,1,0ed445ed-42bc-4b43-944f-4e4a60aed151,Keep
00009142,02-GOLD,110995,1,1,0ed445ed-42bc-4b43-944f-4e4a60aed151,Keep
00009143,OR-25-3TH-FLOOR,35995,1,0,21d0802c-c749-4960-98b9-16a7b39f50d3,Keep
00009144,OR-013,60995,1,1,e58e0b37-b0ad-488c-9d48-2af91163720f,Keep
00009145,1984,11695,1,0,908b960f-2d78-49a8-9540-b5092d9ae105,Keep
00009146,1984,11695,1,1,908b960f-2d78-49a8-9540-b5092d9ae105,Keep
00009147,OR-311-1ST-FLOOR-G,13995,1,0,3bb79911-3dba-44c1-9eb0-4d0026c8e9d7,Keep
00009148,OR-311-1ST-FLOOR-B,13995,0,0,3bb79911-3dba-44c1-9eb0-4d0026c8e9d7,Keep
00009149,7428,14995,1,0,3bb79911-3dba-44c1-9eb0-4d0026c8e9d7,Keep
00009150,20,123995,1,1,2cbfb7fe-8112-4f27-b598-245221045b01,Keep
00009151,1070-A,11795,1,1,6d9ba9ca-5b28-4f06-8549-66b03af50504,Keep
00009152,1070-A,11795,1,1,6d9ba9ca-5b28-4f06-8549-66b03af50504,Keep
00009153,1070-A,11795,1,1,6d9ba9ca-5b28-4f06-8549-66b03af50504,Keep
00009154,1070-B,11795,1,1,6d9ba9ca-5b28-4f06-8549-66b03af50504,Keep
00009155,1033-BL-1,10995,1,0,6d9ba9ca-5b28-4f06-8549-66b03af50504,Keep
00009156,1033-BL-1,10995,1,0,6d9ba9ca-5b28-4f06-8549-66b03af50504,Keep
00009157,1033-BL-1,10995,1,0,6d9ba9ca-5b28-4f06-8549-66b03af50504,Keep
00009158,1133-BL-2,10995,1,0,6d9ba9ca-5b28-4f06-8549-66b03af50504,Keep
00009159,1033-CH-1,10995,1,0,6d9ba9ca-5b28-4f06-8549-66b03af50504,Keep
00009160,1033-CH-1,10995,1,0,6d9ba9ca-5b28-4f06-8549-66b03af50504,Keep
00009161,1033-CH-1,10995,1,0,6d9ba9ca-5b28-4f06-8549-66b03af50504,Keep
00009162,1033-CH-2,10995,1,0,6d9ba9ca-5b28-4f06-8549-66b03af50504,Keep
00009163,1133-A,10995,1,1,6d9ba9ca-5b28-4f06-8549-66b03af50504,Keep
00009164,1133-A,10995,1,1,6d9ba9ca-5b28-4f06-8549-66b03af50504,Keep
00009165,1133-A,10995,1,1,6d9ba9ca-5b28-4f06-8549-66b03af50504,Keep
00009166,1133-B,10995,1,1,6d9ba9ca-5b28-4f06-8549-66b03af50504,Keep
00009167,1155-BEIGE,12295,1,1,59ec17e3-56aa-447e-b8d4-d98bc3af2387,Keep
00009168,1155-BEIGE,12295,1,1,59ec17e3-56aa-447e-b8d4-d98bc3af2387,Keep
00009169,1155-BEIGE-02,12295,1,1,59ec17e3-56aa-447e-b8d4-d98bc3af2387,Keep
00009170,1155-BLUE,12295,1,1,59ec17e3-56aa-447e-b8d4-d98bc3af2387,Keep
00009171,1155-BLUE,12295,1,0,59ec17e3-56aa-447e-b8d4-d98bc3af2387,Keep
00009172,1155-BLUE-02,12295,1,1,59ec17e3-56aa-447e-b8d4-d98bc3af2387,Keep
00009173,1102-CREAM,14395,1,1,59ec17e3-56aa-447e-b8d4-d98bc3af2387,Keep
00009174,1102-CREAM,14395,1,1,59ec17e3-56aa-447e-b8d4-d98bc3af2387,Keep
00009175,1102-CREAM-02,14395,1,1,59ec17e3-56aa-447e-b8d4-d98bc3af2387,Keep
00009176,OR-322-1ST-FLOOR-B,13995,1,1,3bb79911-3dba-44c1-9eb0-4d0026c8e9d7,Keep
00009177,S-3160,6195,1,1,2e1419dd-d272-4053-bc22-8defde00d001,Keep
00009178,S-3160-02,6195,2,2,2e1419dd-d272-4053-bc22-8defde00d001,Keep
00009179,S-3494,10595,2,2,2e1419dd-d272-4053-bc22-8defde00d001,Keep
00009180,S-3494-02,10595,1,0,2e1419dd-d272-4053-bc22-8defde00d001,Keep
00009181,S-3504,10595,2,2,2e1419dd-d272-4053-bc22-8defde00d001,Keep
00009182,S-3504-02,10595,1,0,2e1419dd-d272-4053-bc22-8defde00d001,Keep
00009183,S-3523,10195,2,1,2e1419dd-d272-4053-bc22-8defde00d001,Keep
00009184,S-3523-02,10195,1,1,2e1419dd-d272-4053-bc22-8defde00d001,Keep
00009185,V-1117,6195,2,2,2e1419dd-d272-4053-bc22-8defde00d001,Keep
00009186,KP-364,5295,1,1,581f0c5d-71c1-48b5-957c-9d346d74a2c0,Keep
00009187,KP-364,5295,1,1,581f0c5d-71c1-48b5-957c-9d346d74a2c0,Keep
00009188,KP-364,5295,1,1,581f0c5d-71c1-48b5-957c-9d346d74a2c0,Keep
00009189,KP-372,8595,1,1,c7fd1e80-a8dd-429e-b74b-fffc14a4fcfd,Keep
00009190,KP-372,8595,1,1,c7fd1e80-a8dd-429e-b74b-fffc14a4fcfd,Keep
00009191,KP-372,8595,1,1,c7fd1e80-a8dd-429e-b74b-fffc14a4fcfd,Keep
00009192,HA-5018,14995,1,1,ccf93ce4-4b71-41d9-ace6-f45ba7181af4,Keep
00009193,HA-5018,14995,1,1,ccf93ce4-4b71-41d9-ace6-f45ba7181af4,Keep
00009194,HA-6081,30495,1,1,ccf93ce4-4b71-41d9-ace6-f45ba7181af4,Keep
00009195,HA-7023,32195,1,1,ccf93ce4-4b71-41d9-ace6-f45ba7181af4,Keep
00009196,HB-1046-ON,8295,1,0,ccf93ce4-4b71-41d9-ace6-f45ba7181af4,Keep
00009197,HB-1046-ON,8295,1,0,ccf93ce4-4b71-41d9-ace6-f45ba7181af4,Keep
00009198,HB-1046-GY,8295,1,0,ccf93ce4-4b71-41d9-ace6-f45ba7181af4,Keep
00009199,HB-1046-GY,8295,1,1,ccf93ce4-4b71-41d9-ace6-f45ba7181af4,Keep
00009200,HB-1051,9995,1,1,ccf93ce4-4b71-41d9-ace6-f45ba7181af4,Keep
00009201,HB-1051,9995,1,0,ccf93ce4-4b71-41d9-ace6-f45ba7181af4,Keep
00009202,VA-115,8295,1,1,ccf93ce4-4b71-41d9-ace6-f45ba7181af4,Keep
00009203,VA-115,8295,1,1,ccf93ce4-4b71-41d9-ace6-f45ba7181af4,Keep
00009204,VA-117,9295,1,1,ccf93ce4-4b71-41d9-ace6-f45ba7181af4,Keep
00009205,VA-117,9295,1,1,ccf93ce4-4b71-41d9-ace6-f45ba7181af4,Keep
00009206,VA-117,9295,1,1,ccf93ce4-4b71-41d9-ace6-f45ba7181af4,Keep
00009207,HA-6059-A,8295,1,1,ccf93ce4-4b71-41d9-ace6-f45ba7181af4,Keep
00009208,HA-6059-B,8295,1,1,ccf93ce4-4b71-41d9-ace6-f45ba7181af4,Keep
00009209,HA-7061,7895,1,1,ccf93ce4-4b71-41d9-ace6-f45ba7181af4,Keep
00009210,HA-7061,7895,1,1,ccf93ce4-4b71-41d9-ace6-f45ba7181af4,Keep
00009211,VA-120,6495,1,1,ccf93ce4-4b71-41d9-ace6-f45ba7181af4,Keep
00009212,VA-120,6495,1,1,ccf93ce4-4b71-41d9-ace6-f45ba7181af4,Keep
00009213,VA-120,6495,1,1,ccf93ce4-4b71-41d9-ace6-f45ba7181af4,Keep
00009214,VA-125-A,6195,1,1,ccf93ce4-4b71-41d9-ace6-f45ba7181af4,Keep
00009215,VA-125-B,6195,1,1,ccf93ce4-4b71-41d9-ace6-f45ba7181af4,Keep
00009216,3448,3895,1,1,8b5d45ce-5343-42c6-9ffc-fcdd74db6869,Keep
00009217,3448,3895,1,1,8b5d45ce-5343-42c6-9ffc-fcdd74db6869,Keep
00009218,3448,3895,1,1,8b5d45ce-5343-42c6-9ffc-fcdd74db6869,Keep
00009219,3448,3895,1,1,8b5d45ce-5343-42c6-9ffc-fcdd74db6869,Keep
00009220,S10711,19795,1,1,402d44b9-b039-4204-bf36-0aa753a2e367,Keep
00009221,921,22295,1,1,770f51ed-39d0-4609-8123-0564ad37d5f5,Keep
00009222,C-994,27995,1,1,08f4df45-a39a-4a23-85ee-40b2895cc18d,Keep
00009223,C-1003,27995,1,1,08f4df45-a39a-4a23-85ee-40b2895cc18d,Keep
00009224,C-1023,35995,1,1,08f4df45-a39a-4a23-85ee-40b2895cc18d,Keep
00009225,C-1044,35995,1,1,08f4df45-a39a-4a23-85ee-40b2895cc18d,Keep
00009226,10250-GREEN,13595,1,0,3a7c3cc0-ebd7-40c8-ac08-46a832bc8a53,Keep
00009227,10250-GOLDEN,13595,1,1,3a7c3cc0-ebd7-40c8-ac08-46a832bc8a53,Keep
00009228,10249,14995,1,0,3a7c3cc0-ebd7-40c8-ac08-46a832bc8a53,Keep
00009229,10248,11995,1,1,3a7c3cc0-ebd7-40c8-ac08-46a832bc8a53,Keep
00009230,15670-GREEN,14595,1,1,3a7c3cc0-ebd7-40c8-ac08-46a832bc8a53,Keep
00009231,15670-BROWN,14595,1,1,3a7c3cc0-ebd7-40c8-ac08-46a832bc8a53,Keep
00009232,DES 6273,13995,0,0,39d28c76-c493-4380-8427-db863b5b7fa4,Keep
00009233,DES 6273,13995,1,1,39d28c76-c493-4380-8427-db863b5b7fa4,Keep
00009234,SP-1681,17995,0,0,c7c02da9-9c3a-4f31-9c16-e27af78665f2,Keep
00009235,455,17995,1,1,13d9e91e-5a64-4a6c-a064-06c44b10dde2,Keep
00009236,216,35995,1,1,13d9e91e-5a64-4a6c-a064-06c44b10dde2,Keep
00009237,6911-A,5695,1,1,bd51b15b-eb8e-4968-b409-8cc40fa49c43,Keep
00009238,6911-A,5695,1,1,bd51b15b-eb8e-4968-b409-8cc40fa49c43,Keep
00009239,6911-A,5695,1,1,bd51b15b-eb8e-4968-b409-8cc40fa49c43,Keep
00009240,6911-A,5695,1,1,bd51b15b-eb8e-4968-b409-8cc40fa49c43,Keep
00009241,6911-B,5695,1,1,bd51b15b-eb8e-4968-b409-8cc40fa49c43,Keep
00009242,6911-B,5695,1,1,bd51b15b-eb8e-4968-b409-8cc40fa49c43,Keep
00009243,6911-B,5695,1,0,bd51b15b-eb8e-4968-b409-8cc40fa49c43,Keep
00009244,9011-A,5495,2,2,bd51b15b-eb8e-4968-b409-8cc40fa49c43,Keep
00009245,9011-A,5495,2,2,bd51b15b-eb8e-4968-b409-8cc40fa49c43,Keep
00009246,9011-A,5495,2,2,bd51b15b-eb8e-4968-b409-8cc40fa49c43,Keep
00009247,9011-A,5495,2,2,bd51b15b-eb8e-4968-b409-8cc40fa49c43,Keep
00009248,9011-B,5495,1,1,bd51b15b-eb8e-4968-b409-8cc40fa49c43,Keep
00009249,9011-B,5495,1,1,bd51b15b-eb8e-4968-b409-8cc40fa49c43,Keep
00009250,1062,13495,1,1,7435196f-a95d-4387-b01a-e4ec4e38630b,Keep
00009251,1062,13495,1,1,7435196f-a95d-4387-b01a-e4ec4e38630b,Keep
00009252,1062,13495,1,1,7435196f-a95d-4387-b01a-e4ec4e38630b,Keep
00009253,1062-02,13495,1,1,7435196f-a95d-4387-b01a-e4ec4e38630b,Keep
00009254,1153,5995,1,1,7435196f-a95d-4387-b01a-e4ec4e38630b,Keep
00009255,1153,5995,1,1,7435196f-a95d-4387-b01a-e4ec4e38630b,Keep
00009256,1153,5995,1,1,7435196f-a95d-4387-b01a-e4ec4e38630b,Keep
00009257,1153,5995,1,1,7435196f-a95d-4387-b01a-e4ec4e38630b,Keep
00009258,1153-WINE,5995,1,1,7435196f-a95d-4387-b01a-e4ec4e38630b,Keep
00009259,1153-WINE,5995,1,1,7435196f-a95d-4387-b01a-e4ec4e38630b,Keep
00009260,1153-WINE,5995,1,1,7435196f-a95d-4387-b01a-e4ec4e38630b,Keep
00009261,1153-WINE,5995,1,1,7435196f-a95d-4387-b01a-e4ec4e38630b,Keep
00009262,1153-BLUE,5995,1,1,7435196f-a95d-4387-b01a-e4ec4e38630b,Keep
00009263,1153-BLUE,5995,1,1,7435196f-a95d-4387-b01a-e4ec4e38630b,Keep
00009264,1153-BLUE,5995,1,1,7435196f-a95d-4387-b01a-e4ec4e38630b,Keep
00009265,1153-BLUE,5995,1,1,7435196f-a95d-4387-b01a-e4ec4e38630b,Keep
00009266,3586-A,7595,1,1,1548837c-3428-4b6f-8ec1-ddf8a10ce43c,Keep
00009267,3586-A,7595,1,1,1548837c-3428-4b6f-8ec1-ddf8a10ce43c,Keep
00009268,3586-A,7595,1,1,1548837c-3428-4b6f-8ec1-ddf8a10ce43c,Keep
00009269,3586-A,7595,1,1,1548837c-3428-4b6f-8ec1-ddf8a10ce43c,Keep
00009270,3586-B,7595,1,1,1548837c-3428-4b6f-8ec1-ddf8a10ce43c,Keep
00009271,8280,5995,1,1,47afa548-8ef2-44ee-b050-981e674a5e09,Keep
00009272,260040,10195,1,1,4255d98f-b522-478d-a479-a2667cfe2c5b,Keep
00009273,260040,10195,1,0,4255d98f-b522-478d-a479-a2667cfe2c5b,Keep
00009274,260040,10195,1,0,4255d98f-b522-478d-a479-a2667cfe2c5b,Keep
00009275,260040,10195,1,1,4255d98f-b522-478d-a479-a2667cfe2c5b,Keep
00009276,260040,10195,1,1,4255d98f-b522-478d-a479-a2667cfe2c5b,Keep
00009277,2020-01,22395,1,1,cee93437-f63e-49c4-9d5c-e408bb6a4ec2,Keep
00009278,2020-02,22395,1,1,cee93437-f63e-49c4-9d5c-e408bb6a4ec2,Keep
00009279,2020-03,22395,1,1,cee93437-f63e-49c4-9d5c-e408bb6a4ec2,Keep
00009280,2024-01,14595,1,0,cee93437-f63e-49c4-9d5c-e408bb6a4ec2,Keep
00009281,2024-02,14595,1,1,cee93437-f63e-49c4-9d5c-e408bb6a4ec2,Keep
00009282,1994-01,13195,1,1,cee93437-f63e-49c4-9d5c-e408bb6a4ec2,Keep
00009283,1994-02,13195,1,1,cee93437-f63e-49c4-9d5c-e408bb6a4ec2,Keep
00009284,1994-03,13195,1,1,cee93437-f63e-49c4-9d5c-e408bb6a4ec2,Keep
00009285,P-2896,8995,1,0,07ddd3f2-f485-4e21-836a-487e9e4b3549,Keep
00009286,01,36495,1,1,79974653-04c1-436e-93cf-eb975620e188,Keep
00009287,02,18295,1,1,79974653-04c1-436e-93cf-eb975620e188,Keep
00009288,03,30795,1,1,79974653-04c1-436e-93cf-eb975620e188,Keep
00009289,04,217795,1,1,79974653-04c1-436e-93cf-eb975620e188,Keep
00009290,05,148295,1,0,79974653-04c1-436e-93cf-eb975620e188,Keep
00009291,06,72995,1,1,79974653-04c1-436e-93cf-eb975620e188,Keep
00009292,07,38795,1,1,79974653-04c1-436e-93cf-eb975620e188,Keep
00009293,08,38795,1,1,79974653-04c1-436e-93cf-eb975620e188,Keep
00009294,09,159595,1,1,08a0ac61-62ef-4252-81e5-a67a7dd205e4,Keep
00009295,10,225795,1,1,08a0ac61-62ef-4252-81e5-a67a7dd205e4,Keep
00009296,11,185895,1,1,08a0ac61-62ef-4252-81e5-a67a7dd205e4,Keep
00009297,12,319295,1,1,08a0ac61-62ef-4252-81e5-a67a7dd205e4,Keep
00009298,13,196095,1,1,08a0ac61-62ef-4252-81e5-a67a7dd205e4,Keep
00009299,LGB-01-GREEN,3995,1,1,71532e19-5ef7-4053-beab-f4b83e8463cc,Keep
00009300,LGB-01-PINK,3995,1,1,71532e19-5ef7-4053-beab-f4b83e8463cc,Keep
00009301,LGB-01-BLUE,3995,1,1,71532e19-5ef7-4053-beab-f4b83e8463cc,Keep
00009302,LGB-01-GREY,3995,1,1,71532e19-5ef7-4053-beab-f4b83e8463cc,Keep
00009303,LGB-01-LAVENDER,3995,1,1,71532e19-5ef7-4053-beab-f4b83e8463cc,Keep
00009304,KSD-12-GREY,3595,1,1,71532e19-5ef7-4053-beab-f4b83e8463cc,Keep
00009305,KSD-12-YELLOW,3595,1,1,71532e19-5ef7-4053-beab-f4b83e8463cc,Keep
00009306,KSD-12-PINK,3595,1,1,71532e19-5ef7-4053-beab-f4b83e8463cc,Keep
00009307,KSD-12-GREEN,3595,1,1,71532e19-5ef7-4053-beab-f4b83e8463cc,Keep
00009308,KSD-19-GREEN,3595,1,1,71532e19-5ef7-4053-beab-f4b83e8463cc,Keep
00009309,KSD-19-GREY,3595,1,1,71532e19-5ef7-4053-beab-f4b83e8463cc,Keep
00009310,KSD-19-YELLOW,3595,1,1,71532e19-5ef7-4053-beab-f4b83e8463cc,Keep
00009311,KSD-19-PEACH,3595,1,1,71532e19-5ef7-4053-beab-f4b83e8463cc,Keep
00009312,SF-32-GOLDEN,3595,1,1,71532e19-5ef7-4053-beab-f4b83e8463cc,Keep
00009313,SF-32-SKY BLUE,3595,1,1,71532e19-5ef7-4053-beab-f4b83e8463cc,Keep
00009314,SF-32-PINK,3595,1,1,71532e19-5ef7-4053-beab-f4b83e8463cc,Keep
00009315,SF-32-GREY,3595,1,1,71532e19-5ef7-4053-beab-f4b83e8463cc,Keep
00009316,SF-30-BLUE,3995,0,0,71532e19-5ef7-4053-beab-f4b83e8463cc,Keep
00009317,SF-30-GREEN,3995,0,0,71532e19-5ef7-4053-beab-f4b83e8463cc,Keep
00009318,SF-70-PINK,3995,1,1,71532e19-5ef7-4053-beab-f4b83e8463cc,Keep
00009319,001-GOLDEN,12195,1,1,71532e19-5ef7-4053-beab-f4b83e8463cc,Keep
00009320,001-GREEN,12195,1,1,71532e19-5ef7-4053-beab-f4b83e8463cc,Keep
00009321,CS-21-BLACK,3795,1,1,71532e19-5ef7-4053-beab-f4b83e8463cc,Keep
00009322,CS-22-BACK,3795,1,1,71532e19-5ef7-4053-beab-f4b83e8463cc,Keep
00009323,CS-23-BLACK,3795,1,1,71532e19-5ef7-4053-beab-f4b83e8463cc,Keep
00009324,CS-24-BLACK,3795,1,1,71532e19-5ef7-4053-beab-f4b83e8463cc,Keep
00009325,SF-3-BLACK,3395,1,1,71532e19-5ef7-4053-beab-f4b83e8463cc,Keep
00009326,SF-3-BROWN,3395,1,1,71532e19-5ef7-4053-beab-f4b83e8463cc,Keep
00009327,SF-3-BLUE,3395,1,1,71532e19-5ef7-4053-beab-f4b83e8463cc,Keep
00009328,SF-3-GREEN,3395,1,1,71532e19-5ef7-4053-beab-f4b83e8463cc,Keep
00009329,SFS-252,5295,1,0,7504f024-8fbf-4347-9a40-b50a896e85f7,Keep
00009330,SFS-252,5295,1,1,7504f024-8fbf-4347-9a40-b50a896e85f7,Keep
00009331,SFS-252,5295,1,1,7504f024-8fbf-4347-9a40-b50a896e85f7,Keep
00009332,SFD-610,5595,1,1,7504f024-8fbf-4347-9a40-b50a896e85f7,Keep
00009333,SFD-610,5595,1,0,7504f024-8fbf-4347-9a40-b50a896e85f7,Keep
00009334,SFD-610,5595,1,1,7504f024-8fbf-4347-9a40-b50a896e85f7,Keep
00009335,SFD-610,5595,1,1,7504f024-8fbf-4347-9a40-b50a896e85f7,Keep
00009336,SFD-610,5595,1,1,7504f024-8fbf-4347-9a40-b50a896e85f7,Keep
00009337,SAK-3765-A,9295,1,1,7504f024-8fbf-4347-9a40-b50a896e85f7,Keep
00009338,SAK-3765-A,9295,1,1,7504f024-8fbf-4347-9a40-b50a896e85f7,Keep
00009339,SAK-3765-A,9295,1,1,7504f024-8fbf-4347-9a40-b50a896e85f7,Keep
00009340,SAK-3765-A,9295,1,1,7504f024-8fbf-4347-9a40-b50a896e85f7,Keep
00009341,SAK-3765-A,9295,1,1,7504f024-8fbf-4347-9a40-b50a896e85f7,Keep
00009342,SAK-3765-B,9295,1,1,7504f024-8fbf-4347-9a40-b50a896e85f7,Keep
00009343,SAK-3794-A,8295,1,1,7504f024-8fbf-4347-9a40-b50a896e85f7,Keep
00009344,SAK-3794-A,8295,1,1,7504f024-8fbf-4347-9a40-b50a896e85f7,Keep
00009345,SAK-3794-A,8295,1,1,7504f024-8fbf-4347-9a40-b50a896e85f7,Keep
00009346,SAK-3794-A,8295,1,1,7504f024-8fbf-4347-9a40-b50a896e85f7,Keep
00009347,SAK-3794-A,8295,1,1,7504f024-8fbf-4347-9a40-b50a896e85f7,Keep
00009348,SAK-3794-B,8295,1,1,7504f024-8fbf-4347-9a40-b50a896e85f7,Keep
00009349,SAK-3825-A,8495,1,1,7504f024-8fbf-4347-9a40-b50a896e85f7,Keep
00009350,SAK-3825-A,8495,1,1,7504f024-8fbf-4347-9a40-b50a896e85f7,Keep
00009351,SAK-3825-A,8495,1,0,7504f024-8fbf-4347-9a40-b50a896e85f7,Keep
00009352,SAK-3825-A,8495,1,1,7504f024-8fbf-4347-9a40-b50a896e85f7,Keep
00009353,SAK-3825-A,8495,1,1,7504f024-8fbf-4347-9a40-b50a896e85f7,Keep
00009354,SAK-3825-B,8495,1,1,7504f024-8fbf-4347-9a40-b50a896e85f7,Keep
00009355,SAK-3825-B,8495,1,1,7504f024-8fbf-4347-9a40-b50a896e85f7,Keep
00009356,SAK-3826-A,8795,1,0,7504f024-8fbf-4347-9a40-b50a896e85f7,Keep
00009357,SAK-3826-A,8795,1,1,7504f024-8fbf-4347-9a40-b50a896e85f7,Keep
00009358,SAK-3826-A,8795,1,0,7504f024-8fbf-4347-9a40-b50a896e85f7,Keep
00009359,SAK-3826-A,8795,1,1,7504f024-8fbf-4347-9a40-b50a896e85f7,Keep
00009360,SAK-3826-B,8795,1,1,7504f024-8fbf-4347-9a40-b50a896e85f7,Keep
00009361,SAK-3826-B,8795,1,1,7504f024-8fbf-4347-9a40-b50a896e85f7,Keep
00009362,SAK-3867-A,8495,1,1,7504f024-8fbf-4347-9a40-b50a896e85f7,Keep
00009363,SAK-3867-A,8495,1,1,7504f024-8fbf-4347-9a40-b50a896e85f7,Keep
00009364,SAK-3867-A,8495,1,1,7504f024-8fbf-4347-9a40-b50a896e85f7,Keep
00009365,SAK-3867-A,8495,1,1,7504f024-8fbf-4347-9a40-b50a896e85f7,Keep
00009366,SAK-3867-B,8495,1,1,7504f024-8fbf-4347-9a40-b50a896e85f7,Keep
00009367,SAK-3877-A,7695,1,1,7504f024-8fbf-4347-9a40-b50a896e85f7,Keep
00009368,SAK-3877-A,7695,1,1,7504f024-8fbf-4347-9a40-b50a896e85f7,Keep
00009369,SAK-3877-A,7695,1,1,7504f024-8fbf-4347-9a40-b50a896e85f7,Keep
00009370,SAK-3877-A,7695,1,1,7504f024-8fbf-4347-9a40-b50a896e85f7,Keep
00009371,SAK-3877-A,7695,1,1,7504f024-8fbf-4347-9a40-b50a896e85f7,Keep
00009372,SAK-3877-B,7695,1,1,7504f024-8fbf-4347-9a40-b50a896e85f7,Keep
00009373,LST-023-A,4295,0,0,7504f024-8fbf-4347-9a40-b50a896e85f7,Keep
00009374,LST-023-A,4295,2,2,7504f024-8fbf-4347-9a40-b50a896e85f7,Keep
00009375,LST-023-A,4295,1,1,7504f024-8fbf-4347-9a40-b50a896e85f7,Keep
00009376,LST-023-B,4295,1,1,7504f024-8fbf-4347-9a40-b50a896e85f7,Keep
00009377,LST-023-B,4295,1,1,7504f024-8fbf-4347-9a40-b50a896e85f7,Keep
00009378,154,4795,2,1,cf0b8c9a-1cd4-43bb-a9ed-7b7cdec45d21,Keep
00009379,101,4795,2,2,cf0b8c9a-1cd4-43bb-a9ed-7b7cdec45d21,Keep
00009380,138,4795,2,1,cf0b8c9a-1cd4-43bb-a9ed-7b7cdec45d21,Keep
00009381,150,5695,2,2,cf0b8c9a-1cd4-43bb-a9ed-7b7cdec45d21,Keep
00009382,116,5695,2,2,cf0b8c9a-1cd4-43bb-a9ed-7b7cdec45d21,Keep
00009383,135,5695,2,2,cf0b8c9a-1cd4-43bb-a9ed-7b7cdec45d21,Keep
00009384,165,5695,2,2,cf0b8c9a-1cd4-43bb-a9ed-7b7cdec45d21,Keep
00009385,135-02,5695,2,2,cf0b8c9a-1cd4-43bb-a9ed-7b7cdec45d21,Keep
00009386,SF-70-BLUE,3995,1,1,71532e19-5ef7-4053-beab-f4b83e8463cc,Keep
00009387,SF-70-GREEN,3995,1,1,71532e19-5ef7-4053-beab-f4b83e8463cc,Keep
00009388,MARIGOLD-1074-A,9295,1,0,0eb6cf9f-68c8-4567-8c0e-500bc98a88da,Keep
00009389,MARIGOLD-1074-A,9295,1,1,0eb6cf9f-68c8-4567-8c0e-500bc98a88da,Keep
00009390,MARIGOLD-1074-A,9295,1,1,0eb6cf9f-68c8-4567-8c0e-500bc98a88da,Keep
00009391,MARIGOLD-1074-B,9295,1,1,0eb6cf9f-68c8-4567-8c0e-500bc98a88da,Keep
00009392,MARIGOLD-1074-B,9295,1,1,0eb6cf9f-68c8-4567-8c0e-500bc98a88da,Keep
00009393,MARIGOLD-2028-A,9295,1,1,0eb6cf9f-68c8-4567-8c0e-500bc98a88da,Keep
00009394,MARIGOLD-2028-A,9295,1,1,0eb6cf9f-68c8-4567-8c0e-500bc98a88da,Keep
00009395,MARIGOLD-2028-A,9295,1,0,0eb6cf9f-68c8-4567-8c0e-500bc98a88da,Keep
00009396,MARIGOLD-2028-B,9295,1,0,0eb6cf9f-68c8-4567-8c0e-500bc98a88da,Keep
00009397,MARIGOLD-2028-B,9295,1,1,0eb6cf9f-68c8-4567-8c0e-500bc98a88da,Keep
00009398,MARIGOLD-6016,7995,1,1,0eb6cf9f-68c8-4567-8c0e-500bc98a88da,Keep
00009399,MARIGOLD-6016,7995,1,1,0eb6cf9f-68c8-4567-8c0e-500bc98a88da,Keep
00009400,MARIGOLD-6016,7995,1,0,0eb6cf9f-68c8-4567-8c0e-500bc98a88da,Keep
00009401,KP-266,11995,1,0,c982540b-29a4-4e3b-a08b-e88710dd37de,Keep
00009402,01,14995,1,1,826d0f47-7c54-4ffe-8ed4-da1fbc721ee2,Keep
00009403,02,17795,1,1,826d0f47-7c54-4ffe-8ed4-da1fbc721ee2,Keep
00009404,03,19795,1,1,826d0f47-7c54-4ffe-8ed4-da1fbc721ee2,Keep
00009405,03,19795,1,1,826d0f47-7c54-4ffe-8ed4-da1fbc721ee2,Keep
00009406,04,15795,1,1,826d0f47-7c54-4ffe-8ed4-da1fbc721ee2,Keep
00009407,05,17795,1,1,826d0f47-7c54-4ffe-8ed4-da1fbc721ee2,Keep
00009408,9480,14995,3,1,6aa67767-13d4-45e2-89a6-f4ad99a0d328,Keep
00009409,9338-BEIGE,14995,1,1,6aa67767-13d4-45e2-89a6-f4ad99a0d328,Keep
00009410,9338-LAVENDER,14995,1,0,6aa67767-13d4-45e2-89a6-f4ad99a0d328,Keep
00009411,9338-PINK,14995,1,1,6aa67767-13d4-45e2-89a6-f4ad99a0d328,Keep
00009412,1089-A,12095,1,1,6bafc1dc-587b-45f2-99db-edb40d1a245b,Keep
00009413,1089-A,12095,1,1,6bafc1dc-587b-45f2-99db-edb40d1a245b,Keep
00009414,1089-A,12095,1,1,6bafc1dc-587b-45f2-99db-edb40d1a245b,Keep
00009415,1089-B,12095,1,1,6bafc1dc-587b-45f2-99db-edb40d1a245b,Keep
00009416,1093-A,12095,1,1,6bafc1dc-587b-45f2-99db-edb40d1a245b,Keep
00009417,1093-A,12095,1,1,6bafc1dc-587b-45f2-99db-edb40d1a245b,Keep
00009418,1093-A,12095,1,1,6bafc1dc-587b-45f2-99db-edb40d1a245b,Keep
00009419,1093-B,12095,1,1,6bafc1dc-587b-45f2-99db-edb40d1a245b,Keep
00009420,2760,35995,1,0,651fd052-d4d0-4d28-a8c8-134b8ed908cc,Keep
00009421,2032,24995,1,0,651fd052-d4d0-4d28-a8c8-134b8ed908cc,Keep
00009422,2707,27995,1,0,651fd052-d4d0-4d28-a8c8-134b8ed908cc,Keep
00009423,2840,25995,1,0,651fd052-d4d0-4d28-a8c8-134b8ed908cc,Keep
00009424,1,164995,1,1,84dd8366-f7eb-48e7-a59a-9f4e2d63ef7d,Keep
00009425,1-SAREE,8900,5,5,bdda630e-f997-4350-a70b-b656b1558928,Keep
00009426,2- LAHARIYA,5700,3,2,bdda630e-f997-4350-a70b-b656b1558928,Keep
00009427,1,11695,8,8,cd1fc125-9bed-40db-9023-dba08d031548,Keep
00009428,SFD-460,6295,1,1,4ed5ae6b-8728-4e7d-8a03-820d2fd16dff,Keep
00009429,SFD-460,6295,1,1,4ed5ae6b-8728-4e7d-8a03-820d2fd16dff,Keep
00009430,SFD-460,6295,1,1,4ed5ae6b-8728-4e7d-8a03-820d2fd16dff,Keep
00009431,SFD-460-B,6295,1,1,4ed5ae6b-8728-4e7d-8a03-820d2fd16dff,Keep
00009432,SFD-589,5495,1,1,4ed5ae6b-8728-4e7d-8a03-820d2fd16dff,Keep
00009433,SFD-589,5495,1,1,4ed5ae6b-8728-4e7d-8a03-820d2fd16dff,Keep
00009434,SFD-589,5495,1,1,4ed5ae6b-8728-4e7d-8a03-820d2fd16dff,Keep
00009435,SFD-589,5495,1,1,4ed5ae6b-8728-4e7d-8a03-820d2fd16dff,Keep
00009436,SFD-589,5495,1,0,4ed5ae6b-8728-4e7d-8a03-820d2fd16dff,Keep
00009437,SFD-589-B,5495,1,0,4ed5ae6b-8728-4e7d-8a03-820d2fd16dff,Keep
00009438,SFD-589-B,5495,1,1,4ed5ae6b-8728-4e7d-8a03-820d2fd16dff,Keep
00009439,SAK-3827,7995,1,1,4ed5ae6b-8728-4e7d-8a03-820d2fd16dff,Keep
00009440,SAK-3891,7195,1,1,4ed5ae6b-8728-4e7d-8a03-820d2fd16dff,Keep
00009441,SAK-3891,7195,1,1,4ed5ae6b-8728-4e7d-8a03-820d2fd16dff,Keep
00009442,SAK-3891-B,7195,1,1,4ed5ae6b-8728-4e7d-8a03-820d2fd16dff,Keep
00009443,SAK-3892,7195,1,1,4ed5ae6b-8728-4e7d-8a03-820d2fd16dff,Keep
00009444,SAK-3892,7195,1,1,4ed5ae6b-8728-4e7d-8a03-820d2fd16dff,Keep
00009445,SAK-3892,7195,1,1,4ed5ae6b-8728-4e7d-8a03-820d2fd16dff,Keep
00009446,SAK-3891-B,7195,0,0,4ed5ae6b-8728-4e7d-8a03-820d2fd16dff,Keep
00009447,2264-ORANGE,10695,1,0,023e1e14-0ea5-42cb-a83c-985f692ee857,Keep
00009448,2264-BLACK,10695,1,0,023e1e14-0ea5-42cb-a83c-985f692ee857,Keep
00009449,2264-PINK,10695,1,0,023e1e14-0ea5-42cb-a83c-985f692ee857,Keep
00009450,2264-PURPLE,10695,1,0,023e1e14-0ea5-42cb-a83c-985f692ee857,Keep
00009451,KP-395,5495,1,1,a4ed4651-a725-4908-8e33-ffdee2db8c8e,Keep
00009452,KP-395,5495,1,1,a4ed4651-a725-4908-8e33-ffdee2db8c8e,Keep
00009453,KP-395,5495,1,1,a4ed4651-a725-4908-8e33-ffdee2db8c8e,Keep
00009454,OR-019,144995,1,1,51b225f9-f2bb-41cc-aa8b-933eac60b46f,Keep
00009455,OR-024,60995,1,1,32016609-88dd-4132-acde-216bd81e3ea5,Keep
00009456,OR-024,8000,0,0,32016609-88dd-4132-acde-216bd81e3ea5,Keep
00009457,OR-024-B,8000,0,0,32016609-88dd-4132-acde-216bd81e3ea5,Keep
00009458,V-2444,33695,1,1,5349b0ef-201a-4ec6-b9c3-c57b11e515ad,Keep
00009459,OR-019,31995,1,0,bdc2c5d4-e686-4737-be9e-faa52c465b96,Keep
00009460,OR-038,30999,1,1,e1768343-b200-484d-ab63-e82d8cc5b24d,Keep
00009461,SAK-3892-B,7195,1,1,4ed5ae6b-8728-4e7d-8a03-820d2fd16dff,Keep
00009462,V-7019,35695,1,1,427e57ec-2ca5-451a-bec4-f3f57770cf9b,Keep
00009463,OR-006,33790,1,0,427e57ec-2ca5-451a-bec4-f3f57770cf9b,Keep
00009464,OR-15,164995,1,1,f9462dfe-3d5c-42d9-9780-b866bf131534,Keep
00009465,SB-4HRG,6995,0,0,540d91b9-8255-4457-8433-798c221c474d,Keep
00009466,SB-MOTHRA,6895,10,10,540d91b9-8255-4457-8433-798c221c474d,Keep
00009467,SB-LHR-K,8295,26,26,e47e8725-32b9-4d1c-a4be-bc996cf110f3,Keep
00009468,01,4395,4,4,f5d38e59-9885-4dbb-9877-f25cb88aa7cb,Keep
00009469,02,4395,2,2,f5d38e59-9885-4dbb-9877-f25cb88aa7cb,Keep
00009470,03,6495,2,2,f5d38e59-9885-4dbb-9877-f25cb88aa7cb,Keep
00009471,04,5195,4,4,f5d38e59-9885-4dbb-9877-f25cb88aa7cb,Keep
00009472,05,10995,1,1,f5d38e59-9885-4dbb-9877-f25cb88aa7cb,Keep
00009473,SB-LHRG,6995,10,10,540d91b9-8255-4457-8433-798c221c474d,Keep
00009474,770,13595,1,1,4ad422a8-7047-4d8c-b700-437d80422ae7,Keep
00009475,770,13595,1,1,4ad422a8-7047-4d8c-b700-437d80422ae7,Keep
00009476,789,16995,1,1,4ad422a8-7047-4d8c-b700-437d80422ae7,Keep
00009477,789,16995,1,1,4ad422a8-7047-4d8c-b700-437d80422ae7,Keep
00009478,RR-1209,10995,1,1,4ad422a8-7047-4d8c-b700-437d80422ae7,Keep
00009479,RR-1209,10995,1,1,4ad422a8-7047-4d8c-b700-437d80422ae7,Keep
00009480,RR-1210,10995,1,1,4ad422a8-7047-4d8c-b700-437d80422ae7,Keep
00009481,RR-1210,10995,1,1,4ad422a8-7047-4d8c-b700-437d80422ae7,Keep
00009482,US-436,23995,1,1,5b2bf208-3b75-4055-b060-14ad9f1db729,Keep
00009483,6377,13995,1,1,0b12e74b-2cfc-4bbd-b1bf-e36c7c93645c,Keep
00009484,6352,17995,1,1,0b12e74b-2cfc-4bbd-b1bf-e36c7c93645c,Keep
00009485,6352-B,17995,1,1,0b12e74b-2cfc-4bbd-b1bf-e36c7c93645c,Keep
00009486,6375,9995,1,1,0b12e74b-2cfc-4bbd-b1bf-e36c7c93645c,Keep
00009487,6400,14395,1,1,0b12e74b-2cfc-4bbd-b1bf-e36c7c93645c,Keep
00009488,6400-B,14395,1,1,0b12e74b-2cfc-4bbd-b1bf-e36c7c93645c,Keep
00009489,6458,12595,1,1,0b12e74b-2cfc-4bbd-b1bf-e36c7c93645c,Keep
00009490,6404,15995,2,2,0b12e74b-2cfc-4bbd-b1bf-e36c7c93645c,Keep
00009491,6404-B,15995,1,1,0b12e74b-2cfc-4bbd-b1bf-e36c7c93645c,Keep
00009492,6386,11995,1,1,0b12e74b-2cfc-4bbd-b1bf-e36c7c93645c,Keep
00009493,6054-01,13995,1,1,0b12e74b-2cfc-4bbd-b1bf-e36c7c93645c,Keep
00009494,6054-02,13995,1,1,0b12e74b-2cfc-4bbd-b1bf-e36c7c93645c,Keep
00009495,6054-03,14595,1,1,0b12e74b-2cfc-4bbd-b1bf-e36c7c93645c,Keep
00009496,6054-04,14595,1,1,0b12e74b-2cfc-4bbd-b1bf-e36c7c93645c,Keep
00009497,6322,12595,1,1,0b12e74b-2cfc-4bbd-b1bf-e36c7c93645c,Keep
00009498,6193,19995,1,1,0b12e74b-2cfc-4bbd-b1bf-e36c7c93645c,Keep
00009499,6265,16595,1,1,0b12e74b-2cfc-4bbd-b1bf-e36c7c93645c,Keep
00009500,6369,14995,1,1,0b12e74b-2cfc-4bbd-b1bf-e36c7c93645c,Keep
00009501,6369-B,14995,1,1,0b12e74b-2cfc-4bbd-b1bf-e36c7c93645c,Keep
00009502,6272,12595,1,1,0b12e74b-2cfc-4bbd-b1bf-e36c7c93645c,Keep
00009503,6244,11995,1,1,0b12e74b-2cfc-4bbd-b1bf-e36c7c93645c,Keep
00009504,6444,12395,1,1,0b12e74b-2cfc-4bbd-b1bf-e36c7c93645c,Keep
00009505,6498-01,15195,2,2,0b12e74b-2cfc-4bbd-b1bf-e36c7c93645c,Keep
00009506,6498-02,15195,1,1,0b12e74b-2cfc-4bbd-b1bf-e36c7c93645c,Keep
00009507,6498-03,15195,1,1,0b12e74b-2cfc-4bbd-b1bf-e36c7c93645c,Keep
00009508,6498-04,15195,1,1,0b12e74b-2cfc-4bbd-b1bf-e36c7c93645c,Keep
00009509,6206,14995,1,1,0b12e74b-2cfc-4bbd-b1bf-e36c7c93645c,Keep
00009510,3669-02,15395,0,0,0b12e74b-2cfc-4bbd-b1bf-e36c7c93645c,Keep
00009511,260192,9895,1,1,0681c37a-fbe9-4f0c-9639-7db407701c7d,Keep
00009512,260192,9895,1,1,0681c37a-fbe9-4f0c-9639-7db407701c7d,Keep
00009513,260192,9895,1,1,0681c37a-fbe9-4f0c-9639-7db407701c7d,Keep
00009514,260192,9895,1,1,0681c37a-fbe9-4f0c-9639-7db407701c7d,Keep
00009515,260192,9895,1,1,0681c37a-fbe9-4f0c-9639-7db407701c7d,Keep
00009516,240431,6395,1,1,0681c37a-fbe9-4f0c-9639-7db407701c7d,Keep
00009517,240431,6395,1,1,0681c37a-fbe9-4f0c-9639-7db407701c7d,Keep
00009518,240431,6395,1,1,0681c37a-fbe9-4f0c-9639-7db407701c7d,Keep
00009519,240431,6395,1,1,0681c37a-fbe9-4f0c-9639-7db407701c7d,Keep
00009520,240431,6395,1,1,0681c37a-fbe9-4f0c-9639-7db407701c7d,Keep
00009521,260092,13395,1,1,0681c37a-fbe9-4f0c-9639-7db407701c7d,Keep
00009522,260092,13395,1,1,0681c37a-fbe9-4f0c-9639-7db407701c7d,Keep
00009523,260092,13395,1,1,0681c37a-fbe9-4f0c-9639-7db407701c7d,Keep
00009524,260092,13395,1,1,0681c37a-fbe9-4f0c-9639-7db407701c7d,Keep
00009525,250500,11695,1,1,0681c37a-fbe9-4f0c-9639-7db407701c7d,Keep
00009526,250500,11695,1,1,0681c37a-fbe9-4f0c-9639-7db407701c7d,Keep
00009527,250500,11695,1,1,0681c37a-fbe9-4f0c-9639-7db407701c7d,Keep
00009528,E-129,11995,1,1,05bd8051-b5ca-4ae6-9ed2-42530d2a56cd,Keep
00009529,E-129,11995,1,1,05bd8051-b5ca-4ae6-9ed2-42530d2a56cd,Keep
00009530,E-129,11995,1,1,05bd8051-b5ca-4ae6-9ed2-42530d2a56cd,Keep
00009531,E-129,11995,1,1,05bd8051-b5ca-4ae6-9ed2-42530d2a56cd,Keep
00009532,E-201-R,6995,1,1,05bd8051-b5ca-4ae6-9ed2-42530d2a56cd,Keep
00009533,E-201-G,6995,1,1,05bd8051-b5ca-4ae6-9ed2-42530d2a56cd,Keep
00009534,E-201-GY,7095,1,1,05bd8051-b5ca-4ae6-9ed2-42530d2a56cd,Keep
00009535,E-201-P,7095,1,1,05bd8051-b5ca-4ae6-9ed2-42530d2a56cd,Keep
00009536,E-129,11995,1,0,98da7687-48fe-41c8-bf8c-7c26928dfe03,Keep
00009537,190-263A,4595,1,1,e6a0c7b9-9ce7-45d4-be07-dc3f148a41ad,Keep
00009538,OR-027,15000,1,1,32016609-88dd-4132-acde-216bd81e3ea5,Keep
00009539,OR-35-4TH-FLOOR,132995,0,0,2c7bf879-e521-4612-abad-449fd5a61b19,Keep
00009540,OR-035-4TH-FLOOR,132995,1,1,2c7bf879-e521-4612-abad-449fd5a61b19,Keep
00009541,OR-008-3RD-FLOOR,85995,1,1,8a23783f-1f95-41e9-b9b2-70ec0df1c5cb,Keep
00009542,OR-020-3RD-FLOOR,31995,1,0,5b2c280a-3cc1-4da6-8aed-9e3959e74cc1,Keep
00009543,OR-012-4TH-FLOOR,139995,1,1,e7d6092c-adb2-4a9c-8012-e879b8a27240,Keep
00009544,OR-003-4TH-FLOOR,119995,1,1,8c78919a-ddaf-4e95-8a48-04381b5d7c69,Keep
00009545,6369-3,15395,0,0,0b12e74b-2cfc-4bbd-b1bf-e36c7c93645c,Keep
00009546,6369-3,15395,1,1,0b12e74b-2cfc-4bbd-b1bf-e36c7c93645c,Keep
00009547,1103-A,15595,1,1,0e3fc7e9-cd66-438d-9cb8-3e32f7f22ac9,Keep
00009548,1103-A,15595,1,1,0e3fc7e9-cd66-438d-9cb8-3e32f7f22ac9,Keep
00009549,1103-A,15595,1,1,0e3fc7e9-cd66-438d-9cb8-3e32f7f22ac9,Keep
00009550,1103-B,15595,1,1,0e3fc7e9-cd66-438d-9cb8-3e32f7f22ac9,Keep
00009551,1112-,14995,1,1,0e3fc7e9-cd66-438d-9cb8-3e32f7f22ac9,Keep
00009552,1112-,14995,1,1,0e3fc7e9-cd66-438d-9cb8-3e32f7f22ac9,Keep
00009553,1112-B,14995,1,1,0e3fc7e9-cd66-438d-9cb8-3e32f7f22ac9,Keep
00009554,6374,13995,1,0,41b38dc5-cef6-424a-9ed8-95f75c54fbf4,Keep
00009555,6357,15995,1,1,41b38dc5-cef6-424a-9ed8-95f75c54fbf4,Keep
00009556,6298,19995,1,1,41b38dc5-cef6-424a-9ed8-95f75c54fbf4,Keep
00009557,6475,12195,1,1,41b38dc5-cef6-424a-9ed8-95f75c54fbf4,Keep
00009558,6475-B,12195,1,1,41b38dc5-cef6-424a-9ed8-95f75c54fbf4,Keep
00009559,6379,13995,1,1,41b38dc5-cef6-424a-9ed8-95f75c54fbf4,Keep
00009560,6379-B,13995,1,1,41b38dc5-cef6-424a-9ed8-95f75c54fbf4,Keep
00009561,6056,14595,1,1,41b38dc5-cef6-424a-9ed8-95f75c54fbf4,Keep
00009562,6351,17995,1,1,41b38dc5-cef6-424a-9ed8-95f75c54fbf4,Keep
00009563,5925,12595,1,1,41b38dc5-cef6-424a-9ed8-95f75c54fbf4,Keep
00009564,5925-B,13195,1,1,41b38dc5-cef6-424a-9ed8-95f75c54fbf4,Keep
00009565,6400,14395,1,1,41b38dc5-cef6-424a-9ed8-95f75c54fbf4,Keep
00009566,6400-B,14395,0,0,0b12e74b-2cfc-4bbd-b1bf-e36c7c93645c,Keep
00009567,5925-C,12595,1,1,41b38dc5-cef6-424a-9ed8-95f75c54fbf4,Keep
00009568,6282,15195,1,1,41b38dc5-cef6-424a-9ed8-95f75c54fbf4,Keep
00009569,6417,13995,1,1,41b38dc5-cef6-424a-9ed8-95f75c54fbf4,Keep
00009570,6354,17995,1,1,41b38dc5-cef6-424a-9ed8-95f75c54fbf4,Keep
00009571,6358,13995,0,0,41b38dc5-cef6-424a-9ed8-95f75c54fbf4,Keep
00009572,6350,15995,1,1,41b38dc5-cef6-424a-9ed8-95f75c54fbf4,Keep
00009573,6162,10995,1,1,41b38dc5-cef6-424a-9ed8-95f75c54fbf4,Keep
00009574,6207,13995,1,1,41b38dc5-cef6-424a-9ed8-95f75c54fbf4,Keep
00009575,5601,17995,1,0,41b38dc5-cef6-424a-9ed8-95f75c54fbf4,Keep
00009576,6218,14595,1,1,41b38dc5-cef6-424a-9ed8-95f75c54fbf4,Keep
00009577,6197-A,13995,1,1,41b38dc5-cef6-424a-9ed8-95f75c54fbf4,Keep
00009578,6197-B,13995,1,0,41b38dc5-cef6-424a-9ed8-95f75c54fbf4,Keep
00009579,6197-C,14595,1,1,41b38dc5-cef6-424a-9ed8-95f75c54fbf4,Keep
00009580,6197-D,13995,1,0,41b38dc5-cef6-424a-9ed8-95f75c54fbf4,Keep
00009581,6445,10995,1,1,41b38dc5-cef6-424a-9ed8-95f75c54fbf4,Keep
00009582,6410,10995,1,1,41b38dc5-cef6-424a-9ed8-95f75c54fbf4,Keep
00009583,12,4595,1,1,8f358837-9703-46e5-9841-5172aa9cb28a,Keep
00009584,8363,32595,1,1,6f2d31b6-c245-4cf7-804c-4dfe3b275379,Keep
00009585,8393,40995,1,1,6f2d31b6-c245-4cf7-804c-4dfe3b275379,Keep
00009586,8393-B,40995,1,1,6f2d31b6-c245-4cf7-804c-4dfe3b275379,Keep
00009587,8514,25595,1,0,6f2d31b6-c245-4cf7-804c-4dfe3b275379,Keep
00009588,OR-330-1ST-FLOOR,8295,1,1,e33ccdb8-0eb9-47ce-a9f3-a0342563b93d,Keep
00009589,6358,13995,1,1,41b38dc5-cef6-424a-9ed8-95f75c54fbf4,Keep
00009590,86969,7495,1,1,d0c1e5d7-9098-40f6-8262-be513e0d6f1f,Keep
00009591,87260,3795,1,1,d0c1e5d7-9098-40f6-8262-be513e0d6f1f,Keep
00009592,86945,4695,1,1,6cb5ccf2-325d-458e-b52d-5ac4a3b88b6f,Keep
00009593,V-1055L,45995,1,1,54bb1501-76c3-46c5-8336-e45debbb3429,Keep
00009594,250442,12395,1,1,24b12897-66a4-406a-84c7-64ec170d9b34,Keep
00009595,250442,12395,1,1,24b12897-66a4-406a-84c7-64ec170d9b34,Keep
00009596,250442,12395,1,1,24b12897-66a4-406a-84c7-64ec170d9b34,Keep
00009597,250442,12395,1,1,24b12897-66a4-406a-84c7-64ec170d9b34,Keep
00009598,250442,12395,1,1,24b12897-66a4-406a-84c7-64ec170d9b34,Keep
00009599,260165,11895,1,1,24b12897-66a4-406a-84c7-64ec170d9b34,Keep
00009600,260165,11895,1,1,24b12897-66a4-406a-84c7-64ec170d9b34,Keep
00009601,260165,11895,1,1,24b12897-66a4-406a-84c7-64ec170d9b34,Keep
00009602,260165,11895,1,1,24b12897-66a4-406a-84c7-64ec170d9b34,Keep
00009603,620218,7495,0,0,24b12897-66a4-406a-84c7-64ec170d9b34,Keep
00009604,620218,7495,0,0,24b12897-66a4-406a-84c7-64ec170d9b34,Keep
00009605,620218,7495,0,0,24b12897-66a4-406a-84c7-64ec170d9b34,Keep
00009606,620218,7495,0,0,24b12897-66a4-406a-84c7-64ec170d9b34,Keep
00009607,620218,7495,0,0,24b12897-66a4-406a-84c7-64ec170d9b34,Keep
00009608,D-2264,10695,1,1,d5f440da-9e5b-4d51-9074-b6f9aa6e6700,Keep
00009609,OR-026,36995,0,0,442f54bb-531b-4f54-ac07-c389047e4a01,Keep
00009610,OR-013,31995,0,0,0ced08d1-cfb8-40af-9585-c3441b1b97fe,Keep
00009611,OR-029-THIRD FLOOR,57795,1,1,b9c6b389-5693-4aaa-bfc0-54584ecc46f2,Keep
00009612,OR-013-THIRD FLOOR,31995,1,1,0ced08d1-cfb8-40af-9585-c3441b1b97fe,Keep
00009613,OR-026-THIRD FLOOR,36995,1,0,442f54bb-531b-4f54-ac07-c389047e4a01,Keep
00009614,260218,7495,1,1,24b12897-66a4-406a-84c7-64ec170d9b34,Keep
00009615,260218,7495,1,1,24b12897-66a4-406a-84c7-64ec170d9b34,Keep
00009616,260218,7495,1,1,24b12897-66a4-406a-84c7-64ec170d9b34,Keep
00009617,260218,7495,1,1,24b12897-66a4-406a-84c7-64ec170d9b34,Keep
00009618,260218,7495,1,1,24b12897-66a4-406a-84c7-64ec170d9b34,Keep
00009619,T-4021,17995,1,1,16f8fbf0-3c42-4cdb-a9a6-3c6991bbbc12,Keep
00009620,E-122-1,8795,1,1,aa18c6a7-b893-47c6-8dc0-12e943fd7611,Keep
00009621,E-122-2,8795,1,1,aa18c6a7-b893-47c6-8dc0-12e943fd7611,Keep
00009622,E-122-3,8795,1,1,aa18c6a7-b893-47c6-8dc0-12e943fd7611,Keep
00009623,E-122-4,8795,1,1,aa18c6a7-b893-47c6-8dc0-12e943fd7611,Keep
00009624,E-122-5,8795,1,1,aa18c6a7-b893-47c6-8dc0-12e943fd7611,Keep
00009625,E-122-6,8795,1,1,aa18c6a7-b893-47c6-8dc0-12e943fd7611,Keep
00009626,4820-2ND FLOOR,18595,1,1,bdf43abc-0c82-4b46-ac01-571060001d93,Keep
00009627,E-24,7695,1,1,34c115c1-285a-4fce-9842-02abd0d4f355,Keep
00009628,E-24,7695,1,1,34c115c1-285a-4fce-9842-02abd0d4f355,Keep
00009629,E-24,7695,1,1,34c115c1-285a-4fce-9842-02abd0d4f355,Keep
00009630,E-24-B,7695,1,1,34c115c1-285a-4fce-9842-02abd0d4f355,Keep
00009631,E-24-B,7695,1,1,34c115c1-285a-4fce-9842-02abd0d4f355,Keep
00009632,E-05,7795,1,1,34c115c1-285a-4fce-9842-02abd0d4f355,Keep
00009633,E-05,7795,1,1,34c115c1-285a-4fce-9842-02abd0d4f355,Keep
00009634,E-05,7795,1,1,34c115c1-285a-4fce-9842-02abd0d4f355,Keep
00009635,E-05-B,7795,1,1,34c115c1-285a-4fce-9842-02abd0d4f355,Keep
00009636,E-02,6995,1,1,34c115c1-285a-4fce-9842-02abd0d4f355,Keep
00009637,E-02-B,6995,1,1,34c115c1-285a-4fce-9842-02abd0d4f355,Keep
00009638,E-02-B,6995,1,1,34c115c1-285a-4fce-9842-02abd0d4f355,Keep
00009639,E-06,8195,1,1,34c115c1-285a-4fce-9842-02abd0d4f355,Keep
00009640,E-06-B,8195,1,1,34c115c1-285a-4fce-9842-02abd0d4f355,Keep
00009641,LS-538,8895,1,1,34c115c1-285a-4fce-9842-02abd0d4f355,Keep
00009642,LS-538,8895,1,1,34c115c1-285a-4fce-9842-02abd0d4f355,Keep
00009643,LS-538,8895,1,1,34c115c1-285a-4fce-9842-02abd0d4f355,Keep
00009644,LS-538-B,8895,1,1,34c115c1-285a-4fce-9842-02abd0d4f355,Keep
00009645,LS-538-B,8895,1,1,34c115c1-285a-4fce-9842-02abd0d4f355,Keep
00009646,2357,23995,1,1,cf303afd-ced1-4057-bf12-14b6cc5effd5,Keep
00009647,2445-G,25995,1,1,cf303afd-ced1-4057-bf12-14b6cc5effd5,Keep
00009648,2445-O,25995,1,1,cf303afd-ced1-4057-bf12-14b6cc5effd5,Keep
00009649,2037,18995,1,1,cf303afd-ced1-4057-bf12-14b6cc5effd5,Keep
00009650,2769,29995,1,1,cf303afd-ced1-4057-bf12-14b6cc5effd5,Keep
00009651,2392,24995,1,1,cf303afd-ced1-4057-bf12-14b6cc5effd5,Keep
00009652,1759,25995,1,1,cf303afd-ced1-4057-bf12-14b6cc5effd5,Keep
00009653,2709,28995,1,1,cf303afd-ced1-4057-bf12-14b6cc5effd5,Keep
00009654,2303,22995,1,1,cf303afd-ced1-4057-bf12-14b6cc5effd5,Keep
00009655,1588,25995,1,1,a1bb8b7f-5f50-425e-8d9d-ede372db60e4,Keep
00009656,308,4995,1,1,c6cfca74-ef23-4b4e-bbe5-71e602aa8d68,Keep
00009657,308,4995,1,1,c6cfca74-ef23-4b4e-bbe5-71e602aa8d68,Keep
00009658,308,4995,1,1,c6cfca74-ef23-4b4e-bbe5-71e602aa8d68,Keep
00009659,308,4995,1,1,c6cfca74-ef23-4b4e-bbe5-71e602aa8d68,Keep
00009660,318,4595,1,1,c6cfca74-ef23-4b4e-bbe5-71e602aa8d68,Keep
00009661,318,4595,1,1,c6cfca74-ef23-4b4e-bbe5-71e602aa8d68,Keep
00009662,318,4595,1,1,c6cfca74-ef23-4b4e-bbe5-71e602aa8d68,Keep
00009663,318,4595,1,1,c6cfca74-ef23-4b4e-bbe5-71e602aa8d68,Keep
00009664,310,4595,1,1,c6cfca74-ef23-4b4e-bbe5-71e602aa8d68,Keep
00009665,310,4595,1,1,c6cfca74-ef23-4b4e-bbe5-71e602aa8d68,Keep
00009666,310,4595,1,1,c6cfca74-ef23-4b4e-bbe5-71e602aa8d68,Keep
00009667,310,4595,1,1,c6cfca74-ef23-4b4e-bbe5-71e602aa8d68,Keep
00009668,363-B,4595,1,1,c6cfca74-ef23-4b4e-bbe5-71e602aa8d68,Keep
00009669,363-B,4595,1,1,c6cfca74-ef23-4b4e-bbe5-71e602aa8d68,Keep
00009670,363-B,4595,1,1,c6cfca74-ef23-4b4e-bbe5-71e602aa8d68,Keep
00009671,363-B,4595,1,1,c6cfca74-ef23-4b4e-bbe5-71e602aa8d68,Keep
00009672,363-Y,4595,1,1,c6cfca74-ef23-4b4e-bbe5-71e602aa8d68,Keep
00009673,363-Y,4595,1,1,c6cfca74-ef23-4b4e-bbe5-71e602aa8d68,Keep
00009674,363-Y,4595,1,1,c6cfca74-ef23-4b4e-bbe5-71e602aa8d68,Keep
00009675,363-Y,4595,1,1,c6cfca74-ef23-4b4e-bbe5-71e602aa8d68,Keep
00009676,DS-1155,36995,0,0,cbf60fb3-41af-4879-8d3d-dd2728c5f8c7,Keep
00009677,OR-810-1ST FLOOR,28995,0,0,cbf60fb3-41af-4879-8d3d-dd2728c5f8c7,Keep
00009678,SFH-2924,59995,1,1,cb277933-bfe3-4742-9adb-efc387c21051,Keep
00009679,OR-310-1ST FLOOR,28995,1,1,cbf60fb3-41af-4879-8d3d-dd2728c5f8c7,Keep
00009680,OR-027 3RD FLOOR,31995,1,0,9d90ef73-26c6-4f92-8e32-e91c5718cf12,Keep
00009681,OR-032 3RD FLOOR,73995,1,1,7d0fa7b0-3c72-40ef-ab30-a113c4ee87a5,Keep
00009682,OR-013-GROUND-FLOOR,8695,1,0,ddcd3802-9744-4a3d-a9a0-341c2c08569e,Keep
00009683,OR-326,14995,1,1,b1976d10-6a79-430d-899e-50094622642e,Keep
00009684,BK-112-LILAC,7595,1,1,7cb73ab2-ab8e-4479-9569-86b5f1f579cb,Keep
00009685,BK-112-PINK,7595,1,1,7cb73ab2-ab8e-4479-9569-86b5f1f579cb,Keep
00009686,E-52,8095,1,1,595aa08b-3b1c-4a31-ab3a-36cfa2f4d57a,Keep
00009687,E-52,8095,1,1,595aa08b-3b1c-4a31-ab3a-36cfa2f4d57a,Keep
00009688,E-52,8095,1,1,595aa08b-3b1c-4a31-ab3a-36cfa2f4d57a,Keep
00009689,E-52-B,8095,1,1,595aa08b-3b1c-4a31-ab3a-36cfa2f4d57a,Keep
00009690,E-52-B,8095,1,1,595aa08b-3b1c-4a31-ab3a-36cfa2f4d57a,Keep
00009691,E-218-1,11895,1,1,595aa08b-3b1c-4a31-ab3a-36cfa2f4d57a,Keep
00009692,E-218-2,11895,1,1,595aa08b-3b1c-4a31-ab3a-36cfa2f4d57a,Keep
00009693,E-218-3,11895,1,1,595aa08b-3b1c-4a31-ab3a-36cfa2f4d57a,Keep
00009694,E-218-4,11895,1,1,595aa08b-3b1c-4a31-ab3a-36cfa2f4d57a,Keep
00009695,E-216-1,7195,1,1,595aa08b-3b1c-4a31-ab3a-36cfa2f4d57a,Keep
00009696,E-216-2,7195,1,1,595aa08b-3b1c-4a31-ab3a-36cfa2f4d57a,Keep
00009697,E-216-3,7195,1,1,595aa08b-3b1c-4a31-ab3a-36cfa2f4d57a,Keep
00009698,E-216-4,7195,1,1,595aa08b-3b1c-4a31-ab3a-36cfa2f4d57a,Keep
00009699,240553,13795,1,0,25d0f184-36cd-42a5-a67e-0791344b591a,Keep
00009700,240553,13795,1,0,25d0f184-36cd-42a5-a67e-0791344b591a,Keep
00009701,240553,13795,1,0,25d0f184-36cd-42a5-a67e-0791344b591a,Keep
00009702,240553,13795,1,0,25d0f184-36cd-42a5-a67e-0791344b591a,Keep
00009703,240553,13795,1,1,25d0f184-36cd-42a5-a67e-0791344b591a,Keep
00009704,OR-314 1ST FLOOR,16195,1,1,c7c02da9-9c3a-4f31-9c16-e27af78665f2,Keep
00009705,OR-021 3RD FLOOR,87995,1,1,5f517dbb-9c5c-4592-8d5b-63b7ba2d1070,Keep
00009706,OR-002 3RD FLOOR,43995,1,0,d8047420-1f0c-4bef-a58b-de3a2ee9bff1,Keep
00009707,OR-337 1ST FLOOR,10695,1,0,1e5c5b25-eacd-48f5-8236-374e2835eb5e,Keep
00009708,OR-336 1ST FLOOR,10695,1,1,1e5c5b25-eacd-48f5-8236-374e2835eb5e,Keep
00009709,OR-020 GROUND FLOOR,9395,1,0,2d39b50e-b715-45d1-b51f-1c2f6fff16d2,Keep
00009710,343,7795,1,1,ef711306-f569-447a-8405-64620753e8a3,Keep
00009711,BLK-01,10695,1,0,ac3d0876-131a-4161-a531-9a57a1177bf7,Keep
00009712,PSS-04,16795,1,0,4f20ec5f-cf09-4e30-88e7-5276848187ca,Keep
00009713,GDA-80,23795,1,0,4f20ec5f-cf09-4e30-88e7-5276848187ca,Keep
00009714,PSS-07,11995,1,0,4f20ec5f-cf09-4e30-88e7-5276848187ca,Keep
00009715,PLP-01-B,9995,1,0,4f20ec5f-cf09-4e30-88e7-5276848187ca,Keep
00009716,PLP-01-SK,9995,1,0,4f20ec5f-cf09-4e30-88e7-5276848187ca,Keep
00009717,E-219-M/1,11395,1,1,99c5acd0-c777-4a98-b47b-1e4ee9f1d2d9,Keep
00009718,E-219-M/2,11395,1,1,99c5acd0-c777-4a98-b47b-1e4ee9f1d2d9,Keep
00009719,E-219-XL/1,11395,1,1,99c5acd0-c777-4a98-b47b-1e4ee9f1d2d9,Keep
00009720,E-219-XL/2,11395,1,1,99c5acd0-c777-4a98-b47b-1e4ee9f1d2d9,Keep
00009721,E-219-3XL,11395,1,1,99c5acd0-c777-4a98-b47b-1e4ee9f1d2d9,Keep
00009722,GST-31,29995,1,0,44036cec-f278-4269-844c-c3b62d92745c,Keep
00009723,LC-30,19995,1,1,44036cec-f278-4269-844c-c3b62d92745c,Keep
00009724,PAS-08,19995,1,0,44036cec-f278-4269-844c-c3b62d92745c,Keep
00009725,PSS-28,11995,1,0,44036cec-f278-4269-844c-c3b62d92745c,Keep
00009726,01-WINE,10695,2,0,47e068e9-da3c-4ec3-a10d-47dfe12f377d,Keep
00009727,02-PURPLE,10695,1,0,47e068e9-da3c-4ec3-a10d-47dfe12f377d,Keep
00009728,03-RANI,10695,2,2,47e068e9-da3c-4ec3-a10d-47dfe12f377d,Keep
00009729,OR-028,27995,1,0,d079d815-171a-4d75-89fa-45dcb875dd13,Keep
00009730,2515,25995,1,1,d079d815-171a-4d75-89fa-45dcb875dd13,Keep
00009731,OR-033,73995,1,1,51822d14-e544-4b71-b105-3415d112ccd6,Keep
00009732,P-01,17995,1,1,0186f2b4-2181-4f26-a14d-475fc9cdad90,Keep
00009733,GREEN-1,8995,1,1,58059c86-e2d0-4f7f-a0a5-d5e5e093712a,Keep
00009734,01-BLUE,8595,6,5,e265ac1f-7988-4be9-b8a0-5c38c16c28e8,Keep
00009735,02-YELLOW,2795,1,1,e265ac1f-7988-4be9-b8a0-5c38c16c28e8,Keep
00009736,02-PINK,2795,1,1,e265ac1f-7988-4be9-b8a0-5c38c16c28e8,Keep
00009737,02-GREEN,2795,1,1,e265ac1f-7988-4be9-b8a0-5c38c16c28e8,Keep
00009738,03-BROWN,26995,1,1,e265ac1f-7988-4be9-b8a0-5c38c16c28e8,Keep
00009739,04-GREEN,26995,1,1,e265ac1f-7988-4be9-b8a0-5c38c16c28e8,Keep
00009740,05-BLACK,26995,1,1,e265ac1f-7988-4be9-b8a0-5c38c16c28e8,Keep
00009741,05-BROWN,26995,1,1,e265ac1f-7988-4be9-b8a0-5c38c16c28e8,Keep
00009742,06-BLUE,13395,1,1,e265ac1f-7988-4be9-b8a0-5c38c16c28e8,Keep
00009743,06-GOLD,13395,1,1,e265ac1f-7988-4be9-b8a0-5c38c16c28e8,Keep
00009744,07-MULTI,15995,4,4,e265ac1f-7988-4be9-b8a0-5c38c16c28e8,Keep
00009745,08-BLUE,5795,1,1,e265ac1f-7988-4be9-b8a0-5c38c16c28e8,Keep
00009746,09-MAROON,36995,1,0,e265ac1f-7988-4be9-b8a0-5c38c16c28e8,Keep
00009747,10-PEACH,9895,1,1,e265ac1f-7988-4be9-b8a0-5c38c16c28e8,Keep
00009748,10-YELLOW,9895,1,1,e265ac1f-7988-4be9-b8a0-5c38c16c28e8,Keep
00009749,11-YELLOW,9795,1,1,e265ac1f-7988-4be9-b8a0-5c38c16c28e8,Keep
00009750,11-BLUE,9795,1,1,e265ac1f-7988-4be9-b8a0-5c38c16c28e8,Keep
00009751,11-PINK,9795,1,1,e265ac1f-7988-4be9-b8a0-5c38c16c28e8,Keep
00009752,12-RED,21595,1,1,e265ac1f-7988-4be9-b8a0-5c38c16c28e8,Keep
00009753,13-PINK,23395,1,1,e265ac1f-7988-4be9-b8a0-5c38c16c28e8,Keep
00009754,13-GREEN,23395,1,1,e265ac1f-7988-4be9-b8a0-5c38c16c28e8,Keep
00009755,14-BROWN,18395,1,1,e265ac1f-7988-4be9-b8a0-5c38c16c28e8,Keep
00009756,14-GREY,18395,1,1,e265ac1f-7988-4be9-b8a0-5c38c16c28e8,Keep
00009757,OR-322 1ST FLOOR,13995,1,1,aeb7a77b-f310-48f0-8c49-69e5be1ac075,Keep
00009758,145,2695,1,1,96181ea6-d704-4e39-954d-d488d3f4234b,Keep
00009759,145,2695,1,1,96181ea6-d704-4e39-954d-d488d3f4234b,Keep
00009760,145,2695,1,1,96181ea6-d704-4e39-954d-d488d3f4234b,Keep
00009761,145,2695,1,0,96181ea6-d704-4e39-954d-d488d3f4234b,Keep
00009762,143,3595,1,1,96181ea6-d704-4e39-954d-d488d3f4234b,Keep
00009763,143,3595,1,1,96181ea6-d704-4e39-954d-d488d3f4234b,Keep
00009764,143,3595,1,1,96181ea6-d704-4e39-954d-d488d3f4234b,Keep
00009765,143,3595,1,1,96181ea6-d704-4e39-954d-d488d3f4234b,Keep
00009766,138,3195,1,1,96181ea6-d704-4e39-954d-d488d3f4234b,Keep
00009767,138,3195,1,1,96181ea6-d704-4e39-954d-d488d3f4234b,Keep
00009768,138,3195,1,1,96181ea6-d704-4e39-954d-d488d3f4234b,Keep
00009769,138,3195,1,1,96181ea6-d704-4e39-954d-d488d3f4234b,Keep
00009770,137,3995,1,1,96181ea6-d704-4e39-954d-d488d3f4234b,Keep
00009771,137,3995,1,1,96181ea6-d704-4e39-954d-d488d3f4234b,Keep
00009772,137,3995,1,1,96181ea6-d704-4e39-954d-d488d3f4234b,Keep
00009773,137,3995,1,1,96181ea6-d704-4e39-954d-d488d3f4234b,Keep
00009774,106,3595,1,1,96181ea6-d704-4e39-954d-d488d3f4234b,Keep
00009775,106,3595,1,1,96181ea6-d704-4e39-954d-d488d3f4234b,Keep
00009776,106,3595,1,1,96181ea6-d704-4e39-954d-d488d3f4234b,Keep
00009777,106,3595,1,1,96181ea6-d704-4e39-954d-d488d3f4234b,Keep
00009778,SRG-001098,46995,1,0,61f051a2-1ced-468c-bfe3-f910c165b36c,Keep
00009779,SRG-001547,59995,1,0,61f051a2-1ced-468c-bfe3-f910c165b36c,Keep
00009780,SRG-001077,31995,1,1,61f051a2-1ced-468c-bfe3-f910c165b36c,Keep
00009781,SRG-001862,32995,1,0,61f051a2-1ced-468c-bfe3-f910c165b36c,Keep
00009782,SRG-001152,26995,1,0,61f051a2-1ced-468c-bfe3-f910c165b36c,Keep
00009783,SRG-001302,28995,1,0,61f051a2-1ced-468c-bfe3-f910c165b36c,Keep
00009784,SRG-001164,34995,1,0,61f051a2-1ced-468c-bfe3-f910c165b36c,Keep
00009785,SRG-001347,24995,1,0,61f051a2-1ced-468c-bfe3-f910c165b36c,Keep
00009786,SRG-001898,63995,1,0,61f051a2-1ced-468c-bfe3-f910c165b36c,Keep
00009787,OR-016 GROUND FLOOR,7395,1,0,d3761e73-9cb5-4764-a26a-e08d788c1307,Keep
00009788,OR-019 GROUND FLOOR,7395,1,0,d3761e73-9cb5-4764-a26a-e08d788c1307,Keep
00009789,3139-CH,9295,1,1,d3761e73-9cb5-4764-a26a-e08d788c1307,Keep
00009790,3139-CH,9295,1,1,d3761e73-9cb5-4764-a26a-e08d788c1307,Keep
00009791,3139-CH,9295,1,1,d3761e73-9cb5-4764-a26a-e08d788c1307,Keep
00009792,3139-CH-02,9295,1,1,d3761e73-9cb5-4764-a26a-e08d788c1307,Keep
00009793,3127-SA,9295,1,1,d3761e73-9cb5-4764-a26a-e08d788c1307,Keep
00009794,3127-SA,9295,1,1,d3761e73-9cb5-4764-a26a-e08d788c1307,Keep
00009795,3127-SA,9295,1,1,d3761e73-9cb5-4764-a26a-e08d788c1307,Keep
00009796,3127-SA-02,9295,1,1,d3761e73-9cb5-4764-a26a-e08d788c1307,Keep
00009797,3133-CO,8795,1,1,d3761e73-9cb5-4764-a26a-e08d788c1307,Keep
00009798,3133-CO,8795,1,1,d3761e73-9cb5-4764-a26a-e08d788c1307,Keep
00009799,3133-CO,8795,1,1,d3761e73-9cb5-4764-a26a-e08d788c1307,Keep
00009800,3133-CO-02,8795,1,1,d3761e73-9cb5-4764-a26a-e08d788c1307,Keep
00009801,3133-CO-02,8795,1,1,d3761e73-9cb5-4764-a26a-e08d788c1307,Keep
00009802,1 S,5095,0,0,d7742f78-f43c-4e10-9889-a281015b3518,Keep
00009803,1,5095,0,0,d7742f78-f43c-4e10-9889-a281015b3518,Keep
00009804,S-1,5095,8,8,d7742f78-f43c-4e10-9889-a281015b3518,Keep
00009805,S-3,5095,0,0,d7742f78-f43c-4e10-9889-a281015b3518,Keep
00009806,01--BROWN,4595,10,10,7878fd68-3e19-4f15-acd0-d0dc40404290,Keep
00009807,02--YELLOW,4595,10,9,7878fd68-3e19-4f15-acd0-d0dc40404290,Keep
00009808,S-3,5095,5,5,d7742f78-f43c-4e10-9889-a281015b3518,Keep
00009809,SS-2,6195,8,8,d7742f78-f43c-4e10-9889-a281015b3518,Keep
00009810,OR-319 1ST FLOOR,32495,1,0,56336003-29a2-4aef-95c8-d3794b59e6e6,Keep
00009811,3636,24995,1,1,3d6aed92-fcd0-4483-bf8d-ac78518a5919,Keep
00009812,OR-328,25195,1,0,0975e753-5958-4228-9a0a-733747ab27c0,Keep
00009813,790,13395,1,1,0cba9a82-e2ea-41e6-8e5f-448c242f8ca3,Keep
00009814,790,13395,1,1,0cba9a82-e2ea-41e6-8e5f-448c242f8ca3,Keep
00009815,RR-1218,10995,1,1,0cba9a82-e2ea-41e6-8e5f-448c242f8ca3,Keep
00009816,RR-1218,10995,1,1,0cba9a82-e2ea-41e6-8e5f-448c242f8ca3,Keep
00009817,3871,9595,1,1,ed7eb728-666f-4146-a738-c2c833617b99,Keep
00009818,3871,9595,1,1,ed7eb728-666f-4146-a738-c2c833617b99,Keep
00009819,3871,9595,1,1,ed7eb728-666f-4146-a738-c2c833617b99,Keep
00009820,3871-B,9695,1,1,ed7eb728-666f-4146-a738-c2c833617b99,Keep
00009821,3871-C,9895,1,1,ed7eb728-666f-4146-a738-c2c833617b99,Keep
00009822,3871-D,9995,1,1,ed7eb728-666f-4146-a738-c2c833617b99,Keep
00009823,G-3350R,4595,1,1,707d8a49-c62a-497e-b570-5ef52319ef17,Keep
00009824,G-3350R,4595,1,1,707d8a49-c62a-497e-b570-5ef52319ef17,Keep
00009825,G-3350R-Y,4595,1,1,707d8a49-c62a-497e-b570-5ef52319ef17,Keep
00009826,G-3350R-Y,4595,1,1,707d8a49-c62a-497e-b570-5ef52319ef17,Keep
00009827,G-3259D,5395,1,1,707d8a49-c62a-497e-b570-5ef52319ef17,Keep
00009828,G-3259D,5395,1,1,707d8a49-c62a-497e-b570-5ef52319ef17,Keep
00009829,G-3259D,5395,1,1,707d8a49-c62a-497e-b570-5ef52319ef17,Keep
00009830,G-3259D,5395,1,1,707d8a49-c62a-497e-b570-5ef52319ef17,Keep
00009831,SB-LHR-K,33295,0,0,e47e8725-32b9-4d1c-a4be-bc996cf110f3,Keep
00009832,SB-LHR-K-G,27295,1,1,e47e8725-32b9-4d1c-a4be-bc996cf110f3,Keep
00009833,SB-LHR-K-B,36095,1,1,e47e8725-32b9-4d1c-a4be-bc996cf110f3,Keep
00009834,SB-LHRK-Y,34095,1,1,e47e8725-32b9-4d1c-a4be-bc996cf110f3,Keep
00009835,SB-LHR-K-R,33295,1,1,e47e8725-32b9-4d1c-a4be-bc996cf110f3,Keep
00009836,SB-LHR-K-R0,33295,1,1,e47e8725-32b9-4d1c-a4be-bc996cf110f3,Keep
00009837,1/1 LCD,164995,1,0,a43bed3d-fcec-4ba2-9c82-a4847ab06a51,Keep
00009838,278-RED,8595,0,0,e1655dc4-f4c2-4863-b66b-039f0312f2f5,Keep
00009839,278-PINK,8595,1,1,e1655dc4-f4c2-4863-b66b-039f0312f2f5,Keep
00009840,OR-318,8595,0,0,e1655dc4-f4c2-4863-b66b-039f0312f2f5,Keep
00009841,OR-318,8595,1,1,e1655dc4-f4c2-4863-b66b-039f0312f2f5,Keep
00009842,278-BLUE,8595,1,1,e1655dc4-f4c2-4863-b66b-039f0312f2f5,Keep
00009843,OR-016,58000,1,1,0e959a6b-f580-464b-a61f-c87c8763688c,Keep
00009844,01-WHITE,16995,3,3,ae55b645-845c-4df4-95f6-4ba2069531ea,Keep
00009845,01-WHITE,16995,1,1,ae55b645-845c-4df4-95f6-4ba2069531ea,Keep
00009846,02-CREAM,17995,1,1,ae55b645-845c-4df4-95f6-4ba2069531ea,Keep
00009847,01-S,8895,28,28,72605c81-4e1a-4830-8cdb-d7d5666fc500,Keep
00009848,P-2989,14995,1,1,8f02d1c4-be57-481d-b5f4-6220844b2126,Keep
00009849,OR-016-3RD-FLOOR,63995,1,1,cc156dbc-fa82-4748-9a51-f6ee2550bac0,Keep
00009850,OR-007-3RD-FLOOR,87995,1,1,cc156dbc-fa82-4748-9a51-f6ee2550bac0,Keep
00009851,E-132-A,10195,1,1,53c21368-9c06-4e35-996d-72e037e461aa,Keep
00009852,E-132-A,10195,1,1,53c21368-9c06-4e35-996d-72e037e461aa,Keep
00009853,E-132-B,10195,1,1,53c21368-9c06-4e35-996d-72e037e461aa,Keep
00009854,E-126-A,10795,1,1,53c21368-9c06-4e35-996d-72e037e461aa,Keep
00009855,E-126-A,10795,1,1,53c21368-9c06-4e35-996d-72e037e461aa,Keep
00009856,E-126-B,10795,1,1,53c21368-9c06-4e35-996d-72e037e461aa,Keep
00009857,0R-017-4TH-FLOOR,17000,1,1,c56d2693-8d08-4c19-a275-f0f95c715f3c,Keep
00009858,4241,117595,1,1,ad14c927-6170-4c4b-8418-a363d26358d3,Keep
00009859,SF-1692-BLUE,15995,1,1,433c1067-6826-41a6-902f-f06bb2c82961,Keep
00009860,SF-1692-RUST,15995,1,1,433c1067-6826-41a6-902f-f06bb2c82961,Keep
00009861,SF-1849-RED,15995,1,1,433c1067-6826-41a6-902f-f06bb2c82961,Keep
00009862,SF-1849-PINK,15995,1,1,433c1067-6826-41a6-902f-f06bb2c82961,Keep
00009863,SF-1849-GREEN,15995,1,1,433c1067-6826-41a6-902f-f06bb2c82961,Keep
00009864,SF-1770-BROWN,15995,1,1,433c1067-6826-41a6-902f-f06bb2c82961,Keep
00009865,SF-1770-ORANGE,15995,1,1,433c1067-6826-41a6-902f-f06bb2c82961,Keep
00009866,SF-1770-RED,15995,1,1,433c1067-6826-41a6-902f-f06bb2c82961,Keep
00009867,SF-1884-ORANGE,15995,1,1,433c1067-6826-41a6-902f-f06bb2c82961,Keep
00009868,SF-1903-WHITE,5595,1,1,433c1067-6826-41a6-902f-f06bb2c82961,Keep
00009869,SF-1903-BLUE,5595,1,1,433c1067-6826-41a6-902f-f06bb2c82961,Keep
00009870,SF-1711-RED,11995,1,1,433c1067-6826-41a6-902f-f06bb2c82961,Keep
00009871,SF-1711-GREEN,11995,1,1,433c1067-6826-41a6-902f-f06bb2c82961,Keep
00009872,SF-1711-BLUE,11995,1,1,433c1067-6826-41a6-902f-f06bb2c82961,Keep
00009873,001-WHITE,185295,1,1,c66eae62-34bb-4184-a454-8f5384625944,Keep
00009874,4036,16195,1,1,28be7a1f-94a7-43ed-b737-03dd2dea658b,Keep
00009875,4036,16195,1,1,28be7a1f-94a7-43ed-b737-03dd2dea658b,Keep
00009876,4036,16195,1,1,28be7a1f-94a7-43ed-b737-03dd2dea658b,Keep
00009877,4036-B,16195,1,1,28be7a1f-94a7-43ed-b737-03dd2dea658b,Keep
00009878,1589,27995,1,1,0c85d771-0343-4ac0-8cde-7ca804480682,Keep
00009879,907,5695,1,1,8c97ec5e-6be5-4e36-b2c5-ed61c2076bf6,Keep
00009880,OR-032 4TH FLOOR,15000,1,1,f86e8505-eaab-4db8-8ec3-e38f9327af54,Keep
00009881,OR-321,33995,1,1,4ff2a4eb-81ef-49df-932b-799b32b2c8a8,Keep
00009882,OR-031 3RD FLOOR,51395,1,1,95d2fa09-a826-48a7-b829-4c1255c2a3d7,Keep
00009883,OR-39 3RD FLOOR,19000,1,1,c7e4c863-ee59-4a40-be3e-51033a3f4cbd,Keep
00009884,1685-WHITE,36595,1,1,f135149b-8abf-4889-8272-1e14cb7379b8,Keep
00009885,E-217-01,10895,1,1,717cb570-7d92-4c8c-ac95-ed6753d49c40,Keep
00009886,E-217-02,10895,1,1,717cb570-7d92-4c8c-ac95-ed6753d49c40,Keep
00009887,E-217-03,10895,1,1,717cb570-7d92-4c8c-ac95-ed6753d49c40,Keep
00009888,E-217-04,10895,1,1,717cb570-7d92-4c8c-ac95-ed6753d49c40,Keep
00009889,E-217-05,10895,1,1,717cb570-7d92-4c8c-ac95-ed6753d49c40,Keep
00009890,E-217-06,10895,1,1,717cb570-7d92-4c8c-ac95-ed6753d49c40,Keep
00009891,E-225-01,11395,1,1,717cb570-7d92-4c8c-ac95-ed6753d49c40,Keep
00009892,E-225-02,11395,1,1,717cb570-7d92-4c8c-ac95-ed6753d49c40,Keep
00009893,E-225-03,11395,1,1,717cb570-7d92-4c8c-ac95-ed6753d49c40,Keep
00009894,E-225-04,11395,1,1,717cb570-7d92-4c8c-ac95-ed6753d49c40,Keep
00009895,060-BLACK,8595,1,1,e9587d2d-ada1-4058-a023-3f651ef9356b,Keep
00009896,060-BLACK,8595,2,2,e9587d2d-ada1-4058-a023-3f651ef9356b,Keep
00009897,060-BLACK,8595,1,1,e9587d2d-ada1-4058-a023-3f651ef9356b,Keep
00009898,060-BLACK,8595,1,1,e9587d2d-ada1-4058-a023-3f651ef9356b,Keep
00009899,060-WINE,8595,1,1,e9587d2d-ada1-4058-a023-3f651ef9356b,Keep
00009900,060-WINE,8595,1,1,e9587d2d-ada1-4058-a023-3f651ef9356b,Keep
00009901,060-WINE,8595,1,1,e9587d2d-ada1-4058-a023-3f651ef9356b,Keep
00009902,060-WINE,8595,1,1,e9587d2d-ada1-4058-a023-3f651ef9356b,Keep
00009903,102-PINK,8595,1,1,e9587d2d-ada1-4058-a023-3f651ef9356b,Keep
00009904,102-PINK,8595,1,1,e9587d2d-ada1-4058-a023-3f651ef9356b,Keep
00009905,102-PINK,8595,2,2,e9587d2d-ada1-4058-a023-3f651ef9356b,Keep
00009906,102-PINK,8595,2,2,e9587d2d-ada1-4058-a023-3f651ef9356b,Keep
00009907,109-BLACK,9495,1,1,e9587d2d-ada1-4058-a023-3f651ef9356b,Keep
00009908,109-BLACK,9495,2,2,e9587d2d-ada1-4058-a023-3f651ef9356b,Keep
00009909,109-BLACK,9495,2,2,e9587d2d-ada1-4058-a023-3f651ef9356b,Keep
00009910,109-BLACK,9495,1,1,e9587d2d-ada1-4058-a023-3f651ef9356b,Keep
00009911,109-GREY,9495,1,1,e9587d2d-ada1-4058-a023-3f651ef9356b,Keep
00009912,109-GREY,9495,1,1,e9587d2d-ada1-4058-a023-3f651ef9356b,Keep
00009913,109-GREY,9495,1,1,e9587d2d-ada1-4058-a023-3f651ef9356b,Keep
00009914,109-GREY,9495,2,2,e9587d2d-ada1-4058-a023-3f651ef9356b,Keep
00009915,109-GREY,9495,1,1,e9587d2d-ada1-4058-a023-3f651ef9356b,Keep
00009916,117-BLUE,20995,1,1,e9587d2d-ada1-4058-a023-3f651ef9356b,Keep
00009917,117-BLUE,20995,1,1,e9587d2d-ada1-4058-a023-3f651ef9356b,Keep
00009918,117-BLUE,20995,1,1,e9587d2d-ada1-4058-a023-3f651ef9356b,Keep
00009919,117-PINK,20995,1,1,e9587d2d-ada1-4058-a023-3f651ef9356b,Keep
00009920,117-PINK,20995,1,1,e9587d2d-ada1-4058-a023-3f651ef9356b,Keep
00009921,117-PINK,20995,1,1,e9587d2d-ada1-4058-a023-3f651ef9356b,Keep
00009922,123-OLIVE,13195,1,1,e9587d2d-ada1-4058-a023-3f651ef9356b,Keep
00009923,123-OLIVE,13195,1,1,e9587d2d-ada1-4058-a023-3f651ef9356b,Keep
00009924,123-OLIVE,13195,1,1,e9587d2d-ada1-4058-a023-3f651ef9356b,Keep
00009925,123-OLIVE,13195,1,1,e9587d2d-ada1-4058-a023-3f651ef9356b,Keep
00009926,123-GREY,13195,1,1,e9587d2d-ada1-4058-a023-3f651ef9356b,Keep
00009927,123-GREY,13195,1,1,e9587d2d-ada1-4058-a023-3f651ef9356b,Keep
00009928,123-GREY,13195,1,1,e9587d2d-ada1-4058-a023-3f651ef9356b,Keep
00009929,125-BLUE,13795,1,1,e9587d2d-ada1-4058-a023-3f651ef9356b,Keep
00009930,125-BLUE,13795,1,1,e9587d2d-ada1-4058-a023-3f651ef9356b,Keep
00009931,126-BLUE,13795,1,1,e9587d2d-ada1-4058-a023-3f651ef9356b,Keep
00009932,126-BLUE,13795,1,1,e9587d2d-ada1-4058-a023-3f651ef9356b,Keep
00009933,129-BLACK,13195,1,1,e9587d2d-ada1-4058-a023-3f651ef9356b,Keep
00009934,129-BLACK,13195,1,1,e9587d2d-ada1-4058-a023-3f651ef9356b,Keep
00009935,129-GREEN,13195,1,1,e9587d2d-ada1-4058-a023-3f651ef9356b,Keep
00009936,129-GREEN,13195,1,1,e9587d2d-ada1-4058-a023-3f651ef9356b,Keep
00009937,1003-CREAM,14095,1,1,e9587d2d-ada1-4058-a023-3f651ef9356b,Keep
00009938,1003-CREAM,14095,2,2,e9587d2d-ada1-4058-a023-3f651ef9356b,Keep
00009939,1003-CREAM,14095,2,2,e9587d2d-ada1-4058-a023-3f651ef9356b,Keep
00009940,1003-CREAM,14095,1,1,e9587d2d-ada1-4058-a023-3f651ef9356b,Keep
00009941,1003-GREEN,14095,1,1,e9587d2d-ada1-4058-a023-3f651ef9356b,Keep
00009942,1003-GREEN,14095,2,2,e9587d2d-ada1-4058-a023-3f651ef9356b,Keep
00009943,1003-GREEN,14095,2,2,e9587d2d-ada1-4058-a023-3f651ef9356b,Keep
00009944,1003-GREEN,14095,1,1,e9587d2d-ada1-4058-a023-3f651ef9356b,Keep
00009945,1012-BEIGE,10595,1,1,e9587d2d-ada1-4058-a023-3f651ef9356b,Keep
00009946,1012-BEIGE,10595,1,1,e9587d2d-ada1-4058-a023-3f651ef9356b,Keep
00009947,1012-BEIGE,10595,1,1,e9587d2d-ada1-4058-a023-3f651ef9356b,Keep
00009948,1012-BEIGE,10595,1,1,e9587d2d-ada1-4058-a023-3f651ef9356b,Keep