Design Number,Vendor Name,Barcodes List,Purchase Invoices List,Sales Invoices List,Exists in Master,Purchase Quantity,Purchase Invoices Count,Purchase Return Quantity,Sales Quantity,Sales Invoices Count,Sales Return Quantity,Available Stock,Total Printed Stock,Total Barcodes Count,Safety Category,Action Recommended,Stock cal
8,BHAGWAN HANDLOOM HOUSE,"00001489, 00001490",INV/25-26/5472,,TRUE,2,1,0,0,0,0,2,2,2,ACTIVE_WITH_PURCHASE_HISTORY,Keep: Has active purchase/return activity,0
1,JAMNADAS BECHARDAS & SONS,8570,1016/26-27,INV2627000945,TRUE,4,1,0,1,1,0,3,4,1,ACTIVE_WITH_PURCHASE_HISTORY,Keep: Has active purchase/return activity,0
001-6207,STRAAVI ENSEMBLES PRIVATE LIMITED,2191,SE/005389/25-26,,TRUE,1,1,0,0,0,0,1,1,1,ACTIVE_WITH_PURCHASE_HISTORY,Keep: Has active purchase/return activity,0
001-7219,STRAAVI ENSEMBLES PRIVATE LIMITED,2248,SE/005372/25-26,INV2627000628,TRUE,1,1,0,1,1,0,0,1,1,ACTIVE_WITH_PURCHASE_HISTORY,Keep: Has active purchase/return activity,0
001-7453,STRAAVI ENSEMBLES PRIVATE LIMITED,2249,SE/005372/25-26,,TRUE,1,1,0,0,0,0,1,1,1,ACTIVE_WITH_PURCHASE_HISTORY,Keep: Has active purchase/return activity,0
001-GOLDEN,VARIMA FASHIONS PVT LTD,9319,VFPL0075,,TRUE,1,1,0,0,0,0,1,1,1,ACTIVE_WITH_PURCHASE_HISTORY,Keep: Has active purchase/return activity,0
001-GREEN,VARIMA FASHIONS PVT LTD,9320,VFPL0075,,TRUE,1,1,0,0,0,0,1,1,1,ACTIVE_WITH_PURCHASE_HISTORY,Keep: Has active purchase/return activity,0
2,JAMNADAS BECHARDAS & SONS,8571,1016/26-27,INV2627000655,TRUE,4,1,0,1,1,0,3,4,1,ACTIVE_WITH_PURCHASE_HISTORY,Keep: Has active purchase/return activity,0
002-4775,STRAAVI ENSEMBLES PRIVATE LIMITED,2146,SE/005431/25-26,,TRUE,1,1,0,0,0,0,1,1,1,ACTIVE_WITH_PURCHASE_HISTORY,Keep: Has active purchase/return activity,0
003-6007,STRAAVI ENSEMBLES PRIVATE LIMITED,906,SE/005371/25-26,,TRUE,1,1,0,0,0,0,1,1,1,ACTIVE_WITH_PURCHASE_HISTORY,Keep: Has active purchase/return activity,0
003-6425,STRAAVI ENSEMBLES PRIVATE LIMITED,2247,SE/005372/25-26,INV2627000478,TRUE,1,1,0,1,1,0,0,1,1,ACTIVE_WITH_PURCHASE_HISTORY,Keep: Has active purchase/return activity,0
003-7335,STRAAVI ENSEMBLES PRIVATE LIMITED,902,SE/005371/25-26,,TRUE,1,1,0,0,0,0,1,1,1,ACTIVE_WITH_PURCHASE_HISTORY,Keep: Has active purchase/return activity,0
003-7376,STRAAVI ENSEMBLES PRIVATE LIMITED,2277,SE/005368/25-26,,TRUE,2,1,0,0,0,0,2,2,1,ACTIVE_WITH_PURCHASE_HISTORY,Keep: Has active purchase/return activity,0
003-7415,STRAAVI ENSEMBLES PRIVATE LIMITED,2278,SE/005368/25-26,,TRUE,1,1,0,0,0,0,1,1,1,ACTIVE_WITH_PURCHASE_HISTORY,Keep: Has active purchase/return activity,0
003-7460,STRAAVI ENSEMBLES PRIVATE LIMITED,903,SE/005371/25-26,,TRUE,1,1,0,0,0,0,1,1,1,ACTIVE_WITH_PURCHASE_HISTORY,Keep: Has active purchase/return activity,0
3119,MEHRA SAREE KENDRA ,6350,MSK/2320/2025-26,"INV2026000076, INV2026000118, INV2627000343, INV2627000385",TRUE,4,1,0,4,4,0,0,4,1,ACTIVE_WITH_PURCHASE_HISTORY,Keep: Has active purchase/return activity,0
004-1029,STRAAVI ENSEMBLES PRIVATE LIMITED,2244,SE/005372/25-26,,TRUE,1,1,0,0,0,0,1,1,1,ACTIVE_WITH_PURCHASE_HISTORY,Keep: Has active purchase/return activity,0
004-1120,STRAAVI ENSEMBLES PRIVATE LIMITED,2258,SE/005369/25-26,,TRUE,1,1,0,0,0,0,1,1,1,ACTIVE_WITH_PURCHASE_HISTORY,Keep: Has active purchase/return activity,0
004-5032,STRAAVI ENSEMBLES PRIVATE LIMITED,2259,SE/005369/25-26,,TRUE,2,1,0,0,0,0,2,2,1,ACTIVE_WITH_PURCHASE_HISTORY,Keep: Has active purchase/return activity,0
004-5112,STRAAVI ENSEMBLES PRIVATE LIMITED,2245,SE/005372/25-26,,TRUE,1,1,0,0,0,0,1,1,1,ACTIVE_WITH_PURCHASE_HISTORY,Keep: Has active purchase/return activity,0
004-6351 A,STRAAVI ENSEMBLES PRIVATE LIMITED,2269,SE/005368/25-26,,TRUE,1,1,0,0,0,0,1,1,1,ACTIVE_WITH_PURCHASE_HISTORY,Keep: Has active purchase/return activity,0
004-6370,STRAAVI ENSEMBLES PRIVATE LIMITED,2192,SE/005389/25-26,INV2026000227,TRUE,1,1,0,1,1,0,0,1,1,ACTIVE_WITH_PURCHASE_HISTORY,Keep: Has active purchase/return activity,0
004-6530,STRAAVI ENSEMBLES PRIVATE LIMITED,2255,SE/005369/25-26,,TRUE,1,1,0,0,0,0,1,1,1,ACTIVE_WITH_PURCHASE_HISTORY,Keep: Has active purchase/return activity,0
004-6550,STRAAVI ENSEMBLES PRIVATE LIMITED,2250,SE/005369/25-26,,TRUE,1,1,0,0,0,0,1,1,1,ACTIVE_WITH_PURCHASE_HISTORY,Keep: Has active purchase/return activity,0
004-6566,STRAAVI ENSEMBLES PRIVATE LIMITED,2256,SE/005369/25-26,,TRUE,2,1,0,0,0,0,2,2,1,ACTIVE_WITH_PURCHASE_HISTORY,Keep: Has active purchase/return activity,0
004-6577,STRAAVI ENSEMBLES PRIVATE LIMITED,2270,SE/005368/25-26,,TRUE,1,1,0,0,0,0,1,1,1,ACTIVE_WITH_PURCHASE_HISTORY,Keep: Has active purchase/return activity,0
004-6579,STRAAVI ENSEMBLES PRIVATE LIMITED,2257,SE/005369/25-26,INV2627000767,TRUE,1,1,0,1,1,0,0,1,1,ACTIVE_WITH_PURCHASE_HISTORY,Keep: Has active purchase/return activity,0
004-6580,STRAAVI ENSEMBLES PRIVATE LIMITED,2274,SE/005368/25-26,,TRUE,1,1,0,0,0,0,1,1,1,ACTIVE_WITH_PURCHASE_HISTORY,Keep: Has active purchase/return activity,0
004-6676,STRAAVI ENSEMBLES PRIVATE LIMITED,2275,SE/005368/25-26,,TRUE,1,1,0,0,0,0,1,1,1,ACTIVE_WITH_PURCHASE_HISTORY,Keep: Has active purchase/return activity,0
004-6938,STRAAVI ENSEMBLES PRIVATE LIMITED,2273,SE/005368/25-26,,TRUE,1,1,0,0,0,0,1,1,1,ACTIVE_WITH_PURCHASE_HISTORY,Keep: Has active purchase/return activity,0
004-6939,STRAAVI ENSEMBLES PRIVATE LIMITED,2251,SE/005369/25-26,,TRUE,1,1,0,0,0,0,1,1,1,ACTIVE_WITH_PURCHASE_HISTORY,Keep: Has active purchase/return activity,0
004-6945,STRAAVI ENSEMBLES PRIVATE LIMITED,2271,SE/005368/25-26,,TRUE,1,1,0,0,0,0,1,1,1,ACTIVE_WITH_PURCHASE_HISTORY,Keep: Has active purchase/return activity,0
004-7078,STRAAVI ENSEMBLES PRIVATE LIMITED,2176,SE/005390/25-26,INV2627000342,TRUE,1,1,0,1,1,0,0,1,1,ACTIVE_WITH_PURCHASE_HISTORY,Keep: Has active purchase/return activity,0
004-7101,STRAAVI ENSEMBLES PRIVATE LIMITED,2177,SE/005390/25-26,,TRUE,1,1,0,0,0,0,1,1,1,ACTIVE_WITH_PURCHASE_HISTORY,Keep: Has active purchase/return activity,0
004-7454,STRAAVI ENSEMBLES PRIVATE LIMITED,2246,SE/005372/25-26,,TRUE,1,1,0,0,0,0,1,1,1,ACTIVE_WITH_PURCHASE_HISTORY,Keep: Has active purchase/return activity,0
005-6914,STRAAVI ENSEMBLES PRIVATE LIMITED,907,,,TRUE,0,0,0,0,0,0,1,1,1,ORPHAN_WITH_STOCK,Audit: Has physical stock/printed barcodes but no purchase record,-1
005-6922,STRAAVI ENSEMBLES PRIVATE LIMITED,2276,SE/005368/25-26,,TRUE,1,1,0,0,0,0,1,1,1,ACTIVE_WITH_PURCHASE_HISTORY,Keep: Has active purchase/return activity,0
005-6941,STRAAVI ENSEMBLES PRIVATE LIMITED,,SE/005371/25-26,,TRUE,1,1,0,0,0,0,0,0,0,ACTIVE_WITH_PURCHASE_HISTORY,Keep: Has active purchase/return activity,1
005-7182,STRAAVI ENSEMBLES PRIVATE LIMITED,6421,SE/005464/25-26,,TRUE,1,1,0,0,0,0,1,1,1,ACTIVE_WITH_PURCHASE_HISTORY,Keep: Has active purchase/return activity,0
005-7183,STRAAVI ENSEMBLES PRIVATE LIMITED,6420,SE/005464/25-26,,TRUE,1,1,0,0,0,0,1,1,1,ACTIVE_WITH_PURCHASE_HISTORY,Keep: Has active purchase/return activity,0
005E,RUPDARSHI HERITAGE PVT LTD,4336,RD/009160/25-26,INV2627000883,TRUE,2,1,0,1,1,0,1,2,1,ACTIVE_WITH_PURCHASE_HISTORY,Keep: Has active purchase/return activity,0
008-4269,STRAAVI ENSEMBLES PRIVATE LIMITED,2195,SE/005389/25-26,,TRUE,1,1,0,0,0,0,1,1,1,ACTIVE_WITH_PURCHASE_HISTORY,Keep: Has active purchase/return activity,0
008-7266,STRAAVI ENSEMBLES PRIVATE LIMITED,2147,SE/005431/25-26,,TRUE,1,1,0,0,0,0,1,1,1,ACTIVE_WITH_PURCHASE_HISTORY,Keep: Has active purchase/return activity,0
93,GFIVE DESIGNERS COUTURE PVT.LTD.,"00005223, 00005224",GFIVE/2084/25-26,,TRUE,2,1,0,0,0,0,2,2,2,ACTIVE_WITH_PURCHASE_HISTORY,Keep: Has active purchase/return activity,0
1,PRATAPSONS HERITAGE HOME PRODUCTION,"00001168, 00001169, 00001170, 00006894, 00006923, 00007159, 00007395, 00007466, 00007489, 00007643, 00007652, 00007703, 00007704, 00007864, 00007865, 00008183, 00008799, 00008801, 00008975, 00009016, 00009024, 00009286, 00009402, 00009468","002, 011, 01112, 0112, 0222, 04/04/2026, 06, 09, 1111, 112, 1122, 117, 12, 1234, 13, 14, 147, 2025-26/1175, 310, 460, RZF/26-27/47, VSBV/8945/25-26","INV2627000094, INV2627000226, INV2627000326, INV2627000355, INV2627000388, INV2627000396, INV2627000408, INV2627000411, INV2627000569, INV2627000800",TRUE,31,23,0,12,10,3,19,31,24,ACTIVE_WITH_PURCHASE_HISTORY,Keep: Has active purchase/return activity,3
01-,ROOP ZARI FASHION,8173,RZF/26-27/24,,TRUE,1,1,0,0,0,0,1,1,1,ACTIVE_WITH_PURCHASE_HISTORY,Keep: Has active purchase/return activity,0
01-BLACK,PRATAPSONS HERITAGE HOME PRODUCTION,8348,5,,TRUE,1,1,0,0,0,0,1,1,1,ACTIVE_WITH_PURCHASE_HISTORY,Keep: Has active purchase/return activity,0
01-BLUE,HANDLOOM EMPORIUM TEXT.PRT.LTD,7445,HETPL/2391,,TRUE,2,1,0,0,0,0,2,2,1,ACTIVE_WITH_PURCHASE_HISTORY,Keep: Has active purchase/return activity,0
01-BROWN,PARA APPARELS,7944,308/26-27,INV2627000548,TRUE,1,1,0,1,1,0,0,1,1,ACTIVE_WITH_PURCHASE_HISTORY,Keep: Has active purchase/return activity,0
01-GOLDEN,FAIR LADY DESIGNS,7662,FLD/0006/26-27,,TRUE,1,1,0,0,0,0,1,1,1,ACTIVE_WITH_PURCHASE_HISTORY,Keep: Has active purchase/return activity,0
01-MULTI,M.S. BANDHANI,7490,447,"INV2627000387, INV2627000475",TRUE,21,1,19,2,2,0,0,21,1,ACTIVE_WITH_PURCHASE_HISTORY,Keep: Has active purchase/return activity,0
01-PINK,PRATAPSONS HERITAGE HOME PRODUCTION,"00007666, 00009141","23, FLD/0028/26-27",,TRUE,2,2,0,0,0,0,2,2,2,ACTIVE_WITH_PURCHASE_HISTORY,Keep: Has active purchase/return activity,0
01-RED,FAIR LADY DESIGNS,7946,FLD/0040/26-27,,TRUE,1,1,0,0,0,0,1,1,1,ACTIVE_WITH_PURCHASE_HISTORY,Keep: Has active purchase/return activity,0
102,KAIRA COUTURE,2896,GST/2025-26/999,,TRUE,1,1,0,0,0,0,1,1,1,ACTIVE_WITH_PURCHASE_HISTORY,Keep: Has active purchase/return activity,0
11,PRATAPSONS HERITAGE HOME PRODUCTION,"00008768, 00008807","008, 0111",INV2627000669,TRUE,2,2,0,1,1,0,1,2,2,ACTIVE_WITH_PURCHASE_HISTORY,Keep: Has active purchase/return activity,0
011-6033,STRAAVI ENSEMBLES PRIVATE LIMITED,"00002252, 00002253",SE/005369/25-26,,TRUE,2,1,0,0,0,0,2,2,2,ACTIVE_WITH_PURCHASE_HISTORY,Keep: Has active purchase/return activity,0
011-6757,STRAAVI ENSEMBLES PRIVATE LIMITED,2254,SE/005369/25-26,,TRUE,1,1,0,0,0,0,1,1,1,ACTIVE_WITH_PURCHASE_HISTORY,Keep: Has active purchase/return activity,0
12,PRATAPSONS HERITAGE HOME PRODUCTION,8769,8,INV2627000669,TRUE,1,1,0,1,1,0,0,1,1,ACTIVE_WITH_PURCHASE_HISTORY,Keep: Has active purchase/return activity,0
125,PRATAPSONS HERITAGE HOME PRODUCTION,"00006601, 00006605","000123, 02","INV2026000149, INV2026000292",TRUE,2,2,0,2,2,2,0,2,2,ACTIVE_WITH_PURCHASE_HISTORY,Keep: Has active purchase/return activity,2
146,STRAAVI ENSEMBLES PRIVATE LIMITED,2198,SE/005362/25-26,,TRUE,1,1,0,0,0,0,1,1,1,ACTIVE_WITH_PURCHASE_HISTORY,Keep: Has active purchase/return activity,0
147,KAIRA COUTURE,3039,GST/2025-26/979,,TRUE,1,1,0,0,0,0,1,1,1,ACTIVE_WITH_PURCHASE_HISTORY,Keep: Has active purchase/return activity,0
149,KAIRA COUTURE,"00005367, 00006138","GFIVE/2178/25-26, GST/2025-26/1037",INV2026000223,TRUE,4,2,0,1,1,0,3,4,2,ACTIVE_WITH_PURCHASE_HISTORY,Keep: Has active purchase/return activity,0
018-7285,STRAAVI ENSEMBLES PRIVATE LIMITED,3986,SE/005483/25-26,,TRUE,1,1,0,0,0,0,1,1,1,ACTIVE_WITH_PURCHASE_HISTORY,Keep: Has active purchase/return activity,0
2,M. F. CREATION,"00001171, 00006924, 00007160, 00007467, 00008174, 00008802, 00009017, 00009287, 00009403, 00009469","01112, 09, 112, 1122, 117, 2025-26/1175, 310, 460, RZF/26-27/24, RZF/26-27/47","INV2627000226, INV2627000423",TRUE,11,10,0,2,2,0,9,11,10,ACTIVE_WITH_PURCHASE_HISTORY,Keep: Has active purchase/return activity,0
02-02-2002,ROOP ZARI FASHION,8175,RZF/26-27/24,INV2627000610,TRUE,1,1,0,1,1,0,0,1,1,ACTIVE_WITH_PURCHASE_HISTORY,Keep: Has active purchase/return activity,0
02-BLACK,PRATAPSONS HERITAGE HOME PRODUCTION,8349,5,,TRUE,3,1,0,0,0,0,3,3,1,ACTIVE_WITH_PURCHASE_HISTORY,Keep: Has active purchase/return activity,0
02-GOLD,PRATAPSONS HERITAGE HOME PRODUCTION,9142,23,,TRUE,1,1,0,0,0,0,1,1,1,ACTIVE_WITH_PURCHASE_HISTORY,Keep: Has active purchase/return activity,0
02-MULTI,M.S. BANDHANI,7491,447,INV2627000387,TRUE,5,1,4,1,1,0,0,5,1,ACTIVE_WITH_PURCHASE_HISTORY,Keep: Has active purchase/return activity,0
02-PEACH,HANDLOOM EMPORIUM TEXT.PRT.LTD,7446,HETPL/2391,,TRUE,2,1,0,0,0,0,2,2,1,ACTIVE_WITH_PURCHASE_HISTORY,Keep: Has active purchase/return activity,0
02-RED,HANDLOOM EMPORIUM TEXT.PRT.LTD,"00007219, 00007663","FLD/0006/26-27, HETPL/2438",,TRUE,2,2,0,0,0,0,2,2,2,ACTIVE_WITH_PURCHASE_HISTORY,Keep: Has active purchase/return activity,0
02-SILVER,PARA APPARELS,7945,308/26-27,,TRUE,1,1,0,0,0,0,1,1,1,ACTIVE_WITH_PURCHASE_HISTORY,Keep: Has active purchase/return activity,0
021-0138/(RC/BL/272),RITWIKA,5983,121/1822/25-26,,TRUE,1,1,0,0,0,0,1,1,1,ACTIVE_WITH_PURCHASE_HISTORY,Keep: Has active purchase/return activity,0
021-0486,RITWIKA,4231,121/1806/25-26,,TRUE,1,1,0,0,0,0,1,1,1,ACTIVE_WITH_PURCHASE_HISTORY,Keep: Has active purchase/return activity,0
021-0738,RITWIKA,4226,121/1806/25-26,INV2627000015,TRUE,1,1,0,1,1,0,0,1,1,ACTIVE_WITH_PURCHASE_HISTORY,Keep: Has active purchase/return activity,0
021-0814,RITWIKA,4233,121/1806/25-26,,TRUE,1,1,0,0,0,0,1,1,1,ACTIVE_WITH_PURCHASE_HISTORY,Keep: Has active purchase/return activity,0
021-0840,RITWIKA,4232,121/1806/25-26,,TRUE,1,1,0,0,0,0,1,1,1,ACTIVE_WITH_PURCHASE_HISTORY,Keep: Has active purchase/return activity,0
021-0856,RITWIKA,4230,121/1806/25-26,INV2627001011,TRUE,1,1,0,1,1,0,0,1,1,ACTIVE_WITH_PURCHASE_HISTORY,Keep: Has active purchase/return activity,0
021-0947,RITWIKA,4227,121/1806/25-26,,TRUE,1,1,0,0,0,0,1,1,1,ACTIVE_WITH_PURCHASE_HISTORY,Keep: Has active purchase/return activity,0
021-0959,RITWIKA,4228,121/1806/25-26,,TRUE,1,1,0,0,0,0,1,1,1,ACTIVE_WITH_PURCHASE_HISTORY,Keep: Has active purchase/return activity,0
021-0978,RITWIKA,4234,121/1806/25-26,,TRUE,1,1,0,0,0,0,1,1,1,ACTIVE_WITH_PURCHASE_HISTORY,Keep: Has active purchase/return activity,0
021-0979,RITWIKA,4236,121/1806/25-26,,TRUE,1,1,0,0,0,0,1,1,1,ACTIVE_WITH_PURCHASE_HISTORY,Keep: Has active purchase/return activity,0
021-0981,RITWIKA,4229,121/1806/25-26,,TRUE,1,1,0,0,0,0,1,1,1,ACTIVE_WITH_PURCHASE_HISTORY,Keep: Has active purchase/return activity,0
021-0983,RITWIKA,4235,121/1806/25-26,,TRUE,1,1,0,0,0,0,1,1,1,ACTIVE_WITH_PURCHASE_HISTORY,Keep: Has active purchase/return activity,0
22,PRATAPSONS HERITAGE HOME PRODUCTION,"00005025, 00008800","111, SS2083",INV2026000285,TRUE,2,2,0,1,1,0,1,2,2,ACTIVE_WITH_PURCHASE_HISTORY,Keep: Has active purchase/return activity,0
023-BRKS 9057,B R K APPARELS ,2367,BRKO/5988/25-26,INV2627000382,TRUE,1,1,0,1,1,1,0,1,1,ACTIVE_WITH_PURCHASE_HISTORY,Keep: Has active purchase/return activity,1
262,SWEET LADY,9056,280/26-27,,TRUE,1,1,0,0,0,0,1,1,1,ACTIVE_WITH_PURCHASE_HISTORY,Keep: Has active purchase/return activity,0
0262-C,SWEET LADY,9057,280/26-27,,TRUE,1,1,1,0,0,0,0,1,1,ACTIVE_WITH_PURCHASE_HISTORY,Keep: Has active purchase/return activity,0
028-6532,STRAAVI ENSEMBLES PRIVATE LIMITED,2272,SE/005368/25-26,INV2627000853,TRUE,1,1,0,1,1,1,0,1,1,ACTIVE_WITH_PURCHASE_HISTORY,Keep: Has active purchase/return activity,1
3,ROOP ZARI FASHION,"00001172, 00006925, 00007468, 00008176, 00009288, 00009404, 00009405, 00009470","09, 112, 2025-26/1175, 310, 460, RZF/26-27/24, RZF/26-27/47",,TRUE,9,7,0,0,0,0,9,9,8,ACTIVE_WITH_PURCHASE_HISTORY,Keep: Has active purchase/return activity,0
03-PINK,HANDLOOM EMPORIUM TEXT.PRT.LTD,7447,HETPL/2391,,TRUE,2,1,0,0,0,0,2,2,1,ACTIVE_WITH_PURCHASE_HISTORY,Keep: Has active purchase/return activity,0
03-WHITE,PRATAPSONS HERITAGE HOME PRODUCTION,8350,5,,TRUE,1,1,0,0,0,0,1,1,1,ACTIVE_WITH_PURCHASE_HISTORY,Keep: Has active purchase/return activity,0
03-YELLOW,HANDLOOM EMPORIUM TEXT.PRT.LTD,7220,HETPL/2438,,TRUE,1,1,0,0,0,0,1,1,1,ACTIVE_WITH_PURCHASE_HISTORY,Keep: Has active purchase/return activity,0
315,SWEET LADY,263,T3004/25-26,,TRUE,1,1,0,0,0,0,1,1,1,ACTIVE_WITH_PURCHASE_HISTORY,Keep: Has active purchase/return activity,0
33,RUPDARSHI HERITAGE PVT LTD,4340,RD/009160/25-26,INV2627000535,TRUE,2,1,0,1,1,0,1,2,1,ACTIVE_WITH_PURCHASE_HISTORY,Keep: Has active purchase/return activity,0
033-7335 A,STRAAVI ENSEMBLES PRIVATE LIMITED,2226,SE/005378/25-26,,TRUE,1,1,0,0,0,0,1,1,1,ACTIVE_WITH_PURCHASE_HISTORY,Keep: Has active purchase/return activity,0
035-0276,STRAAVI ENSEMBLES PRIVATE LIMITED,2232,SE/005364/25-26,INV2627000233,TRUE,1,1,0,1,1,0,0,1,1,ACTIVE_WITH_PURCHASE_HISTORY,Keep: Has active purchase/return activity,0
035-0639,STRAAVI ENSEMBLES PRIVATE LIMITED,"00002263, 00002264",SE/005379/25-26,,TRUE,3,1,0,0,0,0,2,2,2,ACTIVE_WITH_PURCHASE_HISTORY,Keep: Has active purchase/return activity,1
035-1598,STRAAVI ENSEMBLES PRIVATE LIMITED,"00002139, 00002140, 00002141, 00002142, 00002143, 00002144, 00002145",SE/005383/25-26,,TRUE,7,1,0,0,0,0,7,7,7,ACTIVE_WITH_PURCHASE_HISTORY,Keep: Has active purchase/return activity,0
035-3034,STRAAVI ENSEMBLES PRIVATE LIMITED,835,SE/005380/25-26,,TRUE,1,1,0,0,0,0,1,1,1,ACTIVE_WITH_PURCHASE_HISTORY,Keep: Has active purchase/return activity,0
035-4341,STRAAVI ENSEMBLES PRIVATE LIMITED,896,SE/005377/25-26,,TRUE,1,1,0,0,0,0,1,1,1,ACTIVE_WITH_PURCHASE_HISTORY,Keep: Has active purchase/return activity,0
035-4481 A,STRAAVI ENSEMBLES PRIVATE LIMITED,897,SE/005377/25-26,,TRUE,1,1,0,0,0,0,1,1,1,ACTIVE_WITH_PURCHASE_HISTORY,Keep: Has active purchase/return activity,0
035-4481 B,STRAAVI ENSEMBLES PRIVATE LIMITED,898,SE/005377/25-26,INV2627000805,TRUE,1,1,0,1,1,0,0,1,1,ACTIVE_WITH_PURCHASE_HISTORY,Keep: Has active purchase/return activity,0
035-4491,STRAAVI ENSEMBLES PRIVATE LIMITED,"00002134, 00002135, 00002136, 00002137",SE/005383/25-26,,TRUE,4,1,0,0,0,0,4,4,4,ACTIVE_WITH_PURCHASE_HISTORY,Keep: Has active purchase/return activity,0
035-4694,STRAAVI ENSEMBLES PRIVATE LIMITED,"00002148, 00002149",SE/005431/25-26,,TRUE,2,1,0,0,0,0,2,2,2,ACTIVE_WITH_PURCHASE_HISTORY,Keep: Has active purchase/return activity,0
035-4700,STRAAVI ENSEMBLES PRIVATE LIMITED,2078,SE/005374/25-26,INV2627000903,TRUE,1,1,0,1,1,0,0,1,1,ACTIVE_WITH_PURCHASE_HISTORY,Keep: Has active purchase/return activity,0
035-4700 A,STRAAVI ENSEMBLES PRIVATE LIMITED,"00002074, 00002075",SE/005374/25-26,INV2627001049,TRUE,2,1,0,1,1,0,1,2,2,ACTIVE_WITH_PURCHASE_HISTORY,Keep: Has active purchase/return activity,0
035-5014 A,STRAAVI ENSEMBLES PRIVATE LIMITED,2229,SE/005378/25-26,,TRUE,3,1,0,0,0,0,3,3,1,ACTIVE_WITH_PURCHASE_HISTORY,Keep: Has active purchase/return activity,0
035-5086,STRAAVI ENSEMBLES PRIVATE LIMITED,2237,SE/005361/25-26,,TRUE,3,1,0,0,0,0,3,3,1,ACTIVE_WITH_PURCHASE_HISTORY,Keep: Has active purchase/return activity,0
035-5155 A,STRAAVI ENSEMBLES PRIVATE LIMITED,895,SE/005377/25-26,,TRUE,1,1,0,0,0,0,1,1,1,ACTIVE_WITH_PURCHASE_HISTORY,Keep: Has active purchase/return activity,0
035-5367,STRAAVI ENSEMBLES PRIVATE LIMITED,2150,SE/005431/25-26,INV2026000172,TRUE,3,1,0,1,1,0,2,3,1,ACTIVE_WITH_PURCHASE_HISTORY,Keep: Has active purchase/return activity,0
035-5694,STRAAVI ENSEMBLES PRIVATE LIMITED,792,SE/005382/25-26,,TRUE,1,1,0,0,0,0,1,1,1,ACTIVE_WITH_PURCHASE_HISTORY,Keep: Has active purchase/return activity,0
035-5694 01,STRAAVI ENSEMBLES PRIVATE LIMITED,793,SE/005382/25-26,,TRUE,1,1,0,0,0,0,1,1,1,ACTIVE_WITH_PURCHASE_HISTORY,Keep: Has active purchase/return activity,0
035-5695,STRAAVI ENSEMBLES PRIVATE LIMITED,2138,SE/005383/25-26,INV2627000118,TRUE,1,1,0,1,1,0,0,1,1,ACTIVE_WITH_PURCHASE_HISTORY,Keep: Has active purchase/return activity,0
035-5875,STRAAVI ENSEMBLES PRIVATE LIMITED,"00002260, 00002261",SE/005379/25-26,INV2627000746,TRUE,2,1,0,1,1,0,1,2,2,ACTIVE_WITH_PURCHASE_HISTORY,Keep: Has active purchase/return activity,0
035-6044,STRAAVI ENSEMBLES PRIVATE LIMITED,2235,SE/005364/25-26,,TRUE,1,1,0,0,0,0,1,1,1,ACTIVE_WITH_PURCHASE_HISTORY,Keep: Has active purchase/return activity,0
035-6044 A,STRAAVI ENSEMBLES PRIVATE LIMITED,2238,SE/005361/25-26,,TRUE,3,1,0,0,0,0,3,3,1,ACTIVE_WITH_PURCHASE_HISTORY,Keep: Has active purchase/return activity,0
035-6111,STRAAVI ENSEMBLES PRIVATE LIMITED,892,SE/005377/25-26,,TRUE,1,1,0,0,0,0,1,1,1,ACTIVE_WITH_PURCHASE_HISTORY,Keep: Has active purchase/return activity,0
035-6263,STRAAVI ENSEMBLES PRIVATE LIMITED,2215,SE/005366/25-26,INV2627000853,TRUE,1,1,0,1,1,1,0,1,1,ACTIVE_WITH_PURCHASE_HISTORY,Keep: Has active purchase/return activity,1
035-6336,STRAAVI ENSEMBLES PRIVATE LIMITED,"00002072, 00002073",SE/005374/25-26,,TRUE,2,1,0,0,0,0,2,2,2,ACTIVE_WITH_PURCHASE_HISTORY,Keep: Has active purchase/return activity,0
035-6343 A,STRAAVI ENSEMBLES PRIVATE LIMITED,"00002211, 00002212",SE/005366/25-26,,TRUE,2,1,0,0,0,0,2,2,2,ACTIVE_WITH_PURCHASE_HISTORY,Keep: Has active purchase/return activity,0
035-6440,STRAAVI ENSEMBLES PRIVATE LIMITED,2233,SE/005364/25-26,INV2627000575,TRUE,2,1,0,1,1,0,1,2,1,ACTIVE_WITH_PURCHASE_HISTORY,Keep: Has active purchase/return activity,0
035-6442,STRAAVI ENSEMBLES PRIVATE LIMITED,2079,SE/005374/25-26,,TRUE,1,1,0,0,0,0,1,1,1,ACTIVE_WITH_PURCHASE_HISTORY,Keep: Has active purchase/return activity,0
035-6446 B,STRAAVI ENSEMBLES PRIVATE LIMITED,795,SE/005382/25-26,INV2627000885,TRUE,1,1,0,1,1,0,0,1,1,ACTIVE_WITH_PURCHASE_HISTORY,Keep: Has active purchase/return activity,0
035-6766,STRAAVI ENSEMBLES PRIVATE LIMITED,899,SE/005377/25-26,,TRUE,1,1,0,0,0,0,1,1,1,ACTIVE_WITH_PURCHASE_HISTORY,Keep: Has active purchase/return activity,0
035-6779,STRAAVI ENSEMBLES PRIVATE LIMITED,2265,SE/005379/25-26,,TRUE,1,1,0,0,0,0,1,1,1,ACTIVE_WITH_PURCHASE_HISTORY,Keep: Has active purchase/return activity,0
035-6820,STRAAVI ENSEMBLES PRIVATE LIMITED,2185,SE/005363/25-26,,TRUE,1,1,0,0,0,0,1,1,1,ACTIVE_WITH_PURCHASE_HISTORY,Keep: Has active purchase/return activity,0
035-6822,STRAAVI ENSEMBLES PRIVATE LIMITED,"00002207, 00002208",SE/005366/25-26,INV2627000656,TRUE,2,1,0,1,1,0,1,2,2,ACTIVE_WITH_PURCHASE_HISTORY,Keep: Has active purchase/return activity,0
035-6826,STRAAVI ENSEMBLES PRIVATE LIMITED,"00002209, 00002210",SE/005366/25-26,INV2627000851,TRUE,2,1,0,1,1,0,1,2,2,ACTIVE_WITH_PURCHASE_HISTORY,Keep: Has active purchase/return activity,0
035-6884,STRAAVI ENSEMBLES PRIVATE LIMITED,"00002083, 00002084",SE/005360/25-26,,TRUE,2,1,0,0,0,0,2,2,2,ACTIVE_WITH_PURCHASE_HISTORY,Keep: Has active purchase/return activity,0
035-6899,STRAAVI ENSEMBLES PRIVATE LIMITED,900,SE/005377/25-26,,TRUE,1,1,0,0,0,0,1,1,1,ACTIVE_WITH_PURCHASE_HISTORY,Keep: Has active purchase/return activity,0
035-6899 B,STRAAVI ENSEMBLES PRIVATE LIMITED,901,SE/005377/25-26,,TRUE,1,1,0,0,0,0,1,1,1,ACTIVE_WITH_PURCHASE_HISTORY,Keep: Has active purchase/return activity,0
035-6929,STRAAVI ENSEMBLES PRIVATE LIMITED,"00002224, 00002225",SE/005375/25-26,INV2026000133,TRUE,2,1,0,1,1,0,2,3,2,ACTIVE_WITH_PURCHASE_HISTORY,Keep: Has active purchase/return activity,-1
035-6979,STRAAVI ENSEMBLES PRIVATE LIMITED,"00002085, 00002086, 00002087",SE/005360/25-26,,TRUE,3,1,0,0,0,0,3,3,3,ACTIVE_WITH_PURCHASE_HISTORY,Keep: Has active purchase/return activity,0
035-6984,STRAAVI ENSEMBLES PRIVATE LIMITED,2171,SE/005390/25-26,INV2627000639,TRUE,1,1,0,1,1,0,0,1,1,ACTIVE_WITH_PURCHASE_HISTORY,Keep: Has active purchase/return activity,0
035-6985,STRAAVI ENSEMBLES PRIVATE LIMITED,"00002056, 00002057",SE/005365/25-26,,TRUE,2,1,0,0,0,0,2,2,2,ACTIVE_WITH_PURCHASE_HISTORY,Keep: Has active purchase/return activity,0
035-6989,STRAAVI ENSEMBLES PRIVATE LIMITED,2236,SE/005364/25-26,,TRUE,1,1,0,0,0,0,1,1,1,ACTIVE_WITH_PURCHASE_HISTORY,Keep: Has active purchase/return activity,0
035-6996,STRAAVI ENSEMBLES PRIVATE LIMITED,2193,SE/005389/25-26,,TRUE,1,1,0,0,0,0,1,1,1,ACTIVE_WITH_PURCHASE_HISTORY,Keep: Has active purchase/return activity,0
035-7036,STRAAVI ENSEMBLES PRIVATE LIMITED,2230,SE/005378/25-26,,TRUE,2,1,0,0,0,0,2,2,1,ACTIVE_WITH_PURCHASE_HISTORY,Keep: Has active purchase/return activity,0
035-7044,STRAAVI ENSEMBLES PRIVATE LIMITED,2234,SE/005364/25-26,,TRUE,1,1,0,0,0,0,1,1,1,ACTIVE_WITH_PURCHASE_HISTORY,Keep: Has active purchase/return activity,0
035-7046,STRAAVI ENSEMBLES PRIVATE LIMITED,2221,SE/005375/25-26,,TRUE,1,1,0,0,0,0,1,1,1,ACTIVE_WITH_PURCHASE_HISTORY,Keep: Has active purchase/return activity,0
035-7047,STRAAVI ENSEMBLES PRIVATE LIMITED,794,SE/005382/25-26,,TRUE,1,1,0,0,0,0,1,1,1,ACTIVE_WITH_PURCHASE_HISTORY,Keep: Has active purchase/return activity,0
035-7050-A,STRAAVI ENSEMBLES PRIVATE LIMITED,8853,SE/005380/25-26,,TRUE,1,1,0,0,0,0,1,1,1,ACTIVE_WITH_PURCHASE_HISTORY,Keep: Has active purchase/return activity,0
035-7050 01,STRAAVI ENSEMBLES PRIVATE LIMITED,844,,INV2026000003,TRUE,0,0,0,1,1,0,0,1,1,ORPHAN_WITH_SALES,Audit: Sold but lacks purchase invoice in database,-1
035-7050 02,STRAAVI ENSEMBLES PRIVATE LIMITED,845,SE/005380/25-26,,TRUE,1,1,0,0,0,0,1,1,1,ACTIVE_WITH_PURCHASE_HISTORY,Keep: Has active purchase/return activity,0
035-7052 01,STRAAVI ENSEMBLES PRIVATE LIMITED,842,SE/005380/25-26,INV2026000032,TRUE,1,1,0,1,1,1,1,1,1,ACTIVE_WITH_PURCHASE_HISTORY,Keep: Has active purchase/return activity,0
035-7052 02,STRAAVI ENSEMBLES PRIVATE LIMITED,843,SE/005380/25-26,,TRUE,1,1,0,0,0,0,1,1,1,ACTIVE_WITH_PURCHASE_HISTORY,Keep: Has active purchase/return activity,0
035-7151,STRAAVI ENSEMBLES PRIVATE LIMITED,"00002088, 00002130, 00002131",SE/005360/25-26,,TRUE,3,1,0,0,0,0,3,3,3,ACTIVE_WITH_PURCHASE_HISTORY,Keep: Has active purchase/return activity,0
035-7157,STRAAVI ENSEMBLES PRIVATE LIMITED,"00002172, 00002173, 00002174, 00002175",SE/005390/25-26,,TRUE,4,1,0,0,0,0,4,4,4,ACTIVE_WITH_PURCHASE_HISTORY,Keep: Has active purchase/return activity,0
035-7230,STRAAVI ENSEMBLES PRIVATE LIMITED,2239,SE/005361/25-26,,TRUE,2,1,0,0,0,0,2,2,1,ACTIVE_WITH_PURCHASE_HISTORY,Keep: Has active purchase/return activity,0
035-7231,STRAAVI ENSEMBLES PRIVATE LIMITED,"00002213, 00002214",SE/005366/25-26,,TRUE,2,1,0,0,0,0,2,2,2,ACTIVE_WITH_PURCHASE_HISTORY,Keep: Has active purchase/return activity,0
035-7236 01,STRAAVI ENSEMBLES PRIVATE LIMITED,839,SE/005380/25-26,,TRUE,1,1,0,0,0,0,1,1,1,ACTIVE_WITH_PURCHASE_HISTORY,Keep: Has active purchase/return activity,0
035-7236 02,STRAAVI ENSEMBLES PRIVATE LIMITED,840,SE/005380/25-26,,TRUE,1,1,0,0,0,0,1,1,1,ACTIVE_WITH_PURCHASE_HISTORY,Keep: Has active purchase/return activity,0
035-7236 03,STRAAVI ENSEMBLES PRIVATE LIMITED,841,SE/005380/25-26,,TRUE,1,1,0,0,0,0,1,1,1,ACTIVE_WITH_PURCHASE_HISTORY,Keep: Has active purchase/return activity,0
035-7268,STRAAVI ENSEMBLES PRIVATE LIMITED,2194,SE/005389/25-26,,TRUE,1,1,0,0,0,0,1,1,1,ACTIVE_WITH_PURCHASE_HISTORY,Keep: Has active purchase/return activity,0
035-7314,STRAAVI ENSEMBLES PRIVATE LIMITED,2262,SE/005379/25-26,,TRUE,1,1,0,0,0,0,1,1,1,ACTIVE_WITH_PURCHASE_HISTORY,Keep: Has active purchase/return activity,0
035-7320,STRAAVI ENSEMBLES PRIVATE LIMITED,2227,SE/005378/25-26,,TRUE,1,1,0,0,0,0,1,1,1,ACTIVE_WITH_PURCHASE_HISTORY,Keep: Has active purchase/return activity,0
0351-R,SWEET LADY,5557,T3165/25-26,,TRUE,1,1,0,0,0,0,1,1,1,ACTIVE_WITH_PURCHASE_HISTORY,Keep: Has active purchase/return activity,0
357,CTC PLAZA INTERNATIONAL TRADEX PVT LTDA,"00005383, 00005384",GST/2025-26/398,INV2627000813,TRUE,2,1,0,1,1,0,1,2,2,ACTIVE_WITH_PURCHASE_HISTORY,Keep: Has active purchase/return activity,0
036-01121 A,STRAAVI ENSEMBLES PRIVATE LIMITED,2133,SE/005360/25-26,INV2627000334,TRUE,2,1,0,1,1,1,1,2,1,ACTIVE_WITH_PURCHASE_HISTORY,Keep: Has active purchase/return activity,1
036-0526,STRAAVI ENSEMBLES PRIVATE LIMITED,"00002187, 00002188",SE/005363/25-26,,TRUE,2,1,0,0,0,0,2,2,2,ACTIVE_WITH_PURCHASE_HISTORY,Keep: Has active purchase/return activity,0
036-1,RUPDARSHI HERITAGE PVT LTD,"00004161, 00004162, 00004163",RD/009158/25-26,"INV2627000099, INV2627000229, INV2627000278",TRUE,11,1,0,4,3,0,2,4,3,ACTIVE_WITH_PURCHASE_HISTORY,Keep: Has active purchase/return activity,5
036-6334,STRAAVI ENSEMBLES PRIVATE LIMITED,2228,SE/005378/25-26,,TRUE,2,1,0,0,0,0,2,2,1,ACTIVE_WITH_PURCHASE_HISTORY,Keep: Has active purchase/return activity,0
036-6504,STRAAVI ENSEMBLES PRIVATE LIMITED,2189,SE/005363/25-26,INV2627000233,TRUE,1,1,0,1,1,0,0,1,1,ACTIVE_WITH_PURCHASE_HISTORY,Keep: Has active purchase/return activity,0
036-6656,STRAAVI ENSEMBLES PRIVATE LIMITED,2132,SE/005360/25-26,,TRUE,2,1,0,0,0,0,1,1,1,ACTIVE_WITH_PURCHASE_HISTORY,Keep: Has active purchase/return activity,1
036-6715 A,STRAAVI ENSEMBLES PRIVATE LIMITED,2240,SE/005361/25-26,,TRUE,3,1,0,0,0,0,3,3,1,ACTIVE_WITH_PURCHASE_HISTORY,Keep: Has active purchase/return activity,0
036-6930 A,STRAAVI ENSEMBLES PRIVATE LIMITED,2241,SE/005361/25-26,,TRUE,1,1,0,0,0,0,1,1,1,ACTIVE_WITH_PURCHASE_HISTORY,Keep: Has active purchase/return activity,0
036-6967,STRAAVI ENSEMBLES PRIVATE LIMITED,796,SE/005382/25-26,,TRUE,1,1,0,0,0,0,1,1,1,ACTIVE_WITH_PURCHASE_HISTORY,Keep: Has active purchase/return activity,0
036-6967 01,STRAAVI ENSEMBLES PRIVATE LIMITED,797,SE/005382/25-26,,TRUE,1,1,0,0,0,0,1,1,1,ACTIVE_WITH_PURCHASE_HISTORY,Keep: Has active purchase/return activity,0
036-7065,STRAAVI ENSEMBLES PRIVATE LIMITED,2186,SE/005363/25-26,,TRUE,1,1,0,0,0,0,1,1,1,ACTIVE_WITH_PURCHASE_HISTORY,Keep: Has active purchase/return activity,0
036-7256,STRAAVI ENSEMBLES PRIVATE LIMITED,"00002183, 00002184",SE/005363/25-26,,TRUE,2,1,0,0,0,0,2,2,2,ACTIVE_WITH_PURCHASE_HISTORY,Keep: Has active purchase/return activity,0
036-7259,STRAAVI ENSEMBLES PRIVATE LIMITED,2178,SE/005390/25-26,,TRUE,3,1,0,0,0,0,3,3,1,ACTIVE_WITH_PURCHASE_HISTORY,Keep: Has active purchase/return activity,0
036-7328,STRAAVI ENSEMBLES PRIVATE LIMITED,"00002180, 00002181, 00002182",SE/005363/25-26,,TRUE,3,1,0,0,0,0,3,3,3,ACTIVE_WITH_PURCHASE_HISTORY,Keep: Has active purchase/return activity,0
361,UTKRISHT VATIKA FASHIONS PVT. LTD.,8208,UVFPL/25-262043,,TRUE,1,1,1,0,0,0,0,1,1,ACTIVE_WITH_PURCHASE_HISTORY,Keep: Has active purchase/return activity,0
0361-02,UTKRISHT VATIKA FASHIONS PVT. LTD.,8209,UVFPL/25-262043,,TRUE,1,1,1,0,0,0,0,1,1,ACTIVE_WITH_PURCHASE_HISTORY,Keep: Has active purchase/return activity,0
037-0786,STRAAVI ENSEMBLES PRIVATE LIMITED,2266,SE/005379/25-26,,TRUE,1,1,0,0,0,0,1,1,1,ACTIVE_WITH_PURCHASE_HISTORY,Keep: Has active purchase/return activity,0
376,UTKRISHT VATIKA FASHIONS PVT. LTD.,"00008184, 00008185, 00008186",UVFPL/25-26/2042,,TRUE,5,1,5,0,0,0,0,3,3,ACTIVE_WITH_PURCHASE_HISTORY,Keep: Has active purchase/return activity,0
0376-02,UTKRISHT VATIKA FASHIONS PVT. LTD.,8187,UVFPL/25-26/2042,,TRUE,1,1,1,0,0,0,0,1,1,ACTIVE_WITH_PURCHASE_HISTORY,Keep: Has active purchase/return activity,0
038-5717 A,STRAAVI ENSEMBLES PRIVATE LIMITED,2268,SE/005379/25-26,,TRUE,1,1,0,0,0,0,1,1,1,ACTIVE_WITH_PURCHASE_HISTORY,Keep: Has active purchase/return activity,0
038-5717 C,STRAAVI ENSEMBLES PRIVATE LIMITED,2267,SE/005379/25-26,,TRUE,1,1,0,0,0,0,1,1,1,ACTIVE_WITH_PURCHASE_HISTORY,Keep: Has active purchase/return activity,0
038-5756 A,STRAAVI ENSEMBLES PRIVATE LIMITED,836,SE/005380/25-26,,TRUE,1,1,1,0,0,0,0,1,1,ACTIVE_WITH_PURCHASE_HISTORY,Keep: Has active purchase/return activity,0
038-5756 B,STRAAVI ENSEMBLES PRIVATE LIMITED,837,SE/005380/25-26,,TRUE,1,1,0,0,0,0,1,1,1,ACTIVE_WITH_PURCHASE_HISTORY,Keep: Has active purchase/return activity,0
038-5966 A,STRAAVI ENSEMBLES PRIVATE LIMITED,"00002076, 00002077",SE/005374/25-26,,TRUE,2,1,0,0,0,0,2,2,2,ACTIVE_WITH_PURCHASE_HISTORY,Keep: Has active purchase/return activity,0
038-6328,STRAAVI ENSEMBLES PRIVATE LIMITED,838,SE/005380/25-26,,TRUE,1,1,0,0,0,0,1,1,1,ACTIVE_WITH_PURCHASE_HISTORY,Keep: Has active purchase/return activity,0
038-6640,STRAAVI ENSEMBLES PRIVATE LIMITED,2220,SE/005375/25-26,,TRUE,1,1,0,0,0,0,1,1,1,ACTIVE_WITH_PURCHASE_HISTORY,Keep: Has active purchase/return activity,0
382,SWEET LADY,7388,T18/26-27,,TRUE,1,1,0,0,0,0,1,1,1,ACTIVE_WITH_PURCHASE_HISTORY,Keep: Has active purchase/return activity,0
0388-R,SWEET LADY,3939,4592/2025-26,,TRUE,1,1,0,0,0,0,1,1,1,ACTIVE_WITH_PURCHASE_HISTORY,Keep: Has active purchase/return activity,0
039-4349,STRAAVI ENSEMBLES PRIVATE LIMITED,2223,SE/005375/25-26,,TRUE,2,1,0,0,0,0,2,2,1,ACTIVE_WITH_PURCHASE_HISTORY,Keep: Has active purchase/return activity,0
039-5081 A,STRAAVI ENSEMBLES PRIVATE LIMITED,2071,SE/005374/25-26,INV2026000027,TRUE,1,1,0,1,1,0,0,1,1,ACTIVE_WITH_PURCHASE_HISTORY,Keep: Has active purchase/return activity,0
039-5149,STRAAVI ENSEMBLES PRIVATE LIMITED,2231,SE/005378/25-26,INV2026000100,TRUE,3,1,0,1,1,0,2,3,1,ACTIVE_WITH_PURCHASE_HISTORY,Keep: Has active purchase/return activity,0
039-5482,STRAAVI ENSEMBLES PRIVATE LIMITED,893,SE/005377/25-26,INV2026000032,TRUE,1,1,0,1,1,0,0,1,1,ACTIVE_WITH_PURCHASE_HISTORY,Keep: Has active purchase/return activity,0
039-6401,STRAAVI ENSEMBLES PRIVATE LIMITED,2190,SE/005389/25-26,,TRUE,1,1,0,0,0,0,1,1,1,ACTIVE_WITH_PURCHASE_HISTORY,Keep: Has active purchase/return activity,0
039-6403,STRAAVI ENSEMBLES PRIVATE LIMITED,2070,SE/005374/25-26,,TRUE,1,1,0,0,0,0,1,1,1,ACTIVE_WITH_PURCHASE_HISTORY,Keep: Has active purchase/return activity,0
039-6798,STRAAVI ENSEMBLES PRIVATE LIMITED,2055,SE/005365/25-26,INV2026000278,TRUE,1,1,0,1,1,0,0,1,1,ACTIVE_WITH_PURCHASE_HISTORY,Keep: Has active purchase/return activity,0
039-7313,STRAAVI ENSEMBLES PRIVATE LIMITED,2222,SE/005375/25-26,,TRUE,2,1,0,0,0,0,2,2,1,ACTIVE_WITH_PURCHASE_HISTORY,Keep: Has active purchase/return activity,0
0393-R BR,SWEET LADY,609,4507/25-26,INV2026000045,TRUE,1,1,0,1,1,0,0,1,1,ACTIVE_WITH_PURCHASE_HISTORY,Keep: Has active purchase/return activity,0
0393-R GY,SWEET LADY,610,4507/25-26,,TRUE,1,1,0,0,0,0,1,1,1,ACTIVE_WITH_PURCHASE_HISTORY,Keep: Has active purchase/return activity,0
395,SWEET LADY,7389,23/26-27,,TRUE,1,1,0,0,0,0,1,1,1,ACTIVE_WITH_PURCHASE_HISTORY,Keep: Has active purchase/return activity,0
396,SWEET LADY,7390,23/26-27,INV2627000536,TRUE,1,1,0,1,1,0,0,1,1,ACTIVE_WITH_PURCHASE_HISTORY,Keep: Has active purchase/return activity,0
4,ROOP ZARI FASHION,"00001173, 00006926, 00008177, 00009289, 00009406, 00009471","09, 2025-26/1175, 310, 460, RZF/26-27/24, RZF/26-27/47","INV2627000423, INV2627000788",TRUE,9,6,0,2,2,0,7,9,6,ACTIVE_WITH_PURCHASE_HISTORY,Keep: Has active purchase/return activity,0
04-BLUE,HANDLOOM EMPORIUM TEXT.PRT.LTD,7221,HETPL/2438,,TRUE,1,1,0,0,0,0,1,1,1,ACTIVE_WITH_PURCHASE_HISTORY,Keep: Has active purchase/return activity,0
04-GREEN,HANDLOOM EMPORIUM TEXT.PRT.LTD,7448,HETPL/2391,,TRUE,2,1,0,0,0,0,2,2,1,ACTIVE_WITH_PURCHASE_HISTORY,Keep: Has active purchase/return activity,0
40,RUPDARSHI HERITAGE PVT LTD,4343,RD/009160/25-26,,TRUE,6,1,0,0,0,0,6,6,1,ACTIVE_WITH_PURCHASE_HISTORY,Keep: Has active purchase/return activity,0
400,UTKRISHT VATIKA FASHIONS PVT. LTD.,"00008188, 00008189, 00008190",UVFPL/25-26/2042,,TRUE,3,1,3,0,0,0,0,3,3,ACTIVE_WITH_PURCHASE_HISTORY,Keep: Has active purchase/return activity,0
0400-02,UTKRISHT VATIKA FASHIONS PVT. LTD.,8191,UVFPL/25-26/2042,,TRUE,1,1,1,0,0,0,0,1,1,ACTIVE_WITH_PURCHASE_HISTORY,Keep: Has active purchase/return activity,0
404,UTKRISHT VATIKA FASHIONS PVT. LTD.,"00008210, 00008211",UVFPL/25-262043,,TRUE,1,1,1,0,0,0,1,2,2,ACTIVE_WITH_PURCHASE_HISTORY,Keep: Has active purchase/return activity,-1
0404-02,UTKRISHT VATIKA FASHIONS PVT. LTD.,8353,UVFPL/25-262043,,TRUE,1,1,1,0,0,0,0,1,1,ACTIVE_WITH_PURCHASE_HISTORY,Keep: Has active purchase/return activity,0
407,UTKRISHT VATIKA FASHIONS PVT. LTD.,"00008354, 00008355, 00008356",UVFPL/25-262043,,TRUE,3,1,3,0,0,0,0,3,3,ACTIVE_WITH_PURCHASE_HISTORY,Keep: Has active purchase/return activity,0
0407-02,UTKRISHT VATIKA FASHIONS PVT. LTD.,8357,UVFPL/25-262043,,TRUE,1,1,1,0,0,0,0,1,1,ACTIVE_WITH_PURCHASE_HISTORY,Keep: Has active purchase/return activity,0
041-2213,STRAAVI ENSEMBLES PRIVATE LIMITED,894,SE/005377/25-26,INV2627000271,TRUE,1,1,0,1,1,2,0,1,1,ACTIVE_WITH_PURCHASE_HISTORY,Keep: Has active purchase/return activity,2
042-5887,STRAAVI ENSEMBLES PRIVATE LIMITED,904,SE/005371/25-26,,TRUE,1,1,0,0,0,0,1,1,1,ACTIVE_WITH_PURCHASE_HISTORY,Keep: Has active purchase/return activity,0
042-7455,STRAAVI ENSEMBLES PRIVATE LIMITED,905,SE/005371/25-26,INV2627000667,TRUE,1,1,0,1,1,0,0,1,1,ACTIVE_WITH_PURCHASE_HISTORY,Keep: Has active purchase/return activity,0
434,UTKRISHT VATIKA FASHIONS PVT. LTD.,"00008360, 00008361",UVFPL/25-262043,,TRUE,2,1,2,0,0,0,0,2,2,ACTIVE_WITH_PURCHASE_HISTORY,Keep: Has active purchase/return activity,0
0434-02,UTKRISHT VATIKA FASHIONS PVT. LTD.,"00008362, 00008363",UVFPL/25-262043,,TRUE,2,1,2,0,0,0,0,2,2,ACTIVE_WITH_PURCHASE_HISTORY,Keep: Has active purchase/return activity,0
464,UTKRISHT VATIKA FASHIONS PVT. LTD.,8358,UVFPL/25-262043,,TRUE,1,1,1,0,0,0,0,1,1,ACTIVE_WITH_PURCHASE_HISTORY,Keep: Has active purchase/return activity,0
0464-02,UTKRISHT VATIKA FASHIONS PVT. LTD.,8359,UVFPL/25-262043,,TRUE,1,1,1,0,0,0,0,1,1,ACTIVE_WITH_PURCHASE_HISTORY,Keep: Has active purchase/return activity,0
490,UTKRISHT VATIKA FASHIONS PVT. LTD.,"00008364, 00008365, 00008366",UVFPL/25-262043,,TRUE,3,1,3,0,0,0,0,3,3,ACTIVE_WITH_PURCHASE_HISTORY,Keep: Has active purchase/return activity,0
0490-02,UTKRISHT VATIKA FASHIONS PVT. LTD.,8367,UVFPL/25-262043,,TRUE,1,1,1,0,0,0,0,1,1,ACTIVE_WITH_PURCHASE_HISTORY,Keep: Has active purchase/return activity,0
04ASU,JDS DESIGN STUDIO PRIVATE LIMITED,4418,JS26-006339,,TRUE,1,1,0,0,0,0,1,1,1,ACTIVE_WITH_PURCHASE_HISTORY,Keep: Has active purchase/return activity,0
5,ABDUL HAKIM,"00001174, 00006927, 00008178, 00009290, 00009407, 00009472","09, 2025-26/1175, 310, 460, RZF/26-27/24, RZF/26-27/47","INV2627000697, INV2627001007",TRUE,6,6,0,2,2,0,4,6,6,ACTIVE_WITH_PURCHASE_HISTORY,Keep: Has active purchase/return activity,0
05-GREEN,HANDLOOM EMPORIUM TEXT.PRT.LTD,7222,HETPL/2438,,TRUE,1,1,0,0,0,0,1,1,1,ACTIVE_WITH_PURCHASE_HISTORY,Keep: Has active purchase/return activity,0
05-WHITE,HANDLOOM EMPORIUM TEXT.PRT.LTD,7449,HETPL/2391,,TRUE,4,1,0,0,0,0,4,4,1,ACTIVE_WITH_PURCHASE_HISTORY,Keep: Has active purchase/return activity,0
054-ST-11578A,B R K APPARELS ,"00005426, 00005427",BRKO/5491/25-26,,TRUE,2,1,0,0,0,0,2,2,2,ACTIVE_WITH_PURCHASE_HISTORY,Keep: Has active purchase/return activity,0
5595,PRATAPSONS HERITAGE HOME PRODUCTION,6606,125,INV2026000360,TRUE,1,1,0,1,1,0,0,1,1,ACTIVE_WITH_PURCHASE_HISTORY,Keep: Has active purchase/return activity,0
575,UTKRISHT VATIKA FASHIONS PVT. LTD.,"00008368, 00008369",UVFPL/25-262043,,TRUE,2,1,2,0,0,0,0,2,2,ACTIVE_WITH_PURCHASE_HISTORY,Keep: Has active purchase/return activity,0
592,UTKRISHT VATIKA FASHIONS PVT. LTD.,"00008370, 00008371, 00008372",UVFPL/25-262043,,TRUE,5,1,5,0,0,0,0,4,3,ACTIVE_WITH_PURCHASE_HISTORY,Keep: Has active purchase/return activity,0
0592-02,UTKRISHT VATIKA FASHIONS PVT. LTD.,8373,UVFPL/25-262043,,TRUE,1,1,1,0,0,0,0,1,1,ACTIVE_WITH_PURCHASE_HISTORY,Keep: Has active purchase/return activity,0
593,UTKRISHT VATIKA FASHIONS PVT. LTD.,8197,UVFPL/25-26/2042,,TRUE,1,1,1,0,0,0,0,1,1,ACTIVE_WITH_PURCHASE_HISTORY,Keep: Has active purchase/return activity,0
0593-02,UTKRISHT VATIKA FASHIONS PVT. LTD.,8198,UVFPL/25-26/2042,,TRUE,1,1,1,0,0,0,0,1,1,ACTIVE_WITH_PURCHASE_HISTORY,Keep: Has active purchase/return activity,0
594,UTKRISHT VATIKA FASHIONS PVT. LTD.,"00008374, 00008375, 00008376",UVFPL/25-262043,,TRUE,4,1,4,0,0,0,0,3,3,ACTIVE_WITH_PURCHASE_HISTORY,Keep: Has active purchase/return activity,0
0594-02,UTKRISHT VATIKA FASHIONS PVT. LTD.,8377,UVFPL/25-262043,,TRUE,2,1,2,0,0,0,0,1,1,ACTIVE_WITH_PURCHASE_HISTORY,Keep: Has active purchase/return activity,0
595,UTKRISHT VATIKA FASHIONS PVT. LTD.,"00008378, 00008379",UVFPL/25-262043,,TRUE,2,1,2,0,0,0,0,2,2,ACTIVE_WITH_PURCHASE_HISTORY,Keep: Has active purchase/return activity,0
0595-02,UTKRISHT VATIKA FASHIONS PVT. LTD.,8380,UVFPL/25-262043,,TRUE,1,1,1,0,0,0,0,1,1,ACTIVE_WITH_PURCHASE_HISTORY,Keep: Has active purchase/return activity,0
6,BUNKAR STUDIO,"00001175, 00008179, 00009291","2025-26/1175, 460, RZF/26-27/24",,TRUE,3,3,0,0,0,0,3,3,3,ACTIVE_WITH_PURCHASE_HISTORY,Keep: Has active purchase/return activity,0
06-PINK,HANDLOOM EMPORIUM TEXT.PRT.LTD,7223,HETPL/2438,,TRUE,1,1,0,0,0,0,1,1,1,ACTIVE_WITH_PURCHASE_HISTORY,Keep: Has active purchase/return activity,0
601,UTKRISHT VATIKA FASHIONS PVT. LTD.,"00008199, 00008200",UVFPL/25-26/2042,,TRUE,2,1,2,0,0,0,0,2,2,ACTIVE_WITH_PURCHASE_HISTORY,Keep: Has active purchase/return activity,0
613,UTKRISHT VATIKA FASHIONS PVT. LTD.,"00008381, 00008382",UVFPL/25-262043,,TRUE,2,1,2,0,0,0,0,2,2,ACTIVE_WITH_PURCHASE_HISTORY,Keep: Has active purchase/return activity,0
615,UTKRISHT VATIKA FASHIONS PVT. LTD.,"00008383, 00008384",UVFPL/25-262043,,TRUE,2,1,2,0,0,0,0,2,2,ACTIVE_WITH_PURCHASE_HISTORY,Keep: Has active purchase/return activity,0
643,UTKRISHT VATIKA FASHIONS PVT. LTD.,"00008201, 00008202",UVFPL/25-26/2042,,TRUE,4,1,4,0,0,0,0,2,2,ACTIVE_WITH_PURCHASE_HISTORY,Keep: Has active purchase/return activity,0
0643-02,UTKRISHT VATIKA FASHIONS PVT. LTD.,8203,UVFPL/25-26/2042,,TRUE,1,1,1,0,0,0,0,1,1,ACTIVE_WITH_PURCHASE_HISTORY,Keep: Has active purchase/return activity,0
645,UTKRISHT VATIKA FASHIONS PVT. LTD.,"00008393, 00008394",UVFPL/25-262043,,TRUE,2,1,2,0,0,0,0,2,2,ACTIVE_WITH_PURCHASE_HISTORY,Keep: Has active purchase/return activity,0
0645-02,UTKRISHT VATIKA FASHIONS PVT. LTD.,8395,UVFPL/25-262043,,TRUE,1,1,1,0,0,0,0,1,1,ACTIVE_WITH_PURCHASE_HISTORY,Keep: Has active purchase/return activity,0
654,UTKRISHT VATIKA FASHIONS PVT. LTD.,"00008396, 00008397, 00008398",UVFPL/25-262043,,TRUE,5,1,5,0,0,0,0,4,3,ACTIVE_WITH_PURCHASE_HISTORY,Keep: Has active purchase/return activity,0
0654-02,UTKRISHT VATIKA FASHIONS PVT. LTD.,8399,UVFPL/25-262043,,TRUE,1,1,1,0,0,0,0,1,1,ACTIVE_WITH_PURCHASE_HISTORY,Keep: Has active purchase/return activity,0
657,UTKRISHT VATIKA FASHIONS PVT. LTD.,8400,UVFPL/25-262043,,TRUE,1,1,1,0,0,0,0,1,1,ACTIVE_WITH_PURCHASE_HISTORY,Keep: Has active purchase/return activity,0
0657-02,UTKRISHT VATIKA FASHIONS PVT. LTD.,8401,UVFPL/25-262043,,TRUE,1,1,1,0,0,0,0,1,1,ACTIVE_WITH_PURCHASE_HISTORY,Keep: Has active purchase/return activity,0
669,UTKRISHT VATIKA FASHIONS PVT. LTD.,8204,UVFPL/25-26/2042,,TRUE,1,1,1,0,0,0,0,1,1,ACTIVE_WITH_PURCHASE_HISTORY,Keep: Has active purchase/return activity,0
0669-02,UTKRISHT VATIKA FASHIONS PVT. LTD.,8205,UVFPL/25-26/2042,,TRUE,1,1,1,0,0,0,0,1,1,ACTIVE_WITH_PURCHASE_HISTORY,Keep: Has active purchase/return activity,0
675,UTKRISHT VATIKA FASHIONS PVT. LTD.,"00008402, 00008403",UVFPL/25-262043,,TRUE,2,1,2,0,0,0,0,2,2,ACTIVE_WITH_PURCHASE_HISTORY,Keep: Has active purchase/return activity,0
677,UTKRISHT VATIKA FASHIONS PVT. LTD.,8206,UVFPL/25-26/2042,,TRUE,2,1,2,0,0,0,0,1,1,ACTIVE_WITH_PURCHASE_HISTORY,Keep: Has active purchase/return activity,0
0677-02,UTKRISHT VATIKA FASHIONS PVT. LTD.,8207,UVFPL/25-26/2042,,TRUE,2,1,2,0,0,0,0,1,1,ACTIVE_WITH_PURCHASE_HISTORY,Keep: Has active purchase/return activity,0
698,UTKRISHT VATIKA FASHIONS PVT. LTD.,"00008404, 00008405",UVFPL/25-262043,,TRUE,2,1,2,0,0,0,0,2,2,ACTIVE_WITH_PURCHASE_HISTORY,Keep: Has active purchase/return activity,0
7,ABDUL HAKIM,"00001176, 00008180, 00009292","2025-26/1175, 460, RZF/26-27/24",,TRUE,3,3,0,0,0,0,3,3,3,ACTIVE_WITH_PURCHASE_HISTORY,Keep: Has active purchase/return activity,0
701,UTKRISHT VATIKA FASHIONS PVT. LTD.,8406,UVFPL/25-262043,,TRUE,2,1,2,0,0,0,0,1,1,ACTIVE_WITH_PURCHASE_HISTORY,Keep: Has active purchase/return activity,0
0701-02,UTKRISHT VATIKA FASHIONS PVT. LTD.,8407,UVFPL/25-262043,,TRUE,2,1,2,0,0,0,0,1,1,ACTIVE_WITH_PURCHASE_HISTORY,Keep: Has active purchase/return activity,0
718,UTKRISHT VATIKA FASHIONS PVT. LTD.,"00008408, 00008409",UVFPL/25-262043,,TRUE,2,1,2,0,0,0,0,2,2,ACTIVE_WITH_PURCHASE_HISTORY,Keep: Has active purchase/return activity,0
725,UTKRISHT VATIKA FASHIONS PVT. LTD.,8410,UVFPL/25-262043,,TRUE,1,1,1,0,0,0,0,1,1,ACTIVE_WITH_PURCHASE_HISTORY,Keep: Has active purchase/return activity,0
0725-02,UTKRISHT VATIKA FASHIONS PVT. LTD.,8411,UVFPL/25-262043,,TRUE,1,1,1,0,0,0,0,1,1,ACTIVE_WITH_PURCHASE_HISTORY,Keep: Has active purchase/return activity,0
727,UTKRISHT VATIKA FASHIONS PVT. LTD.,8412,UVFPL/25-262043,,TRUE,2,1,2,0,0,0,0,2,1,ACTIVE_WITH_PURCHASE_HISTORY,Keep: Has active purchase/return activity,0
0727-02,UTKRISHT VATIKA FASHIONS PVT. LTD.,"00008413, 00008414",UVFPL/25-262043,,TRUE,2,1,2,0,0,0,0,2,2,ACTIVE_WITH_PURCHASE_HISTORY,Keep: Has active purchase/return activity,0
8,ABDUL HAKIM,"00002100, 00002101, 00009293","11941, 460",INV2627000301,TRUE,3,2,0,1,1,0,2,3,3,ACTIVE_WITH_PURCHASE_HISTORY,Keep: Has active purchase/return activity,0
08-PINK,VIMAL CREATION,6785,20-2627,,TRUE,1,1,0,0,0,0,1,1,1,ACTIVE_WITH_PURCHASE_HISTORY,Keep: Has active purchase/return activity,0
080-MH-203,B R K APPARELS ,5421,BRKO/5491/25-26,,TRUE,1,1,0,0,0,0,1,1,1,ACTIVE_WITH_PURCHASE_HISTORY,Keep: Has active purchase/return activity,0
080-MH-203A,B R K APPARELS ,5422,BRKO/5491/25-26,,TRUE,1,1,0,0,0,0,1,1,1,ACTIVE_WITH_PURCHASE_HISTORY,Keep: Has active purchase/return activity,0
080-MH-203B,B R K APPARELS ,5423,BRKO/5491/25-26,INV2627000544,TRUE,1,1,0,1,1,0,0,1,1,ACTIVE_WITH_PURCHASE_HISTORY,Keep: Has active purchase/return activity,0
080-MH 213,B R K APPARELS ,6901,BRKO/7/26-27,,TRUE,1,1,0,0,0,0,1,1,1,ACTIVE_WITH_PURCHASE_HISTORY,Keep: Has active purchase/return activity,0
815,STRAAVI ENSEMBLES PRIVATE LIMITED,2197,SE/005362/25-26,,TRUE,2,1,0,0,0,0,2,2,1,ACTIVE_WITH_PURCHASE_HISTORY,Keep: Has active purchase/return activity,0
897,AARI,"00005683, 00005684, 00005685, 00005686",5878/25-26,"INV2026000015, INV2627000067, INV2627000541, INV2627000694, INV2627000889",TRUE,8,1,0,5,5,1,2,7,4,ACTIVE_WITH_PURCHASE_HISTORY,Keep: Has active purchase/return activity,2
0897-2,AARI,"00005687, 00005688, 00005689",5878/25-26,"INV2627000804, INV2627000892",TRUE,3,1,0,2,2,0,1,3,3,ACTIVE_WITH_PURCHASE_HISTORY,Keep: Has active purchase/return activity,0
9,ABDUL HAKIM,"00002104, 00002105, 00009294","11941, 461",INV2627000301,TRUE,3,2,0,1,1,0,2,3,3,ACTIVE_WITH_PURCHASE_HISTORY,Keep: Has active purchase/return activity,0
09-GOLDEN,VIMAL CREATION,6788,20-2627,,TRUE,1,1,1,0,0,0,0,1,1,ACTIVE_WITH_PURCHASE_HISTORY,Keep: Has active purchase/return activity,0
09/VF-521A-B,VARIMA FASHIONS PVT LTD,7428,VFPL-2478,,TRUE,1,1,0,0,0,0,1,1,1,ACTIVE_WITH_PURCHASE_HISTORY,Keep: Has active purchase/return activity,0
09/VF-521A-C,VARIMA FASHIONS PVT LTD,7431,VFPL-2478,,TRUE,1,1,0,0,0,0,1,1,1,ACTIVE_WITH_PURCHASE_HISTORY,Keep: Has active purchase/return activity,0
09/VF-521A-G,VARIMA FASHIONS PVT LTD,7429,VFPL-2478,INV2627000707,TRUE,1,1,0,1,1,0,0,1,1,ACTIVE_WITH_PURCHASE_HISTORY,Keep: Has active purchase/return activity,0
09/VF-521A-P,VARIMA FASHIONS PVT LTD,7430,VFPL-2478,,TRUE,1,1,0,0,0,0,1,1,1,ACTIVE_WITH_PURCHASE_HISTORY,Keep: Has active purchase/return activity,0
09/VF-521A-Y,VARIMA FASHIONS PVT LTD,7432,VFPL-2478,,TRUE,1,1,0,0,0,0,1,1,1,ACTIVE_WITH_PURCHASE_HISTORY,Keep: Has active purchase/return activity,0
91,NIRMAL CREATIONS,2890,NC/009561/25-26,,TRUE,1,1,0,0,0,0,1,1,1,ACTIVE_WITH_PURCHASE_HISTORY,Keep: Has active purchase/return activity,0
091/9391-B,VARIMA FASHIONS PVT LTD,7915,VFPL-0156,,TRUE,1,1,0,0,0,0,1,1,1,ACTIVE_WITH_PURCHASE_HISTORY,Keep: Has active purchase/return activity,0
091/9391-BL,VARIMA FASHIONS PVT LTD,7916,VFPL-0156,,TRUE,1,1,1,0,0,0,0,1,1,ACTIVE_WITH_PURCHASE_HISTORY,Keep: Has active purchase/return activity,0
091/9391-P,VARIMA FASHIONS PVT LTD,7917,VFPL-0156,,TRUE,1,1,0,0,0,0,1,1,1,ACTIVE_WITH_PURCHASE_HISTORY,Keep: Has active purchase/return activity,0
091/9501,VARIMA FASHIONS PVT LTD,"00005994, 00005995, 00005996",VFPL-2412,INV2627001016,TRUE,3,1,0,1,1,0,2,3,3,ACTIVE_WITH_PURCHASE_HISTORY,Keep: Has active purchase/return activity,0
091/VF-522-B,VARIMA FASHIONS PVT LTD,7435,VFPL-2478,,TRUE,1,1,0,0,0,0,1,1,1,ACTIVE_WITH_PURCHASE_HISTORY,Keep: Has active purchase/return activity,0
091/VF-522-C,VARIMA FASHIONS PVT LTD,7434,VFPL-2478,INV2627000590,TRUE,1,1,0,1,1,0,0,1,1,ACTIVE_WITH_PURCHASE_HISTORY,Keep: Has active purchase/return activity,0
091/VF-522-P,VARIMA FASHIONS PVT LTD,7433,VFPL-2478,,TRUE,1,1,0,0,0,0,1,1,1,ACTIVE_WITH_PURCHASE_HISTORY,Keep: Has active purchase/return activity,0
96229,STRAAVI ENSEMBLES PRIVATE LIMITED,2170,SE/005390/25-26,,TRUE,1,1,0,0,0,0,1,1,1,ACTIVE_WITH_PURCHASE_HISTORY,Keep: Has active purchase/return activity,0
096L,NIRMAL CREATIONS,2881,NC/009561/25-26,,TRUE,1,1,0,0,0,0,1,1,1,ACTIVE_WITH_PURCHASE_HISTORY,Keep: Has active purchase/return activity,0
97680,STRAAVI ENSEMBLES PRIVATE LIMITED,"00002050, 00002051, 00002052, 00002053, 00002054",SE/005365/25-26,INV2026000054,TRUE,5,1,0,1,1,0,4,5,5,ACTIVE_WITH_PURCHASE_HISTORY,Keep: Has active purchase/return activity,0
097L,NIRMAL CREATIONS,2880,NC/009561/25-26,INV2026000432,TRUE,1,1,0,1,1,0,0,1,1,ACTIVE_WITH_PURCHASE_HISTORY,Keep: Has active purchase/return activity,0
097T,RUPDARSHI HERITAGE PVT LTD,4342,RD/009160/25-26,INV2627000918,TRUE,5,1,0,1,1,0,4,5,1,ACTIVE_WITH_PURCHASE_HISTORY,Keep: Has active purchase/return activity,0
1,VSB VASTTRAM PVT LTD,"00000323, 00002151, 00002384, 00002699, 00002793, 00003054, 00003316, 00004378, 00004380, 00004590, 00004636, 00004642, 00004647, 00004688, 00004745, 00004832, 00005626, 00005656, 00005887, 00005969, 00006895, 00006915, 00006952, 00007068, 00007070, 00007137, 00007492, 00009424, 00009427","05/04/2026, 08, 1, 10, 1100, 11861, 123, 14, 1746/25-26, 1747/25-26, 1752/25-26, 1753/25-26, 1760/25-26, 1762/25-26, 1777/25-26, 1793/-25-26, 2, 2025-2026/789, 25-26/5678, 312, 489, EW/0001092/25-26, FLD/00786/25-26, HETPL/2273, NC/009556/25-26, S, S786, S790, VSBV/9246/25-26","INV2627000006, INV2627000126, INV2627000217, INV2627000254, INV2627000290, INV2627000300, INV2627000450, INV2627000576, INV2627000668, INV2627000693, INV2627000741, INV2627000835, INV2627000857, INV2627000873",TRUE,128,29,10,15,14,1,68,92,29,ACTIVE_WITH_PURCHASE_HISTORY,Keep: Has active purchase/return activity,36
1-15817-B,RUHAANI ARTS,7620,RAD/26-27/000080,INV2627000878,TRUE,1,1,0,1,1,0,0,1,1,ACTIVE_WITH_PURCHASE_HISTORY,Keep: Has active purchase/return activity,0
1-15817-P,RUHAANI ARTS,7621,RAD/26-27/000080,,TRUE,1,1,0,0,0,0,1,1,1,ACTIVE_WITH_PURCHASE_HISTORY,Keep: Has active purchase/return activity,0
Jan-54,TANEJA APPARELS P LTD,7396,268,,TRUE,1,1,0,0,0,0,1,1,1,ACTIVE_WITH_PURCHASE_HISTORY,Keep: Has active purchase/return activity,0
1-341,SUNEETA SAREE EMPORIUM ,5790,1060/25-26,,TRUE,1,1,1,0,0,0,0,1,1,ACTIVE_WITH_PURCHASE_HISTORY,Keep: Has active purchase/return activity,0
Jan-51,VIMAL CREATION,6755,21-2627,,TRUE,2,1,2,0,0,0,0,2,1,ACTIVE_WITH_PURCHASE_HISTORY,Keep: Has active purchase/return activity,0
1-BLACK,CHIC BY GAURI,7546,10/2026-27,"INV2627000774, INV2627000844",TRUE,2,1,0,2,2,0,0,2,1,ACTIVE_WITH_PURCHASE_HISTORY,Keep: Has active purchase/return activity,0
1-BROWN,CHIC BY GAURI,"00007544, 00007547",,"INV2627000620, INV2627000701, INV2627000774",TRUE,0,0,0,3,3,0,2,4,2,ORPHAN_WITH_SALES,Audit: Sold but lacks purchase invoice in database,-5
1-BROWN-01,CHIC BY GAURI,8808,10/2026-27,INV2627000779,TRUE,6,1,0,1,1,0,1,2,1,ACTIVE_WITH_PURCHASE_HISTORY,Keep: Has active purchase/return activity,4
1-C828,FABRICMART LLP ,"00003892, 00005229",FY25-26/3313,,TRUE,1,1,0,0,0,0,2,2,2,ACTIVE_WITH_PURCHASE_HISTORY,Keep: Has active purchase/return activity,-1
1-C974,RUCHIKA DESIGN STUDIO,5879,FY25-26/3411,,TRUE,1,1,0,0,0,0,1,1,1,ACTIVE_WITH_PURCHASE_HISTORY,Keep: Has active purchase/return activity,0
1-DR-S,VSB VASTTRAM PVT LTD,6013,VSBV/9453/25-26,,TRUE,1,1,0,0,0,0,1,1,1,ACTIVE_WITH_PURCHASE_HISTORY,Keep: Has active purchase/return activity,0
1-G,ANJALI TRADERS,4497,AT/1882/25-26,,TRUE,1,1,0,0,0,0,1,1,1,ACTIVE_WITH_PURCHASE_HISTORY,Keep: Has active purchase/return activity,0
1-GREEN,CHIC BY GAURI,7545,10/2026-27,"INV2627000431, INV2627000848",TRUE,4,1,0,2,2,0,2,4,1,ACTIVE_WITH_PURCHASE_HISTORY,Keep: Has active purchase/return activity,0
1-MULTI,CHIC BY GAURI,7548,10/2026-27,INV2627000874,TRUE,2,1,0,1,1,0,1,2,1,ACTIVE_WITH_PURCHASE_HISTORY,Keep: Has active purchase/return activity,0
1-P,ANJALI TRADERS,4499,AT/1882/25-26,,TRUE,1,1,0,0,0,0,1,1,1,ACTIVE_WITH_PURCHASE_HISTORY,Keep: Has active purchase/return activity,0
1-PINK,CHIC BY GAURI,7542,10/2026-27,,TRUE,1,1,0,0,0,0,1,1,1,ACTIVE_WITH_PURCHASE_HISTORY,Keep: Has active purchase/return activity,0
1-RANI,HANDLOOM EMPORIUM TEXT.PRT.LTD,7218,HETPL/2438,,TRUE,1,1,0,0,0,0,1,1,1,ACTIVE_WITH_PURCHASE_HISTORY,Keep: Has active purchase/return activity,0
1-SAREE,M. F. CREATION,9425,311,,TRUE,5,1,0,0,0,0,5,5,1,ACTIVE_WITH_PURCHASE_HISTORY,Keep: Has active purchase/return activity,0
1-WHITE,CHIC BY GAURI,7543,10/2026-27,"INV2627000846, INV2627000848",TRUE,2,1,0,2,2,0,0,2,1,ACTIVE_WITH_PURCHASE_HISTORY,Keep: Has active purchase/return activity,0
1-Y,ANJALI TRADERS,4498,AT/1882/25-26,,TRUE,1,1,0,0,0,0,1,1,1,ACTIVE_WITH_PURCHASE_HISTORY,Keep: Has active purchase/return activity,0
1 S,JAMNADAS BECHARDAS & SONS,4724,1762/25-26,"INV2627000300, INV2627000335, INV2627000727",TRUE,5,1,0,3,3,0,2,5,1,ACTIVE_WITH_PURCHASE_HISTORY,Keep: Has active purchase/return activity,0
1 S-S,VSB VASTTRAM PVT LTD,6012,VSBV/9454/25-26,INV2026000032,TRUE,1,1,0,1,1,0,0,1,1,ACTIVE_WITH_PURCHASE_HISTORY,Keep: Has active purchase/return activity,0
1 Y,NIRMAL CREATIONS,410,NC/009557/25-26,INV2026000082,TRUE,1,1,0,1,1,0,0,1,1,ACTIVE_WITH_PURCHASE_HISTORY,Keep: Has active purchase/return activity,0
01-Jan,KUTCH BANDHEJ-NX,5984,2021,,TRUE,1,1,1,0,0,0,0,1,1,ACTIVE_WITH_PURCHASE_HISTORY,Keep: Has active purchase/return activity,0
1/1-A,KUTCH BANDHEJ-NX,5397,2025,,TRUE,1,1,1,0,0,0,0,1,1,ACTIVE_WITH_PURCHASE_HISTORY,Keep: Has active purchase/return activity,0
1/1-H N G,KUTCH BANDHEJ-NX,6050,2010,INV2627000076,TRUE,1,1,0,1,1,0,0,1,1,ACTIVE_WITH_PURCHASE_HISTORY,Keep: Has active purchase/return activity,0
1/1-M L,KUTCH BANDHEJ-NX,6043,2024,,TRUE,1,1,1,0,0,0,0,1,1,ACTIVE_WITH_PURCHASE_HISTORY,Keep: Has active purchase/return activity,0
1/1-N,KUTCH BANDHEJ-NX,5387,2022,,TRUE,1,1,1,0,0,0,0,1,1,ACTIVE_WITH_PURCHASE_HISTORY,Keep: Has active purchase/return activity,0
1/1 LCD,SHAH STUDIO,"00006143, 00006145, 00006175","SS/25-26/472, SS/25-26/476, VSBV/9507/25-26",INV2627000002,TRUE,3,3,0,1,1,0,2,3,3,ACTIVE_WITH_PURCHASE_HISTORY,Keep: Has active purchase/return activity,0
01-Dec,M/S ADISHAKTI CREATIONS ,"00005123, 00005124, 00005125",GST-02054-25-26,"INV2026000041, INV2627000316",TRUE,12,1,0,2,2,0,3,5,3,ACTIVE_WITH_PURCHASE_HISTORY,Keep: Has active purchase/return activity,7
1/1LKNG,NEW MODERN CHIKAN,5527,2059,,TRUE,1,1,0,0,0,0,1,1,1,ACTIVE_WITH_PURCHASE_HISTORY,Keep: Has active purchase/return activity,0
01-Feb,KUTCH BANDHEJ-NX,5358,2023,,TRUE,2,1,1,0,0,0,1,2,1,ACTIVE_WITH_PURCHASE_HISTORY,Keep: Has active purchase/return activity,0
1/2-BS,KUTCH BANDHEJ-NX,,,,TRUE,0,0,0,0,0,0,0,0,0,SAFE_TO_DELETE_IDLE,"Safe to Delete: No purchases, returns, sales, or stock",0
1/2-K,KUTCH BANDHEJ-NX,5389,2026,,TRUE,2,1,0,0,0,0,2,2,1,ACTIVE_WITH_PURCHASE_HISTORY,Keep: Has active purchase/return activity,0
1/2-SBBD,OMAANA,"00006389, 00006390",548,,TRUE,2,1,2,0,0,0,0,2,2,ACTIVE_WITH_PURCHASE_HISTORY,Keep: Has active purchase/return activity,0
01-Mar,NEW MODERN CHIKAN,"00003836, 00003837, 00008786","1941, SJ/26-27/188","INV2026000343, INV2026000389, INV2627001006",TRUE,6,2,0,3,3,0,3,5,3,ACTIVE_WITH_PURCHASE_HISTORY,Keep: Has active purchase/return activity,0
01-May,UMMED SAREE CENTRE NX,"00003305, 00003306, 00005368","2014, 3431",,TRUE,10,2,5,0,0,0,3,5,3,ACTIVE_WITH_PURCHASE_HISTORY,Keep: Has active purchase/return activity,2
01-Jul,HANDLOOM EMPORIUM TEXT.PRT.LTD,"00005088, 00005089, 00005090",HETPL/2233,"INV2026000306, INV2026000399",TRUE,7,1,0,2,2,0,1,3,3,ACTIVE_WITH_PURCHASE_HISTORY,Keep: Has active purchase/return activity,4
1/8-AS,KUTCH BANDHEJ-NX,5447,2009,"INV2026000364, INV2627000817",TRUE,8,1,0,3,2,0,5,8,1,ACTIVE_WITH_PURCHASE_HISTORY,Keep: Has active purchase/return activity,0
1/9- AJRK,GEETANJALI PRINTS ,6422,GP/2025-26/0157,"INV2026000334, INV2627000003, INV2627000574, INV2627000704, INV2627001003",TRUE,9,1,0,5,5,0,4,9,1,ACTIVE_WITH_PURCHASE_HISTORY,Keep: Has active purchase/return activity,0
10,ABDUL HAKIM,"00002160, 00002708, 00002802, 00004599, 00004754, 00008671, 00009295","10, 1100, 307, 461, 489, S786, S790","INV2026000108, INV2026000334, INV2627000001, INV2627000094, INV2627000374, INV2627000452, INV2627000669",TRUE,18,7,0,7,7,2,12,16,7,ACTIVE_WITH_PURCHASE_HISTORY,Keep: Has active purchase/return activity,1
10-Jan,SUNEETA SAREE EMPORIUM ,5799,1060/25-26,,TRUE,1,1,1,0,0,0,0,1,1,ACTIVE_WITH_PURCHASE_HISTORY,Keep: Has active purchase/return activity,0
10-15152,RUHAANI ARTS,7633,RAD/26-27/000080,,TRUE,1,1,0,0,0,0,1,1,1,ACTIVE_WITH_PURCHASE_HISTORY,Keep: Has active purchase/return activity,0
Oct-33,TANEJA APPARELS P LTD,7405,268,,TRUE,1,1,0,0,0,0,1,1,1,ACTIVE_WITH_PURCHASE_HISTORY,Keep: Has active purchase/return activity,0
Oct-52,R.F. CREATIONS ,7186,172-2627,INV2627000817,TRUE,1,1,0,1,1,0,0,1,1,ACTIVE_WITH_PURCHASE_HISTORY,Keep: Has active purchase/return activity,0
10-B,ANJALI TRADERS,4519,AT/1882/25-26,,TRUE,1,1,0,0,0,0,1,1,1,ACTIVE_WITH_PURCHASE_HISTORY,Keep: Has active purchase/return activity,0
10-P,ANJALI TRADERS,4520,AT/1882/25-26,INV2026000421,TRUE,1,1,0,1,1,0,0,1,1,ACTIVE_WITH_PURCHASE_HISTORY,Keep: Has active purchase/return activity,0
10-Y,ANJALI TRADERS,4521,AT/1882/25-26,,TRUE,1,1,0,0,0,0,1,1,1,ACTIVE_WITH_PURCHASE_HISTORY,Keep: Has active purchase/return activity,0
10-Jan,SARVADA JAIPUR,"00005338, 00008795","2011, SJ/26-27/188",,TRUE,2,2,1,0,0,0,1,2,2,ACTIVE_WITH_PURCHASE_HISTORY,Keep: Has active purchase/return activity,0
10/1-DFCS,OMAANA,6401,548,,TRUE,1,1,1,0,0,0,0,1,1,ACTIVE_WITH_PURCHASE_HISTORY,Keep: Has active purchase/return activity,0
10/10-J,KUTCH BANDHEJ-NX,5406,2025,,TRUE,1,1,1,0,0,0,0,1,1,ACTIVE_WITH_PURCHASE_HISTORY,Keep: Has active purchase/return activity,0
10-Feb,KUTCH BANDHEJ-NX,5993,2021,,TRUE,2,1,1,0,0,0,1,2,1,ACTIVE_WITH_PURCHASE_HISTORY,Keep: Has active purchase/return activity,0
10-Mar,M/S ADISHAKTI CREATIONS ,"00003847, 00005134, 00005135, 00005247","1941, GST-02054-25-26",INV2627000982,TRUE,6,2,0,1,1,0,5,6,4,ACTIVE_WITH_PURCHASE_HISTORY,Keep: Has active purchase/return activity,0
10-Jun,KUTCH BANDHEJ-NX,5377,2014,,TRUE,6,1,2,0,0,0,4,6,1,ACTIVE_WITH_PURCHASE_HISTORY,Keep: Has active purchase/return activity,0
100,MYST DESIGNS,"00003166, 00003167, 00003168, 00003169",,"INV2026000184, INV2026000202, INV2627000340",TRUE,0,0,0,3,3,0,1,4,4,ORPHAN_WITH_SALES,Audit: Sold but lacks purchase invoice in database,-4
100-A,MYST DESIGNS,"00008821, 00008822, 00008823, 00008824",124/MYMH/25-26,INV2627001039,TRUE,4,1,0,1,1,0,3,4,4,ACTIVE_WITH_PURCHASE_HISTORY,Keep: Has active purchase/return activity,0
10014,ISHIKA CREATION,74,GST/25-26/4089,,TRUE,1,1,0,0,0,0,1,1,1,ACTIVE_WITH_PURCHASE_HISTORY,Keep: Has active purchase/return activity,0
10030,V NARBHERAM & CO,1535,234566,,TRUE,3,1,0,0,0,0,3,3,1,ACTIVE_WITH_PURCHASE_HISTORY,Keep: Has active purchase/return activity,0
10037,V NARBHERAM & CO,1640,234563,,TRUE,3,1,0,0,0,0,3,3,1,ACTIVE_WITH_PURCHASE_HISTORY,Keep: Has active purchase/return activity,0
10040,ISHIKA CREATION,72,GST/25-26/4089,,TRUE,1,1,0,0,0,0,1,1,1,ACTIVE_WITH_PURCHASE_HISTORY,Keep: Has active purchase/return activity,0
10045,ISHIKA CREATION,77,GST/25-26/4088,,TRUE,1,1,0,0,0,0,1,1,1,ACTIVE_WITH_PURCHASE_HISTORY,Keep: Has active purchase/return activity,0
10049,ISHIKA CREATION,"00000049, 00006932","GST/25-26/4116, GST/26-27/07",,TRUE,2,2,2,0,0,0,0,2,2,ACTIVE_WITH_PURCHASE_HISTORY,Keep: Has active purchase/return activity,0
10058,ISHIKA CREATION,79,GST/25-26/4088,,TRUE,1,1,0,0,0,0,1,1,1,ACTIVE_WITH_PURCHASE_HISTORY,Keep: Has active purchase/return activity,0
10066,ISHIKA CREATION,76,GST/25-26/4088,,TRUE,1,1,0,0,0,0,1,1,1,ACTIVE_WITH_PURCHASE_HISTORY,Keep: Has active purchase/return activity,0
10067,ISHIKA CREATION,"00000048, 00006929","GST/25-26/4088, GST/25-26/4116, GST/26-27/07",,TRUE,3,3,2,0,0,0,0,2,2,ACTIVE_WITH_PURCHASE_HISTORY,Keep: Has active purchase/return activity,1
10069,ISHIKA CREATION,"00000071, 00005710","GPOSI25-26/17442, GST/25-26/4089",INV2627000293,TRUE,2,2,0,1,1,0,1,2,2,ACTIVE_WITH_PURCHASE_HISTORY,Keep: Has active purchase/return activity,0
10076,ISHIKA CREATION,91,GST/25-26/4090,,TRUE,1,1,0,0,0,0,1,1,1,ACTIVE_WITH_PURCHASE_HISTORY,Keep: Has active purchase/return activity,0
10080,ISHIKA CREATION,"00000080, 00006931","GST/25-26/4088, GST/26-27/07",,TRUE,2,2,2,0,0,0,0,2,2,ACTIVE_WITH_PURCHASE_HISTORY,Keep: Has active purchase/return activity,0
10085,V NARBHERAM & CO,1819,234568,,TRUE,2,1,0,0,0,0,2,2,1,ACTIVE_WITH_PURCHASE_HISTORY,Keep: Has active purchase/return activity,0
10087,ISHIKA CREATION,73,GST/25-26/4089,,TRUE,1,1,0,0,0,0,1,1,1,ACTIVE_WITH_PURCHASE_HISTORY,Keep: Has active purchase/return activity,0
10088,ISHIKA CREATION,84,GST/25-26/4092,INV2627000651,TRUE,1,1,0,1,1,0,0,1,1,ACTIVE_WITH_PURCHASE_HISTORY,Keep: Has active purchase/return activity,0
10093,ISHIKA CREATION,"00000070, 00006930","GST/25-26/4089, GST/26-27/07",,TRUE,2,2,2,0,0,0,0,2,2,ACTIVE_WITH_PURCHASE_HISTORY,Keep: Has active purchase/return activity,0
101,REYAANS ,"00003778, 00004801, 00009379","24/202-27, 8880, TI/25-26/00401",INV2627000005,TRUE,4,3,0,1,1,0,3,4,3,ACTIVE_WITH_PURCHASE_HISTORY,Keep: Has active purchase/return activity,0
101-B,REYAANS ,4802,TI/25-26/00401,INV2627000005,TRUE,1,1,0,1,1,0,0,1,1,ACTIVE_WITH_PURCHASE_HISTORY,Keep: Has active purchase/return activity,0
101 2D,V NARBHERAM & CO,1566,234565,"INV2026000200, INV2026000306",TRUE,2,1,0,2,2,0,0,2,1,ACTIVE_WITH_PURCHASE_HISTORY,Keep: Has active purchase/return activity,0
1010,V NARBHERAM & CO,1718,234575,INV2627000217,TRUE,2,1,0,1,1,0,1,2,1,ACTIVE_WITH_PURCHASE_HISTORY,Keep: Has active purchase/return activity,0
10108,V NARBHERAM & CO,1602,234564,,TRUE,4,1,0,0,0,0,4,4,1,ACTIVE_WITH_PURCHASE_HISTORY,Keep: Has active purchase/return activity,0
1011,V NARBHERAM & CO,1522,234566,,TRUE,1,1,0,0,0,0,1,1,1,ACTIVE_WITH_PURCHASE_HISTORY,Keep: Has active purchase/return activity,0
10115,V NARBHERAM & CO,1597,234564,INV2026000076,TRUE,4,1,0,1,1,0,3,4,1,ACTIVE_WITH_PURCHASE_HISTORY,Keep: Has active purchase/return activity,0
10118,V NARBHERAM & CO,1811,234568,,TRUE,3,1,0,0,0,0,3,3,1,ACTIVE_WITH_PURCHASE_HISTORY,Keep: Has active purchase/return activity,0
10119,V NARBHERAM & CO,1561,234565,INV2026000252,TRUE,4,1,0,1,1,0,3,4,1,ACTIVE_WITH_PURCHASE_HISTORY,Keep: Has active purchase/return activity,0
10120,V NARBHERAM & CO,1831,234568,,TRUE,4,1,0,0,0,0,4,4,1,ACTIVE_WITH_PURCHASE_HISTORY,Keep: Has active purchase/return activity,0
10121,V NARBHERAM & CO,1704,234569,,TRUE,1,1,0,0,0,0,1,1,1,ACTIVE_WITH_PURCHASE_HISTORY,Keep: Has active purchase/return activity,0
10185,BHAGWAN HANDLOOM HOUSE,"00001491, 00001492",INV/25-26/5472,,TRUE,2,1,0,0,0,0,2,2,2,ACTIVE_WITH_PURCHASE_HISTORY,Keep: Has active purchase/return activity,0
1019-A,MAHARAJA CLOTHING COMPANY,"00007057, 00007058, 00007059",10,"INV2627000340, INV2627000487, INV2627000841",TRUE,3,1,0,3,3,0,0,3,3,ACTIVE_WITH_PURCHASE_HISTORY,Keep: Has active purchase/return activity,0
1019 F,L P TRADE LINKS,"00004539, 00004540",2928,,TRUE,2,1,1,0,0,0,1,2,2,ACTIVE_WITH_PURCHASE_HISTORY,Keep: Has active purchase/return activity,0
102,MYST DESIGNS,"00003170, 00003171, 00003172, 00003173, 00003174, 00003243, 00004815","124/MYMH/25-26, TI/25-26/00382","INV2026000013, INV2026000027, INV2026000052, INV2026000055, INV2026000189",TRUE,7,2,1,5,5,0,1,7,7,ACTIVE_WITH_PURCHASE_HISTORY,Keep: Has active purchase/return activity,0
102-02,MYST DESIGNS,"00003175, 00003176, 00003177, 00003178, 00003179, 00003244",124/MYMH/25-26,"INV2026000202, INV2026000214, INV2026000346, INV2627000166, INV2627000521",TRUE,6,1,0,5,5,0,1,6,6,ACTIVE_WITH_PURCHASE_HISTORY,Keep: Has active purchase/return activity,0
102-B,REYAANS ,4816,TI/25-26/00382,,TRUE,1,1,0,0,0,0,1,1,1,ACTIVE_WITH_PURCHASE_HISTORY,Keep: Has active purchase/return activity,0
10212 PINK,ATULNIYA DESIGNS PRIVATE LIMITED,35,2025-26/13233,,TRUE,1,1,1,0,0,0,0,1,1,ACTIVE_WITH_PURCHASE_HISTORY,Keep: Has active purchase/return activity,0
1024,L P TRADE LINKS,4543,2928,,TRUE,1,1,0,0,0,0,1,1,1,ACTIVE_WITH_PURCHASE_HISTORY,Keep: Has active purchase/return activity,0
10248,RUHAANI ARTS,9229,RAD/26-27/0003881,,TRUE,1,1,0,0,0,0,1,1,1,ACTIVE_WITH_PURCHASE_HISTORY,Keep: Has active purchase/return activity,0
10249,RUHAANI ARTS,9228,RAD/26-27/0003881,INV2627000897,TRUE,1,1,0,1,1,0,0,1,1,ACTIVE_WITH_PURCHASE_HISTORY,Keep: Has active purchase/return activity,0
10250-GOLDEN,RUHAANI ARTS,9227,RAD/26-27/0003881,,TRUE,1,1,0,0,0,0,1,1,1,ACTIVE_WITH_PURCHASE_HISTORY,Keep: Has active purchase/return activity,0
10250-GREEN,RUHAANI ARTS,9226,RAD/26-27/0003881,INV2627000907,TRUE,1,1,0,1,1,0,0,1,1,ACTIVE_WITH_PURCHASE_HISTORY,Keep: Has active purchase/return activity,0
1028 L,VANNIKAA MALIK,5462,VM-3247/2025-26,,TRUE,1,1,0,0,0,0,1,1,1,ACTIVE_WITH_PURCHASE_HISTORY,Keep: Has active purchase/return activity,0
103,REYAANS ,4813,TI/25-26/00382,INV2026000345,TRUE,1,1,0,1,1,0,0,1,1,ACTIVE_WITH_PURCHASE_HISTORY,Keep: Has active purchase/return activity,0
103-B,REYAANS ,4814,TI/25-26/00382,INV2026000345,TRUE,1,1,0,1,1,0,0,1,1,ACTIVE_WITH_PURCHASE_HISTORY,Keep: Has active purchase/return activity,0
103 2D,V NARBHERAM & CO,1596,234564,INV2627000793,TRUE,2,1,0,1,1,0,1,2,1,ACTIVE_WITH_PURCHASE_HISTORY,Keep: Has active purchase/return activity,0
1033-BL-1,H&H,"00009155, 00009156, 00009157",59,,TRUE,3,1,0,0,0,0,3,3,3,ACTIVE_WITH_PURCHASE_HISTORY,Keep: Has active purchase/return activity,0
1033-CH-1,H&H,"00009159, 00009160, 00009161",59,,TRUE,3,1,0,0,0,0,3,3,3,ACTIVE_WITH_PURCHASE_HISTORY,Keep: Has active purchase/return activity,0
1033-CH-2,H&H,9162,59,,TRUE,1,1,0,0,0,0,1,1,1,ACTIVE_WITH_PURCHASE_HISTORY,Keep: Has active purchase/return activity,0
1034,VIRA ENTERPRISES,"00003725, 00003726",VE1722/25-26,,TRUE,2,1,0,0,0,0,2,2,2,ACTIVE_WITH_PURCHASE_HISTORY,Keep: Has active purchase/return activity,0
1034-B,VIRA ENTERPRISES,3727,VE1722/25-26,,TRUE,1,1,0,0,0,0,1,1,1,ACTIVE_WITH_PURCHASE_HISTORY,Keep: Has active purchase/return activity,0
10359,KANCHANA,1957,KANWS25-26-06593,,TRUE,1,1,0,0,0,0,1,1,1,ACTIVE_WITH_PURCHASE_HISTORY,Keep: Has active purchase/return activity,0
104,REYAANS ,4819,TI/25-26/00382,,TRUE,1,1,0,0,0,0,1,1,1,ACTIVE_WITH_PURCHASE_HISTORY,Keep: Has active purchase/return activity,0
104-B,REYAANS ,4820,TI/25-26/00382,,TRUE,1,1,1,0,0,0,0,1,1,ACTIVE_WITH_PURCHASE_HISTORY,Keep: Has active purchase/return activity,0
104-L,RUPDARSHI HERITAGE PVT LTD,4344,RD/009160/25-26,,TRUE,3,1,0,0,0,0,3,3,1,ACTIVE_WITH_PURCHASE_HISTORY,Keep: Has active purchase/return activity,0
1040,VIRA ENTERPRISES,"00003728, 00003729",VE1722/25-26,INV2627000888,TRUE,2,1,0,1,1,0,1,2,2,ACTIVE_WITH_PURCHASE_HISTORY,Keep: Has active purchase/return activity,0
1040-B,VIRA ENTERPRISES,"00003730, 00003731",VE1722/25-26,"INV2627000786, INV2627001046",TRUE,2,1,0,2,2,0,0,2,2,ACTIVE_WITH_PURCHASE_HISTORY,Keep: Has active purchase/return activity,0
1043 38,L P TRADE LINKS,1651,2804,,TRUE,1,1,0,0,0,0,1,1,1,ACTIVE_WITH_PURCHASE_HISTORY,Keep: Has active purchase/return activity,0
1043 40,L P TRADE LINKS,1652,2804,,TRUE,1,1,0,0,0,0,1,1,1,ACTIVE_WITH_PURCHASE_HISTORY,Keep: Has active purchase/return activity,0
104411,MASHOOQA(22-25),618,4975,INV2627000780,TRUE,1,1,0,1,1,0,0,1,1,ACTIVE_WITH_PURCHASE_HISTORY,Keep: Has active purchase/return activity,0
1047-A,MAHARAJA CLOTHING COMPANY,"00007052, 00007053, 00007054",10,"INV2627000307, INV2627000430, INV2627000771",TRUE,3,1,0,3,3,0,0,3,3,ACTIVE_WITH_PURCHASE_HISTORY,Keep: Has active purchase/return activity,0
1047-B,MAHARAJA CLOTHING COMPANY,"00007055, 00007056",10,,TRUE,2,1,0,0,0,0,2,2,2,ACTIVE_WITH_PURCHASE_HISTORY,Keep: Has active purchase/return activity,0
10485,KANCHANA,1772,KANWS25-26-06594,,TRUE,1,1,0,0,0,0,1,1,1,ACTIVE_WITH_PURCHASE_HISTORY,Keep: Has active purchase/return activity,0
10487,KANCHANA,1773,KANWS25-26-06594,,TRUE,1,1,0,0,0,0,1,1,1,ACTIVE_WITH_PURCHASE_HISTORY,Keep: Has active purchase/return activity,0
104Y,RUPDARSHI HERITAGE PVT LTD,4333,RD/009160/25-26,,TRUE,2,1,0,0,0,0,2,2,1,ACTIVE_WITH_PURCHASE_HISTORY,Keep: Has active purchase/return activity,0
105-R,PARA APPARELS,9001,454/26-27,,TRUE,1,1,0,0,0,0,1,1,1,ACTIVE_WITH_PURCHASE_HISTORY,Keep: Has active purchase/return activity,0
1054 L,VANNIKAA MALIK,5461,VM-3247/2025-26,INV2026000341,TRUE,1,1,0,1,1,0,0,1,1,ACTIVE_WITH_PURCHASE_HISTORY,Keep: Has active purchase/return activity,0
1055,H&H,"00005602, 00005603, 00005604",177,"INV2026000195, INV2627000011, INV2627000409",TRUE,3,1,0,3,3,0,0,3,3,ACTIVE_WITH_PURCHASE_HISTORY,Keep: Has active purchase/return activity,0
1055 B,H&H,"00005605, 00005609",177,INV2026000406,TRUE,2,1,0,1,1,0,1,2,2,ACTIVE_WITH_PURCHASE_HISTORY,Keep: Has active purchase/return activity,0
1055 PI,H&H,"00005606, 00005607, 00005608",177,"INV2026000139, INV2627000044",TRUE,3,1,0,2,2,0,1,3,3,ACTIVE_WITH_PURCHASE_HISTORY,Keep: Has active purchase/return activity,0
1055D-11632,BHAGWAN HANDLOOM HOUSE,"00004386, 00004387, 00004388",25-26/5473,,TRUE,3,1,0,0,0,0,3,3,3,ACTIVE_WITH_PURCHASE_HISTORY,Keep: Has active purchase/return activity,0
1055D-13389,BHAGWAN HANDLOOM HOUSE,"00004389, 00004390, 00004391",25-26/5473,,TRUE,3,1,0,0,0,0,3,3,3,ACTIVE_WITH_PURCHASE_HISTORY,Keep: Has active purchase/return activity,0
1058,MAHARAJA CLOTHING COMPANY,"00006354, 00006355, 00006356",642,INV2627000428,TRUE,3,1,0,1,1,0,2,3,3,ACTIVE_WITH_PURCHASE_HISTORY,Keep: Has active purchase/return activity,0
1058-2,MAHARAJA CLOTHING COMPANY,"00006357, 00006358",642,"INV2026000333, INV2026000363",TRUE,2,1,0,2,2,0,0,2,2,ACTIVE_WITH_PURCHASE_HISTORY,Keep: Has active purchase/return activity,0
106,MYST DESIGNS,"00003180, 00003181, 00003182, 00003183, 00003766","124/MYMH/25-26, 8880","INV2627000259, INV2627000846",TRUE,5,2,0,2,2,0,3,5,5,ACTIVE_WITH_PURCHASE_HISTORY,Keep: Has active purchase/return activity,0
106-02,MYST DESIGNS,"00003184, 00003185, 00003186, 00003187",124/MYMH/25-26,INV2627000356,TRUE,4,1,0,1,1,0,3,4,4,ACTIVE_WITH_PURCHASE_HISTORY,Keep: Has active purchase/return activity,0
1060,VIRA ENTERPRISES,3691,VE1722/25-26,,TRUE,1,1,0,0,0,0,1,1,1,ACTIVE_WITH_PURCHASE_HISTORY,Keep: Has active purchase/return activity,0
10601 BLUE,ATULNIYA DESIGNS PRIVATE LIMITED,38,2025-26/13233,,TRUE,1,1,1,0,0,0,0,1,1,ACTIVE_WITH_PURCHASE_HISTORY,Keep: Has active purchase/return activity,0
10602 PINK,ATULNIYA DESIGNS PRIVATE LIMITED,36,2025-26/13233,,TRUE,1,1,1,0,0,0,0,1,1,ACTIVE_WITH_PURCHASE_HISTORY,Keep: Has active purchase/return activity,0
10604 YE,ATULNIYA DESIGNS PRIVATE LIMITED,37,2025-26/13233,,TRUE,1,1,0,0,0,0,1,1,1,ACTIVE_WITH_PURCHASE_HISTORY,Keep: Has active purchase/return activity,0
1062,H&H,"00009250, 00009251, 00009252",70,,TRUE,3,1,0,0,0,0,3,3,3,ACTIVE_WITH_PURCHASE_HISTORY,Keep: Has active purchase/return activity,0
1062-02,H&H,9253,70,,TRUE,1,1,0,0,0,0,1,1,1,ACTIVE_WITH_PURCHASE_HISTORY,Keep: Has active purchase/return activity,0
1070-A,H&H,"00009151, 00009152, 00009153",59,,TRUE,3,1,0,0,0,0,3,3,3,ACTIVE_WITH_PURCHASE_HISTORY,Keep: Has active purchase/return activity,0
1070-B,H&H,9154,59,,TRUE,1,1,0,0,0,0,1,1,1,ACTIVE_WITH_PURCHASE_HISTORY,Keep: Has active purchase/return activity,0
1075,MAHARAJA CLOTHING COMPANY,"00006979, 00006980, 00006981, 00006982, 00006983",,,TRUE,0,0,0,0,0,0,5,5,5,ORPHAN_WITH_STOCK,Audit: Has physical stock/printed barcodes but no purchase record,-5
1075-A,MAHARAJA CLOTHING COMPANY,"00007016, 00007017, 00007018",706,"INV2627000327, INV2627000375, INV2627000441",TRUE,3,1,0,3,3,0,0,3,3,ACTIVE_WITH_PURCHASE_HISTORY,Keep: Has active purchase/return activity,0
1075-B,MAHARAJA CLOTHING COMPANY,"00007028, 00007029",706,INV2627000976,TRUE,2,1,0,1,1,0,1,2,2,ACTIVE_WITH_PURCHASE_HISTORY,Keep: Has active purchase/return activity,0
1076,NIRMAL CREATIONS,2892,NC/009561/25-26,INV2026000432,TRUE,1,1,0,1,1,0,0,1,1,ACTIVE_WITH_PURCHASE_HISTORY,Keep: Has active purchase/return activity,0
10761,ONAYA FASHION PVT LTD,4545,GPOSI25-26/16897,,TRUE,1,1,0,0,0,0,1,1,1,ACTIVE_WITH_PURCHASE_HISTORY,Keep: Has active purchase/return activity,0
1077,RUDRAKSH,6181,E-2572,INV2026000331,TRUE,2,1,0,1,1,0,0,1,1,ACTIVE_WITH_PURCHASE_HISTORY,Keep: Has active purchase/return activity,1
1077 B,RUDRAKSH,6182,E-2572,,TRUE,1,1,0,0,0,0,1,1,1,ACTIVE_WITH_PURCHASE_HISTORY,Keep: Has active purchase/return activity,0
1079D-3960,BHAGWAN HANDLOOM HOUSE,4410,25-26/5473,,TRUE,1,1,0,0,0,0,1,1,1,ACTIVE_WITH_PURCHASE_HISTORY,Keep: Has active purchase/return activity,0
1079D-9242,BHAGWAN HANDLOOM HOUSE,4409,25-26/5473,,TRUE,1,1,0,0,0,0,1,1,1,ACTIVE_WITH_PURCHASE_HISTORY,Keep: Has active purchase/return activity,0
108 4D,V NARBHERAM & CO,1567,234565,"INV2026000289, INV2627000472",TRUE,4,1,0,2,2,0,2,4,1,ACTIVE_WITH_PURCHASE_HISTORY,Keep: Has active purchase/return activity,0
10833,ONAYA FASHION PVT LTD,4546,GPOSI25-26/16897,INV2627000655,TRUE,1,1,0,1,1,0,0,1,1,ACTIVE_WITH_PURCHASE_HISTORY,Keep: Has active purchase/return activity,0
10836,BHAGWAN HANDLOOM HOUSE,"00001477, 00001478",INV/25-26/5472,,TRUE,3,1,0,0,0,0,2,2,2,ACTIVE_WITH_PURCHASE_HISTORY,Keep: Has active purchase/return activity,1
1086,STRAAVI ENSEMBLES PRIVATE LIMITED,2205,SE/005370/25-26,,TRUE,1,1,0,0,0,0,1,1,1,ACTIVE_WITH_PURCHASE_HISTORY,Keep: Has active purchase/return activity,0
1089-A,H&H,"00009412, 00009413, 00009414",74,,TRUE,3,1,0,0,0,0,3,3,3,ACTIVE_WITH_PURCHASE_HISTORY,Keep: Has active purchase/return activity,0
1089-B,H&H,9415,74,,TRUE,1,1,0,0,0,0,1,1,1,ACTIVE_WITH_PURCHASE_HISTORY,Keep: Has active purchase/return activity,0
109,MYST DESIGNS,"00003188, 00003189, 00003190, 00003191, 00003192, 00003245",124/MYMH/25-26,"INV2026000005, INV2026000019, INV2026000027, INV2026000043, INV2627000379",TRUE,6,1,0,5,5,0,1,6,6,ACTIVE_WITH_PURCHASE_HISTORY,Keep: Has active purchase/return activity,0
109-02,MYST DESIGNS,"00003193, 00003194, 00003195, 00003196, 00003197, 00003246",124/MYMH/25-26,"INV2026000015, INV2026000016, INV2026000020, INV2627000211",TRUE,1,1,0,4,4,0,2,6,6,ACTIVE_WITH_PURCHASE_HISTORY,Keep: Has active purchase/return activity,-5
109-02-A,MYST DESIGNS,"00008825, 00008826, 00008827, 00008828, 00008829",124/MYMH/25-26,,TRUE,5,1,0,0,0,0,5,5,5,ACTIVE_WITH_PURCHASE_HISTORY,Keep: Has active purchase/return activity,0
109-03,MYST DESIGNS,"00003198, 00003199, 00003200, 00003201, 00003202, 00003247",124/MYMH/25-26,"INV2026000140, INV2026000147, INV2026000376, INV2627000167, INV2627000201, INV2627000380",TRUE,6,1,0,6,6,0,0,6,6,ACTIVE_WITH_PURCHASE_HISTORY,Keep: Has active purchase/return activity,0
109-04,MYST DESIGNS,"00003203, 00003204, 00003205, 00003206, 00003207, 00003248",124/MYMH/25-26,"INV2026000222, INV2026000265, INV2026000285, INV2026000416, INV2026000425, INV2627000362",TRUE,6,1,0,6,6,0,0,6,6,ACTIVE_WITH_PURCHASE_HISTORY,Keep: Has active purchase/return activity,0
1091,KAAYA,271,726/25-26,,TRUE,1,1,0,0,0,0,1,1,1,ACTIVE_WITH_PURCHASE_HISTORY,Keep: Has active purchase/return activity,0
1091D-13088,BHAGWAN HANDLOOM HOUSE,"00004400, 00004401",25-26/5473,,TRUE,2,1,0,0,0,0,2,2,2,ACTIVE_WITH_PURCHASE_HISTORY,Keep: Has active purchase/return activity,0
1091D-14017,BHAGWAN HANDLOOM HOUSE,"00004405, 00004904",25-26/5473,,TRUE,1,1,0,0,0,0,2,2,2,ACTIVE_WITH_PURCHASE_HISTORY,Keep: Has active purchase/return activity,-1
1091D-15056,BHAGWAN HANDLOOM HOUSE,"00004402, 00004403",25-26/5473,,TRUE,2,1,0,0,0,0,2,2,2,ACTIVE_WITH_PURCHASE_HISTORY,Keep: Has active purchase/return activity,0
1091D-15817,BHAGWAN HANDLOOM HOUSE,4404,25-26/5473,,TRUE,1,1,0,0,0,0,1,1,1,ACTIVE_WITH_PURCHASE_HISTORY,Keep: Has active purchase/return activity,0
1093-A,H&H,"00009416, 00009417, 00009418",74,,TRUE,3,1,0,0,0,0,3,3,3,ACTIVE_WITH_PURCHASE_HISTORY,Keep: Has active purchase/return activity,0
1093-B,H&H,9419,74,,TRUE,1,1,0,0,0,0,1,1,1,ACTIVE_WITH_PURCHASE_HISTORY,Keep: Has active purchase/return activity,0
10976,ONAYA FASHION PVT LTD,4547,GPOSI25-26/16897,INV2627000510,TRUE,1,1,0,1,1,0,0,1,1,ACTIVE_WITH_PURCHASE_HISTORY,Keep: Has active purchase/return activity,0
11,INDDIVOGUE DIVVA LLP ,"00002161, 00002709, 00002803, 00004600, 00004755, 00009296","10, 1100, 461, 489, S786, S790","INV2026000063, INV2026000131, INV2026000420, INV2627000578",TRUE,19,6,5,4,4,0,4,6,6,ACTIVE_WITH_PURCHASE_HISTORY,Keep: Has active purchase/return activity,6
11-14938,RUHAANI ARTS,7634,RAD/26-27/000080,,TRUE,1,1,0,0,0,0,1,1,1,ACTIVE_WITH_PURCHASE_HISTORY,Keep: Has active purchase/return activity,0
Nov-87,TANEJA APPARELS P LTD,7406,268,,TRUE,1,1,0,0,0,0,1,1,1,ACTIVE_WITH_PURCHASE_HISTORY,Keep: Has active purchase/return activity,0
Nov-30,SUNEETA SAREE EMPORIUM ,5800,1060/25-26,,TRUE,1,1,1,0,0,0,0,1,1,ACTIVE_WITH_PURCHASE_HISTORY,Keep: Has active purchase/return activity,0
11-C,ANJALI TRADERS,4522,AT/1882/25-26,,TRUE,1,1,0,0,0,0,1,1,1,ACTIVE_WITH_PURCHASE_HISTORY,Keep: Has active purchase/return activity,0
11-Jan,KUTCH BANDHEJ-NX,"00005339, 00008796","2011, SJ/26-27/188",,TRUE,2,2,1,0,0,0,1,2,2,ACTIVE_WITH_PURCHASE_HISTORY,Keep: Has active purchase/return activity,0
11/1-SKMCS,OMAANA,6402,548,,TRUE,1,1,1,0,0,0,0,1,1,ACTIVE_WITH_PURCHASE_HISTORY,Keep: Has active purchase/return activity,0
11/11-K,KUTCH BANDHEJ-NX,5407,2025,,TRUE,1,1,0,0,0,0,1,1,1,ACTIVE_WITH_PURCHASE_HISTORY,Keep: Has active purchase/return activity,0
11-Feb,NEW MODERN CHIKAN,"00003848, 00005378","1941, 2014",,TRUE,4,2,2,0,0,0,2,4,2,ACTIVE_WITH_PURCHASE_HISTORY,Keep: Has active purchase/return activity,0
11-Apr,M/S ADISHAKTI CREATIONS ,"00005136, 00005137, 00005248",GST-02054-25-26,"INV2026000069, INV2627000501",TRUE,4,1,0,2,2,0,1,3,3,ACTIVE_WITH_PURCHASE_HISTORY,Keep: Has active purchase/return activity,1
110,MYST DESIGNS,"00002108, 00003208, 00003209, 00003210, 00003211, 00003249, 00007294","11941, 124/MYMH/25-26, KC/INV/584/25-26","INV2026000142, INV2627000994",TRUE,7,3,0,2,2,0,5,7,7,ACTIVE_WITH_PURCHASE_HISTORY,Keep: Has active purchase/return activity,0
110-02,MYST DESIGNS,"00003212, 00003213, 00003214, 00003215",124/MYMH/25-26,"INV2026000228, INV2627000211",TRUE,4,1,0,2,2,0,2,4,4,ACTIVE_WITH_PURCHASE_HISTORY,Keep: Has active purchase/return activity,0
110-03,MYST DESIGNS,"00003216, 00003217, 00003218, 00003219, 00003220",,"INV2026000370, INV2627000365",TRUE,0,0,0,2,2,0,3,5,5,ORPHAN_WITH_SALES,Audit: Sold but lacks purchase invoice in database,-5
110-03-A,MYST DESIGNS,"00008810, 00008811, 00008812, 00008813, 00008814",124/MYMH/25-26,,TRUE,5,1,0,0,0,0,5,5,5,ACTIVE_WITH_PURCHASE_HISTORY,Keep: Has active purchase/return activity,0
11001,ISHIKA CREATION,90,GST/25-26/4090,INV2627000840,TRUE,1,1,0,1,1,0,0,1,1,ACTIVE_WITH_PURCHASE_HISTORY,Keep: Has active purchase/return activity,0
11004,ISHIKA CREATION,"00000046, 00006957","GST/25-26/08, GST/25-26/4118",INV2627000703,TRUE,2,2,1,1,1,0,0,2,2,ACTIVE_WITH_PURCHASE_HISTORY,Keep: Has active purchase/return activity,0
11006,ONAYA FASHION PVT LTD,5711,GPOSI25-26/17442,,TRUE,1,1,0,0,0,0,1,1,1,ACTIVE_WITH_PURCHASE_HISTORY,Keep: Has active purchase/return activity,0
1101-NATURAL -2,H&H,6545,197,,TRUE,1,1,0,0,0,0,1,1,1,ACTIVE_WITH_PURCHASE_HISTORY,Keep: Has active purchase/return activity,0
1101-NAVY,H&H,"00006546, 00006547, 00006548",197,,TRUE,3,1,0,0,0,0,3,3,3,ACTIVE_WITH_PURCHASE_HISTORY,Keep: Has active purchase/return activity,0
1101 NATURAL,H&H,"00006542, 00006543, 00006544",197,,TRUE,3,1,0,0,0,0,3,3,3,ACTIVE_WITH_PURCHASE_HISTORY,Keep: Has active purchase/return activity,0
1101 NAVY-B,H&H,6549,197,,TRUE,1,1,0,0,0,0,1,1,1,ACTIVE_WITH_PURCHASE_HISTORY,Keep: Has active purchase/return activity,0
11014,ONAYA FASHION PVT LTD,"00004548, 00004549",GPOSI25-26/16897,INV2627000148,TRUE,2,1,0,1,1,0,1,2,2,ACTIVE_WITH_PURCHASE_HISTORY,Keep: Has active purchase/return activity,0
11016,ISHIKA CREATION,47,GST/25-26/4095,,TRUE,1,1,0,0,0,0,1,1,1,ACTIVE_WITH_PURCHASE_HISTORY,Keep: Has active purchase/return activity,0
1101D-11488,BHAGWAN HANDLOOM HOUSE,"00004397, 00004398",25-26/5473,,TRUE,2,1,0,0,0,0,2,2,2,ACTIVE_WITH_PURCHASE_HISTORY,Keep: Has active purchase/return activity,0
1101D-9666,BHAGWAN HANDLOOM HOUSE,4399,25-26/5473,,TRUE,1,1,0,0,0,0,1,1,1,ACTIVE_WITH_PURCHASE_HISTORY,Keep: Has active purchase/return activity,0
1102-CREAM,H&H,"00009173, 00009174",67,,TRUE,2,1,0,0,0,0,2,2,2,ACTIVE_WITH_PURCHASE_HISTORY,Keep: Has active purchase/return activity,0
1102-CREAM-02,H&H,9175,67,,TRUE,1,1,0,0,0,0,1,1,1,ACTIVE_WITH_PURCHASE_HISTORY,Keep: Has active purchase/return activity,0
1103-A,H&H,"00009547, 00009548, 00009549",77,,TRUE,3,1,0,0,0,0,3,3,3,ACTIVE_WITH_PURCHASE_HISTORY,Keep: Has active purchase/return activity,0
1103-B,H&H,9550,77,,TRUE,1,1,0,0,0,0,1,1,1,ACTIVE_WITH_PURCHASE_HISTORY,Keep: Has active purchase/return activity,0
11033,ISHIKA CREATION,"00000093, 00006933","GST/25-26/4090, GST/26-27/07",,TRUE,2,2,2,0,0,0,0,2,2,ACTIVE_WITH_PURCHASE_HISTORY,Keep: Has active purchase/return activity,0
11041,ISHIKA CREATION,"00000944, 00006934","GST/25-26/4156, GST/26-27/07",,TRUE,2,2,2,0,0,0,0,2,2,ACTIVE_WITH_PURCHASE_HISTORY,Keep: Has active purchase/return activity,0
1105D-11248,BHAGWAN HANDLOOM HOUSE,"00004392, 00004393",25-26/5473,,TRUE,2,1,0,0,0,0,2,2,2,ACTIVE_WITH_PURCHASE_HISTORY,Keep: Has active purchase/return activity,0
1105D-11504,BHAGWAN HANDLOOM HOUSE,"00004394, 00004395",25-26/5473,INV2026000258,TRUE,2,1,0,1,1,0,1,2,2,ACTIVE_WITH_PURCHASE_HISTORY,Keep: Has active purchase/return activity,0
1105D-13965,BHAGWAN HANDLOOM HOUSE,4396,25-26/5473,,TRUE,1,1,0,0,0,0,1,1,1,ACTIVE_WITH_PURCHASE_HISTORY,Keep: Has active purchase/return activity,0
111,MYST DESIGNS,"00003221, 00003222, 00003223, 00003224, 00003225, 00003250",124/MYMH/25-26,INV2026000194,TRUE,1,1,0,1,1,1,5,6,6,ACTIVE_WITH_PURCHASE_HISTORY,Keep: Has active purchase/return activity,-4
111-02,MYST DESIGNS,"00003226, 00003227, 00003228, 00003229, 00003230",124/MYMH/25-26,INV2627000378,TRUE,5,1,0,1,1,0,4,5,5,ACTIVE_WITH_PURCHASE_HISTORY,Keep: Has active purchase/return activity,0
111-A,MYST DESIGNS,"00008830, 00008831, 00008832, 00008833, 00008834",124/MYMH/25-26,INV2627000849,TRUE,5,1,0,1,1,0,17,18,5,ACTIVE_WITH_PURCHASE_HISTORY,Keep: Has active purchase/return activity,-13
11101,ONAYA FASHION PVT LTD,4550,GPOSI25-26/16897,,TRUE,1,1,0,0,0,0,1,1,1,ACTIVE_WITH_PURCHASE_HISTORY,Keep: Has active purchase/return activity,0
11110,V NARBHERAM & CO,1676,234571,,TRUE,3,1,0,0,0,0,3,3,1,ACTIVE_WITH_PURCHASE_HISTORY,Keep: Has active purchase/return activity,0
1112-,H&H,"00009551, 00009552",77,,TRUE,2,1,0,0,0,0,2,2,2,ACTIVE_WITH_PURCHASE_HISTORY,Keep: Has active purchase/return activity,0
1112-B,H&H,9553,77,,TRUE,1,1,0,0,0,0,1,1,1,ACTIVE_WITH_PURCHASE_HISTORY,Keep: Has active purchase/return activity,0
1113,KAAYA,274,726/25-26,,TRUE,1,1,0,0,0,0,1,1,1,ACTIVE_WITH_PURCHASE_HISTORY,Keep: Has active purchase/return activity,0
1115,KAAYA,270,726/25-26,INV2627000722,TRUE,1,1,0,1,1,0,0,1,1,ACTIVE_WITH_PURCHASE_HISTORY,Keep: Has active purchase/return activity,0
112 4D,V NARBHERAM & CO,1639,234563,,TRUE,4,1,0,0,0,0,4,4,1,ACTIVE_WITH_PURCHASE_HISTORY,Keep: Has active purchase/return activity,0
1121,KAIRA COUTURE,832,GST/2025-26/974,,TRUE,1,1,0,0,0,0,1,1,1,ACTIVE_WITH_PURCHASE_HISTORY,Keep: Has active purchase/return activity,0
1121-BLUE,H&H,"00007240, 00007241, 00007242",218,"INV2627000343, INV2627000460, INV2627000500",TRUE,3,1,0,3,3,1,0,3,3,ACTIVE_WITH_PURCHASE_HISTORY,Keep: Has active purchase/return activity,1
1121-BLUE-02,H&H,7243,218,INV2627000846,TRUE,1,1,0,1,1,0,0,1,1,ACTIVE_WITH_PURCHASE_HISTORY,Keep: Has active purchase/return activity,0
1121-GREY,H&H,"00007244, 00007245, 00007246",218,,TRUE,3,1,0,0,0,0,3,3,3,ACTIVE_WITH_PURCHASE_HISTORY,Keep: Has active purchase/return activity,0
1121-GREY-02,H&H,7247,218,,TRUE,1,1,0,0,0,0,1,1,1,ACTIVE_WITH_PURCHASE_HISTORY,Keep: Has active purchase/return activity,0
1127 CHERRYRED,H&H,"00006550, 00006551, 00006552",197,INV2627000343,TRUE,3,1,0,1,1,0,2,3,3,ACTIVE_WITH_PURCHASE_HISTORY,Keep: Has active purchase/return activity,0
1127 CHERRYRED-B,H&H,6553,197,,TRUE,1,1,0,0,0,0,1,1,1,ACTIVE_WITH_PURCHASE_HISTORY,Keep: Has active purchase/return activity,0
1128,V NARBHERAM & CO,"00001681, 00008440","234571, 57",INV2627000624,TRUE,3,2,0,1,1,0,2,3,2,ACTIVE_WITH_PURCHASE_HISTORY,Keep: Has active purchase/return activity,0
1128-B,H&H,"00006959, 00006960, 00006961, 00006962",206,"INV2627000351, INV2627000917",TRUE,4,1,0,2,2,0,2,4,4,ACTIVE_WITH_PURCHASE_HISTORY,Keep: Has active purchase/return activity,0
1128-G,H&H,"00006963, 00006964, 00006965",206,INV2627000287,TRUE,3,1,0,1,1,0,2,3,3,ACTIVE_WITH_PURCHASE_HISTORY,Keep: Has active purchase/return activity,0
1128-P,H&H,"00006966, 00006967, 00006968, 00006969",206,"INV2627000425, INV2627000966",TRUE,4,1,0,2,2,0,2,4,4,ACTIVE_WITH_PURCHASE_HISTORY,Keep: Has active purchase/return activity,0
1129-BLACK,H&H,"00008576, 00008577, 00008578, 00008579",30,,TRUE,4,1,0,0,0,0,4,4,4,ACTIVE_WITH_PURCHASE_HISTORY,Keep: Has active purchase/return activity,0
1129-BLUE,H&H,"00008580, 00008581, 00008582, 00008583",30,,TRUE,4,1,0,0,0,0,4,4,4,ACTIVE_WITH_PURCHASE_HISTORY,Keep: Has active purchase/return activity,0
1129-RED,H&H,"00008584, 00008585, 00008586, 00008587",30,,TRUE,4,1,0,0,0,0,4,4,4,ACTIVE_WITH_PURCHASE_HISTORY,Keep: Has active purchase/return activity,0
112D-45,AASHIRVAD HERITAGE PVT LTD,"00001064, 00001065, 00001066, 00001067",AH/008527/25-26,,TRUE,6,1,0,0,0,0,5,5,4,ACTIVE_WITH_PURCHASE_HISTORY,Keep: Has active purchase/return activity,1
112D-45 ,AASHIRVAD HERITAGE PVT LTD,1068,,,TRUE,0,0,0,0,0,0,3,3,1,ORPHAN_WITH_STOCK,Audit: Has physical stock/printed barcodes but no purchase record,-3
112L-0027,AASHIRVAD HERITAGE PVT LTD,"00001030, 00001031",AH/008530/25-26`,INV2627000705,TRUE,3,1,0,1,1,0,2,3,2,ACTIVE_WITH_PURCHASE_HISTORY,Keep: Has active purchase/return activity,0
112L-06C,AASHIRVAD HERITAGE PVT LTD,"00001028, 00001029",AH/008530/25-26`,INV2026000230,TRUE,2,1,0,1,1,0,1,2,2,ACTIVE_WITH_PURCHASE_HISTORY,Keep: Has active purchase/return activity,0
1130-BLUE,H&H,"00007252, 00007253, 00007254",218,,TRUE,3,1,0,0,0,0,3,3,3,ACTIVE_WITH_PURCHASE_HISTORY,Keep: Has active purchase/return activity,0
1130-BLUE-02,H&H,7255,218,,TRUE,1,1,0,0,0,0,1,1,1,ACTIVE_WITH_PURCHASE_HISTORY,Keep: Has active purchase/return activity,0
1130-GOLD,H&H,"00007248, 00007249, 00007250",218,INV2627000343,TRUE,3,1,0,1,1,0,2,3,3,ACTIVE_WITH_PURCHASE_HISTORY,Keep: Has active purchase/return activity,0
1130-GOLD-02,H&H,7251,218,,TRUE,1,1,0,0,0,0,1,1,1,ACTIVE_WITH_PURCHASE_HISTORY,Keep: Has active purchase/return activity,0
1130 DNAT,H&H,"00006554, 00006555, 00006556",197,,TRUE,3,1,0,0,0,0,3,3,3,ACTIVE_WITH_PURCHASE_HISTORY,Keep: Has active purchase/return activity,0
1130 DNAT-B,H&H,6557,197,,TRUE,1,1,0,0,0,0,1,1,1,ACTIVE_WITH_PURCHASE_HISTORY,Keep: Has active purchase/return activity,0
1131,H&H,"00005610, 00005611, 00005612",177,"INV2026000266, INV2627000343",TRUE,3,1,0,2,2,0,1,3,3,ACTIVE_WITH_PURCHASE_HISTORY,Keep: Has active purchase/return activity,0
1131 B,H&H,5613,177,INV2627000706,TRUE,1,1,0,1,1,0,0,1,1,ACTIVE_WITH_PURCHASE_HISTORY,Keep: Has active purchase/return activity,0
1131 L,H&H,"00005614, 00005615, 00005616",177,"INV2026000139, INV2627000743",TRUE,3,1,0,2,2,0,1,3,3,ACTIVE_WITH_PURCHASE_HISTORY,Keep: Has active purchase/return activity,0
1131 L2,H&H,5617,177,INV2026000057,TRUE,1,1,0,1,1,0,0,1,1,ACTIVE_WITH_PURCHASE_HISTORY,Keep: Has active purchase/return activity,0
11318,V NARBHERAM & CO,1666,234571,"INV2627000042, INV2627000323, INV2627000932, INV2627000933",TRUE,4,1,0,4,4,0,0,4,1,ACTIVE_WITH_PURCHASE_HISTORY,Keep: Has active purchase/return activity,0
1133-A,H&H,"00009163, 00009164, 00009165",59,,TRUE,3,1,0,0,0,0,3,3,3,ACTIVE_WITH_PURCHASE_HISTORY,Keep: Has active purchase/return activity,0
1133-B,H&H,9166,59,,TRUE,1,1,0,0,0,0,1,1,1,ACTIVE_WITH_PURCHASE_HISTORY,Keep: Has active purchase/return activity,0
1133-BL-2,H&H,9158,59,,TRUE,1,1,0,0,0,0,1,1,1,ACTIVE_WITH_PURCHASE_HISTORY,Keep: Has active purchase/return activity,0
1135-BLUE,H&H,"00008098, 00008099, 00008100, 00008101",38,,TRUE,4,1,0,0,0,0,4,4,4,ACTIVE_WITH_PURCHASE_HISTORY,Keep: Has active purchase/return activity,0
1135-CREAM,H&H,"00008102, 00008103, 00008104, 00008105",38,,TRUE,4,1,0,0,0,0,4,4,4,ACTIVE_WITH_PURCHASE_HISTORY,Keep: Has active purchase/return activity,0
1135-WINE,H&H,"00008106, 00008107, 00008108, 00008109",38,,TRUE,4,1,0,0,0,0,4,4,4,ACTIVE_WITH_PURCHASE_HISTORY,Keep: Has active purchase/return activity,0
1136-BEIGE,H&H,"00008596, 00008597, 00008598, 00008599",21,,TRUE,4,1,0,0,0,0,4,4,4,ACTIVE_WITH_PURCHASE_HISTORY,Keep: Has active purchase/return activity,0
1136-BLUE,H&H,"00008588, 00008589, 00008590, 00008591",21,,TRUE,4,1,0,0,0,0,4,4,4,ACTIVE_WITH_PURCHASE_HISTORY,Keep: Has active purchase/return activity,0
1136-RED,H&H,"00008592, 00008593, 00008594, 00008595",21,,TRUE,4,1,0,0,0,0,4,4,4,ACTIVE_WITH_PURCHASE_HISTORY,Keep: Has active purchase/return activity,0
1138-BLUE,H&H,"00008418, 00008419, 00008420",44,,TRUE,3,1,0,0,0,0,3,3,3,ACTIVE_WITH_PURCHASE_HISTORY,Keep: Has active purchase/return activity,0
1138-BLUE-02,H&H,8421,44,,TRUE,1,1,0,0,0,0,1,1,1,ACTIVE_WITH_PURCHASE_HISTORY,Keep: Has active purchase/return activity,0
1138-BROWN,H&H,"00008422, 00008423, 00008424",44,,TRUE,3,1,0,0,0,0,3,3,3,ACTIVE_WITH_PURCHASE_HISTORY,Keep: Has active purchase/return activity,0
1138-BROWN-02,H&H,8425,44,,TRUE,1,1,0,0,0,0,1,1,1,ACTIVE_WITH_PURCHASE_HISTORY,Keep: Has active purchase/return activity,0
1138-CREAM,H&H,"00008426, 00008427, 00008428",44,,TRUE,3,1,0,0,0,0,3,3,3,ACTIVE_WITH_PURCHASE_HISTORY,Keep: Has active purchase/return activity,0
1138-CREAM-02,H&H,8429,44,,TRUE,1,1,0,0,0,0,1,1,1,ACTIVE_WITH_PURCHASE_HISTORY,Keep: Has active purchase/return activity,0
114,MYST DESIGNS,"00003231, 00003232, 00003233, 00003234, 00003235, 00003251",124/MYMH/25-26,"INV2026000196, INV2026000207, INV2026000222",TRUE,1,1,0,3,3,0,3,6,6,ACTIVE_WITH_PURCHASE_HISTORY,Keep: Has active purchase/return activity,-5
114-02,MYST DESIGNS,"00003236, 00003237, 00003238, 00003239, 00003240, 00003252",124/MYMH/25-26,"INV2026000232, INV2026000259, INV2026000424, INV2627000051, INV2627000564",TRUE,6,1,0,5,5,0,1,6,6,ACTIVE_WITH_PURCHASE_HISTORY,Keep: Has active purchase/return activity,0
114-A,MYST DESIGNS,"00008816, 00008817, 00008818, 00008819, 00008820",124/MYMH/25-26,,TRUE,5,1,0,0,0,0,5,5,5,ACTIVE_WITH_PURCHASE_HISTORY,Keep: Has active purchase/return activity,0
1140-BL-A,H&H,"00007360, 00007361, 00007362",1,INV2627000846,TRUE,3,1,0,1,1,0,2,3,3,ACTIVE_WITH_PURCHASE_HISTORY,Keep: Has active purchase/return activity,0
1140-BL-B,H&H,7363,1,INV2627000846,TRUE,1,1,0,1,1,0,0,1,1,ACTIVE_WITH_PURCHASE_HISTORY,Keep: Has active purchase/return activity,0
1140-BR-A,H&H,"00007352, 00007353, 00007354",1,,TRUE,3,1,0,0,0,0,3,3,3,ACTIVE_WITH_PURCHASE_HISTORY,Keep: Has active purchase/return activity,0
1140-BR-B,H&H,7355,1,,TRUE,1,1,0,0,0,0,1,1,1,ACTIVE_WITH_PURCHASE_HISTORY,Keep: Has active purchase/return activity,0
1140-GD-A,H&H,"00007356, 00007357, 00007358",1,,TRUE,3,1,0,0,0,0,3,3,3,ACTIVE_WITH_PURCHASE_HISTORY,Keep: Has active purchase/return activity,0
1140-GD-B,H&H,7359,1,,TRUE,1,1,0,0,0,0,1,1,1,ACTIVE_WITH_PURCHASE_HISTORY,Keep: Has active purchase/return activity,0
1141,H&H,"00005618, 00005619, 00005620",177,INV2627000154,TRUE,3,1,0,1,1,0,2,3,3,ACTIVE_WITH_PURCHASE_HISTORY,Keep: Has active purchase/return activity,0
1141 B,H&H,5621,177,,TRUE,1,1,0,0,0,0,1,1,1,ACTIVE_WITH_PURCHASE_HISTORY,Keep: Has active purchase/return activity,0
1141 W,H&H,"00005622, 00005623, 00005624",177,INV2026000291,TRUE,3,1,0,1,1,0,2,3,3,ACTIVE_WITH_PURCHASE_HISTORY,Keep: Has active purchase/return activity,0
1141 W2,H&H,5625,177,,TRUE,1,1,0,0,0,0,1,1,1,ACTIVE_WITH_PURCHASE_HISTORY,Keep: Has active purchase/return activity,0
1144-BLUE,H&H,"00007604, 00007605, 00007606, 00007607",,,TRUE,0,0,0,0,0,0,4,4,4,ORPHAN_WITH_STOCK,Audit: Has physical stock/printed barcodes but no purchase record,-4
1144-BROWN,H&H,"00007596, 00007597, 00007598, 00007599",12,,TRUE,4,1,0,0,0,0,4,4,4,ACTIVE_WITH_PURCHASE_HISTORY,Keep: Has active purchase/return activity,0
1144-GREEN,H&H,"00007592, 00007593, 00007594, 00007595",12,INV2627000441,TRUE,4,1,0,1,1,0,3,4,4,ACTIVE_WITH_PURCHASE_HISTORY,Keep: Has active purchase/return activity,0
1144-GREY,H&H,"00007600, 00007601, 00007602, 00007603",12,"INV2627000507, INV2627000545, INV2627000770, INV2627000916",TRUE,4,1,0,4,4,0,0,4,4,ACTIVE_WITH_PURCHASE_HISTORY,Keep: Has active purchase/return activity,0
1144-WINE,H&H,"00007608, 00007609, 00007610, 00007611",,,TRUE,0,0,0,0,0,0,4,4,4,ORPHAN_WITH_STOCK,Audit: Has physical stock/printed barcodes but no purchase record,-4
1145-BLUE,H&H,"00007612, 00007613, 00007614, 00007615",12,"INV2627000646, INV2627000846, INV2627000900",TRUE,4,1,0,3,3,0,1,4,4,ACTIVE_WITH_PURCHASE_HISTORY,Keep: Has active purchase/return activity,0
1145-WINE,H&H,"00007616, 00007617, 00007618, 00007619",12,,TRUE,4,1,0,0,0,0,4,4,4,ACTIVE_WITH_PURCHASE_HISTORY,Keep: Has active purchase/return activity,0
1148,V NARBHERAM & CO,1682,234571,INV2627000624,TRUE,2,1,0,1,1,0,1,2,1,ACTIVE_WITH_PURCHASE_HISTORY,Keep: Has active purchase/return activity,0
1150F,L P TRADE LINKS,"00001642, 00001643",2804,INV2627000936,TRUE,2,1,1,1,1,0,0,2,2,ACTIVE_WITH_PURCHASE_HISTORY,Keep: Has active purchase/return activity,0
1150SU,JDS DESIGN STUDIO PRIVATE LIMITED,4421,JS26-006339,,TRUE,2,1,0,0,0,0,2,2,1,ACTIVE_WITH_PURCHASE_HISTORY,Keep: Has active purchase/return activity,0
1152 DARK NAT -B,H&H,6566,197,,TRUE,1,1,0,0,0,0,1,1,1,ACTIVE_WITH_PURCHASE_HISTORY,Keep: Has active purchase/return activity,0
1152 DARKNAT,H&H,"00006558, 00006559, 00006560",197,,TRUE,3,1,0,0,0,0,3,3,3,ACTIVE_WITH_PURCHASE_HISTORY,Keep: Has active purchase/return activity,0
1152 DARKNAT-B,H&H,6561,,,TRUE,0,0,0,0,0,0,1,1,1,ORPHAN_WITH_STOCK,Audit: Has physical stock/printed barcodes but no purchase record,-1
1152 MAUVE,H&H,"00006562, 00006563, 00006564",197,,TRUE,3,1,0,0,0,0,3,3,3,ACTIVE_WITH_PURCHASE_HISTORY,Keep: Has active purchase/return activity,0
1152 MAUVE-B,H&H,6565,197,,TRUE,1,1,0,0,0,0,1,1,1,ACTIVE_WITH_PURCHASE_HISTORY,Keep: Has active purchase/return activity,0
1153,H&H,"00009254, 00009255, 00009256, 00009257",70,,TRUE,4,1,0,0,0,0,4,4,4,ACTIVE_WITH_PURCHASE_HISTORY,Keep: Has active purchase/return activity,0
1153-BLUE,H&H,"00009262, 00009263, 00009264, 00009265",70,,TRUE,4,1,0,0,0,0,4,4,4,ACTIVE_WITH_PURCHASE_HISTORY,Keep: Has active purchase/return activity,0
1153-WINE,H&H,"00009258, 00009259, 00009260, 00009261",70,,TRUE,4,1,0,0,0,0,4,4,4,ACTIVE_WITH_PURCHASE_HISTORY,Keep: Has active purchase/return activity,0
1154-A,H&H,"00008550, 00008551, 00008552",54,,TRUE,3,1,0,0,0,0,3,3,3,ACTIVE_WITH_PURCHASE_HISTORY,Keep: Has active purchase/return activity,0
1154-B,H&H,"00008553, 00008554",54,,TRUE,2,1,0,0,0,0,2,2,2,ACTIVE_WITH_PURCHASE_HISTORY,Keep: Has active purchase/return activity,0
1154-NB-A,H&H,"00008555, 00008556, 00008557",54,,TRUE,3,1,0,0,0,0,3,3,3,ACTIVE_WITH_PURCHASE_HISTORY,Keep: Has active purchase/return activity,0
1154-NB-B,H&H,"00008558, 00008559",54,,TRUE,2,1,0,0,0,0,2,2,2,ACTIVE_WITH_PURCHASE_HISTORY,Keep: Has active purchase/return activity,0
11546-G,R.F. DESIGNERS,6623,2627,INV2627000588,TRUE,1,1,0,1,1,0,0,1,1,ACTIVE_WITH_PURCHASE_HISTORY,Keep: Has active purchase/return activity,0
11546-P,R.F. DESIGNERS,6624,2627,,TRUE,1,1,0,0,0,0,1,1,1,ACTIVE_WITH_PURCHASE_HISTORY,Keep: Has active purchase/return activity,0
1155-BEIGE,H&H,"00009167, 00009168",67,,TRUE,2,1,0,0,0,0,2,2,2,ACTIVE_WITH_PURCHASE_HISTORY,Keep: Has active purchase/return activity,0
1155-BEIGE-02,H&H,9169,67,,TRUE,1,1,0,0,0,0,1,1,1,ACTIVE_WITH_PURCHASE_HISTORY,Keep: Has active purchase/return activity,0
1155-BLUE,H&H,"00009170, 00009171",67,,TRUE,2,1,0,0,0,0,2,2,2,ACTIVE_WITH_PURCHASE_HISTORY,Keep: Has active purchase/return activity,0
1155-BLUE-02,H&H,9172,67,,TRUE,1,1,0,0,0,0,1,1,1,ACTIVE_WITH_PURCHASE_HISTORY,Keep: Has active purchase/return activity,0
116,MYST DESIGNS,"00003241, 00003242, 00004338, 00007660, 00007661, 00009382","124/MYMH/25-26, 24/202-27, RD/009160/25-26, VE0035/26-27","INV2627000374, INV2627000680, INV2627000940",TRUE,8,4,0,3,3,0,5,8,6,ACTIVE_WITH_PURCHASE_HISTORY,Keep: Has active purchase/return activity,0
117,RUPDARSHI HERITAGE PVT LTD,4341,RD/009160/25-26,,TRUE,2,1,0,0,0,0,2,2,1,ACTIVE_WITH_PURCHASE_HISTORY,Keep: Has active purchase/return activity,0
1171 MUL,MEHRA SAREE KENDRA ,"00004912, 00004913",MSK/2208/2025-26,,TRUE,3,1,0,0,0,0,2,2,2,ACTIVE_WITH_PURCHASE_HISTORY,Keep: Has active purchase/return activity,1
11727,BHAGWAN HANDLOOM HOUSE,1495,INV/25-26/5472,,TRUE,2,1,0,0,0,0,2,2,1,ACTIVE_WITH_PURCHASE_HISTORY,Keep: Has active purchase/return activity,0
1175-786,KAAYA,1241,799/25-26,,TRUE,1,1,0,0,0,0,1,1,1,ACTIVE_WITH_PURCHASE_HISTORY,Keep: Has active purchase/return activity,0
11778,KANCHANA,"00001774, 00001775",KANWS25-26-06594,,TRUE,2,1,0,0,0,0,2,2,2,ACTIVE_WITH_PURCHASE_HISTORY,Keep: Has active purchase/return activity,0
11786,KANCHANA,1776,KANWS25-26-06594,,TRUE,1,1,0,0,0,0,1,1,1,ACTIVE_WITH_PURCHASE_HISTORY,Keep: Has active purchase/return activity,0
118-L,NIRMAL CREATIONS,2894,NC/009561/25-26,INV2627000392,TRUE,1,1,0,1,1,0,0,1,1,ACTIVE_WITH_PURCHASE_HISTORY,Keep: Has active purchase/return activity,0
1185,KAIRA COUTURE,831,GST/2025-26/974,,TRUE,1,1,0,0,0,0,1,1,1,ACTIVE_WITH_PURCHASE_HISTORY,Keep: Has active purchase/return activity,0
1187-786,KAAYA,1242,799/25-26,,TRUE,1,1,0,0,0,0,1,1,1,ACTIVE_WITH_PURCHASE_HISTORY,Keep: Has active purchase/return activity,0
1187 A,STRAAVI ENSEMBLES PRIVATE LIMITED,1432,SE/005381/25-26,INV2627000238,TRUE,1,1,0,1,1,0,0,1,1,ACTIVE_WITH_PURCHASE_HISTORY,Keep: Has active purchase/return activity,0
1188,STRAAVI ENSEMBLES PRIVATE LIMITED,"00001463, 00001464",SE/005373/25-26,,TRUE,2,1,0,0,0,0,2,2,2,ACTIVE_WITH_PURCHASE_HISTORY,Keep: Has active purchase/return activity,0
1188A,DIWANS FASHIONSCAPE,1621,DF/005305/25-26,INV2627000076,TRUE,1,1,0,1,1,0,0,1,1,ACTIVE_WITH_PURCHASE_HISTORY,Keep: Has active purchase/return activity,0
1188B,DIWANS FASHIONSCAPE,1613,DF/005305/25-26,INV2627000488,TRUE,3,1,0,1,1,0,2,3,1,ACTIVE_WITH_PURCHASE_HISTORY,Keep: Has active purchase/return activity,0
1188C,DIWANS FASHIONSCAPE,1614,DF/005305/25-26,INV2627000302,TRUE,2,1,0,1,1,0,1,2,1,ACTIVE_WITH_PURCHASE_HISTORY,Keep: Has active purchase/return activity,0
11928,BHAGWAN HANDLOOM HOUSE,"00001496, 00001497, 00001502",INV/25-26/5472,INV2026000041,TRUE,4,1,0,1,1,0,2,3,3,ACTIVE_WITH_PURCHASE_HISTORY,Keep: Has active purchase/return activity,1
1195,KAAYA,272,726/25-26,,TRUE,1,1,0,0,0,0,1,1,1,ACTIVE_WITH_PURCHASE_HISTORY,Keep: Has active purchase/return activity,0
1196,KAAYA,273,726/25-26,,TRUE,1,1,0,0,0,0,1,1,1,ACTIVE_WITH_PURCHASE_HISTORY,Keep: Has active purchase/return activity,0
11998,KANCHANA,1505,KANWS25-26/06597,INV2627000886,TRUE,1,1,0,1,1,0,0,1,1,ACTIVE_WITH_PURCHASE_HISTORY,Keep: Has active purchase/return activity,0
11D,RT VILLA PRIVATE LIMITED,4217,GST/25/09200,,TRUE,1,1,0,0,0,0,1,1,1,ACTIVE_WITH_PURCHASE_HISTORY,Keep: Has active purchase/return activity,0
12,REYAANS ,"00002162, 00002710, 00002804, 00004601, 00004756, 00004803, 00008021, 00008082, 00009297, 00009583","10, 1100, 17, 45, 461, 489, S786, S790, TI/25-26/00401, TI/26-27/0074","INV2627000114, INV2627000526",TRUE,16,10,1,2,2,0,8,10,10,ACTIVE_WITH_PURCHASE_HISTORY,Keep: Has active purchase/return activity,5
12-14751,RUHAANI ARTS,7635,RAD/26-27/000080,INV2627000920,TRUE,2,1,0,1,1,0,1,2,1,ACTIVE_WITH_PURCHASE_HISTORY,Keep: Has active purchase/return activity,0
Dec-51,TANEJA APPARELS P LTD,7407,268,INV2627000758,TRUE,1,1,0,1,1,0,0,1,1,ACTIVE_WITH_PURCHASE_HISTORY,Keep: Has active purchase/return activity,0
12-AZ-38,SUNEETA SAREE EMPORIUM ,5801,1060/25-26,,TRUE,1,1,1,0,0,0,0,1,1,ACTIVE_WITH_PURCHASE_HISTORY,Keep: Has active purchase/return activity,0
12-B,REYAANS ,"00004804, 00008083","TI/25-26/00401, TI/26-27/0074",,TRUE,2,2,1,0,0,0,1,2,2,ACTIVE_WITH_PURCHASE_HISTORY,Keep: Has active purchase/return activity,0
12-L,ANJALI TRADERS,4523,AT/1882/25-26,,TRUE,1,1,0,0,0,0,1,1,1,ACTIVE_WITH_PURCHASE_HISTORY,Keep: Has active purchase/return activity,0
12-Jan,KUTCH BANDHEJ-NX,"00003849, 00005340","1941, 2011",INV2627000475,TRUE,2,2,0,1,1,1,1,2,2,ACTIVE_WITH_PURCHASE_HISTORY,Keep: Has active purchase/return activity,1
12/1-NBKMCS,OMAANA,6403,548,,TRUE,1,1,1,0,0,0,0,1,1,ACTIVE_WITH_PURCHASE_HISTORY,Keep: Has active purchase/return activity,0
12/12-L,KUTCH BANDHEJ-NX,5408,2025,,TRUE,1,1,1,0,0,0,0,1,1,ACTIVE_WITH_PURCHASE_HISTORY,Keep: Has active purchase/return activity,0
12-Feb,KUTCH BANDHEJ-NX,5379,2014,INV2627000767,TRUE,2,1,1,1,1,0,0,2,1,ACTIVE_WITH_PURCHASE_HISTORY,Keep: Has active purchase/return activity,0
12-Jun,M/S ADISHAKTI CREATIONS ,"00005138, 00005249, 00005250, 00005251, 00005252, 00005253, 00005254",GST-02054-25-26,"INV2026000122, INV2026000124, INV2026000150, INV2627000659",TRUE,6,1,0,4,4,0,3,7,7,ACTIVE_WITH_PURCHASE_HISTORY,Keep: Has active purchase/return activity,-1
12083,SUPREME CREATION ,8081,388,,TRUE,1,1,1,0,0,0,0,1,1,ACTIVE_WITH_PURCHASE_HISTORY,Keep: Has active purchase/return activity,0
12086,SUPREME CREATION ,8079,388,,TRUE,1,1,1,0,0,0,0,1,1,ACTIVE_WITH_PURCHASE_HISTORY,Keep: Has active purchase/return activity,0
12099-CREAM,SUPREME CREATION ,8075,388,,TRUE,1,1,1,0,0,0,0,1,1,ACTIVE_WITH_PURCHASE_HISTORY,Keep: Has active purchase/return activity,0
12099-PINK,SUPREME CREATION ,8076,388,,TRUE,1,1,1,0,0,0,0,1,1,ACTIVE_WITH_PURCHASE_HISTORY,Keep: Has active purchase/return activity,0
1216 F,L P TRADE LINKS,1649,2804,INV2627000113,TRUE,1,1,0,1,1,0,0,1,1,ACTIVE_WITH_PURCHASE_HISTORY,Keep: Has active purchase/return activity,0
1225,KAIRA COUTURE,2994,GST/2025-26/1008,INV2026000172,TRUE,1,1,0,1,1,0,0,1,1,ACTIVE_WITH_PURCHASE_HISTORY,Keep: Has active purchase/return activity,0
1233,KAIRA COUTURE,5970,GST/2025-26/1083,,TRUE,1,1,0,0,0,0,1,1,1,ACTIVE_WITH_PURCHASE_HISTORY,Keep: Has active purchase/return activity,0
1234,ONAYA FASHION PVT LTD,"00002281, 00005540","GPOSI25-26/17357, SE/005376/25-26",INV2627000278,TRUE,2,2,0,1,1,0,1,2,2,ACTIVE_WITH_PURCHASE_HISTORY,Keep: Has active purchase/return activity,0
12350,KANCHANA,"00001795, 00001796",KANWS25-26-06595,INV2627000704,TRUE,2,1,0,1,1,0,1,2,2,ACTIVE_WITH_PURCHASE_HISTORY,Keep: Has active purchase/return activity,0
124,RUPDARSHI HERITAGE PVT LTD,4339,RD/009160/25-26,,TRUE,4,1,0,0,0,0,4,4,1,ACTIVE_WITH_PURCHASE_HISTORY,Keep: Has active purchase/return activity,0
12400,KANCHANA,1797,KANWS25-26-06595,,TRUE,1,1,0,0,0,0,1,1,1,ACTIVE_WITH_PURCHASE_HISTORY,Keep: Has active purchase/return activity,0
1244,STRAAVI ENSEMBLES PRIVATE LIMITED,2282,SE/005376/25-26,,TRUE,1,1,0,0,0,0,1,1,1,ACTIVE_WITH_PURCHASE_HISTORY,Keep: Has active purchase/return activity,0
1245,KAIRA COUTURE,5493,GST/2025-26/1071,,TRUE,1,1,0,0,0,0,1,1,1,ACTIVE_WITH_PURCHASE_HISTORY,Keep: Has active purchase/return activity,0
12456,PRATAPSONS HERITAGE HOME PRODUCTION,6610,1236,INV2026000404,TRUE,1,1,0,1,1,0,0,1,1,ACTIVE_WITH_PURCHASE_HISTORY,Keep: Has active purchase/return activity,0
12494`,KANCHANA,1958,KANWS25-26-06593,,TRUE,1,1,0,0,0,0,1,1,1,ACTIVE_WITH_PURCHASE_HISTORY,Keep: Has active purchase/return activity,0
12497,KANCHANA,1838,KANWS25-26-06596,"INV2627000094, INV2627000452",TRUE,4,1,0,2,2,1,2,4,1,ACTIVE_WITH_PURCHASE_HISTORY,Keep: Has active purchase/return activity,1
1251,KAIRA COUTURE,830,GST/2025-26/974,,TRUE,1,1,0,0,0,0,1,1,1,ACTIVE_WITH_PURCHASE_HISTORY,Keep: Has active purchase/return activity,0
1252,KAIRA COUTURE,3040,GST/2025-26/979,INV2627000144,TRUE,1,1,0,1,1,1,0,1,1,ACTIVE_WITH_PURCHASE_HISTORY,Keep: Has active purchase/return activity,1
1253,PRATAPSONS HERITAGE HOME PRODUCTION,6609,458,INV2026000400,TRUE,2,1,0,2,1,0,0,2,1,ACTIVE_WITH_PURCHASE_HISTORY,Keep: Has active purchase/return activity,0
1255,KAIRA COUTURE,833,GST/2025-26/974,,TRUE,1,1,0,0,0,0,1,1,1,ACTIVE_WITH_PURCHASE_HISTORY,Keep: Has active purchase/return activity,0
1267 F,L P TRADE LINKS,"00001644, 00001645",2804,"INV2627000551, INV2627000634",TRUE,2,1,0,2,2,1,1,2,2,ACTIVE_WITH_PURCHASE_HISTORY,Keep: Has active purchase/return activity,0
1269 F,L P TRADE LINKS,"00001655, 00004536","2804, 2928",,TRUE,2,2,0,0,0,0,2,2,2,ACTIVE_WITH_PURCHASE_HISTORY,Keep: Has active purchase/return activity,0
12752,KANCHANA,1891,KANWS25-26-06600,INV2026000172,TRUE,1,1,0,1,1,0,0,1,1,ACTIVE_WITH_PURCHASE_HISTORY,Keep: Has active purchase/return activity,0
1276,ONAYA FASHION PVT LTD,5541,GPOSI25-26/17357,INV2026000386,TRUE,1,1,0,1,1,0,0,1,1,ACTIVE_WITH_PURCHASE_HISTORY,Keep: Has active purchase/return activity,0
1276-4,ONAYA FASHION PVT LTD,5542,GPOSI25-26/17357,INV2627000261,TRUE,1,1,0,1,1,0,0,1,1,ACTIVE_WITH_PURCHASE_HISTORY,Keep: Has active purchase/return activity,0
12775,KANCHANA,"00001798, 00001799, 00001800",KANWS25-26-06595,,TRUE,3,1,0,0,0,0,3,3,3,ACTIVE_WITH_PURCHASE_HISTORY,Keep: Has active purchase/return activity,0
12793,KANCHANA NEXT,"00001541, 00006305",KANWS25-26-06607,INV2026000100,TRUE,10,1,0,2,1,0,8,10,2,ACTIVE_WITH_PURCHASE_HISTORY,Keep: Has active purchase/return activity,0
128,TULIPS ,5420,25-26/3360,,TRUE,1,1,0,0,0,0,1,1,1,ACTIVE_WITH_PURCHASE_HISTORY,Keep: Has active purchase/return activity,0
12802,BHAGWAN HANDLOOM HOUSE,"00001479, 00001480",INV/25-26/5472,INV2627000590,TRUE,2,1,0,1,1,0,1,2,2,ACTIVE_WITH_PURCHASE_HISTORY,Keep: Has active purchase/return activity,0
12806,KANCHANA,1878,KANWS25-26-06592,INV2627000882,TRUE,2,1,0,1,1,0,1,2,1,ACTIVE_WITH_PURCHASE_HISTORY,Keep: Has active purchase/return activity,0
1282 F,L P TRADE LINKS,1653,2804,,TRUE,1,1,1,0,0,0,0,1,1,ACTIVE_WITH_PURCHASE_HISTORY,Keep: Has active purchase/return activity,0
1290 F,L P TRADE LINKS,"00001646, 00001647",2804,"INV2627000085, INV2627000239",TRUE,2,1,0,2,2,0,0,2,2,ACTIVE_WITH_PURCHASE_HISTORY,Keep: Has active purchase/return activity,0
1292 F,L P TRADE LINKS,1648,2804,INV2627000053,TRUE,1,1,0,1,1,0,0,1,1,ACTIVE_WITH_PURCHASE_HISTORY,Keep: Has active purchase/return activity,0
1295,ONAYA FASHION PVT LTD,5543,GPOSI25-26/17357,INV2627000065,TRUE,1,1,0,1,1,0,0,1,1,ACTIVE_WITH_PURCHASE_HISTORY,Keep: Has active purchase/return activity,0
1299 F,L P TRADE LINKS,1650,2804,,TRUE,1,1,0,0,0,0,1,1,1,ACTIVE_WITH_PURCHASE_HISTORY,Keep: Has active purchase/return activity,0
12992,BHAGWAN HANDLOOM HOUSE,"00001498, 00001499",INV/25-26/5472,,TRUE,3,1,0,0,0,0,2,2,2,ACTIVE_WITH_PURCHASE_HISTORY,Keep: Has active purchase/return activity,1
13,ABDUL HAKIM,"00002163, 00002711, 00002805, 00002827, 00004602, 00004757, 00009298","10, 1100, 461, 489, S790","INV2026000108, INV2627000001",TRUE,16,5,0,2,2,1,10,11,7,ACTIVE_WITH_PURCHASE_HISTORY,Keep: Has active purchase/return activity,5
13-1-A2,SUNEETA SAREE EMPORIUM ,5802,1060/25-26,,TRUE,1,1,1,0,0,0,0,1,1,ACTIVE_WITH_PURCHASE_HISTORY,Keep: Has active purchase/return activity,0
13-14157-G,RUHAANI ARTS,7636,RAD/26-27/000080,,TRUE,1,1,0,0,0,0,1,1,1,ACTIVE_WITH_PURCHASE_HISTORY,Keep: Has active purchase/return activity,0
13-14157-P,RUHAANI ARTS,7637,RAD/26-27/000080,,TRUE,1,1,0,0,0,0,1,1,1,ACTIVE_WITH_PURCHASE_HISTORY,Keep: Has active purchase/return activity,0
13-Feb,NIRJA HANDICRAFT ,8804,S786,,TRUE,1,1,0,0,0,0,1,1,1,ACTIVE_WITH_PURCHASE_HISTORY,Keep: Has active purchase/return activity,0
13-2520,TANEJA APPARELS P LTD,7408,268,,TRUE,1,1,0,0,0,0,1,1,1,ACTIVE_WITH_PURCHASE_HISTORY,Keep: Has active purchase/return activity,0
13-P,ANJALI TRADERS,4524,AT/1882/25-26,,TRUE,1,1,0,0,0,0,1,1,1,ACTIVE_WITH_PURCHASE_HISTORY,Keep: Has active purchase/return activity,0
13-RANI,VIMAL CREATION,6786,20-2627,,TRUE,1,1,1,0,0,0,0,1,1,ACTIVE_WITH_PURCHASE_HISTORY,Keep: Has active purchase/return activity,0
13-Jan,NEW MODERN CHIKAN,3850,1941,,TRUE,1,1,0,0,0,0,1,1,1,ACTIVE_WITH_PURCHASE_HISTORY,Keep: Has active purchase/return activity,0
13/1-FCS,OMAANA,6404,548,,TRUE,1,1,1,0,0,0,0,1,1,ACTIVE_WITH_PURCHASE_HISTORY,Keep: Has active purchase/return activity,0
13/13-M,KUTCH BANDHEJ-NX,5409,2025,,TRUE,1,1,1,0,0,0,0,1,1,ACTIVE_WITH_PURCHASE_HISTORY,Keep: Has active purchase/return activity,0
13-Feb,KUTCH BANDHEJ-NX,5380,2014,,TRUE,2,1,1,0,0,0,1,2,1,ACTIVE_WITH_PURCHASE_HISTORY,Keep: Has active purchase/return activity,0
13-May,M/S ADISHAKTI CREATIONS ,"00005139, 00005255, 00005256, 00005257, 00005258",GST-02054-25-26,"INV2627000004, INV2627000715",TRUE,5,1,0,2,2,0,3,5,5,ACTIVE_WITH_PURCHASE_HISTORY,Keep: Has active purchase/return activity,0
13039-GOLDEN,SUPREME CREATION ,8074,388,,TRUE,1,1,1,0,0,0,0,1,1,ACTIVE_WITH_PURCHASE_HISTORY,Keep: Has active purchase/return activity,0
13039-GREEN,SUPREME CREATION ,8073,388,,TRUE,1,1,1,0,0,0,0,1,1,ACTIVE_WITH_PURCHASE_HISTORY,Keep: Has active purchase/return activity,0
13056,SUPREME CREATION ,8080,388,,TRUE,1,1,1,0,0,0,0,1,1,ACTIVE_WITH_PURCHASE_HISTORY,Keep: Has active purchase/return activity,0
13057,BHAGWAN HANDLOOM HOUSE,1503,INV/25-26/5474,,TRUE,1,1,0,0,0,0,1,1,1,ACTIVE_WITH_PURCHASE_HISTORY,Keep: Has active purchase/return activity,0
13070-SKY BLUE,SUPREME CREATION ,8077,388,,TRUE,1,1,1,0,0,0,0,1,1,ACTIVE_WITH_PURCHASE_HISTORY,Keep: Has active purchase/return activity,0
13085,SUPREME CREATION ,8078,388,,TRUE,1,1,1,0,0,0,0,1,1,ACTIVE_WITH_PURCHASE_HISTORY,Keep: Has active purchase/return activity,0
1315 F,L P TRADE LINKS,6118,3040,,TRUE,2,1,0,0,0,0,1,1,1,ACTIVE_WITH_PURCHASE_HISTORY,Keep: Has active purchase/return activity,1
1315 F2,L P TRADE LINKS,6119,3040,,TRUE,1,1,0,0,0,0,1,1,1,ACTIVE_WITH_PURCHASE_HISTORY,Keep: Has active purchase/return activity,0
1315 F3,L P TRADE LINKS,6120,3040,,TRUE,1,1,0,0,0,0,1,1,1,ACTIVE_WITH_PURCHASE_HISTORY,Keep: Has active purchase/return activity,0
13153,ISHUM DESIGNS,"00004718, 00004785","ID/10236/2025-26, ID/10237/2025-26",INV2627000241,TRUE,3,2,0,1,1,0,1,2,2,ACTIVE_WITH_PURCHASE_HISTORY,Keep: Has active purchase/return activity,1
13155,ISHUM DESIGNS,"00004710, 00004711",ID/10236/2025-26,,TRUE,3,1,0,0,0,0,2,2,2,ACTIVE_WITH_PURCHASE_HISTORY,Keep: Has active purchase/return activity,1
13156,ISHUM DESIGNS,"00004712, 00004713",ID/10236/2025-26,INV2627000847,TRUE,3,1,0,1,1,0,1,2,2,ACTIVE_WITH_PURCHASE_HISTORY,Keep: Has active purchase/return activity,1
13157,ISHUM DESIGNS,"00004704, 00004705",ID/10236/2025-26,,TRUE,3,1,0,0,0,0,2,2,2,ACTIVE_WITH_PURCHASE_HISTORY,Keep: Has active purchase/return activity,1
13160,ISHUM DESIGNS,"00003582, 00004940","ID/11229/2025-26, ID/11448/2025-26",INV2627000847,TRUE,3,2,0,1,1,0,2,3,2,ACTIVE_WITH_PURCHASE_HISTORY,Keep: Has active purchase/return activity,0
13161,ISHUM DESIGNS,"00004714, 00004715",ID/10236/2025-26,INV2627000847,TRUE,3,1,0,1,1,0,1,2,2,ACTIVE_WITH_PURCHASE_HISTORY,Keep: Has active purchase/return activity,1
13163,ISHUM DESIGNS,"00004706, 00004707",ID/10236/2025-26,,TRUE,3,1,0,0,0,0,2,2,2,ACTIVE_WITH_PURCHASE_HISTORY,Keep: Has active purchase/return activity,1
13164,ISHUM DESIGNS,4936,ID/11448/2025-26,INV2627000847,TRUE,2,1,0,1,1,0,1,2,1,ACTIVE_WITH_PURCHASE_HISTORY,Keep: Has active purchase/return activity,0
13165,ISHUM DESIGNS,5930,ID/11711/2025-26,INV2627000186,TRUE,2,1,0,1,1,0,1,2,1,ACTIVE_WITH_PURCHASE_HISTORY,Keep: Has active purchase/return activity,0
13168,ISHUM DESIGNS,"00004708, 00004709",ID/10236/2025-26,INV2627000427,TRUE,3,1,0,1,1,0,1,2,2,ACTIVE_WITH_PURCHASE_HISTORY,Keep: Has active purchase/return activity,1
13171-BLUE,ISHUM DESIGNS,"00007777, 00007778",ID/36/2026-27,,TRUE,3,1,0,0,0,0,2,2,2,ACTIVE_WITH_PURCHASE_HISTORY,Keep: Has active purchase/return activity,1
13171-PINK,ISHUM DESIGNS,"00007775, 00007776",ID/36/2026-27,,TRUE,3,1,0,0,0,0,2,2,2,ACTIVE_WITH_PURCHASE_HISTORY,Keep: Has active purchase/return activity,1
13174-PEACH,ISHUM DESIGNS,"00007781, 00007782",ID/36/2026-27,,TRUE,3,1,0,0,0,0,2,2,2,ACTIVE_WITH_PURCHASE_HISTORY,Keep: Has active purchase/return activity,1
13174-SKY BLUE,ISHUM DESIGNS,"00007779, 00007780",ID/36/2026-27,,TRUE,3,1,0,0,0,0,2,2,2,ACTIVE_WITH_PURCHASE_HISTORY,Keep: Has active purchase/return activity,1
13176-C,ISHUM DESIGNS,"00007589, 00007590, 00008640","232, ID/12141/2025-26",,TRUE,4,2,0,0,0,0,3,3,3,ACTIVE_WITH_PURCHASE_HISTORY,Keep: Has active purchase/return activity,1
13176-Y,ISHUM DESIGNS,"00007587, 00007588",ID/12141/2025-26,,TRUE,3,1,0,0,0,0,2,2,2,ACTIVE_WITH_PURCHASE_HISTORY,Keep: Has active purchase/return activity,1
13176-YL,ISHUM DESIGNS,8639,232,,TRUE,1,1,0,0,0,0,1,1,1,ACTIVE_WITH_PURCHASE_HISTORY,Keep: Has active purchase/return activity,0
13177,ISHUM DESIGNS,"00003122, 00003123, 00003124",ID/10689/2025-26,,TRUE,6,1,6,0,0,0,0,3,3,ACTIVE_WITH_PURCHASE_HISTORY,Keep: Has active purchase/return activity,0
13177-GR,ISHUM DESIGNS,8636,232,,TRUE,3,1,0,0,0,0,3,3,1,ACTIVE_WITH_PURCHASE_HISTORY,Keep: Has active purchase/return activity,0
13177-YL,ISHUM DESIGNS,"00008637, 00008638",232,,TRUE,3,1,0,0,0,0,2,2,2,ACTIVE_WITH_PURCHASE_HISTORY,Keep: Has active purchase/return activity,1
13178,ISHUM DESIGNS,"00003118, 00003119, 00003120, 00003121",ID/10689/2025-26,,TRUE,6,1,6,0,0,0,0,4,4,ACTIVE_WITH_PURCHASE_HISTORY,Keep: Has active purchase/return activity,0
13179,ISHUM DESIGNS,"00003580, 00003581, 00003583, 00003584","ID/10871/2025-26, ID/11229/2025-26",,TRUE,8,2,8,0,0,0,0,4,4,ACTIVE_WITH_PURCHASE_HISTORY,Keep: Has active purchase/return activity,0
13179-PK,ISHUM DESIGNS,"00008634, 00008635",232,,TRUE,3,1,0,0,0,0,2,2,2,ACTIVE_WITH_PURCHASE_HISTORY,Keep: Has active purchase/return activity,1
13179-YL,ISHUM DESIGNS,"00008632, 00008633",232,,TRUE,3,1,0,0,0,0,2,2,2,ACTIVE_WITH_PURCHASE_HISTORY,Keep: Has active purchase/return activity,1
13180,ISHUM DESIGNS,"00003125, 00003126, 00003578, 00003579","ID/10689/2025-26, ID/10871/2025-26",,TRUE,6,2,6,0,0,0,0,4,4,ACTIVE_WITH_PURCHASE_HISTORY,Keep: Has active purchase/return activity,0
13180-C,ISHUM DESIGNS,"00008641, 00008642",232,,TRUE,2,1,0,0,0,0,2,2,2,ACTIVE_WITH_PURCHASE_HISTORY,Keep: Has active purchase/return activity,0
13180-PK,ISHUM DESIGNS,"00008643, 00008644",232,,TRUE,3,1,0,0,0,0,2,2,2,ACTIVE_WITH_PURCHASE_HISTORY,Keep: Has active purchase/return activity,1
13181- CREAM,ISHUM DESIGNS,"00007773, 00007774",ID/36/2026-27,,TRUE,3,1,0,0,0,0,2,2,2,ACTIVE_WITH_PURCHASE_HISTORY,Keep: Has active purchase/return activity,1
13181-PEACH,ISHUM DESIGNS,"00007771, 00007772",ID/36/2026-27,,TRUE,3,1,0,0,0,0,2,2,2,ACTIVE_WITH_PURCHASE_HISTORY,Keep: Has active purchase/return activity,1
13182,ISHUM DESIGNS,4933,ID/11448/2025-26,,TRUE,2,1,0,0,0,0,1,1,1,ACTIVE_WITH_PURCHASE_HISTORY,Keep: Has active purchase/return activity,1
13182-Y,ISHUM DESIGNS,4934,ID/11448/2025-26,,TRUE,1,1,0,0,0,0,1,1,1,ACTIVE_WITH_PURCHASE_HISTORY,Keep: Has active purchase/return activity,0
13182-Y1,ISHUM DESIGNS,4935,ID/11448/2025-26,,TRUE,1,1,0,0,0,0,1,1,1,ACTIVE_WITH_PURCHASE_HISTORY,Keep: Has active purchase/return activity,0
13183,ISHUM DESIGNS,5928,ID/11711/2025-26,,TRUE,1,1,0,0,0,0,1,1,1,ACTIVE_WITH_PURCHASE_HISTORY,Keep: Has active purchase/return activity,0
13183-2,ISHUM DESIGNS,5929,ID/11711/2025-26,,TRUE,1,1,0,0,0,0,1,1,1,ACTIVE_WITH_PURCHASE_HISTORY,Keep: Has active purchase/return activity,0
13184-P,ISHUM DESIGNS,6427,ID/11915/2025-26,,TRUE,2,1,0,0,0,0,2,2,1,ACTIVE_WITH_PURCHASE_HISTORY,Keep: Has active purchase/return activity,0
13184-Y,ISHUM DESIGNS,6428,ID/11915/2025-26,INV2627001013,TRUE,2,1,0,1,1,0,1,2,1,ACTIVE_WITH_PURCHASE_HISTORY,Keep: Has active purchase/return activity,0
13185-O,ISHUM DESIGNS,"00007585, 00007586",ID/12141/2025-26,,TRUE,3,1,0,0,0,0,2,2,2,ACTIVE_WITH_PURCHASE_HISTORY,Keep: Has active purchase/return activity,1
13185-R,ISHUM DESIGNS,"00007583, 00007584",ID/12141/2025-26,,TRUE,3,1,0,0,0,0,2,2,2,ACTIVE_WITH_PURCHASE_HISTORY,Keep: Has active purchase/return activity,1
1325D-14527,BHAGWAN HANDLOOM HOUSE,4406,25-26/5473,,TRUE,1,1,0,0,0,0,1,1,1,ACTIVE_WITH_PURCHASE_HISTORY,Keep: Has active purchase/return activity,0
1325D-14972,BHAGWAN HANDLOOM HOUSE,4407,25-26/5473,,TRUE,1,1,0,0,0,0,1,1,1,ACTIVE_WITH_PURCHASE_HISTORY,Keep: Has active purchase/return activity,0
1325D-15291,BHAGWAN HANDLOOM HOUSE,4408,25-26/5473,,TRUE,1,1,0,0,0,0,1,1,1,ACTIVE_WITH_PURCHASE_HISTORY,Keep: Has active purchase/return activity,0
13261,KANCHANA,"00001879, 00001959","KANWS25-26-06592, KANWS25-26-06593",,TRUE,4,2,0,0,0,0,4,4,2,ACTIVE_WITH_PURCHASE_HISTORY,Keep: Has active purchase/return activity,0
13269,BHAGWAN HANDLOOM HOUSE,1500,INV/25-26/5472,,TRUE,2,1,0,0,0,0,2,2,1,ACTIVE_WITH_PURCHASE_HISTORY,Keep: Has active purchase/return activity,0
13270,BHAGWAN HANDLOOM HOUSE,"00001493, 00001494",INV/25-26/5472,,TRUE,2,1,0,0,0,0,2,2,2,ACTIVE_WITH_PURCHASE_HISTORY,Keep: Has active purchase/return activity,0
133-GREEN,TULIPS ,"00007335, 00007336",S/0079,"INV2627000482, INV2627000939",TRUE,2,1,0,2,2,0,0,2,2,ACTIVE_WITH_PURCHASE_HISTORY,Keep: Has active purchase/return activity,0
133-PINK,TULIPS ,"00007337, 00007338",S/0079,"INV2627000493, INV2627001051",TRUE,2,1,0,2,2,0,0,2,2,ACTIVE_WITH_PURCHASE_HISTORY,Keep: Has active purchase/return activity,0
133SU,JDS DESIGN STUDIO PRIVATE LIMITED,4413,JS26-006339,,TRUE,2,1,0,0,0,0,2,2,1,ACTIVE_WITH_PURCHASE_HISTORY,Keep: Has active purchase/return activity,0
13451,KANCHANA,"00001506, 00001507",KANWS25-26/06597,,TRUE,2,1,0,0,0,0,2,2,2,ACTIVE_WITH_PURCHASE_HISTORY,Keep: Has active purchase/return activity,0
13473,BHAGWAN HANDLOOM HOUSE,"00001487, 00001488",INV/25-26/5472,,TRUE,2,1,0,0,0,0,2,2,2,ACTIVE_WITH_PURCHASE_HISTORY,Keep: Has active purchase/return activity,0
135,CHIC BY GAURI,9383,24/202-27,,TRUE,2,1,0,0,0,0,1,1,1,ACTIVE_WITH_PURCHASE_HISTORY,Keep: Has active purchase/return activity,1
135-02,CHIC BY GAURI,9385,24/202-27,,TRUE,2,1,0,0,0,0,1,1,1,ACTIVE_WITH_PURCHASE_HISTORY,Keep: Has active purchase/return activity,1
13604,KANCHANA NEXT,"00001539, 00006303",KANWS25-26-06607,,TRUE,4,1,0,0,0,0,4,4,2,ACTIVE_WITH_PURCHASE_HISTORY,Keep: Has active purchase/return activity,0
1363,MEHRA SAREE KENDRA ,4968,MSK/2208/2025-26,INV2627000615,TRUE,2,1,0,1,1,0,1,2,1,ACTIVE_WITH_PURCHASE_HISTORY,Keep: Has active purchase/return activity,0
1363-MAROON,VIMAL CREATION,6794,20-2627,,TRUE,1,1,0,0,0,0,1,1,1,ACTIVE_WITH_PURCHASE_HISTORY,Keep: Has active purchase/return activity,0
1364-1,ISHUM DESIGNS,4937,ID/11448/2025-26,,TRUE,1,1,0,0,0,0,1,1,1,ACTIVE_WITH_PURCHASE_HISTORY,Keep: Has active purchase/return activity,0
138,CHIC BY GAURI,9380,24/202-27,,TRUE,2,1,0,0,0,0,2,2,1,ACTIVE_WITH_PURCHASE_HISTORY,Keep: Has active purchase/return activity,0
13812,KANCHANA,1880,KANWS25-26-06592,,TRUE,1,1,0,0,0,0,1,1,1,ACTIVE_WITH_PURCHASE_HISTORY,Keep: Has active purchase/return activity,0
1385,MEHRA SAREE KENDRA ,4963,MSK/2208/2025-26,INV2026000131,TRUE,2,1,0,1,1,0,1,2,1,ACTIVE_WITH_PURCHASE_HISTORY,Keep: Has active purchase/return activity,0
13916,KANCHANA,1761,KANWS25-26-06590,,TRUE,2,1,0,0,0,0,2,2,1,ACTIVE_WITH_PURCHASE_HISTORY,Keep: Has active purchase/return activity,0
13972 KS,SADBHAVANA ENTERPRISES,6172,12491,INV2627000511,TRUE,5,1,0,1,1,0,4,5,1,ACTIVE_WITH_PURCHASE_HISTORY,Keep: Has active purchase/return activity,0
13D,RT VILLA PRIVATE LIMITED,3774,8880,,TRUE,1,1,0,0,0,0,1,1,1,ACTIVE_WITH_PURCHASE_HISTORY,Keep: Has active purchase/return activity,0
14,NIRJA HANDICRAFT ,"00002164, 00002712, 00002806, 00004603, 00004758","10, 1100, 489, S786, S790","INV2627000704, INV2627000896",TRUE,16,5,1,2,2,0,7,9,5,ACTIVE_WITH_PURCHASE_HISTORY,Keep: Has active purchase/return activity,6
14-1-N,SUNEETA SAREE EMPORIUM ,5803,1060/25-26,,TRUE,1,1,1,0,0,0,0,1,1,ACTIVE_WITH_PURCHASE_HISTORY,Keep: Has active purchase/return activity,0
14-13453,RUHAANI ARTS,7638,RAD/26-27/000080,,TRUE,1,1,0,0,0,0,1,1,1,ACTIVE_WITH_PURCHASE_HISTORY,Keep: Has active purchase/return activity,0
14-2504,TANEJA APPARELS P LTD,7409,268,INV2627000962,TRUE,1,1,0,1,1,0,0,1,1,ACTIVE_WITH_PURCHASE_HISTORY,Keep: Has active purchase/return activity,0
14-Y,ANJALI TRADERS,4525,AT/1882/25-26,,TRUE,1,1,0,0,0,0,1,1,1,ACTIVE_WITH_PURCHASE_HISTORY,Keep: Has active purchase/return activity,0
14-Jan,NEW MODERN CHIKAN,3851,1941,,TRUE,1,1,0,0,0,0,1,1,1,ACTIVE_WITH_PURCHASE_HISTORY,Keep: Has active purchase/return activity,0
14/1-PCCS,OMAANA,6405,548,INV2026000053,TRUE,1,1,0,1,1,0,0,1,1,ACTIVE_WITH_PURCHASE_HISTORY,Keep: Has active purchase/return activity,0
14-May,KUTCH BANDHEJ-NX,5381,2014,,TRUE,5,1,5,0,0,0,0,5,1,ACTIVE_WITH_PURCHASE_HISTORY,Keep: Has active purchase/return activity,0
14-Jul,M/S ADISHAKTI CREATIONS ,"00005140, 00005141, 00005142, 00005259, 00005260, 00005261, 00005262",GST-02054-25-26,INV2627000501,TRUE,7,1,0,1,1,0,6,7,7,ACTIVE_WITH_PURCHASE_HISTORY,Keep: Has active purchase/return activity,0
1401,NIRMAL CREATIONS,2888,NC/009561/25-26,INV2627000517,TRUE,1,1,0,1,1,0,0,1,1,ACTIVE_WITH_PURCHASE_HISTORY,Keep: Has active purchase/return activity,0
14079,AASHIRVAD HERITAGE PVT LTD,3061,ED/002853/25-26,,TRUE,1,1,0,0,0,0,1,1,1,ACTIVE_WITH_PURCHASE_HISTORY,Keep: Has active purchase/return activity,0
1409,TANKHI DESIGNS 1 PVT LTD,302,TN/25-26/6176,INV2026000391,TRUE,1,1,0,1,1,0,0,1,1,ACTIVE_WITH_PURCHASE_HISTORY,Keep: Has active purchase/return activity,0
140A,JDS DESIGN STUDIO PRIVATE LIMITED,6418,JS26-006316,,TRUE,1,1,0,0,0,0,1,1,1,ACTIVE_WITH_PURCHASE_HISTORY,Keep: Has active purchase/return activity,0
143-ASF,R.F. CREATIONS ,8573,692-2627,,TRUE,1,1,0,0,0,0,1,1,1,ACTIVE_WITH_PURCHASE_HISTORY,Keep: Has active purchase/return activity,0
143-M,R.F. CREATIONS ,8572,692-2627,,TRUE,1,1,0,0,0,0,1,1,1,ACTIVE_WITH_PURCHASE_HISTORY,Keep: Has active purchase/return activity,0
1431,MEHRA SAREE KENDRA ,"00004863, 00004864, 00004865, 00004866",MSK/2209/2025-26,"INV2026000345, INV2627000098",TRUE,4,1,0,2,2,0,2,4,4,ACTIVE_WITH_PURCHASE_HISTORY,Keep: Has active purchase/return activity,0
143123,KRISHNA SUNDRY COTTAGE INDUSTRIES PVT LTD,4725,KL/25-26/4888,"INV2026000032, INV2627000569",TRUE,25,1,0,4,2,0,21,25,1,ACTIVE_WITH_PURCHASE_HISTORY,Keep: Has active purchase/return activity,0
143552SP,KRISHNA SUNDRY COTTAGE INDUSTRIES PVT LTD,4726,KL/25-26/4888,,TRUE,1,1,0,0,0,0,1,1,1,ACTIVE_WITH_PURCHASE_HISTORY,Keep: Has active purchase/return activity,0
143552SP-5,KRISHNA SUNDRY COTTAGE INDUSTRIES PVT LTD,"00004727, 00004728",KL/25-26/4888,,TRUE,2,1,0,0,0,0,2,2,2,ACTIVE_WITH_PURCHASE_HISTORY,Keep: Has active purchase/return activity,0
143552SP-6,KRISHNA SUNDRY COTTAGE INDUSTRIES PVT LTD,4729,KL/25-26/4888,,TRUE,1,1,0,0,0,0,1,1,1,ACTIVE_WITH_PURCHASE_HISTORY,Keep: Has active purchase/return activity,0
1439,JHANAK DESIGNER STUDIO PVT. LTD.,7848,64/26-27,,TRUE,1,1,0,0,0,0,1,1,1,ACTIVE_WITH_PURCHASE_HISTORY,Keep: Has active purchase/return activity,0
1441,JHANAK DESIGNER STUDIO PVT. LTD.,"00007846, 00007847",64/26-27,,TRUE,2,1,0,0,0,0,2,2,2,ACTIVE_WITH_PURCHASE_HISTORY,Keep: Has active purchase/return activity,0
144241 JJ,KRISHNA SUNDRY COTTAGE INDUSTRIES PVT LTD,4735,KL/25-26/4888,,TRUE,1,1,0,0,0,0,1,1,1,ACTIVE_WITH_PURCHASE_HISTORY,Keep: Has active purchase/return activity,0
144241 JJ-13,KRISHNA SUNDRY COTTAGE INDUSTRIES PVT LTD,4736,KL/25-26/4888,INV2627000400,TRUE,1,1,0,1,1,0,0,1,1,ACTIVE_WITH_PURCHASE_HISTORY,Keep: Has active purchase/return activity,0
144241 JJ -14,KRISHNA SUNDRY COTTAGE INDUSTRIES PVT LTD,4737,KL/25-26/4888,INV2627000569,TRUE,2,1,0,1,1,0,0,1,1,ACTIVE_WITH_PURCHASE_HISTORY,Keep: Has active purchase/return activity,1
144241B,KRISHNA SUNDRY COTTAGE INDUSTRIES PVT LTD,4730,KL/25-26/4888,,TRUE,1,1,0,0,0,0,1,1,1,ACTIVE_WITH_PURCHASE_HISTORY,Keep: Has active purchase/return activity,0
144241B-10,KRISHNA SUNDRY COTTAGE INDUSTRIES PVT LTD,4733,KL/25-26/4888,INV2627000569,TRUE,1,1,0,1,1,0,0,1,1,ACTIVE_WITH_PURCHASE_HISTORY,Keep: Has active purchase/return activity,0
144241B-11,KRISHNA SUNDRY COTTAGE INDUSTRIES PVT LTD,4734,KL/25-26/4888,,TRUE,2,1,0,0,0,0,1,1,1,ACTIVE_WITH_PURCHASE_HISTORY,Keep: Has active purchase/return activity,1
144241B-8,KRISHNA SUNDRY COTTAGE INDUSTRIES PVT LTD,4731,KL/25-26/4888,,TRUE,1,1,0,0,0,0,1,1,1,ACTIVE_WITH_PURCHASE_HISTORY,Keep: Has active purchase/return activity,0
144241B-9,KRISHNA SUNDRY COTTAGE INDUSTRIES PVT LTD,4732,KL/25-26/4888,,TRUE,1,1,0,0,0,0,1,1,1,ACTIVE_WITH_PURCHASE_HISTORY,Keep: Has active purchase/return activity,0
144252,KRISHNA SUNDRY COTTAGE INDUSTRIES PVT LTD,4738,KL/25-26/4888,,TRUE,1,1,0,0,0,0,1,1,1,ACTIVE_WITH_PURCHASE_HISTORY,Keep: Has active purchase/return activity,0
144252-16,KRISHNA SUNDRY COTTAGE INDUSTRIES PVT LTD,4739,KL/25-26/4888,INV2026000032,TRUE,1,1,0,1,1,0,0,1,1,ACTIVE_WITH_PURCHASE_HISTORY,Keep: Has active purchase/return activity,0
144252-17,KRISHNA SUNDRY COTTAGE INDUSTRIES PVT LTD,4740,KL/25-26/4888,,TRUE,1,1,0,0,0,0,1,1,1,ACTIVE_WITH_PURCHASE_HISTORY,Keep: Has active purchase/return activity,0
144252-18,KRISHNA SUNDRY COTTAGE INDUSTRIES PVT LTD,4741,KL/25-26/4888,,TRUE,2,1,0,0,0,0,1,1,1,ACTIVE_WITH_PURCHASE_HISTORY,Keep: Has active purchase/return activity,1
144515,KRISHNA SUNDRY COTTAGE INDUSTRIES PVT LTD,4742,KL/25-26/4888,,TRUE,2,1,0,0,0,0,2,2,1,ACTIVE_WITH_PURCHASE_HISTORY,Keep: Has active purchase/return activity,0
144545,KRISHNA SUNDRY COTTAGE INDUSTRIES PVT LTD,4743,KL/25-26/4888,INV2627000569,TRUE,2,1,0,1,1,0,1,2,1,ACTIVE_WITH_PURCHASE_HISTORY,Keep: Has active purchase/return activity,0
144672,KRISHNA SUNDRY COTTAGE INDUSTRIES PVT LTD,4744,KL/25-26/4888,,TRUE,2,1,0,0,0,0,2,2,1,ACTIVE_WITH_PURCHASE_HISTORY,Keep: Has active purchase/return activity,0
1447,AANCHAL FASHION,3091,2996/2025-26,,TRUE,1,1,0,0,0,0,1,1,1,ACTIVE_WITH_PURCHASE_HISTORY,Keep: Has active purchase/return activity,0
14472,KANCHANA,1960,KANWS25-26-06593,,TRUE,1,1,0,0,0,0,1,1,1,ACTIVE_WITH_PURCHASE_HISTORY,Keep: Has active purchase/return activity,0
1450,AANCHAL FASHION,"00003867, 00007032","2966/2025-26, 3322",,TRUE,2,2,0,0,0,0,2,2,2,ACTIVE_WITH_PURCHASE_HISTORY,Keep: Has active purchase/return activity,0
14549 KS,SADBHAVANA ENTERPRISES,6165,12490,"INV2627000447, INV2627000511",TRUE,5,1,0,2,2,0,3,5,1,ACTIVE_WITH_PURCHASE_HISTORY,Keep: Has active purchase/return activity,0
1456,PRATAPSONS HERITAGE HOME PRODUCTION,6602,12,INV2026000190,TRUE,1,1,0,1,1,0,0,1,1,ACTIVE_WITH_PURCHASE_HISTORY,Keep: Has active purchase/return activity,0
1458,PRATAPSONS HERITAGE HOME PRODUCTION,6871,1256,INV2627000070,TRUE,1,1,0,1,1,0,0,1,1,ACTIVE_WITH_PURCHASE_HISTORY,Keep: Has active purchase/return activity,0
14584 KS,SADBHAVANA ENTERPRISES,6167,12491,,TRUE,3,1,0,0,0,0,3,3,1,ACTIVE_WITH_PURCHASE_HISTORY,Keep: Has active purchase/return activity,0
1461,KAIRA,7078,2595,,TRUE,1,1,0,0,0,0,1,1,1,ACTIVE_WITH_PURCHASE_HISTORY,Keep: Has active purchase/return activity,0
147,RT VILLA PRIVATE LIMITED,7086,60,,TRUE,1,1,0,0,0,0,1,1,1,ACTIVE_WITH_PURCHASE_HISTORY,Keep: Has active purchase/return activity,0
1473,KIARA,"00000398, 00007131","2398/2025-26, 2669/2025-26",,TRUE,2,2,0,0,0,0,2,2,2,ACTIVE_WITH_PURCHASE_HISTORY,Keep: Has active purchase/return activity,0
1478,AANCHAL FASHION,7126,2/ 2026-27,,TRUE,1,1,0,0,0,0,1,1,1,ACTIVE_WITH_PURCHASE_HISTORY,Keep: Has active purchase/return activity,0
14967,KANCHANA,1974,KANWS25-26-06591,,TRUE,1,1,0,0,0,0,1,1,1,ACTIVE_WITH_PURCHASE_HISTORY,Keep: Has active purchase/return activity,0
14969,KANCHANA,"00001744, 00001975","KANWS25-26-06590, KANWS25-26-06591",,TRUE,2,2,0,0,0,0,2,2,2,ACTIVE_WITH_PURCHASE_HISTORY,Keep: Has active purchase/return activity,0
1498,KIARA,399,2398/2025-26,,TRUE,1,1,0,0,0,0,1,1,1,ACTIVE_WITH_PURCHASE_HISTORY,Keep: Has active purchase/return activity,0
149A,JDS DESIGN STUDIO PRIVATE LIMITED,6419,JS26-006316,,TRUE,1,1,0,0,0,0,1,1,1,ACTIVE_WITH_PURCHASE_HISTORY,Keep: Has active purchase/return activity,0
14D,RT VILLA PRIVATE LIMITED,3775,8880,INV2627000850,TRUE,1,1,0,1,1,0,0,1,1,ACTIVE_WITH_PURCHASE_HISTORY,Keep: Has active purchase/return activity,0
15,NIRJA HANDICRAFT ,"00002165, 00002713, 00002807, 00004604, 00004759, 00004807, 00008084","10, 1101, 489, S786, S790, TI/25-26/00401, TI/26-27/0074","INV2026000106, INV2627000754",TRUE,18,7,0,2,2,0,7,9,7,ACTIVE_WITH_PURCHASE_HISTORY,Keep: Has active purchase/return activity,9
15-13314,RUHAANI ARTS,7639,RAD/26-27/000080,,TRUE,1,1,1,0,0,0,0,1,1,ACTIVE_WITH_PURCHASE_HISTORY,Keep: Has active purchase/return activity,0
15-2567,TANEJA APPARELS P LTD,7410,268,,TRUE,1,1,0,0,0,0,1,1,1,ACTIVE_WITH_PURCHASE_HISTORY,Keep: Has active purchase/return activity,0
15-54,SUNEETA SAREE EMPORIUM ,5804,1060/25-26,,TRUE,1,1,1,0,0,0,0,1,1,ACTIVE_WITH_PURCHASE_HISTORY,Keep: Has active purchase/return activity,0
15-B,REYAANS ,"00004808, 00008085","TI/25-26/00401, TI/26-27/0074",,TRUE,2,2,1,0,0,0,1,2,2,ACTIVE_WITH_PURCHASE_HISTORY,Keep: Has active purchase/return activity,0
15-C,ANJALI TRADERS,4526,AT/1882/25-26,,TRUE,1,1,0,0,0,0,1,1,1,ACTIVE_WITH_PURCHASE_HISTORY,Keep: Has active purchase/return activity,0
15/1-AFCS,OMAANA,6406,548,,TRUE,1,1,1,0,0,0,0,1,1,ACTIVE_WITH_PURCHASE_HISTORY,Keep: Has active purchase/return activity,0
15-Mar,NEW MODERN CHIKAN,3852,1941,,TRUE,3,1,0,0,0,0,3,3,1,ACTIVE_WITH_PURCHASE_HISTORY,Keep: Has active purchase/return activity,0
15-Apr,KUTCH BANDHEJ-NX,5382,2014,,TRUE,4,1,4,0,0,0,0,2,1,ACTIVE_WITH_PURCHASE_HISTORY,Keep: Has active purchase/return activity,0
150,CHIC BY GAURI,"00001836, 00009381","234568, 24/202-27",,TRUE,5,2,0,0,0,0,5,5,2,ACTIVE_WITH_PURCHASE_HISTORY,Keep: Has active purchase/return activity,0
15015,KANCHANA,1961,KANWS25-26-06593,INV2026000169,TRUE,1,1,0,1,1,0,0,1,1,ACTIVE_WITH_PURCHASE_HISTORY,Keep: Has active purchase/return activity,0
1502,KAIRA,7450,40/2026-27,,TRUE,1,1,0,0,0,0,1,1,1,ACTIVE_WITH_PURCHASE_HISTORY,Keep: Has active purchase/return activity,0
1506,KIARA,7417,51/2026-27,,TRUE,1,1,0,0,0,0,1,1,1,ACTIVE_WITH_PURCHASE_HISTORY,Keep: Has active purchase/return activity,0
1508,MEHRA SAREE KENDRA ,"00004862, 00004919, 00004920, 00005877","3129/2025-6, MSK/2208/2025-26, MSK/2209/2025-26","INV2026000107, INV2627000253, INV2627000385, INV2627000718, INV2627000988",TRUE,6,3,0,5,5,0,0,4,4,ACTIVE_WITH_PURCHASE_HISTORY,Keep: Has active purchase/return activity,1
1509,AANCHAL FASHION,"00006049, 00008119","3194/25-26, 32/2026-27",,TRUE,2,2,0,0,0,0,2,2,2,ACTIVE_WITH_PURCHASE_HISTORY,Keep: Has active purchase/return activity,0
151-2719,REGARDS SAREES PVT LTD,"00003802, 00003803, 00003804, 00003805, 00003806",RSP/006252 25-26,"INV2627000116, INV2627000445, INV2627000885",TRUE,5,1,0,3,3,0,2,5,5,ACTIVE_WITH_PURCHASE_HISTORY,Keep: Has active purchase/return activity,0
151-4304,REGARDS SAREES PVT LTD,"00004468, 00004469",RSP/006253/25-26,INV2026000407,TRUE,2,1,0,1,1,0,1,2,2,ACTIVE_WITH_PURCHASE_HISTORY,Keep: Has active purchase/return activity,0
151-445,LA VESTA ,4098,LV/009966/25-26,"INV2026000158, INV2026000264, INV2627000316, INV2627000323, INV2627000684",TRUE,12,1,0,6,5,0,6,12,1,ACTIVE_WITH_PURCHASE_HISTORY,Keep: Has active purchase/return activity,0
151-4530,REGARDS SAREES PVT LTD,"00003796, 00003797, 00003798",RSP/006252 25-26,"INV2627000063, INV2627000238, INV2627000885",TRUE,3,1,0,3,3,0,0,3,3,ACTIVE_WITH_PURCHASE_HISTORY,Keep: Has active purchase/return activity,0
151-4848,REGARDS SAREES PVT LTD,"00004488, 00004489",RSP/006253/25-26,INV2627000682,TRUE,2,1,0,1,1,0,1,2,2,ACTIVE_WITH_PURCHASE_HISTORY,Keep: Has active purchase/return activity,0
151-4881,REGARDS SAREES PVT LTD,"00003790, 00003791, 00003792, 00003793, 00003794, 00003795",RSP/006252 25-26,"INV2026000334, INV2627000352, INV2627000632, INV2627000885",TRUE,6,1,0,4,4,0,2,6,6,ACTIVE_WITH_PURCHASE_HISTORY,Keep: Has active purchase/return activity,0
151-5097,REGARDS SAREES PVT LTD,"00004485, 00004486",RSP/006253/25-26,,TRUE,2,1,0,0,0,0,2,2,2,ACTIVE_WITH_PURCHASE_HISTORY,Keep: Has active purchase/return activity,0
151-5194,REGARDS SAREES PVT LTD,"00004494, 00004495",RSP/006253/25-26,INV2627000998,TRUE,2,1,0,1,1,0,1,2,2,ACTIVE_WITH_PURCHASE_HISTORY,Keep: Has active purchase/return activity,0
151-5222,REGARDS SAREES PVT LTD,"00003779, 00003780",RSP/006252 25-26,INV2026000141,TRUE,2,1,0,1,1,0,1,2,2,ACTIVE_WITH_PURCHASE_HISTORY,Keep: Has active purchase/return activity,0
151-5317,REGARDS SAREES PVT LTD,"00003784, 00003785",RSP/006252 25-26,INV2627000066,TRUE,2,1,0,1,1,0,1,2,2,ACTIVE_WITH_PURCHASE_HISTORY,Keep: Has active purchase/return activity,0
151-5335,REGARDS SAREES PVT LTD,4490,RSP/006253/25-26,,TRUE,1,1,0,0,0,0,1,1,1,ACTIVE_WITH_PURCHASE_HISTORY,Keep: Has active purchase/return activity,0
151-5573,REGARDS SAREES PVT LTD,4496,RSP/006253/25-26,INV2627000896,TRUE,1,1,0,1,1,0,0,1,1,ACTIVE_WITH_PURCHASE_HISTORY,Keep: Has active purchase/return activity,0
151-5576,REGARDS SAREES PVT LTD,"00004473, 00004474",RSP/006253/25-26,,TRUE,2,1,0,0,0,0,2,2,2,ACTIVE_WITH_PURCHASE_HISTORY,Keep: Has active purchase/return activity,0
151-5584,REGARDS SAREES PVT LTD,"00003799, 00003800, 00003801",RSP/006252 25-26,INV2026000233,TRUE,3,1,0,1,1,0,2,3,3,ACTIVE_WITH_PURCHASE_HISTORY,Keep: Has active purchase/return activity,0
151-5644,REGARDS SAREES PVT LTD,"00004475, 00004476",RSP/006253/25-26,,TRUE,2,1,0,0,0,0,2,2,2,ACTIVE_WITH_PURCHASE_HISTORY,Keep: Has active purchase/return activity,0
151-5656,REGARDS SAREES PVT LTD,3789,RSP/006252 25-26,,TRUE,1,1,0,0,0,0,1,1,1,ACTIVE_WITH_PURCHASE_HISTORY,Keep: Has active purchase/return activity,0
151-5675,REGARDS SAREES PVT LTD,"00004466, 00004467",RSP/006253/25-26,,TRUE,2,1,0,0,0,0,2,2,2,ACTIVE_WITH_PURCHASE_HISTORY,Keep: Has active purchase/return activity,0
1512,PRATAPSONS HERITAGE HOME PRODUCTION,6608,784,INV2026000399,TRUE,1,1,0,1,1,0,0,1,1,ACTIVE_WITH_PURCHASE_HISTORY,Keep: Has active purchase/return activity,0
15160,KANCHANA NEXT,955,KCNS25-26-000811,,TRUE,1,1,0,0,0,0,1,1,1,ACTIVE_WITH_PURCHASE_HISTORY,Keep: Has active purchase/return activity,0
15202,KANCHANA,1962,KANWS25-26-06593,,TRUE,1,1,0,0,0,0,1,1,1,ACTIVE_WITH_PURCHASE_HISTORY,Keep: Has active purchase/return activity,0
1521,SHUBHANGAM-(2022-23),5955,19911,INV2627000806,TRUE,1,1,0,1,1,0,0,1,1,ACTIVE_WITH_PURCHASE_HISTORY,Keep: Has active purchase/return activity,0
1524,AANCHAL FASHION,"00002196, 00007127","2/ 2026-27, 2933/2025-26",,TRUE,2,2,0,0,0,0,2,2,2,ACTIVE_WITH_PURCHASE_HISTORY,Keep: Has active purchase/return activity,0
1530,STRAAVI ENSEMBLES PRIVATE LIMITED,1459,SE/005373/25-26,,TRUE,1,1,0,0,0,0,1,1,1,ACTIVE_WITH_PURCHASE_HISTORY,Keep: Has active purchase/return activity,0
1533,AANCHAL FASHION,377,2878/2025-26,INV2026000348,TRUE,1,1,0,1,1,0,0,1,1,ACTIVE_WITH_PURCHASE_HISTORY,Keep: Has active purchase/return activity,0
1533 GD,AWESOME FABS,698,AFGS25-26-003527,,TRUE,1,1,0,0,0,0,1,1,1,ACTIVE_WITH_PURCHASE_HISTORY,Keep: Has active purchase/return activity,0
15373 KS,SADBHAVANA ENTERPRISES,6164,12490,"INV2627000006, INV2627000511",TRUE,4,1,0,4,2,0,0,4,1,ACTIVE_WITH_PURCHASE_HISTORY,Keep: Has active purchase/return activity,0
154,CHIC BY GAURI,9378,24/202-27,,TRUE,2,1,0,0,0,0,2,2,1,ACTIVE_WITH_PURCHASE_HISTORY,Keep: Has active purchase/return activity,0
1540,MEHRA SAREE KENDRA ,4926,MSK/2208/2025-26,INV2627000385,TRUE,3,1,0,1,1,0,2,3,1,ACTIVE_WITH_PURCHASE_HISTORY,Keep: Has active purchase/return activity,0
1546,MEHRA SAREE KENDRA ,"00004907, 00004908, 00004909",MSK/2208/2025-26,,TRUE,5,1,0,0,0,0,3,3,3,ACTIVE_WITH_PURCHASE_HISTORY,Keep: Has active purchase/return activity,2
1546-18,MEHRA SAREE KENDRA ,4973,MSK/2208/2025-26,"INV2026000200, INV2627000884",TRUE,3,1,0,2,2,0,0,1,1,ACTIVE_WITH_PURCHASE_HISTORY,Keep: Has active purchase/return activity,1
15479,BHAGWAN HANDLOOM HOUSE,1501,INV/25-26/5472,,TRUE,1,1,0,0,0,0,1,1,1,ACTIVE_WITH_PURCHASE_HISTORY,Keep: Has active purchase/return activity,0
1553,KAIRA,7956,121/2026-27,,TRUE,1,1,0,0,0,0,1,1,1,ACTIVE_WITH_PURCHASE_HISTORY,Keep: Has active purchase/return activity,0
15551 KS,SADBHAVANA ENTERPRISES,6159,12490,"INV2627000006, INV2627000669, INV2627000670",TRUE,5,1,0,3,3,0,2,5,1,ACTIVE_WITH_PURCHASE_HISTORY,Keep: Has active purchase/return activity,0
156,V NARBHERAM & CO,1837,234568,INV2627000098,TRUE,4,1,0,1,1,0,3,4,1,ACTIVE_WITH_PURCHASE_HISTORY,Keep: Has active purchase/return activity,0
15601 KS,SADBHAVANA ENTERPRISES,6174,12491,INV2627000511,TRUE,3,1,0,2,1,0,1,3,1,ACTIVE_WITH_PURCHASE_HISTORY,Keep: Has active purchase/return activity,0
15670-BROWN,RUHAANI ARTS,9231,RAD/26-27/0003881,,TRUE,1,1,0,0,0,0,1,1,1,ACTIVE_WITH_PURCHASE_HISTORY,Keep: Has active purchase/return activity,0
15670-GREEN,RUHAANI ARTS,9230,RAD/26-27/0003881,,TRUE,1,1,0,0,0,0,1,1,1,ACTIVE_WITH_PURCHASE_HISTORY,Keep: Has active purchase/return activity,0
1569,SADBHAVANA ENTERPRISES,2724,11942,,TRUE,2,1,0,0,0,0,2,2,1,ACTIVE_WITH_PURCHASE_HISTORY,Keep: Has active purchase/return activity,0
1570,AANCHAL FASHION,376,2889/2025-26,,TRUE,1,1,0,0,0,0,1,1,1,ACTIVE_WITH_PURCHASE_HISTORY,Keep: Has active purchase/return activity,0
15710,KANCHANA,1801,KANWS25-26-06595,,TRUE,1,1,0,0,0,0,1,1,1,ACTIVE_WITH_PURCHASE_HISTORY,Keep: Has active purchase/return activity,0
15714,ISHUM DESIGNS,"00004776, 00004777, 00004778, 00004779",ID/10237/2025-26,,TRUE,6,1,0,0,0,0,5,5,4,ACTIVE_WITH_PURCHASE_HISTORY,Keep: Has active purchase/return activity,1
1572,AANCHAL FASHION,7454,46/2026-27,,TRUE,1,1,0,0,0,0,1,1,1,ACTIVE_WITH_PURCHASE_HISTORY,Keep: Has active purchase/return activity,0
15730,KANCHANA,1839,KANWS25-26-06596,,TRUE,6,1,0,0,0,0,6,6,1,ACTIVE_WITH_PURCHASE_HISTORY,Keep: Has active purchase/return activity,0
15771,KANCHANA,"00001802, 00001840","KANWS25-26-06595, KANWS25-26-06596",INV2627000996,TRUE,3,2,0,1,1,0,2,3,2,ACTIVE_WITH_PURCHASE_HISTORY,Keep: Has active purchase/return activity,0
1585,KAIRA,7079,2623/2025-27,INV2627001001,TRUE,1,1,0,1,1,0,0,1,1,ACTIVE_WITH_PURCHASE_HISTORY,Keep: Has active purchase/return activity,0
15873,KANCHANA,1803,KANWS25-26-06595,,TRUE,4,1,0,0,0,0,4,4,1,ACTIVE_WITH_PURCHASE_HISTORY,Keep: Has active purchase/return activity,0
1588,AANCHAL FASHION,9655,297/2026-27,,TRUE,1,1,0,0,0,0,1,1,1,ACTIVE_WITH_PURCHASE_HISTORY,Keep: Has active purchase/return activity,0
15890 KS,SADBHAVANA ENTERPRISES,6171,12491,INV2026000232,TRUE,5,1,0,1,1,0,4,5,1,ACTIVE_WITH_PURCHASE_HISTORY,Keep: Has active purchase/return activity,0
15898,BHAGWAN HANDLOOM HOUSE,"00001481, 00001482",INV/25-26/5472,,TRUE,2,1,0,0,0,0,2,2,2,ACTIVE_WITH_PURCHASE_HISTORY,Keep: Has active purchase/return activity,0
1591,MOI CREATION,"00001409, 00001410, 00001411",719,"INV2026000372, INV2026000402",TRUE,3,1,0,2,2,0,1,3,3,ACTIVE_WITH_PURCHASE_HISTORY,Keep: Has active purchase/return activity,0
16,INDDIVOGUE DIVVA LLP ,"00002166, 00002714, 00002808, 00004760","10, 1101, S790",INV2026000027,TRUE,11,3,0,1,1,0,7,8,4,ACTIVE_WITH_PURCHASE_HISTORY,Keep: Has active purchase/return activity,3
16-Jan,NIRJA HANDICRAFT ,8805,S786,,TRUE,3,1,0,0,0,0,2,2,1,ACTIVE_WITH_PURCHASE_HISTORY,Keep: Has active purchase/return activity,1
16-Nov,SUNEETA SAREE EMPORIUM ,5805,1060/25-26,,TRUE,1,1,1,0,0,0,0,1,1,ACTIVE_WITH_PURCHASE_HISTORY,Keep: Has active purchase/return activity,0
16-12862,RUHAANI ARTS,7640,RAD/26-27/000080,INV2627000936,TRUE,1,1,0,1,1,0,0,1,1,ACTIVE_WITH_PURCHASE_HISTORY,Keep: Has active purchase/return activity,0
16-2515,TANEJA APPARELS P LTD,7411,268,,TRUE,1,1,0,0,0,0,1,1,1,ACTIVE_WITH_PURCHASE_HISTORY,Keep: Has active purchase/return activity,0
16-C,ANJALI TRADERS,4527,AT/1882/25-26,,TRUE,1,1,0,0,0,0,1,1,1,ACTIVE_WITH_PURCHASE_HISTORY,Keep: Has active purchase/return activity,0
16/1-SBCS,OMAANA,6407,548,INV2026000198,TRUE,1,1,1,1,1,1,0,1,1,ACTIVE_WITH_PURCHASE_HISTORY,Keep: Has active purchase/return activity,0
16-Apr,NEW MODERN CHIKAN,"00003853, 00003854",1941,INV2627000183,TRUE,4,1,0,1,1,0,1,2,2,ACTIVE_WITH_PURCHASE_HISTORY,Keep: Has active purchase/return activity,2
1600N,RUPDARSHI HERITAGE PVT LTD,4334,RD/009160/25-26,,TRUE,1,1,0,0,0,0,1,1,1,ACTIVE_WITH_PURCHASE_HISTORY,Keep: Has active purchase/return activity,0
1601U,RUPDARSHI HERITAGE PVT LTD,1579,RD/009159/25-26,,TRUE,1,1,0,0,0,0,1,1,1,ACTIVE_WITH_PURCHASE_HISTORY,Keep: Has active purchase/return activity,0
1605,RUPDARSHI HERITAGE PVT LTD,4335,RD/009160/25-26,,TRUE,7,1,0,0,0,0,7,7,1,ACTIVE_WITH_PURCHASE_HISTORY,Keep: Has active purchase/return activity,0
16229,KANCHANA,"00001963, 00001964",KANWS25-26-06593,INV2627000076,TRUE,2,1,0,1,1,0,3,4,2,ACTIVE_WITH_PURCHASE_HISTORY,Keep: Has active purchase/return activity,-2
16304,SADBHAVANA ENTERPRISES,5778,12439,INV2627000860,TRUE,1,1,0,1,1,0,0,1,1,ACTIVE_WITH_PURCHASE_HISTORY,Keep: Has active purchase/return activity,0
16304 be,SADBHAVANA ENTERPRISES,5780,12439,,TRUE,1,1,0,0,0,0,1,1,1,ACTIVE_WITH_PURCHASE_HISTORY,Keep: Has active purchase/return activity,0
16304 g,SADBHAVANA ENTERPRISES,5779,12439,INV2627000860,TRUE,1,1,0,1,1,0,0,1,1,ACTIVE_WITH_PURCHASE_HISTORY,Keep: Has active purchase/return activity,0
16304 p,SADBHAVANA ENTERPRISES,5781,12439,INV2627000955,TRUE,1,1,0,1,1,0,0,1,1,ACTIVE_WITH_PURCHASE_HISTORY,Keep: Has active purchase/return activity,0
1632-GREEN,VIMAL CREATION,6792,20-2627,INV2627000742,TRUE,1,1,0,1,1,0,0,1,1,ACTIVE_WITH_PURCHASE_HISTORY,Keep: Has active purchase/return activity,0
1632-PINK,VIMAL CREATION,6791,20-2627,INV2627000233,TRUE,1,1,0,1,1,0,0,1,1,ACTIVE_WITH_PURCHASE_HISTORY,Keep: Has active purchase/return activity,0
164/24,RITWIKA,7653,121/1892/25-26,INV2627000851,TRUE,1,1,0,1,1,0,0,1,1,ACTIVE_WITH_PURCHASE_HISTORY,Keep: Has active purchase/return activity,0
16410,AASHIRVAD HERITAGE PVT LTD,3060,ED/002853/25-26,INV2627000353,TRUE,1,1,0,1,1,0,0,1,1,ACTIVE_WITH_PURCHASE_HISTORY,Keep: Has active purchase/return activity,0
16430,KANCHANA,"00001976, 00001977",KANWS25-26-06591,,TRUE,2,1,0,0,0,0,2,2,2,ACTIVE_WITH_PURCHASE_HISTORY,Keep: Has active purchase/return activity,0
16472,AARI,"00008022, 00008023, 00008024, 00008025",239,,TRUE,8,1,0,0,0,0,10,10,4,ACTIVE_WITH_PURCHASE_HISTORY,Keep: Has active purchase/return activity,-2
16475,AARI,"00009069, 00009070, 00009071, 00009072",63/26-27,,TRUE,4,1,0,0,0,0,4,4,4,ACTIVE_WITH_PURCHASE_HISTORY,Keep: Has active purchase/return activity,0
16475-B,AARI,"00009073, 00009074, 00009075",63/26-27,INV2627000929,TRUE,3,1,0,1,1,0,2,3,3,ACTIVE_WITH_PURCHASE_HISTORY,Keep: Has active purchase/return activity,0
16476,AARI,"00004605, 00004606, 00004607, 00004608",5656/25-26,"INV2627000134, INV2627000167, INV2627000329, INV2627000541, INV2627000564",TRUE,8,1,0,5,5,0,2,6,4,ACTIVE_WITH_PURCHASE_HISTORY,Keep: Has active purchase/return activity,1
16476-2,AARI,"00004609, 00004610",5656/25-26,INV2627000398,TRUE,2,1,0,1,1,0,1,2,2,ACTIVE_WITH_PURCHASE_HISTORY,Keep: Has active purchase/return activity,0
16478,AARI,"00004179, 00004180, 00004181, 00004182, 00004183",5593/25-26,"INV2026000066, INV2026000141, INV2627000281, INV2627000607, INV2627000749, INV2627000888",TRUE,9,1,0,6,6,0,2,7,5,ACTIVE_WITH_PURCHASE_HISTORY,Keep: Has active purchase/return activity,1
16479,AARI,"00004184, 00004185, 00004186, 00004187, 00004188, 00004189, 00004190",5593/25-26,"INV2026000093, INV2026000175, INV2026000203, INV2627000446, INV2627000516, INV2627000579",TRUE,11,1,0,6,6,0,4,9,7,ACTIVE_WITH_PURCHASE_HISTORY,Keep: Has active purchase/return activity,1
16494,KANCHANA,"00001745, 00001746",KANWS25-26-06590,,TRUE,2,1,0,0,0,0,2,2,2,ACTIVE_WITH_PURCHASE_HISTORY,Keep: Has active purchase/return activity,0
165,CHIC BY GAURI,9384,24/202-27,,TRUE,2,1,0,0,0,0,2,2,1,ACTIVE_WITH_PURCHASE_HISTORY,Keep: Has active purchase/return activity,0
16589,KANCHANA,1978,KANWS25-26-06591,,TRUE,1,1,0,0,0,0,1,1,1,ACTIVE_WITH_PURCHASE_HISTORY,Keep: Has active purchase/return activity,0
16601 KS,SADBHAVANA ENTERPRISES,6173,12491,INV2627001003,TRUE,4,1,0,1,1,0,3,4,1,ACTIVE_WITH_PURCHASE_HISTORY,Keep: Has active purchase/return activity,0
16610,KANCHANA,1747,KANWS25-26-06590,,TRUE,1,1,0,0,0,0,1,1,1,ACTIVE_WITH_PURCHASE_HISTORY,Keep: Has active purchase/return activity,0
16675,KANCHANA,1508,KANWS25-26/06597,,TRUE,1,1,0,0,0,0,1,1,1,ACTIVE_WITH_PURCHASE_HISTORY,Keep: Has active purchase/return activity,0
16676,KANCHANA,1509,KANWS25-26/06597,INV2627000433,TRUE,1,1,0,1,1,0,0,1,1,ACTIVE_WITH_PURCHASE_HISTORY,Keep: Has active purchase/return activity,0
16720,KANCHANA,1965,KANWS25-26-06593,,TRUE,1,1,0,0,0,0,1,1,1,ACTIVE_WITH_PURCHASE_HISTORY,Keep: Has active purchase/return activity,0
16721,KANCHANA,1966,KANWS25-26-06593,,TRUE,2,1,0,0,0,0,2,2,1,ACTIVE_WITH_PURCHASE_HISTORY,Keep: Has active purchase/return activity,0
168-1297,DIWANS FASHIONSCAPE,4090,DF/005306/25-26,"INV2627000066, INV2627000817",TRUE,2,1,0,2,2,0,0,2,1,ACTIVE_WITH_PURCHASE_HISTORY,Keep: Has active purchase/return activity,0
168-1369,DIWANS FASHIONSCAPE,4088,DF/005306/25-26,,TRUE,2,1,0,0,0,0,2,2,1,ACTIVE_WITH_PURCHASE_HISTORY,Keep: Has active purchase/return activity,0
16844,KANCHANA,1748,KANWS25-26-06590,,TRUE,1,1,0,0,0,0,1,1,1,ACTIVE_WITH_PURCHASE_HISTORY,Keep: Has active purchase/return activity,0
16856,KANCHANA,"00001777, 00001778",KANWS25-26-06594,,TRUE,2,1,0,0,0,0,2,2,2,ACTIVE_WITH_PURCHASE_HISTORY,Keep: Has active purchase/return activity,0
16857,KANCHANA,1881,KANWS25-26-06592,INV2627000769,TRUE,4,1,0,1,1,0,3,4,1,ACTIVE_WITH_PURCHASE_HISTORY,Keep: Has active purchase/return activity,0
16862-BLUE,FLO WING,"00008743, 00008744, 00008745, 00008746",FW-02893/2627,INV2627000715,TRUE,4,1,0,1,1,0,3,4,4,ACTIVE_WITH_PURCHASE_HISTORY,Keep: Has active purchase/return activity,0
16862-PINK,FLO WING,"00008739, 00008740, 00008741, 00008742",FW-02893/2627,INV2627000847,TRUE,4,1,0,1,1,0,3,4,4,ACTIVE_WITH_PURCHASE_HISTORY,Keep: Has active purchase/return activity,0
169,RUPDARSHI DESIGNS PRIVATE LIMITED,"00003042, 00006310",RDS/006475/25-26,,TRUE,4,1,0,0,0,0,4,4,2,ACTIVE_WITH_PURCHASE_HISTORY,Keep: Has active purchase/return activity,0
16ASU,JDS DESIGN STUDIO PRIVATE LIMITED,4411,JS26-006339,,TRUE,3,1,0,0,0,0,3,3,1,ACTIVE_WITH_PURCHASE_HISTORY,Keep: Has active purchase/return activity,0
17,NIRJA HANDICRAFT ,"00002167, 00002715, 00002809, 00004761","10, 1101, S786","INV2026000081, INV2026000108, INV2627000225, INV2627000238, INV2627000611, INV2627000718, INV2627000904",TRUE,13,3,0,9,7,1,2,5,4,ACTIVE_WITH_PURCHASE_HISTORY,Keep: Has active purchase/return activity,3
17-Jan,NIRJA HANDICRAFT ,8806,S790,,TRUE,1,1,0,0,0,0,1,1,1,ACTIVE_WITH_PURCHASE_HISTORY,Keep: Has active purchase/return activity,0
17-11633,RUHAANI ARTS,7641,RAD/26-27/000080,,TRUE,1,1,1,0,0,0,0,1,1,ACTIVE_WITH_PURCHASE_HISTORY,Keep: Has active purchase/return activity,0
17-M-6,SUNEETA SAREE EMPORIUM ,5806,1060/25-26,,TRUE,1,1,1,0,0,0,0,1,1,ACTIVE_WITH_PURCHASE_HISTORY,Keep: Has active purchase/return activity,0
17-P,ANJALI TRADERS,4528,AT/1882/25-26,,TRUE,1,1,0,0,0,0,1,1,1,ACTIVE_WITH_PURCHASE_HISTORY,Keep: Has active purchase/return activity,0
17/1- EeM,OMAANA,6408,548,,TRUE,1,1,1,0,0,0,0,1,1,ACTIVE_WITH_PURCHASE_HISTORY,Keep: Has active purchase/return activity,0
17-Feb,NEW MODERN CHIKAN,3855,1941,"INV2627000603, INV2627000865",TRUE,2,1,0,2,2,0,0,2,1,ACTIVE_WITH_PURCHASE_HISTORY,Keep: Has active purchase/return activity,0
170,GFIVE DESIGNERS COUTURE PVT.LTD.,5226,GFIVE/2084/25-26,,TRUE,1,1,0,0,0,0,1,1,1,ACTIVE_WITH_PURCHASE_HISTORY,Keep: Has active purchase/return activity,0
17001,SADBHAVANA ENTERPRISES,5771,12439,,TRUE,1,1,0,0,0,0,1,1,1,ACTIVE_WITH_PURCHASE_HISTORY,Keep: Has active purchase/return activity,0
17001 g,SADBHAVANA ENTERPRISES,5772,12439,INV2627000157,TRUE,2,1,0,1,1,0,0,1,1,ACTIVE_WITH_PURCHASE_HISTORY,Keep: Has active purchase/return activity,1
17001 p,SADBHAVANA ENTERPRISES,5774,12439,INV2627000232,TRUE,1,1,0,1,1,0,0,1,1,ACTIVE_WITH_PURCHASE_HISTORY,Keep: Has active purchase/return activity,0
17001 pe,SADBHAVANA ENTERPRISES,5773,12439,,TRUE,1,1,0,0,0,0,1,1,1,ACTIVE_WITH_PURCHASE_HISTORY,Keep: Has active purchase/return activity,0
17002,SADBHAVANA ENTERPRISES,5768,12439,,TRUE,1,1,0,0,0,0,1,1,1,ACTIVE_WITH_PURCHASE_HISTORY,Keep: Has active purchase/return activity,0
17002 g,SADBHAVANA ENTERPRISES,5769,12439,,TRUE,2,1,0,0,0,0,1,1,1,ACTIVE_WITH_PURCHASE_HISTORY,Keep: Has active purchase/return activity,1
17002 p,SADBHAVANA ENTERPRISES,5770,12439,INV2627000542,TRUE,1,1,0,1,1,0,0,1,1,ACTIVE_WITH_PURCHASE_HISTORY,Keep: Has active purchase/return activity,0
17004,SADBHAVANA ENTERPRISES,5775,12439,INV2627000542,TRUE,1,1,0,1,1,0,0,1,1,ACTIVE_WITH_PURCHASE_HISTORY,Keep: Has active purchase/return activity,0
17004 g,SADBHAVANA ENTERPRISES,5776,12439,,TRUE,2,1,0,0,0,0,1,1,1,ACTIVE_WITH_PURCHASE_HISTORY,Keep: Has active purchase/return activity,1
17004 p,SADBHAVANA ENTERPRISES,5777,12439,,TRUE,1,1,0,0,0,0,1,1,1,ACTIVE_WITH_PURCHASE_HISTORY,Keep: Has active purchase/return activity,0
17120 KS,SADBHAVANA ENTERPRISES,6169,12491,INV2627000584,TRUE,4,1,0,1,1,0,3,4,1,ACTIVE_WITH_PURCHASE_HISTORY,Keep: Has active purchase/return activity,0
1718,STRAAVI ENSEMBLES PRIVATE LIMITED,"00001448, 00001449, 00001457, 00001458",SE/005367/25-26,,TRUE,2,1,0,0,0,0,4,4,4,ACTIVE_WITH_PURCHASE_HISTORY,Keep: Has active purchase/return activity,-2
17275,KANCHANA,"00001510, 00001511",KANWS25-26/06597,INV2627000478,TRUE,4,1,0,1,1,0,2,3,2,ACTIVE_WITH_PURCHASE_HISTORY,Keep: Has active purchase/return activity,1
1733,MEHRA SAREE KENDRA ,5497,MSK/2244/2025-26,,TRUE,1,1,0,0,0,0,1,1,1,ACTIVE_WITH_PURCHASE_HISTORY,Keep: Has active purchase/return activity,0
1733-G,MEHRA SAREE KENDRA ,5498,MSK/2244/2025-26,,TRUE,1,1,0,0,0,0,1,1,1,ACTIVE_WITH_PURCHASE_HISTORY,Keep: Has active purchase/return activity,0
1733 gr,MEHRA SAREE KENDRA ,5499,MSK/2244/2025-26,,TRUE,1,1,0,0,0,0,2,2,1,ACTIVE_WITH_PURCHASE_HISTORY,Keep: Has active purchase/return activity,-1
1733 w,MEHRA SAREE KENDRA ,5500,MSK/2244/2025-26,,TRUE,1,1,0,0,0,0,1,1,1,ACTIVE_WITH_PURCHASE_HISTORY,Keep: Has active purchase/return activity,0
17411,KANCHANA,1512,KANWS25-26/06597,,TRUE,1,1,0,0,0,0,1,1,1,ACTIVE_WITH_PURCHASE_HISTORY,Keep: Has active purchase/return activity,0
17524,KANCHANA,1882,KANWS25-26-06592,,TRUE,1,1,0,0,0,0,1,1,1,ACTIVE_WITH_PURCHASE_HISTORY,Keep: Has active purchase/return activity,0
17538,KANCHANA,1804,KANWS25-26-06595,,TRUE,1,1,0,0,0,0,1,1,1,ACTIVE_WITH_PURCHASE_HISTORY,Keep: Has active purchase/return activity,0
1759,SHUBHANGAM-(2022-23),"00005965, 00009652","19911, 266",INV2627000274,TRUE,2,2,0,1,1,0,1,2,2,ACTIVE_WITH_PURCHASE_HISTORY,Keep: Has active purchase/return activity,0
175SU,JDS DESIGN STUDIO PRIVATE LIMITED,"00002977, 00002978",JS26-006341,INV2627000923,TRUE,2,1,0,1,1,0,1,2,2,ACTIVE_WITH_PURCHASE_HISTORY,Keep: Has active purchase/return activity,0
177,RT VILLA PRIVATE LIMITED,3764,8880,INV2627000233,TRUE,1,1,0,1,1,0,0,1,1,ACTIVE_WITH_PURCHASE_HISTORY,Keep: Has active purchase/return activity,0
1784,AASHIRVAD HERITAGE PVT LTD,"00006946, 00006947",AH/009327/25-26,,TRUE,2,1,0,0,0,0,2,2,2,ACTIVE_WITH_PURCHASE_HISTORY,Keep: Has active purchase/return activity,0
1793,AASHIRVAD HERITAGE PVT LTD,5365,AH/008957/25-26,,TRUE,1,1,0,0,0,0,1,1,1,ACTIVE_WITH_PURCHASE_HISTORY,Keep: Has active purchase/return activity,0
17987,KANCHANA,1967,KANWS25-26-06593,,TRUE,2,1,0,0,0,0,2,2,1,ACTIVE_WITH_PURCHASE_HISTORY,Keep: Has active purchase/return activity,0
1799,NILIMA CREATIONS ,"00006286, 00006287, 00006288, 00006289",NCS/003826/25-26,"INV2627000111, INV2627000594",TRUE,4,1,0,2,2,0,2,4,4,ACTIVE_WITH_PURCHASE_HISTORY,Keep: Has active purchase/return activity,0
1799 GR,AWESOME FABS,699,AFGS25-26-003527,,TRUE,1,1,0,0,0,0,1,1,1,ACTIVE_WITH_PURCHASE_HISTORY,Keep: Has active purchase/return activity,0
18,INDDIVOGUE DIVVA LLP ,"00002111, 00002168, 00002716, 00002810, 00004762","10, 1101, 11941, S786, S790","INV2026000032, INV2026000108, INV2026000433, INV2627000754, INV2627000767, INV2627000846, INV2627000885",TRUE,6,5,0,7,7,1,0,5,5,ACTIVE_WITH_PURCHASE_HISTORY,Keep: Has active purchase/return activity,0
18-11136,RUHAANI ARTS,7642,RAD/26-27/000080,,TRUE,1,1,1,0,0,0,0,1,1,ACTIVE_WITH_PURCHASE_HISTORY,Keep: Has active purchase/return activity,0
18-P,ANJALI TRADERS,4529,AT/1882/25-26,,TRUE,1,1,0,0,0,0,1,1,1,ACTIVE_WITH_PURCHASE_HISTORY,Keep: Has active purchase/return activity,0
18-R-60,SUNEETA SAREE EMPORIUM ,5807,1060/25-26,,TRUE,1,1,1,0,0,0,0,1,1,ACTIVE_WITH_PURCHASE_HISTORY,Keep: Has active purchase/return activity,0
18-Jan,NEW MODERN CHIKAN,3872,1942,,TRUE,1,1,0,0,0,0,1,1,1,ACTIVE_WITH_PURCHASE_HISTORY,Keep: Has active purchase/return activity,0
18/1-EeB,OMAANA,6409,548,,TRUE,1,1,1,0,0,0,0,1,1,ACTIVE_WITH_PURCHASE_HISTORY,Keep: Has active purchase/return activity,0
18004,KANCHANA,1968,KANWS25-26-06593,,TRUE,2,1,0,0,0,0,2,2,1,ACTIVE_WITH_PURCHASE_HISTORY,Keep: Has active purchase/return activity,0
1801,AASHIRVAD HERITAGE PVT LTD,5366,AH/008974/25-26,,TRUE,1,1,0,0,0,0,1,1,1,ACTIVE_WITH_PURCHASE_HISTORY,Keep: Has active purchase/return activity,0
1803,NILIMA CREATIONS ,"00006282, 00006283, 00006284, 00006285",NCS/003826/25-26,"INV2026000400, INV2627000403",TRUE,4,1,0,2,2,0,2,4,4,ACTIVE_WITH_PURCHASE_HISTORY,Keep: Has active purchase/return activity,0
18034,KANCHANA,1979,KANWS25-26-06591,,TRUE,1,1,0,0,0,0,1,1,1,ACTIVE_WITH_PURCHASE_HISTORY,Keep: Has active purchase/return activity,0
18035,KANCHANA,"00001749, 00001750",KANWS25-26-06590,,TRUE,2,1,0,0,0,0,2,2,2,ACTIVE_WITH_PURCHASE_HISTORY,Keep: Has active purchase/return activity,0
181,ANANTA EXPORTS,"00001290, 00001291, 00001292, 00001293, 00001294, 00001295, 00001296, 00001297, 00001298, 00001299, 00001300, 00001301",AO1157,"INV2627000238, INV2627000429, INV2627000773",TRUE,12,1,0,3,3,0,9,12,12,ACTIVE_WITH_PURCHASE_HISTORY,Keep: Has active purchase/return activity,0
1812 BLK,AASHIRVAD HERITAGE PVT LTD,5715,AH/009006/25-26,INV2627000367,TRUE,1,1,0,1,1,0,0,1,1,ACTIVE_WITH_PURCHASE_HISTORY,Keep: Has active purchase/return activity,0
1816,SHUBHANGAM-(2022-23),7732,118,INV2627000736,TRUE,1,1,0,1,1,0,0,1,1,ACTIVE_WITH_PURCHASE_HISTORY,Keep: Has active purchase/return activity,0
18240 KS,SADBHAVANA ENTERPRISES,6170,12491,"INV2627000789, INV2627000830",TRUE,3,1,0,2,2,0,1,3,1,ACTIVE_WITH_PURCHASE_HISTORY,Keep: Has active purchase/return activity,0
1826-B,SHAASHVAT DESIGN STUDIO,6309,3922/25-26,INV2627000865,TRUE,1,1,0,1,1,0,0,1,1,ACTIVE_WITH_PURCHASE_HISTORY,Keep: Has active purchase/return activity,0
1826-G,SHAASHVAT DESIGN STUDIO,6307,3922/25-26,,TRUE,1,1,0,0,0,0,1,1,1,ACTIVE_WITH_PURCHASE_HISTORY,Keep: Has active purchase/return activity,0
1826-GR,SHAASHVAT DESIGN STUDIO,6308,3922/25-26,,TRUE,1,1,0,0,0,0,1,1,1,ACTIVE_WITH_PURCHASE_HISTORY,Keep: Has active purchase/return activity,0
18262 KS,SADBHAVANA ENTERPRISES,6166,12491,INV2026000366,TRUE,3,1,0,1,1,0,2,3,1,ACTIVE_WITH_PURCHASE_HISTORY,Keep: Has active purchase/return activity,0
183,ANANTA EXPORTS,"00001308, 00001309, 00001310, 00001311, 00001312, 00001313",AO1157,,TRUE,6,1,0,0,0,0,6,6,6,ACTIVE_WITH_PURCHASE_HISTORY,Keep: Has active purchase/return activity,0
18309,KANCHANA,1513,KANWS25-26/06597,,TRUE,1,1,0,0,0,0,1,1,1,ACTIVE_WITH_PURCHASE_HISTORY,Keep: Has active purchase/return activity,0
18309 KS,SADBHAVANA ENTERPRISES,6168,12491,"INV2627000621, INV2627000817, INV2627000896",TRUE,4,1,0,3,3,0,1,4,1,ACTIVE_WITH_PURCHASE_HISTORY,Keep: Has active purchase/return activity,0
1833,NILIMA CREATIONS ,"00006278, 00006279, 00006280, 00006281",NCS/003826/25-26,"INV2627000516, INV2627000524, INV2627000661",TRUE,4,1,1,3,3,0,0,4,4,ACTIVE_WITH_PURCHASE_HISTORY,Keep: Has active purchase/return activity,0
1849,SHUBHANGAM-(2022-23),"00000068, 00001610, 00007415","234564, 3509/25-26, 83",,TRUE,6,3,0,0,0,0,6,6,3,ACTIVE_WITH_PURCHASE_HISTORY,Keep: Has active purchase/return activity,0
1849 XL,SHAASHVAT DESIGN STUDIO,67,3509/25-26,,TRUE,1,1,0,0,0,0,1,1,1,ACTIVE_WITH_PURCHASE_HISTORY,Keep: Has active purchase/return activity,0
18505,SADBHAVANA ENTERPRISES,5782,12439,INV2627000860,TRUE,1,1,0,1,1,0,0,1,1,ACTIVE_WITH_PURCHASE_HISTORY,Keep: Has active purchase/return activity,0
1851-G,SHAASHVAT DESIGN STUDIO,"00007866, 00007868, 00007876, 00007878",73/26-27,INV2627000909,TRUE,2,1,0,1,1,0,3,4,4,ACTIVE_WITH_PURCHASE_HISTORY,Keep: Has active purchase/return activity,-2
1851-P,SHAASHVAT DESIGN STUDIO,"00007867, 00007877",73/26-27,INV2627000570,TRUE,1,1,0,1,1,0,2,3,2,ACTIVE_WITH_PURCHASE_HISTORY,Keep: Has active purchase/return activity,-2
18516 KS,SADBHAVANA ENTERPRISES,6157,12490,,TRUE,4,1,0,0,0,0,4,4,1,ACTIVE_WITH_PURCHASE_HISTORY,Keep: Has active purchase/return activity,0
1852,V NARBHERAM & CO,"00001611, 00001612",234564,"INV2026000390, INV2026000421",TRUE,8,1,0,2,2,0,2,4,2,ACTIVE_WITH_PURCHASE_HISTORY,Keep: Has active purchase/return activity,4
18525 KS,SADBHAVANA ENTERPRISES,6158,12490,INV2026000374,TRUE,2,1,0,1,1,0,1,2,1,ACTIVE_WITH_PURCHASE_HISTORY,Keep: Has active purchase/return activity,0
1856,MOI CREATION,"00002995, 00002996, 00002997, 00002998, 00002999",711,INV2026000147,TRUE,5,1,0,2,1,0,3,5,5,ACTIVE_WITH_PURCHASE_HISTORY,Keep: Has active purchase/return activity,0
1859,SHUBHANGAM-(2022-23),6814,19967,,TRUE,1,1,0,0,0,0,1,1,1,ACTIVE_WITH_PURCHASE_HISTORY,Keep: Has active purchase/return activity,0
18604,KANCHANA,"00001751, 00001752",KANWS25-26-06590,,TRUE,2,1,0,0,0,0,3,3,2,ACTIVE_WITH_PURCHASE_HISTORY,Keep: Has active purchase/return activity,-1
1861,V NARBHERAM & CO,1572,234565,"INV2627000343, INV2627000412",TRUE,4,1,0,2,2,0,2,4,1,ACTIVE_WITH_PURCHASE_HISTORY,Keep: Has active purchase/return activity,0
1861 GN,SHAASHVAT DESIGN STUDIO,,,,TRUE,0,0,0,0,0,0,0,0,0,SAFE_TO_DELETE_IDLE,"Safe to Delete: No purchases, returns, sales, or stock",0
1861 PINK,SHAASHVAT DESIGN STUDIO,63,3509/25-26,,TRUE,2,1,0,0,0,0,2,2,1,ACTIVE_WITH_PURCHASE_HISTORY,Keep: Has active purchase/return activity,0
1861 PK,SHAASHVAT DESIGN STUDIO,,,,TRUE,0,0,0,0,0,0,0,0,0,SAFE_TO_DELETE_IDLE,"Safe to Delete: No purchases, returns, sales, or stock",0
1861 R,SHAASHVAT DESIGN STUDIO,64,3509/25-26,,TRUE,1,1,0,0,0,0,1,1,1,ACTIVE_WITH_PURCHASE_HISTORY,Keep: Has active purchase/return activity,0
1862SU,JDS DESIGN STUDIO PRIVATE LIMITED,2985,JS26-006341,,TRUE,1,1,0,0,0,0,1,1,1,ACTIVE_WITH_PURCHASE_HISTORY,Keep: Has active purchase/return activity,0
1863,V NARBHERAM & CO,1568,234565,,TRUE,4,1,0,0,0,0,4,4,1,ACTIVE_WITH_PURCHASE_HISTORY,Keep: Has active purchase/return activity,0
18633 KS,SADBHAVANA ENTERPRISES,6163,12490,INV2627000706,TRUE,2,1,0,1,1,0,1,2,1,ACTIVE_WITH_PURCHASE_HISTORY,Keep: Has active purchase/return activity,0
18636 KS,SADBHAVANA ENTERPRISES,6162,12490,"INV2026000366, INV2627000895",TRUE,3,1,0,2,2,0,1,3,1,ACTIVE_WITH_PURCHASE_HISTORY,Keep: Has active purchase/return activity,0
18638 KS,SADBHAVANA ENTERPRISES,6160,12490,"INV2627000066, INV2627000172, INV2627000706",TRUE,3,1,0,3,3,0,0,3,1,ACTIVE_WITH_PURCHASE_HISTORY,Keep: Has active purchase/return activity,0
1864,MOI CREATION,"00005551, 00005552, 00005553, 00005554, 00005555, 00005641, 00005642, 00005643, 00005644, 00005645","721, 767","INV2026000011, INV2026000016, INV2026000058, INV2026000106, INV2026000425, INV2627000087, INV2627000349, INV2627000468",TRUE,10,2,0,8,8,1,3,10,10,ACTIVE_WITH_PURCHASE_HISTORY,Keep: Has active purchase/return activity,0
18640 KS,SADBHAVANA ENTERPRISES,6161,12490,"INV2627000447, INV2627000669, INV2627000706",TRUE,4,1,0,3,3,0,1,4,1,ACTIVE_WITH_PURCHASE_HISTORY,Keep: Has active purchase/return activity,0
18641,SADBHAVANA ENTERPRISES,5783,12439,,TRUE,2,1,0,0,0,0,1,1,1,ACTIVE_WITH_PURCHASE_HISTORY,Keep: Has active purchase/return activity,1
18641 r,SADBHAVANA ENTERPRISES,5784,12439,,TRUE,1,1,0,0,0,0,1,1,1,ACTIVE_WITH_PURCHASE_HISTORY,Keep: Has active purchase/return activity,0
18642,SADBHAVANA ENTERPRISES,5785,12439,INV2627000955,TRUE,1,1,0,1,1,0,0,1,1,ACTIVE_WITH_PURCHASE_HISTORY,Keep: Has active purchase/return activity,0
18642 g,SADBHAVANA ENTERPRISES,5786,12439,,TRUE,1,1,0,0,0,0,1,1,1,ACTIVE_WITH_PURCHASE_HISTORY,Keep: Has active purchase/return activity,0
18642 r,SADBHAVANA ENTERPRISES,5787,12439,INV2627000852,TRUE,1,1,0,1,1,0,0,1,1,ACTIVE_WITH_PURCHASE_HISTORY,Keep: Has active purchase/return activity,0
18646,SADBHAVANA ENTERPRISES,5763,12439,,TRUE,1,1,0,0,0,0,1,1,1,ACTIVE_WITH_PURCHASE_HISTORY,Keep: Has active purchase/return activity,0
18646 b,SADBHAVANA ENTERPRISES,5764,12439,,TRUE,1,1,0,0,0,0,1,1,1,ACTIVE_WITH_PURCHASE_HISTORY,Keep: Has active purchase/return activity,0
18646 g,SADBHAVANA ENTERPRISES,"00005765, 00005767",12439,,TRUE,2,1,0,0,0,0,2,2,2,ACTIVE_WITH_PURCHASE_HISTORY,Keep: Has active purchase/return activity,0
18646 p,SADBHAVANA ENTERPRISES,5766,12439,,TRUE,1,1,0,0,0,0,1,1,1,ACTIVE_WITH_PURCHASE_HISTORY,Keep: Has active purchase/return activity,0
18651,SADBHAVANA ENTERPRISES,5755,12439,,TRUE,1,1,0,0,0,0,1,1,1,ACTIVE_WITH_PURCHASE_HISTORY,Keep: Has active purchase/return activity,0
18651 g,SADBHAVANA ENTERPRISES,5756,12439,INV2627000704,TRUE,1,1,0,1,1,0,0,1,1,ACTIVE_WITH_PURCHASE_HISTORY,Keep: Has active purchase/return activity,0
18651 p,SADBHAVANA ENTERPRISES,5757,12439,,TRUE,1,1,0,0,0,0,1,1,1,ACTIVE_WITH_PURCHASE_HISTORY,Keep: Has active purchase/return activity,0
18651 P,SADBHAVANA ENTERPRISES,5758,12439,,TRUE,1,1,0,0,0,0,1,1,1,ACTIVE_WITH_PURCHASE_HISTORY,Keep: Has active purchase/return activity,0
18651 y,SADBHAVANA ENTERPRISES,5759,12439,,TRUE,1,1,0,0,0,0,1,1,1,ACTIVE_WITH_PURCHASE_HISTORY,Keep: Has active purchase/return activity,0
18656,SADBHAVANA ENTERPRISES,5754,12439,"INV2026000030, INV2627000057, INV2627000704",TRUE,6,1,0,3,3,0,3,6,1,ACTIVE_WITH_PURCHASE_HISTORY,Keep: Has active purchase/return activity,0
18677,SADBHAVANA ENTERPRISES,5760,12439,,TRUE,2,1,0,0,0,0,1,1,1,ACTIVE_WITH_PURCHASE_HISTORY,Keep: Has active purchase/return activity,1
18677 p,SADBHAVANA ENTERPRISES,5762,12439,,TRUE,1,1,0,0,0,0,1,1,1,ACTIVE_WITH_PURCHASE_HISTORY,Keep: Has active purchase/return activity,0
18677 y,SADBHAVANA ENTERPRISES,5761,12439,INV2627000981,TRUE,3,1,0,1,1,0,0,1,1,ACTIVE_WITH_PURCHASE_HISTORY,Keep: Has active purchase/return activity,2
1870,V NARBHERAM & CO,1604,234564,INV2627000183,TRUE,5,1,0,1,1,0,4,5,1,ACTIVE_WITH_PURCHASE_HISTORY,Keep: Has active purchase/return activity,0
18720,KANCHANA,"00001779, 00001780, 00001781",KANWS25-26-06594,,TRUE,3,1,0,0,0,0,3,3,3,ACTIVE_WITH_PURCHASE_HISTORY,Keep: Has active purchase/return activity,0
18723,KANCHANA,"00001843, 00001844",KANWS25-26-06601,INV2026000197,TRUE,2,1,0,1,1,0,1,2,2,ACTIVE_WITH_PURCHASE_HISTORY,Keep: Has active purchase/return activity,0
1876,V NARBHERAM & CO,1593,234564,INV2026000399,TRUE,2,1,0,1,1,0,1,2,1,ACTIVE_WITH_PURCHASE_HISTORY,Keep: Has active purchase/return activity,0
1877,V NARBHERAM & CO,1603,234564,,TRUE,4,1,0,0,0,0,4,4,1,ACTIVE_WITH_PURCHASE_HISTORY,Keep: Has active purchase/return activity,0
1879,MOI CREATION,"00001404, 00001405, 00001406, 00001407, 00001408",,"INV2026000365, INV2627000402",TRUE,0,0,0,2,2,0,3,5,5,ORPHAN_WITH_SALES,Audit: Sold but lacks purchase invoice in database,-5
1879-A,MOI CREATION,"00008835, 00008836, 00008837, 00008838, 00008839",719,,TRUE,5,1,0,0,0,0,5,5,5,ACTIVE_WITH_PURCHASE_HISTORY,Keep: Has active purchase/return activity,0
1885,MOI CREATION,"00003000, 00003001, 00003002, 00003003",711,"INV2026000024, INV2026000311, INV2627000374",TRUE,4,1,0,3,3,0,1,4,4,ACTIVE_WITH_PURCHASE_HISTORY,Keep: Has active purchase/return activity,0
1887,KANCHANA,1845,KANWS25-26-06601,,TRUE,1,1,0,0,0,0,1,1,1,ACTIVE_WITH_PURCHASE_HISTORY,Keep: Has active purchase/return activity,0
18924,KANCHANA,1980,KANWS25-26-06591,,TRUE,1,1,0,0,0,0,1,1,1,ACTIVE_WITH_PURCHASE_HISTORY,Keep: Has active purchase/return activity,0
1897,V NARBHERAM & CO,1609,234564,,TRUE,4,1,0,0,0,0,4,4,1,ACTIVE_WITH_PURCHASE_HISTORY,Keep: Has active purchase/return activity,0
19,SUNRAYS CHIKANKARI LLP,"00002811, 00004763","10, S786","INV2026000112, INV2627000183",TRUE,7,2,0,2,2,0,0,2,2,ACTIVE_WITH_PURCHASE_HISTORY,Keep: Has active purchase/return activity,5
19-1-COBD,OMAANA,6410,548,,TRUE,1,1,1,0,0,0,0,1,1,ACTIVE_WITH_PURCHASE_HISTORY,Keep: Has active purchase/return activity,0
19-R-60,SUNEETA SAREE EMPORIUM ,5808,1060/25-26,,TRUE,1,1,1,0,0,0,0,1,1,ACTIVE_WITH_PURCHASE_HISTORY,Keep: Has active purchase/return activity,0
19-W,ANJALI TRADERS,4530,AT/1882/25-26,,TRUE,1,1,0,0,0,0,1,1,1,ACTIVE_WITH_PURCHASE_HISTORY,Keep: Has active purchase/return activity,0
19-Jan,NEW MODERN CHIKAN,3873,1942,,TRUE,1,1,0,0,0,0,1,1,1,ACTIVE_WITH_PURCHASE_HISTORY,Keep: Has active purchase/return activity,0
190-131,DIWANS FASHIONSCAPE,4091,DF/005306/25-26,"INV2026000100, INV2627000753",TRUE,2,1,0,2,2,0,0,2,1,ACTIVE_WITH_PURCHASE_HISTORY,Keep: Has active purchase/return activity,0
190-163B,DIWANS FASHIONSCAPE,4089,DF/005306/25-26,INV2026000063,TRUE,1,1,0,1,1,0,0,1,1,ACTIVE_WITH_PURCHASE_HISTORY,Keep: Has active purchase/return activity,0
190-203,DIWANS FASHIONSCAPE,4094,DF/005306/25-26,INV2026000243,TRUE,2,1,0,2,1,1,0,2,1,ACTIVE_WITH_PURCHASE_HISTORY,Keep: Has active purchase/return activity,1
190-231,DIWANS FASHIONSCAPE,1627,DF/005305/25-26,"INV2627000147, INV2627000179, INV2627000753",TRUE,3,1,0,3,3,0,0,3,1,ACTIVE_WITH_PURCHASE_HISTORY,Keep: Has active purchase/return activity,0
190-232,DIWANS FASHIONSCAPE,4085,DF/005306/25-26,"INV2026000282, INV2627000043, INV2627000179",TRUE,3,1,0,3,3,0,0,3,1,ACTIVE_WITH_PURCHASE_HISTORY,Keep: Has active purchase/return activity,0
190-233,DIWANS FASHIONSCAPE,4093,DF/005306/25-26,"INV2026000258, INV2627000179",TRUE,2,1,0,2,2,0,0,2,1,ACTIVE_WITH_PURCHASE_HISTORY,Keep: Has active purchase/return activity,0
190-234A,DIWANS FASHIONSCAPE,4092,DF/005306/25-26,INV2627000278,TRUE,2,1,0,1,1,0,1,2,1,ACTIVE_WITH_PURCHASE_HISTORY,Keep: Has active purchase/return activity,0
190-263A,PRATAPSONS HERITAGE HOME PRODUCTION,"00004086, 00009537","01111, DF/005306/25-26","INV2026000288, INV2627000251, INV2627000446",TRUE,4,2,1,3,3,1,1,4,2,ACTIVE_WITH_PURCHASE_HISTORY,Keep: Has active purchase/return activity,0
1901,V NARBHERAM & CO,1563,234565,INV2026000433,TRUE,4,1,0,1,1,0,3,4,1,ACTIVE_WITH_PURCHASE_HISTORY,Keep: Has active purchase/return activity,0
1902,V NARBHERAM & CO,1605,234564,,TRUE,2,1,0,0,0,0,2,2,1,ACTIVE_WITH_PURCHASE_HISTORY,Keep: Has active purchase/return activity,0
1903,V NARBHERAM & CO,1560,234565,"INV2627000343, INV2627000574",TRUE,4,1,0,2,2,0,2,4,1,ACTIVE_WITH_PURCHASE_HISTORY,Keep: Has active purchase/return activity,0
1905,V NARBHERAM & CO,1573,234565,,TRUE,4,1,0,0,0,0,4,4,1,ACTIVE_WITH_PURCHASE_HISTORY,Keep: Has active purchase/return activity,0
1906,V NARBHERAM & CO,1608,234564,INV2627000446,TRUE,4,1,0,1,1,0,3,4,1,ACTIVE_WITH_PURCHASE_HISTORY,Keep: Has active purchase/return activity,0
19078,KANCHANA,1753,KANWS25-26-06590,,TRUE,1,1,0,0,0,0,1,1,1,ACTIVE_WITH_PURCHASE_HISTORY,Keep: Has active purchase/return activity,0
19154,KANCHANA,1846,KANWS25-26-06601,,TRUE,1,1,0,0,0,0,1,1,1,ACTIVE_WITH_PURCHASE_HISTORY,Keep: Has active purchase/return activity,0
1920,VANNIKAA MALIK,8110,VM-0163/2026-27,,TRUE,1,1,0,0,0,0,1,1,1,ACTIVE_WITH_PURCHASE_HISTORY,Keep: Has active purchase/return activity,0
19279,KANCHANA,"00001981, 00001982",KANWS25-26-06591,,TRUE,2,1,0,0,0,0,2,2,2,ACTIVE_WITH_PURCHASE_HISTORY,Keep: Has active purchase/return activity,0
1928,SHUBHANGAM FINERY PVT. LTD.,9015,194,,TRUE,1,1,0,0,0,0,1,1,1,ACTIVE_WITH_PURCHASE_HISTORY,Keep: Has active purchase/return activity,0
19280,KANCHANA,"00001983, 00001984, 00001985",KANWS25-26-06591,,TRUE,3,1,0,0,0,0,3,3,3,ACTIVE_WITH_PURCHASE_HISTORY,Keep: Has active purchase/return activity,0
19379,KANCHANA,1805,KANWS25-26-06595,,TRUE,2,1,0,0,0,0,2,2,1,ACTIVE_WITH_PURCHASE_HISTORY,Keep: Has active purchase/return activity,0
1946,SHAASHVAT DESIGN STUDIO,53,3509/25-26,INV2627000103,TRUE,1,1,0,1,1,0,0,1,1,ACTIVE_WITH_PURCHASE_HISTORY,Keep: Has active purchase/return activity,0
1946 XL,SHAASHVAT DESIGN STUDIO,54,3509/25-26,INV2627000255,TRUE,1,1,0,1,1,0,0,1,1,ACTIVE_WITH_PURCHASE_HISTORY,Keep: Has active purchase/return activity,0
1947,MOI CREATION,"00005971, 00005972, 00005973",778,INV2026000146,TRUE,3,1,0,1,1,0,2,3,3,ACTIVE_WITH_PURCHASE_HISTORY,Keep: Has active purchase/return activity,0
19475,KANCHANA,1806,KANWS25-26-06595,INV2627000195,TRUE,3,1,0,1,1,0,2,3,1,ACTIVE_WITH_PURCHASE_HISTORY,Keep: Has active purchase/return activity,0
195,R.F. DESIGNERS,6649,2627,INV2627000061,TRUE,1,1,0,1,1,0,0,1,1,ACTIVE_WITH_PURCHASE_HISTORY,Keep: Has active purchase/return activity,0
1950-B,SHAASHVAT DESIGN STUDIO,"00007349, 00007350",37/26-27,,TRUE,2,1,0,0,0,0,2,2,2,ACTIVE_WITH_PURCHASE_HISTORY,Keep: Has active purchase/return activity,0
1950-G,SHAASHVAT DESIGN STUDIO,7348,37/26-27,,TRUE,1,1,0,0,0,0,1,1,1,ACTIVE_WITH_PURCHASE_HISTORY,Keep: Has active purchase/return activity,0
1950-P,SHAASHVAT DESIGN STUDIO,7347,37/26-27,INV2627000791,TRUE,1,1,0,1,1,0,0,1,1,ACTIVE_WITH_PURCHASE_HISTORY,Keep: Has active purchase/return activity,0
19525,KANCHANA,1754,KANWS25-26-06590,,TRUE,1,1,0,0,0,0,1,1,1,ACTIVE_WITH_PURCHASE_HISTORY,Keep: Has active purchase/return activity,0
1955,SHAASHVAT DESIGN STUDIO,5817,3803/25-26,,TRUE,1,1,0,0,0,0,1,1,1,ACTIVE_WITH_PURCHASE_HISTORY,Keep: Has active purchase/return activity,0
1955-G,SHAASHVAT DESIGN STUDIO,5815,3803/25-26,,TRUE,1,1,0,0,0,0,1,1,1,ACTIVE_WITH_PURCHASE_HISTORY,Keep: Has active purchase/return activity,0
1955-R,SHAASHVAT DESIGN STUDIO,5816,3803/25-26,,TRUE,1,1,0,0,0,0,1,1,1,ACTIVE_WITH_PURCHASE_HISTORY,Keep: Has active purchase/return activity,0
19584,KANCHANA,1986,KANWS25-26-06591,,TRUE,1,1,0,0,0,0,1,1,1,ACTIVE_WITH_PURCHASE_HISTORY,Keep: Has active purchase/return activity,0
19612,KANCHANA,"00001755, 00001756",KANWS25-26-06590,,TRUE,2,1,0,0,0,0,2,2,2,ACTIVE_WITH_PURCHASE_HISTORY,Keep: Has active purchase/return activity,0
1963,MOI CREATION,"00005431, 00005432, 00005433, 00005434",758,"INV2026000108, INV2026000205, INV2627000861",TRUE,4,1,0,3,3,1,1,4,4,ACTIVE_WITH_PURCHASE_HISTORY,Keep: Has active purchase/return activity,1
196SU,JDS DESIGN STUDIO PRIVATE LIMITED,2991,JS26-006341,INV2627000552,TRUE,3,1,0,1,1,0,2,3,1,ACTIVE_WITH_PURCHASE_HISTORY,Keep: Has active purchase/return activity,0
197,ANAAYA CREATIONS,3110,283/25-26,,TRUE,1,1,0,0,0,0,1,1,1,ACTIVE_WITH_PURCHASE_HISTORY,Keep: Has active purchase/return activity,0
1970-RED,VIMAL CREATION,6795,20-2627,,TRUE,1,1,0,0,0,0,1,1,1,ACTIVE_WITH_PURCHASE_HISTORY,Keep: Has active purchase/return activity,0
1971,MOI CREATION,"00006183, 00006184, 00006185",787,INV2627000983,TRUE,3,1,0,1,1,0,2,3,3,ACTIVE_WITH_PURCHASE_HISTORY,Keep: Has active purchase/return activity,0
1972A-GREEN,VIMAL CREATION,6797,20-2627,,TRUE,1,1,1,0,0,0,0,1,1,ACTIVE_WITH_PURCHASE_HISTORY,Keep: Has active purchase/return activity,0
1972A-PURPLE,VIMAL CREATION,6796,20-2627,INV2627000569,TRUE,1,1,0,1,1,0,0,1,1,ACTIVE_WITH_PURCHASE_HISTORY,Keep: Has active purchase/return activity,0
19742,KANCHANA,1847,KANWS25-26-06601,,TRUE,1,1,0,0,0,0,1,1,1,ACTIVE_WITH_PURCHASE_HISTORY,Keep: Has active purchase/return activity,0
1977,MOI CREATION,"00002289, 00002290, 00002291, 00002292, 00002293",737,"INV2026000090, INV2026000106, INV2026000123, INV2627000072, INV2627000258",TRUE,5,1,0,5,5,0,2,7,5,ACTIVE_WITH_PURCHASE_HISTORY,Keep: Has active purchase/return activity,-2
19788,KANCHANA,"00001987, 00001988, 00001989",KANWS25-26-06591,,TRUE,3,1,0,0,0,0,3,3,3,ACTIVE_WITH_PURCHASE_HISTORY,Keep: Has active purchase/return activity,0
19817,KANCHANA,"00001757, 00001758",KANWS25-26-06590,,TRUE,2,1,0,0,0,0,2,2,2,ACTIVE_WITH_PURCHASE_HISTORY,Keep: Has active purchase/return activity,0
19829,KANCHANA,1759,KANWS25-26-06590,,TRUE,1,1,0,0,0,0,1,1,1,ACTIVE_WITH_PURCHASE_HISTORY,Keep: Has active purchase/return activity,0
1983,MOI CREATION,"00003004, 00003005, 00003006, 00003007, 00003008",711,"INV2026000036, INV2026000037, INV2026000079",TRUE,5,1,0,3,3,0,2,5,5,ACTIVE_WITH_PURCHASE_HISTORY,Keep: Has active purchase/return activity,0
1983-02,MOI CREATION,"00003009, 00003010, 00003011, 00003012, 00003013",711,,TRUE,5,1,0,0,0,0,5,5,5,ACTIVE_WITH_PURCHASE_HISTORY,Keep: Has active purchase/return activity,0
1984,MOI CREATION,"00003014, 00003015, 00003016, 00003017, 00003018, 00009145, 00009146","043, 711","INV2026000130, INV2026000211, INV2627000012, INV2627000715",TRUE,7,2,0,4,4,0,3,7,7,ACTIVE_WITH_PURCHASE_HISTORY,Keep: Has active purchase/return activity,0
1984-02,MOI CREATION,"00003029, 00003030, 00003031, 00003032, 00003033",711,"INV2627000187, INV2627000665, INV2627000796, INV2627000801, INV2627000995",TRUE,5,1,0,5,5,0,0,5,5,ACTIVE_WITH_PURCHASE_HISTORY,Keep: Has active purchase/return activity,0
19850,KANCHANA,1892,KANWS25-26-06600,,TRUE,1,1,0,0,0,0,1,1,1,ACTIVE_WITH_PURCHASE_HISTORY,Keep: Has active purchase/return activity,0
1987-01,SHAASHVAT DESIGN STUDIO,8993,171/26-27,,TRUE,1,1,0,0,0,0,1,1,1,ACTIVE_WITH_PURCHASE_HISTORY,Keep: Has active purchase/return activity,0
1987-02,SHAASHVAT DESIGN STUDIO,8994,171/26-27,INV2627000859,TRUE,1,1,0,1,1,0,0,1,1,ACTIVE_WITH_PURCHASE_HISTORY,Keep: Has active purchase/return activity,0
1987-03,SHAASHVAT DESIGN STUDIO,8995,171/26-27,INV2627000829,TRUE,1,1,0,1,1,0,0,1,1,ACTIVE_WITH_PURCHASE_HISTORY,Keep: Has active purchase/return activity,0
1988-PINK,VIMAL CREATION,6790,20-2627,INV2627000589,TRUE,1,1,0,1,1,0,0,1,1,ACTIVE_WITH_PURCHASE_HISTORY,Keep: Has active purchase/return activity,0
19880,KANCHANA,1848,KANWS25-26-06601,INV2026000166,TRUE,1,1,0,1,1,0,0,1,1,ACTIVE_WITH_PURCHASE_HISTORY,Keep: Has active purchase/return activity,0
19917,KANCHANA,1883,KANWS25-26-06592,,TRUE,2,1,0,0,0,0,2,2,1,ACTIVE_WITH_PURCHASE_HISTORY,Keep: Has active purchase/return activity,0
1993,SHAASHVAT DESIGN STUDIO,50,3509/25-26,,TRUE,1,1,0,0,0,0,1,1,1,ACTIVE_WITH_PURCHASE_HISTORY,Keep: Has active purchase/return activity,0
1994-01,SHAASHVAT DESIGN STUDIO,9282,245/26-27,,TRUE,1,1,0,0,0,0,1,1,1,ACTIVE_WITH_PURCHASE_HISTORY,Keep: Has active purchase/return activity,0
1994-02,SHAASHVAT DESIGN STUDIO,9283,245/26-27,,TRUE,1,1,0,0,0,0,1,1,1,ACTIVE_WITH_PURCHASE_HISTORY,Keep: Has active purchase/return activity,0
1994-03,SHAASHVAT DESIGN STUDIO,9284,245/26-27,,TRUE,1,1,0,0,0,0,1,1,1,ACTIVE_WITH_PURCHASE_HISTORY,Keep: Has active purchase/return activity,0
1995-RANI,VIMAL CREATION,6789,20-2627,,TRUE,1,1,1,0,0,0,0,1,1,ACTIVE_WITH_PURCHASE_HISTORY,Keep: Has active purchase/return activity,0
19950,KANCHANA,"00001990, 00001991",KANWS25-26-06591,INV2627000445,TRUE,2,1,0,1,1,0,1,2,2,ACTIVE_WITH_PURCHASE_HISTORY,Keep: Has active purchase/return activity,0
19951,KANCHANA,1514,KANWS25-26/06597,INV2627000027,TRUE,1,1,0,1,1,0,0,1,1,ACTIVE_WITH_PURCHASE_HISTORY,Keep: Has active purchase/return activity,0
1997-01,SHAASHVAT DESIGN STUDIO,8991,171/26-27,,TRUE,1,1,0,0,0,0,1,1,1,ACTIVE_WITH_PURCHASE_HISTORY,Keep: Has active purchase/return activity,0
1997-02,SHAASHVAT DESIGN STUDIO,8992,171/26-27,,TRUE,1,1,0,0,0,0,1,1,1,ACTIVE_WITH_PURCHASE_HISTORY,Keep: Has active purchase/return activity,0
1998,MOI CREATION,"00002294, 00002295, 00002296, 00002297, 00002298",737,"INV2026000185, INV2627000644, INV2627000896",TRUE,5,1,0,3,3,0,4,7,5,ACTIVE_WITH_PURCHASE_HISTORY,Keep: Has active purchase/return activity,-2
1999-PURPLE,VIMAL CREATION,6793,20-2627,,TRUE,1,1,0,0,0,0,1,1,1,ACTIVE_WITH_PURCHASE_HISTORY,Keep: Has active purchase/return activity,0
19SU,JDS DESIGN STUDIO PRIVATE LIMITED,2986,JS26-006341,,TRUE,2,1,0,0,0,0,2,2,1,ACTIVE_WITH_PURCHASE_HISTORY,Keep: Has active purchase/return activity,0
1A,JAMIL BANDHEJ SAREE,4831,2025-2026/789,,TRUE,8,1,0,0,0,0,18,18,1,ACTIVE_WITH_PURCHASE_HISTORY,Keep: Has active purchase/return activity,-10
1B,NIRMAL CREATIONS,364,NC/009558/25-26,,TRUE,1,1,0,0,0,0,1,1,1,ACTIVE_WITH_PURCHASE_HISTORY,Keep: Has active purchase/return activity,0
2,SRI GANESH CREATIONS ,"00000367, 00002152, 00002700, 00002794, 00004379, 00004381, 00004591, 00004637, 00004643, 00004648, 00004689, 00004746, 00004833, 00005627, 00005657, 00005888, 00006896, 00006953, 00007069, 00007071, 00007493","05/04/2026, 08, 10, 1100, 1746/25-26, 1747/25-26, 1752/25-26, 1753/25-26, 1760/25-26, 1762/25-26, 1793/-25-26, 2, 2025-2026/789, 489, EW/0001092/25-26, FLD/00786/25-26, HETPL/2273, NC/009556/25-26, S, S786, S790","INV2026000301, INV2026000387, INV2627000078, INV2627000242, INV2627000324, INV2627000352, INV2627000463, INV2627000569, INV2627000709, INV2627000846, INV2627001010",TRUE,90,21,1,11,11,1,65,77,21,ACTIVE_WITH_PURCHASE_HISTORY,Keep: Has active purchase/return activity,14
2- LAHARIYA,M. F. CREATION,9426,311,INV2627000927,TRUE,3,1,0,1,1,0,2,3,1,ACTIVE_WITH_PURCHASE_HISTORY,Keep: Has active purchase/return activity,0
2-15673,RUHAANI ARTS,7622,RAD/26-27/000080,INV2627000698,TRUE,1,1,0,1,1,0,0,1,1,ACTIVE_WITH_PURCHASE_HISTORY,Keep: Has active purchase/return activity,0
Feb-95,TANEJA APPARELS P LTD,7397,268,,TRUE,1,1,0,0,0,0,1,1,1,ACTIVE_WITH_PURCHASE_HISTORY,Keep: Has active purchase/return activity,0
Feb-35,TULIPS ,5414,25-26/3360,,TRUE,1,1,0,0,0,0,1,1,1,ACTIVE_WITH_PURCHASE_HISTORY,Keep: Has active purchase/return activity,0
2-323,SUNEETA SAREE EMPORIUM ,5791,1060/25-26,,TRUE,1,1,1,0,0,0,0,1,1,ACTIVE_WITH_PURCHASE_HISTORY,Keep: Has active purchase/return activity,0
Feb-36,VIMAL CREATION,6756,21-2627,,TRUE,1,1,1,0,0,0,0,1,1,ACTIVE_WITH_PURCHASE_HISTORY,Keep: Has active purchase/return activity,0
2-4736-P,VIMAL CREATION,6757,21-2627,,TRUE,1,1,1,0,0,0,0,1,1,ACTIVE_WITH_PURCHASE_HISTORY,Keep: Has active purchase/return activity,0
2-BLACK,CHIC BY GAURI,7552,10/2026-27,INV2627000914,TRUE,1,1,0,1,1,0,0,1,1,ACTIVE_WITH_PURCHASE_HISTORY,Keep: Has active purchase/return activity,0
2-BROWN,CHIC BY GAURI,"00007550, 00007553",,INV2627000787,TRUE,0,0,0,2,1,0,1,2,2,ORPHAN_WITH_SALES,Audit: Sold but lacks purchase invoice in database,-3
2-BROWN-01,CHIC BY GAURI,8809,10/2026-27,INV2627000849,TRUE,3,1,0,1,1,0,0,1,1,ACTIVE_WITH_PURCHASE_HISTORY,Keep: Has active purchase/return activity,2
2-C1008,RUCHIKA DESIGN STUDIO,5880,FY25-26/3411,INV2026000147,TRUE,1,1,0,1,1,0,0,1,1,ACTIVE_WITH_PURCHASE_HISTORY,Keep: Has active purchase/return activity,0
2-C987,FABRICMART LLP ,"00003893, 00005230",FY25-26/3313,,TRUE,1,1,0,0,0,0,2,2,2,ACTIVE_WITH_PURCHASE_HISTORY,Keep: Has active purchase/return activity,-1
2-G,ANJALI TRADERS,4500,AT/1882/25-26,,TRUE,1,1,0,0,0,0,1,1,1,ACTIVE_WITH_PURCHASE_HISTORY,Keep: Has active purchase/return activity,0
2-MULTI,CHIC BY GAURI,7554,10/2026-27,"INV2627000701, INV2627000797",TRUE,2,1,0,2,2,0,0,2,1,ACTIVE_WITH_PURCHASE_HISTORY,Keep: Has active purchase/return activity,0
2-P,ANJALI TRADERS,4501,AT/1882/25-26,,TRUE,1,1,0,0,0,0,1,1,1,ACTIVE_WITH_PURCHASE_HISTORY,Keep: Has active purchase/return activity,0
2-R,ANJALI TRADERS,4502,AT/1882/25-26,,TRUE,1,1,0,0,0,0,1,1,1,ACTIVE_WITH_PURCHASE_HISTORY,Keep: Has active purchase/return activity,0
2-WHITE,CHIC BY GAURI,"00007549, 00007551",10/2026-27,"INV2627000439, INV2627000834, INV2627000846, INV2627000848",TRUE,4,1,0,4,4,0,0,4,2,ACTIVE_WITH_PURCHASE_HISTORY,Keep: Has active purchase/return activity,0
2 C,NIRMAL CREATIONS,411,NC/009557/25-26,INV2627000015,TRUE,1,1,0,1,1,0,0,1,1,ACTIVE_WITH_PURCHASE_HISTORY,Keep: Has active purchase/return activity,0
02-Jan,SARVADA JAIPUR,"00005330, 00005359, 00008787","2011, 2023, SJ/26-27/188",,TRUE,3,3,2,0,0,0,1,3,3,ACTIVE_WITH_PURCHASE_HISTORY,Keep: Has active purchase/return activity,0
2/1-B,KUTCH BANDHEJ-NX,5390,2026,,TRUE,1,1,1,0,0,0,0,1,1,ACTIVE_WITH_PURCHASE_HISTORY,Keep: Has active purchase/return activity,0
2/1-EDJ,OMAANA,6391,548,,TRUE,1,1,1,0,0,0,0,1,1,ACTIVE_WITH_PURCHASE_HISTORY,Keep: Has active purchase/return activity,0
2/1-K P N,KUTCH BANDHEJ-NX,6051,2010,,TRUE,1,1,1,0,0,0,0,1,1,ACTIVE_WITH_PURCHASE_HISTORY,Keep: Has active purchase/return activity,0
2/1 -BS,KUTCH BANDHEJ-NX,,,,TRUE,0,0,0,0,0,0,0,0,0,SAFE_TO_DELETE_IDLE,"Safe to Delete: No purchases, returns, sales, or stock",0
02-Feb,KUTCH BANDHEJ-NX,5985,2021,,TRUE,2,1,2,0,0,0,0,2,1,ACTIVE_WITH_PURCHASE_HISTORY,Keep: Has active purchase/return activity,0
2/2- H J,KUTCH BANDHEJ-NX,6044,2024,INV2627000767,TRUE,2,1,0,1,1,0,1,2,1,ACTIVE_WITH_PURCHASE_HISTORY,Keep: Has active purchase/return activity,0
2/2-B,KUTCH BANDHEJ-NX,5398,2025,,TRUE,1,1,1,0,0,0,0,1,1,ACTIVE_WITH_PURCHASE_HISTORY,Keep: Has active purchase/return activity,0
02-Mar,UMMED SAREE CENTRE NX,3307,3431,"INV2627000746, INV2627000867",TRUE,3,1,0,2,2,0,1,3,1,ACTIVE_WITH_PURCHASE_HISTORY,Keep: Has active purchase/return activity,0
02-Apr,HANDLOOM EMPORIUM TEXT.PRT.LTD,5091,HETPL/2233,,TRUE,4,1,0,0,0,0,4,4,1,ACTIVE_WITH_PURCHASE_HISTORY,Keep: Has active purchase/return activity,0
2/4-N,KUTCH BANDHEJ-NX,5388,2022,INV2627000742,TRUE,4,1,1,1,1,0,2,4,1,ACTIVE_WITH_PURCHASE_HISTORY,Keep: Has active purchase/return activity,0
02-May,KUTCH BANDHEJ-NX,"00003838, 00003839, 00005126, 00005369","1941, 2014, GST-02054-25-26","INV2627000430, INV2627000469, INV2627000978, INV2627001006",TRUE,15,3,0,4,4,0,9,13,4,ACTIVE_WITH_PURCHASE_HISTORY,Keep: Has active purchase/return activity,2
2/7-MJ,KUTCH BANDHEJ-NX,5448,2009,"INV2026000334, INV2627000055",TRUE,7,1,2,2,2,0,3,7,1,ACTIVE_WITH_PURCHASE_HISTORY,Keep: Has active purchase/return activity,0
2/9- CHNDRI,GEETANJALI PRINTS ,6423,GP/2025-26/0157,"INV2026000014, INV2026000314, INV2026000315, INV2627000028, INV2627000479",TRUE,9,1,0,5,5,0,4,9,1,ACTIVE_WITH_PURCHASE_HISTORY,Keep: Has active purchase/return activity,0
20,SADBHAVANA ENTERPRISES,"00002107, 00002812, 00004764, 00009150","10, 11941, 123, S786",,TRUE,4,4,0,0,0,0,4,4,4,ACTIVE_WITH_PURCHASE_HISTORY,Keep: Has active purchase/return activity,0
20-1-R,SUNEETA SAREE EMPORIUM ,5809,1060/25-26,,TRUE,1,1,1,0,0,0,0,1,1,ACTIVE_WITH_PURCHASE_HISTORY,Keep: Has active purchase/return activity,0
20-P,ANJALI TRADERS,4531,AT/1882/25-26,,TRUE,1,1,0,0,0,0,1,1,1,ACTIVE_WITH_PURCHASE_HISTORY,Keep: Has active purchase/return activity,0
20-Jan,NEW MODERN CHIKAN,3874,1942,,TRUE,1,1,0,0,0,0,1,1,1,ACTIVE_WITH_PURCHASE_HISTORY,Keep: Has active purchase/return activity,0
20/1-BOBD,OMAANA,6411,548,,TRUE,1,1,1,0,0,0,0,1,1,ACTIVE_WITH_PURCHASE_HISTORY,Keep: Has active purchase/return activity,0
200-A,TULIPS ,7331,S/0079,,TRUE,1,1,0,0,0,0,1,1,1,ACTIVE_WITH_PURCHASE_HISTORY,Keep: Has active purchase/return activity,0
200-B,TULIPS ,7332,S/0079,,TRUE,1,1,0,0,0,0,1,1,1,ACTIVE_WITH_PURCHASE_HISTORY,Keep: Has active purchase/return activity,0
200-G,TULIPS ,"00007333, 00007334",S/0079,"INV2627000604, INV2627000686",TRUE,2,1,0,2,2,0,0,2,2,ACTIVE_WITH_PURCHASE_HISTORY,Keep: Has active purchase/return activity,0
2001,MOI CREATION,"00001412, 00001413",719,"INV2627000012, INV2627000218",TRUE,2,1,0,2,2,0,0,2,2,ACTIVE_WITH_PURCHASE_HISTORY,Keep: Has active purchase/return activity,0
2002,SHAASHVAT DESIGN STUDIO,69,3509/25-26,,TRUE,2,1,0,0,0,0,2,2,1,ACTIVE_WITH_PURCHASE_HISTORY,Keep: Has active purchase/return activity,0
2002 GN,SHAASHVAT DESIGN STUDIO,,,,TRUE,0,0,0,0,0,0,0,0,0,SAFE_TO_DELETE_IDLE,"Safe to Delete: No purchases, returns, sales, or stock",0
2003,SHAASHVAT DESIGN STUDIO,404,3600/25-26,INV2627000082,TRUE,1,1,0,1,1,0,0,1,1,ACTIVE_WITH_PURCHASE_HISTORY,Keep: Has active purchase/return activity,0
2003XL,SHAASHVAT DESIGN STUDIO,405,3600/25-26,INV2026000395,TRUE,1,1,0,1,1,0,0,1,1,ACTIVE_WITH_PURCHASE_HISTORY,Keep: Has active purchase/return activity,0
20048,KANCHANA,1849,KANWS25-26-06601,,TRUE,1,1,0,0,0,0,1,1,1,ACTIVE_WITH_PURCHASE_HISTORY,Keep: Has active purchase/return activity,0
20089,KANCHANA,1782,KANWS25-26-06594,,TRUE,2,1,0,0,0,0,2,2,1,ACTIVE_WITH_PURCHASE_HISTORY,Keep: Has active purchase/return activity,0
20123,KANCHANA,1893,KANWS25-26-06600,,TRUE,1,1,0,0,0,0,1,1,1,ACTIVE_WITH_PURCHASE_HISTORY,Keep: Has active purchase/return activity,0
2014,MOI CREATION,"00003019, 00003020, 00003021, 00003022, 00003023",711,INV2627000374,TRUE,5,1,0,1,1,0,4,5,5,ACTIVE_WITH_PURCHASE_HISTORY,Keep: Has active purchase/return activity,0
2015,SHAASHVAT DESIGN STUDIO,51,3509/25-26,,TRUE,1,1,0,0,0,0,1,1,1,ACTIVE_WITH_PURCHASE_HISTORY,Keep: Has active purchase/return activity,0
2015 B,SHAASHVAT DESIGN STUDIO,52,3509/25-26,,TRUE,1,1,0,0,0,0,1,1,1,ACTIVE_WITH_PURCHASE_HISTORY,Keep: Has active purchase/return activity,0
2020-01,SHAASHVAT DESIGN STUDIO,9277,245/26-27,,TRUE,1,1,0,0,0,0,1,1,1,ACTIVE_WITH_PURCHASE_HISTORY,Keep: Has active purchase/return activity,0
2020-02,SHAASHVAT DESIGN STUDIO,9278,245/26-27,,TRUE,1,1,0,0,0,0,1,1,1,ACTIVE_WITH_PURCHASE_HISTORY,Keep: Has active purchase/return activity,0
2020-03,SHAASHVAT DESIGN STUDIO,9279,245/26-27,,TRUE,1,1,0,0,0,0,1,1,1,ACTIVE_WITH_PURCHASE_HISTORY,Keep: Has active purchase/return activity,0
20201,SHREE VISHWANATH SAREES PVT LTD,2836,25-26/1506,,TRUE,3,1,0,0,0,0,3,3,1,ACTIVE_WITH_PURCHASE_HISTORY,Keep: Has active purchase/return activity,0
20206,SHREE VISHWANATH SAREES PVT LTD,2834,25-26/1506,,TRUE,2,1,0,0,0,0,2,2,1,ACTIVE_WITH_PURCHASE_HISTORY,Keep: Has active purchase/return activity,0
20208,SHREE VISHWANATH SAREES PVT LTD,2835,25-26/1506,,TRUE,1,1,0,0,0,0,1,1,1,ACTIVE_WITH_PURCHASE_HISTORY,Keep: Has active purchase/return activity,0
2021,SHAASHVAT DESIGN STUDIO,57,3509/25-26,,TRUE,2,1,0,0,0,0,1,1,1,ACTIVE_WITH_PURCHASE_HISTORY,Keep: Has active purchase/return activity,1
2021 XL,SHAASHVAT DESIGN STUDIO,58,3509/25-26,,TRUE,1,1,0,0,0,0,1,1,1,ACTIVE_WITH_PURCHASE_HISTORY,Keep: Has active purchase/return activity,0
20210,SHREE VISHWANATH SAREES PVT LTD,2837,25-26/1506,,TRUE,4,1,0,0,0,0,4,4,1,ACTIVE_WITH_PURCHASE_HISTORY,Keep: Has active purchase/return activity,0
202107 (BEIGE),LINEN AND LINENS PVT LTD,"00000594, 00000595, 00000596, 00000597, 00000598",21286,,TRUE,5,1,6,0,0,0,0,5,5,ACTIVE_WITH_PURCHASE_HISTORY,Keep: Has active purchase/return activity,-1
202107 (GREY),LINEN AND LINENS PVT LTD,"00000589, 00000590, 00000591, 00000592, 00000593",21286,,TRUE,5,1,5,0,0,0,0,5,5,ACTIVE_WITH_PURCHASE_HISTORY,Keep: Has active purchase/return activity,0
202107 (WHITE),LINEN AND LINENS PVT LTD,"00000604, 00000605, 00000606, 00000607, 00000608",21286,,TRUE,5,1,5,0,0,0,0,5,5,ACTIVE_WITH_PURCHASE_HISTORY,Keep: Has active purchase/return activity,0
202107 BLACK,LINEN AND LINENS PVT LTD,"00000574, 00000575, 00000576, 00000577, 00000578",21286,,TRUE,5,1,5,0,0,0,0,5,5,ACTIVE_WITH_PURCHASE_HISTORY,Keep: Has active purchase/return activity,0
202107 BLUE,LINEN AND LINENS PVT LTD,"00000579, 00000580, 00000581, 00000582, 00000583",21286,,TRUE,5,1,5,0,0,0,0,5,5,ACTIVE_WITH_PURCHASE_HISTORY,Keep: Has active purchase/return activity,0
202107 PEACH,LINEN AND LINENS PVT LTD,"00000584, 00000585, 00000586, 00000587, 00000588",21286,,TRUE,5,1,5,0,0,0,0,5,5,ACTIVE_WITH_PURCHASE_HISTORY,Keep: Has active purchase/return activity,0
202107 PINK,LINEN AND LINENS PVT LTD,"00000599, 00000600, 00000601, 00000602, 00000603",21286,,TRUE,5,1,5,0,0,0,0,5,5,ACTIVE_WITH_PURCHASE_HISTORY,Keep: Has active purchase/return activity,0
2024-01,SHAASHVAT DESIGN STUDIO,9280,245/26-27,INV2627001027,TRUE,1,1,0,1,1,0,0,1,1,ACTIVE_WITH_PURCHASE_HISTORY,Keep: Has active purchase/return activity,0
2024-02,SHAASHVAT DESIGN STUDIO,9281,245/26-27,,TRUE,1,1,0,0,0,0,1,1,1,ACTIVE_WITH_PURCHASE_HISTORY,Keep: Has active purchase/return activity,0
20265,SHREE VISHWANATH SAREES PVT LTD,"00002831, 00002832, 00002833",25-26/1506,,TRUE,3,1,0,0,0,0,3,3,3,ACTIVE_WITH_PURCHASE_HISTORY,Keep: Has active purchase/return activity,0
20266,SHREE VISHWANATH SAREES PVT LTD,2830,25-26/1506,INV2627000723,TRUE,19,1,0,1,1,0,18,19,1,ACTIVE_WITH_PURCHASE_HISTORY,Keep: Has active purchase/return activity,0
2027,MAHARAJA CLOTHING COMPANY,"00006970, 00006971, 00006972, 00006973, 00006974",,,TRUE,0,0,0,0,0,0,5,5,5,ORPHAN_WITH_STOCK,Audit: Has physical stock/printed barcodes but no purchase record,-5
2027-A,MAHARAJA CLOTHING COMPANY,"00007010, 00007011, 00007012",706,,TRUE,3,1,0,0,0,0,3,3,3,ACTIVE_WITH_PURCHASE_HISTORY,Keep: Has active purchase/return activity,0
2027-B,MAHARAJA CLOTHING COMPANY,"00007025, 00007026",706,,TRUE,2,1,0,0,0,0,2,2,2,ACTIVE_WITH_PURCHASE_HISTORY,Keep: Has active purchase/return activity,0
2028,SHAASHVAT DESIGN STUDIO,61,3509/25-26,INV2627000606,TRUE,2,1,0,1,1,0,1,2,1,ACTIVE_WITH_PURCHASE_HISTORY,Keep: Has active purchase/return activity,0
2028 XL,SHAASHVAT DESIGN STUDIO,,,,TRUE,0,0,0,0,0,0,0,0,0,SAFE_TO_DELETE_IDLE,"Safe to Delete: No purchases, returns, sales, or stock",0
2030-01,SHAASHVAT DESIGN STUDIO,8979,171/26-27,,TRUE,1,1,0,0,0,0,1,1,1,ACTIVE_WITH_PURCHASE_HISTORY,Keep: Has active purchase/return activity,0
2030-02,SHAASHVAT DESIGN STUDIO,8980,171/26-27,,TRUE,1,1,0,0,0,0,1,1,1,ACTIVE_WITH_PURCHASE_HISTORY,Keep: Has active purchase/return activity,0
2030-03,SHAASHVAT DESIGN STUDIO,8981,171/26-27,INV2627001025,TRUE,1,1,0,1,1,0,0,1,1,ACTIVE_WITH_PURCHASE_HISTORY,Keep: Has active purchase/return activity,0
2030-04,SHAASHVAT DESIGN STUDIO,8982,171/26-27,,TRUE,1,1,0,0,0,0,1,1,1,ACTIVE_WITH_PURCHASE_HISTORY,Keep: Has active purchase/return activity,0
2032,SHUBHANGAM FINERY PVT. LTD.,9421,233,,TRUE,1,1,1,0,0,0,0,1,1,ACTIVE_WITH_PURCHASE_HISTORY,Keep: Has active purchase/return activity,0
2037,SHUBHANGAM FINERY PVT. LTD.,9649,266,,TRUE,1,1,0,0,0,0,1,1,1,ACTIVE_WITH_PURCHASE_HISTORY,Keep: Has active purchase/return activity,0
20380,KONIA HERITAGE,3408,879,,TRUE,1,1,0,0,0,0,1,1,1,ACTIVE_WITH_PURCHASE_HISTORY,Keep: Has active purchase/return activity,0
203SU,JDS DESIGN STUDIO PRIVATE LIMITED,4422,JS26-006339,,TRUE,3,1,0,0,0,0,3,3,1,ACTIVE_WITH_PURCHASE_HISTORY,Keep: Has active purchase/return activity,0
204,ANAAYA CREATIONS,3107,283/25-26,,TRUE,1,1,0,0,0,0,1,1,1,ACTIVE_WITH_PURCHASE_HISTORY,Keep: Has active purchase/return activity,0
2040,SHAASHVAT DESIGN STUDIO,5145,3768/25-26,INV2627000756,TRUE,1,1,0,1,1,0,0,1,1,ACTIVE_WITH_PURCHASE_HISTORY,Keep: Has active purchase/return activity,0
2040XL,SHAASHVAT DESIGN STUDIO,406,3600/25-26,INV2026000430,TRUE,1,1,0,1,1,0,0,1,1,ACTIVE_WITH_PURCHASE_HISTORY,Keep: Has active purchase/return activity,0
2043,SHAASHVAT DESIGN STUDIO,62,3509/25-26,,TRUE,2,1,0,0,0,0,1,1,1,ACTIVE_WITH_PURCHASE_HISTORY,Keep: Has active purchase/return activity,1
2043 XL,SHAASHVAT DESIGN STUDIO,,,,TRUE,0,0,0,0,0,0,0,0,0,SAFE_TO_DELETE_IDLE,"Safe to Delete: No purchases, returns, sales, or stock",0
20432,KANCHANA,1894,KANWS25-26-06600,,TRUE,1,1,0,0,0,0,1,1,1,ACTIVE_WITH_PURCHASE_HISTORY,Keep: Has active purchase/return activity,0
20436,KANCHANA,1895,KANWS25-26-06600,,TRUE,1,1,0,0,0,0,1,1,1,ACTIVE_WITH_PURCHASE_HISTORY,Keep: Has active purchase/return activity,0
2044 LC,SHUBHANGAM-(2022-23),6451,19940,INV2627000103,TRUE,1,1,0,1,1,0,0,1,1,ACTIVE_WITH_PURCHASE_HISTORY,Keep: Has active purchase/return activity,0
2045,SHAASHVAT DESIGN STUDIO,"00005146, 00005147",3768/25-26,"INV2627000080, INV2627000595, INV2627000791",TRUE,2,1,0,3,3,1,0,2,2,ACTIVE_WITH_PURCHASE_HISTORY,Keep: Has active purchase/return activity,0
2048,SANGEETA CREATIONS,,SC/25-26/5663,,FALSE,1,1,0,0,0,0,0,0,0,ACTIVE_WITH_PURCHASE_HISTORY,Keep: Has active purchase/return activity,1
2048,SANGEETA CREATIONS,954,,INV2627001028,TRUE,0,0,0,1,1,0,0,1,1,ORPHAN_WITH_SALES,Audit: Sold but lacks purchase invoice in database,-1
205,REYAANS ,"00004805, 00008086","TI/25-26/00401, TI/26-27/0074",,TRUE,3,2,1,0,0,0,1,2,2,ACTIVE_WITH_PURCHASE_HISTORY,Keep: Has active purchase/return activity,1
205-15,DIWANS FASHIONSCAPE,4095,DF/005306/25-26,INV2627000970,TRUE,2,1,0,1,1,0,1,2,1,ACTIVE_WITH_PURCHASE_HISTORY,Keep: Has active purchase/return activity,0
205-16,DIWANS FASHIONSCAPE,4096,DF/005306/25-26,"INV2627000906, INV2627000971",TRUE,3,1,0,2,2,0,1,3,1,ACTIVE_WITH_PURCHASE_HISTORY,Keep: Has active purchase/return activity,0
205-B,REYAANS ,"00004806, 00008087","TI/25-26/00401, TI/26-27/0074",,TRUE,3,2,2,0,0,0,0,2,2,ACTIVE_WITH_PURCHASE_HISTORY,Keep: Has active purchase/return activity,1
20514,KANCHANA,1884,KANWS25-26-06592,,TRUE,1,1,0,0,0,0,1,1,1,ACTIVE_WITH_PURCHASE_HISTORY,Keep: Has active purchase/return activity,0
20516,KANCHANA,1885,KANWS25-26-06592,,TRUE,1,1,0,0,0,0,1,1,1,ACTIVE_WITH_PURCHASE_HISTORY,Keep: Has active purchase/return activity,0
2056,SHAASHVAT DESIGN STUDIO,59,3509/25-26,,TRUE,1,1,0,0,0,0,1,1,1,ACTIVE_WITH_PURCHASE_HISTORY,Keep: Has active purchase/return activity,0
2056 XL,SHAASHVAT DESIGN STUDIO,60,3509/25-26,,TRUE,1,1,0,0,0,0,1,1,1,ACTIVE_WITH_PURCHASE_HISTORY,Keep: Has active purchase/return activity,0
20568,KANCHANA,1896,KANWS25-26-06600,,TRUE,1,1,0,0,0,0,1,1,1,ACTIVE_WITH_PURCHASE_HISTORY,Keep: Has active purchase/return activity,0
20569,KANCHANA,1897,KANWS25-26-06600,,TRUE,1,1,0,0,0,0,1,1,1,ACTIVE_WITH_PURCHASE_HISTORY,Keep: Has active purchase/return activity,0
2059-01,SHAASHVAT DESIGN STUDIO,8987,171/26-27,INV2627000932,TRUE,1,1,0,1,1,0,0,1,1,ACTIVE_WITH_PURCHASE_HISTORY,Keep: Has active purchase/return activity,0
2059-02,SHAASHVAT DESIGN STUDIO,8988,171/26-27,,TRUE,1,1,0,0,0,0,1,1,1,ACTIVE_WITH_PURCHASE_HISTORY,Keep: Has active purchase/return activity,0
2059-03,SHAASHVAT DESIGN STUDIO,8989,171/26-27,,TRUE,1,1,0,0,0,0,1,1,1,ACTIVE_WITH_PURCHASE_HISTORY,Keep: Has active purchase/return activity,0
2059-04,SHAASHVAT DESIGN STUDIO,8990,171/26-27,,TRUE,1,1,0,0,0,0,1,1,1,ACTIVE_WITH_PURCHASE_HISTORY,Keep: Has active purchase/return activity,0
2060-01,SHAASHVAT DESIGN STUDIO,8983,171/26-27,,TRUE,1,1,0,0,0,0,1,1,1,ACTIVE_WITH_PURCHASE_HISTORY,Keep: Has active purchase/return activity,0
2060-02,SHAASHVAT DESIGN STUDIO,8984,171/26-27,,TRUE,1,1,0,0,0,0,1,1,1,ACTIVE_WITH_PURCHASE_HISTORY,Keep: Has active purchase/return activity,0
2060-03,SHAASHVAT DESIGN STUDIO,8985,171/26-27,,TRUE,1,1,0,0,0,0,1,1,1,ACTIVE_WITH_PURCHASE_HISTORY,Keep: Has active purchase/return activity,0
2060-04,SHAASHVAT DESIGN STUDIO,8986,171/26-27,,TRUE,1,1,0,0,0,0,1,1,1,ACTIVE_WITH_PURCHASE_HISTORY,Keep: Has active purchase/return activity,0
2071,SHAASHVAT DESIGN STUDIO,7345,37/26-27,,TRUE,1,1,0,0,0,0,1,1,1,ACTIVE_WITH_PURCHASE_HISTORY,Keep: Has active purchase/return activity,0
2071-C,SHAASHVAT DESIGN STUDIO,7346,37/26-27,,TRUE,1,1,0,0,0,0,1,1,1,ACTIVE_WITH_PURCHASE_HISTORY,Keep: Has active purchase/return activity,0
20712,KANCHANA,1760,KANWS25-26-06590,,TRUE,4,1,0,0,0,0,4,4,1,ACTIVE_WITH_PURCHASE_HISTORY,Keep: Has active purchase/return activity,0
20718,KANCHANA,1807,KANWS25-26-06595,,TRUE,1,1,0,0,0,0,1,1,1,ACTIVE_WITH_PURCHASE_HISTORY,Keep: Has active purchase/return activity,0
20738,KANCHANA,"00001515, 00001516",KANWS25-26/06597,,TRUE,2,1,0,0,0,0,2,2,2,ACTIVE_WITH_PURCHASE_HISTORY,Keep: Has active purchase/return activity,0
2084,LA VESTA ,"00005353, 00005354, 00005355, 00005356",LV/010281/25-26,"INV2627000558, INV2627000639",TRUE,4,1,0,2,2,0,2,4,4,ACTIVE_WITH_PURCHASE_HISTORY,Keep: Has active purchase/return activity,0
209,REYAANS ,8088,TI/26-27/0074,,TRUE,1,1,1,0,0,0,0,1,1,ACTIVE_WITH_PURCHASE_HISTORY,Keep: Has active purchase/return activity,0
209-B,REYAANS ,8089,TI/26-27/0074,,TRUE,1,1,1,0,0,0,0,1,1,ACTIVE_WITH_PURCHASE_HISTORY,Keep: Has active purchase/return activity,0
20930,KANCHANA,1898,KANWS25-26-06600,,TRUE,1,1,0,0,0,0,1,1,1,ACTIVE_WITH_PURCHASE_HISTORY,Keep: Has active purchase/return activity,0
20954,KANCHANA,1886,KANWS25-26-06592,,TRUE,2,1,0,0,0,0,2,2,1,ACTIVE_WITH_PURCHASE_HISTORY,Keep: Has active purchase/return activity,0
2098,SHAASHVAT DESIGN STUDIO,5143,3768/25-26,,TRUE,1,1,0,0,0,0,1,1,1,ACTIVE_WITH_PURCHASE_HISTORY,Keep: Has active purchase/return activity,0
2098 XL,SHAASHVAT DESIGN STUDIO,5144,3768/25-26,INV2026000375,TRUE,1,1,0,1,1,1,0,1,1,ACTIVE_WITH_PURCHASE_HISTORY,Keep: Has active purchase/return activity,1
209SU,JDS DESIGN STUDIO PRIVATE LIMITED,4420,JS26-006339,,TRUE,2,1,0,0,0,0,2,2,1,ACTIVE_WITH_PURCHASE_HISTORY,Keep: Has active purchase/return activity,0
21,SUNRAYS CHIKANKARI LLP,"00002094, 00002095, 00002813, 00004765","10, 11941, S786",,TRUE,4,3,0,0,0,0,4,4,4,ACTIVE_WITH_PURCHASE_HISTORY,Keep: Has active purchase/return activity,0
21-1-AZ,SUNEETA SAREE EMPORIUM ,5810,1060/25-26,,TRUE,1,1,1,0,0,0,0,1,1,ACTIVE_WITH_PURCHASE_HISTORY,Keep: Has active purchase/return activity,0
21-BLUE,VIMAL CREATION,6784,20-2627,,TRUE,1,1,0,0,0,0,1,1,1,ACTIVE_WITH_PURCHASE_HISTORY,Keep: Has active purchase/return activity,0
21-G,ANJALI TRADERS,"00004552, 00004554, 00004555",AT/1882/25-26,"INV2627000060, INV2627000647, INV2627000842",TRUE,3,1,0,3,3,0,0,3,3,ACTIVE_WITH_PURCHASE_HISTORY,Keep: Has active purchase/return activity,0
21-P,ANJALI TRADERS,4553,AT/1882/25-26,,TRUE,1,1,0,0,0,0,1,1,1,ACTIVE_WITH_PURCHASE_HISTORY,Keep: Has active purchase/return activity,0
21-Jan,NEW MODERN CHIKAN,3875,1942,,TRUE,1,1,0,0,0,0,1,1,1,ACTIVE_WITH_PURCHASE_HISTORY,Keep: Has active purchase/return activity,0
21/1-BSABD,OMAANA,6412,548,,TRUE,1,1,1,0,0,0,0,1,1,ACTIVE_WITH_PURCHASE_HISTORY,Keep: Has active purchase/return activity,0
21009,KANCHANA,"00001992, 00001993",KANWS25-26-06591,,TRUE,2,1,0,0,0,0,2,2,2,ACTIVE_WITH_PURCHASE_HISTORY,Keep: Has active purchase/return activity,0
2107,HOUSE OF RITAS PRIVATE LIMITED,5875,"INV001-0011938, SC/25-26/5663",,TRUE,2,2,0,0,0,0,1,1,1,ACTIVE_WITH_PURCHASE_HISTORY,Keep: Has active purchase/return activity,1
2107,SANGEETA CREATIONS,953,,,TRUE,0,0,0,0,0,0,1,1,1,ORPHAN_WITH_STOCK,Audit: Has physical stock/printed barcodes but no purchase record,-1
2108,VANNIKAA MALIK,9038,VM-0185/2026-27,,TRUE,1,1,0,0,0,0,1,1,1,ACTIVE_WITH_PURCHASE_HISTORY,Keep: Has active purchase/return activity,0
21119,KANCHANA,"00001783, 00001784",KANWS25-26-06594,INV2026000004,TRUE,2,1,0,1,1,0,1,2,2,ACTIVE_WITH_PURCHASE_HISTORY,Keep: Has active purchase/return activity,0
21120,KANCHANA,"00001785, 00001786, 00001787",KANWS25-26-06594,INV2627000655,TRUE,3,1,0,1,1,0,2,3,3,ACTIVE_WITH_PURCHASE_HISTORY,Keep: Has active purchase/return activity,0
21124,KANCHANA,"00001788, 00001789",KANWS25-26-06594,INV2627000886,TRUE,2,1,0,1,1,0,1,2,2,ACTIVE_WITH_PURCHASE_HISTORY,Keep: Has active purchase/return activity,0
21125,KANCHANA,"00001790, 00001791",KANWS25-26-06594,,TRUE,2,1,0,0,0,0,2,2,2,ACTIVE_WITH_PURCHASE_HISTORY,Keep: Has active purchase/return activity,0
21141,KANCHANA,1969,KANWS25-26-06593,,TRUE,1,1,0,0,0,0,1,1,1,ACTIVE_WITH_PURCHASE_HISTORY,Keep: Has active purchase/return activity,0
212,ANANTA EXPORTS,"00001302, 00001303, 00001304, 00001305, 00001306, 00001307",AO1157,"INV2627000011, INV2627000117, INV2627000327, INV2627000715",TRUE,6,1,0,4,4,0,2,6,6,ACTIVE_WITH_PURCHASE_HISTORY,Keep: Has active purchase/return activity,0
212-189,DIWANS FASHIONSCAPE,1626,DF/005305/25-26,"INV2026000081, INV2627000377",TRUE,3,1,0,2,2,0,1,3,1,ACTIVE_WITH_PURCHASE_HISTORY,Keep: Has active purchase/return activity,0
212-194,DIWANS FASHIONSCAPE,1625,DF/005305/25-26,INV2627000445,TRUE,3,1,0,1,1,0,2,3,1,ACTIVE_WITH_PURCHASE_HISTORY,Keep: Has active purchase/return activity,0
212-210,DIWANS FASHIONSCAPE,1624,DF/005305/25-26,,TRUE,3,1,0,0,0,0,3,3,1,ACTIVE_WITH_PURCHASE_HISTORY,Keep: Has active purchase/return activity,0
212-221,DIWANS FASHIONSCAPE,1622,DF/005305/25-26,,TRUE,3,1,0,0,0,0,3,3,1,ACTIVE_WITH_PURCHASE_HISTORY,Keep: Has active purchase/return activity,0
21205,KANCHANA,1887,KANWS25-26-06592,INV2627000479,TRUE,2,1,0,1,1,0,1,2,1,ACTIVE_WITH_PURCHASE_HISTORY,Keep: Has active purchase/return activity,0
21208,KANCHANA NEXT,"00001540, 00006304",KANWS25-26-06607,INV2026000100,TRUE,1,1,0,1,1,0,1,2,2,ACTIVE_WITH_PURCHASE_HISTORY,Keep: Has active purchase/return activity,-1
2129 1,AARI,"00000619, 00000620, 00000621, 00000622, 00000623, 00000624, 00000625",5462/25-26,"INV2627000454, INV2627000663, INV2627000926",TRUE,7,1,0,3,3,0,4,7,7,ACTIVE_WITH_PURCHASE_HISTORY,Keep: Has active purchase/return activity,0
214,ANANTA EXPORTS,"00003111, 00007187, 00007188, 00007189, 00007190, 00007191, 00007192","283/25-26, AO-1471","INV2627000409, INV2627000487",TRUE,7,2,0,2,2,1,5,7,7,ACTIVE_WITH_PURCHASE_HISTORY,Keep: Has active purchase/return activity,1
21439,KANCHANA,"00001792, 00001793",KANWS25-26-06594,INV2026000416,TRUE,2,1,0,1,1,0,1,2,2,ACTIVE_WITH_PURCHASE_HISTORY,Keep: Has active purchase/return activity,0
2146,RAAS,8112,RA/2026-27/113,,TRUE,1,1,0,0,0,0,1,1,1,ACTIVE_WITH_PURCHASE_HISTORY,Keep: Has active purchase/return activity,0
21465,KANCHANA,1899,KANWS25-26-06600,,TRUE,1,1,0,0,0,0,1,1,1,ACTIVE_WITH_PURCHASE_HISTORY,Keep: Has active purchase/return activity,0
21466,KANCHANA,1850,KANWS25-26-06601,INV2627000961,TRUE,1,1,0,1,1,0,0,1,1,ACTIVE_WITH_PURCHASE_HISTORY,Keep: Has active purchase/return activity,0
21474,KANCHANA,1888,KANWS25-26-06592,,TRUE,2,1,0,0,0,0,2,2,1,ACTIVE_WITH_PURCHASE_HISTORY,Keep: Has active purchase/return activity,0
21500,KANCHANA,1900,KANWS25-26-06600,INV2026000236,TRUE,1,1,0,1,1,0,0,1,1,ACTIVE_WITH_PURCHASE_HISTORY,Keep: Has active purchase/return activity,0
21501,KANCHANA,1901,KANWS25-26-06600,,TRUE,1,1,0,0,0,0,1,1,1,ACTIVE_WITH_PURCHASE_HISTORY,Keep: Has active purchase/return activity,0
21514,KANCHANA,1970,KANWS25-26-06593,,TRUE,3,1,0,0,0,0,3,3,1,ACTIVE_WITH_PURCHASE_HISTORY,Keep: Has active purchase/return activity,0
21516,KANCHANA,1889,KANWS25-26-06592,,TRUE,3,1,0,0,0,0,3,3,1,ACTIVE_WITH_PURCHASE_HISTORY,Keep: Has active purchase/return activity,0
216,ANTYA ,9236,391,,TRUE,1,1,0,0,0,0,1,1,1,ACTIVE_WITH_PURCHASE_HISTORY,Keep: Has active purchase/return activity,0
217,GFIVE DESIGNERS COUTURE PVT.LTD.,5220,GFIVE/2084/25-26,,TRUE,1,1,0,0,0,0,1,1,1,ACTIVE_WITH_PURCHASE_HISTORY,Keep: Has active purchase/return activity,0
2175,AARI,"00009076, 00009077, 00009078, 00009079",63/26-27,,TRUE,7,1,0,0,0,0,7,7,4,ACTIVE_WITH_PURCHASE_HISTORY,Keep: Has active purchase/return activity,0
2175-B,AARI,"00009080, 00009081, 00009082",63/26-27,INV2627000918,TRUE,3,1,0,1,1,0,2,3,3,ACTIVE_WITH_PURCHASE_HISTORY,Keep: Has active purchase/return activity,0
218,GFIVE DESIGNERS COUTURE PVT.LTD.,"00005221, 00005222",GFIVE/2084/25-26,,TRUE,2,1,0,0,0,0,2,2,2,ACTIVE_WITH_PURCHASE_HISTORY,Keep: Has active purchase/return activity,0
22,NIRJA HANDICRAFT ,"00002814, 00004766","10, S786",,TRUE,2,2,0,0,0,0,2,2,2,ACTIVE_WITH_PURCHASE_HISTORY,Keep: Has active purchase/return activity,0
22-P,ANJALI TRADERS,"00004556, 00004557",AT/1882/25-26,INV2627001010,TRUE,2,1,0,1,1,0,1,2,2,ACTIVE_WITH_PURCHASE_HISTORY,Keep: Has active purchase/return activity,0
22-Jan,NEW MODERN CHIKAN,3876,1942,INV2026000433,TRUE,1,1,0,1,1,0,0,1,1,ACTIVE_WITH_PURCHASE_HISTORY,Keep: Has active purchase/return activity,0
2201-B,HOUSE OF RITAS PRIVATE LIMITED,5872,INV001-0012360,INV2026000409,TRUE,1,1,0,1,1,0,0,1,1,ACTIVE_WITH_PURCHASE_HISTORY,Keep: Has active purchase/return activity,0
2201-C,HOUSE OF RITAS PRIVATE LIMITED,7785,INV001-0000371,,TRUE,1,1,0,0,0,0,1,1,1,ACTIVE_WITH_PURCHASE_HISTORY,Keep: Has active purchase/return activity,0
2203,SHUBHANGAM-(2022-23),7733,118,,TRUE,1,1,0,0,0,0,1,1,1,ACTIVE_WITH_PURCHASE_HISTORY,Keep: Has active purchase/return activity,0
2203-C,HOUSE OF RITAS PRIVATE LIMITED,5812,INV001-0012061,INV2627000568,TRUE,1,1,0,1,1,0,0,1,1,ACTIVE_WITH_PURCHASE_HISTORY,Keep: Has active purchase/return activity,0
2203-E,HOUSE OF RITAS PRIVATE LIMITED,5871,INV001-0012360,,TRUE,1,1,0,0,0,0,1,1,1,ACTIVE_WITH_PURCHASE_HISTORY,Keep: Has active purchase/return activity,0
2204-A,HOUSE OF RITAS PRIVATE LIMITED,5820,INV001-0012188,,TRUE,1,1,0,0,0,0,1,1,1,ACTIVE_WITH_PURCHASE_HISTORY,Keep: Has active purchase/return activity,0
2206,HOUSE OF RITAS PRIVATE LIMITED,"00007035, 00007715","0000501, 0012842",,TRUE,2,2,0,0,0,0,2,2,2,ACTIVE_WITH_PURCHASE_HISTORY,Keep: Has active purchase/return activity,0
2206-C,HOUSE OF RITAS PRIVATE LIMITED,5818,INV001-0012188,INV2627000499,TRUE,1,1,0,1,1,0,0,1,1,ACTIVE_WITH_PURCHASE_HISTORY,Keep: Has active purchase/return activity,0
221,ANAAYA CREATIONS,3108,283/25-26,,TRUE,1,1,0,0,0,0,1,1,1,ACTIVE_WITH_PURCHASE_HISTORY,Keep: Has active purchase/return activity,0
2211-A,HOUSE OF RITAS PRIVATE LIMITED,8977,734,,TRUE,1,1,1,0,0,0,0,1,1,ACTIVE_WITH_PURCHASE_HISTORY,Keep: Has active purchase/return activity,0
2214,SHUBHANGAM-(2022-23),5953,19911,INV2026000308,TRUE,1,1,0,1,1,0,0,1,1,ACTIVE_WITH_PURCHASE_HISTORY,Keep: Has active purchase/return activity,0
221L,ANAAYA CREATIONS,3109,283/25-26,,TRUE,1,1,0,0,0,0,1,1,1,ACTIVE_WITH_PURCHASE_HISTORY,Keep: Has active purchase/return activity,0
2234-G,R.F. DESIGNERS,6622,2627,,TRUE,1,1,0,0,0,0,1,1,1,ACTIVE_WITH_PURCHASE_HISTORY,Keep: Has active purchase/return activity,0
2234-P,R.F. DESIGNERS,6621,2627,,TRUE,1,1,0,0,0,0,1,1,1,ACTIVE_WITH_PURCHASE_HISTORY,Keep: Has active purchase/return activity,0
225,ANAAYA CREATIONS,"00003113, 00003114",283/25-26,,TRUE,2,1,0,0,0,0,3,3,2,ACTIVE_WITH_PURCHASE_HISTORY,Keep: Has active purchase/return activity,-1
2253,SHUBHANGAM-(2022-23),5966,19911,INV2026000217,TRUE,1,1,0,1,1,0,0,1,1,ACTIVE_WITH_PURCHASE_HISTORY,Keep: Has active purchase/return activity,0
225K,ANAAYA CREATIONS,3115,283/25-26,,TRUE,1,1,0,0,0,0,2,2,1,ACTIVE_WITH_PURCHASE_HISTORY,Keep: Has active purchase/return activity,-1
225LY,ANAAYA CREATIONS,3112,283/25-26,INV2627000210,TRUE,1,1,0,1,1,0,0,1,1,ACTIVE_WITH_PURCHASE_HISTORY,Keep: Has active purchase/return activity,0
22622-CREAM,YASH FABRICS,8148,735,,TRUE,1,1,0,0,0,0,1,1,1,ACTIVE_WITH_PURCHASE_HISTORY,Keep: Has active purchase/return activity,0
22622-YELLOW,YASH FABRICS,8149,735,,TRUE,1,1,0,0,0,0,1,1,1,ACTIVE_WITH_PURCHASE_HISTORY,Keep: Has active purchase/return activity,0
2264-BLACK,GUNJAN BINANI,9448,184,INV2627000954,TRUE,1,1,0,1,1,0,0,1,1,ACTIVE_WITH_PURCHASE_HISTORY,Keep: Has active purchase/return activity,0
2264-ORANGE,GUNJAN BINANI,9447,184,INV2627000945,TRUE,1,1,0,1,1,0,0,1,1,ACTIVE_WITH_PURCHASE_HISTORY,Keep: Has active purchase/return activity,0
2264-PINK,GUNJAN BINANI,9449,184,INV2627000950,TRUE,1,1,0,1,1,0,0,1,1,ACTIVE_WITH_PURCHASE_HISTORY,Keep: Has active purchase/return activity,0
2264-PURPLE,GUNJAN BINANI,9450,184,INV2627000952,TRUE,1,1,0,1,1,0,0,1,1,ACTIVE_WITH_PURCHASE_HISTORY,Keep: Has active purchase/return activity,0
2269,SHUBHANGAM-(2022-23),5961,19911,,TRUE,1,1,0,0,0,0,1,1,1,ACTIVE_WITH_PURCHASE_HISTORY,Keep: Has active purchase/return activity,0
227,ANAAYA CREATIONS,3103,283/25-26,INV2627000642,TRUE,1,1,0,1,1,0,0,1,1,ACTIVE_WITH_PURCHASE_HISTORY,Keep: Has active purchase/return activity,0
227-1,R.F. DESIGNERS,6612,2627,,TRUE,1,1,0,0,0,0,1,1,1,ACTIVE_WITH_PURCHASE_HISTORY,Keep: Has active purchase/return activity,0
227-2,R.F. DESIGNERS,6613,2627,,TRUE,1,1,0,0,0,0,1,1,1,ACTIVE_WITH_PURCHASE_HISTORY,Keep: Has active purchase/return activity,0
2280-MVE,AASHIRVAD HERITAGE PVT LTD,1338,AH/008520/25-26,,TRUE,1,1,0,0,0,0,1,1,1,ACTIVE_WITH_PURCHASE_HISTORY,Keep: Has active purchase/return activity,0
2286,V NARBHERAM & CO,1762,234570,,TRUE,2,1,0,0,0,0,2,2,1,ACTIVE_WITH_PURCHASE_HISTORY,Keep: Has active purchase/return activity,0
228J,ANAAYA CREATIONS,3100,283/25-26,INV2026000365,TRUE,1,1,0,1,1,0,0,1,1,ACTIVE_WITH_PURCHASE_HISTORY,Keep: Has active purchase/return activity,0
229,ISHUM DESIGNS,"00003102, 00004787, 00006617","2627, 283/25-26, ID/10237/2025-26","INV2627000105, INV2627000382",TRUE,3,3,0,2,2,1,1,3,3,ACTIVE_WITH_PURCHASE_HISTORY,Keep: Has active purchase/return activity,1
23,RT VILLA PRIVATE LIMITED,"00002815, 00003768","8880, S786",INV2026000317,TRUE,2,2,0,1,1,0,1,2,2,ACTIVE_WITH_PURCHASE_HISTORY,Keep: Has active purchase/return activity,0
23-G,ANJALI TRADERS,4560,AT/1882/25-26,,TRUE,1,1,0,0,0,0,1,1,1,ACTIVE_WITH_PURCHASE_HISTORY,Keep: Has active purchase/return activity,0
23-L,ANJALI TRADERS,4558,AT/1882/25-26,INV2627000155,TRUE,1,1,0,1,1,0,0,1,1,ACTIVE_WITH_PURCHASE_HISTORY,Keep: Has active purchase/return activity,0
23-P,ANJALI TRADERS,"00004559, 00004561",AT/1882/25-26,,TRUE,2,1,0,0,0,0,2,2,2,ACTIVE_WITH_PURCHASE_HISTORY,Keep: Has active purchase/return activity,0
23-RED,VIMAL CREATION,"00006779, 00006808",20-2627,INV2627000610,TRUE,1,1,0,1,1,0,1,2,2,ACTIVE_WITH_PURCHASE_HISTORY,Keep: Has active purchase/return activity,-1
23-Jan,NEW MODERN CHIKAN,3877,1942,,TRUE,1,1,0,0,0,0,1,1,1,ACTIVE_WITH_PURCHASE_HISTORY,Keep: Has active purchase/return activity,0
230052,LINEN AND LINENS PVT LTD,"00006734, 00006735, 00006736, 00006737, 00006738, 00006739, 00006740, 00006741, 00006742, 00006743, 00006745, 00006746, 00006747, 00006748, 00006749, 00006750, 00006751, 00006752, 00006753, 00006754",21475,,TRUE,20,1,20,0,0,0,0,20,20,ACTIVE_WITH_PURCHASE_HISTORY,Keep: Has active purchase/return activity,0
2303,SHUBHANGAM FINERY PVT. LTD.,9654,266,,TRUE,1,1,0,0,0,0,1,1,1,ACTIVE_WITH_PURCHASE_HISTORY,Keep: Has active purchase/return activity,0
2305,SHUBHANGAM-(2022-23),7135,46,,TRUE,1,1,0,0,0,0,1,1,1,ACTIVE_WITH_PURCHASE_HISTORY,Keep: Has active purchase/return activity,0
2308,SHIKHA FASHIONS ,3159,SF/25-26/380,,TRUE,1,1,0,0,0,0,1,1,1,ACTIVE_WITH_PURCHASE_HISTORY,Keep: Has active purchase/return activity,0
232,ANAAYA CREATIONS,"00003104, 00003105",283/25-26,,TRUE,2,1,0,0,0,0,2,2,2,ACTIVE_WITH_PURCHASE_HISTORY,Keep: Has active purchase/return activity,0
23238-1,VARIMA FASHIONS PVT LTD,8761,VFPL0034,,TRUE,1,1,0,0,0,0,1,1,1,ACTIVE_WITH_PURCHASE_HISTORY,Keep: Has active purchase/return activity,0
23238-2,VARIMA FASHIONS PVT LTD,8762,VFPL0034,,TRUE,1,1,0,0,0,0,1,1,1,ACTIVE_WITH_PURCHASE_HISTORY,Keep: Has active purchase/return activity,0
23238-3,VARIMA FASHIONS PVT LTD,8763,VFPL0034,,TRUE,1,1,0,0,0,0,1,1,1,ACTIVE_WITH_PURCHASE_HISTORY,Keep: Has active purchase/return activity,0
233,ANAAYA CREATIONS,3101,283/25-26,INV2627000104,TRUE,1,1,0,1,1,0,0,1,1,ACTIVE_WITH_PURCHASE_HISTORY,Keep: Has active purchase/return activity,0
233/963,AASHIRVAD HERITAGE PVT LTD,4271,AH/008639/25-26,,TRUE,1,1,0,0,0,0,1,1,1,ACTIVE_WITH_PURCHASE_HISTORY,Keep: Has active purchase/return activity,0
2345,AASHI DESIGNS,,,,TRUE,0,0,0,0,0,0,0,0,0,SAFE_TO_DELETE_IDLE,"Safe to Delete: No purchases, returns, sales, or stock",0
235,ANAAYA CREATIONS,3106,283/25-26,,TRUE,1,1,0,0,0,0,1,1,1,ACTIVE_WITH_PURCHASE_HISTORY,Keep: Has active purchase/return activity,0
2357,SHIKHA FASHIONS ,"00002179, 00002216, 00009646","266, SF/25-26/374, SF/25-26/382",,TRUE,3,3,0,0,0,0,3,3,3,ACTIVE_WITH_PURCHASE_HISTORY,Keep: Has active purchase/return activity,0
2362,SHIKHA FASHIONS ,2080,SF/25-26/384,,TRUE,1,1,0,0,0,0,1,1,1,ACTIVE_WITH_PURCHASE_HISTORY,Keep: Has active purchase/return activity,0
2363,SHIKHA FASHIONS ,3981,SF/25-26/375,,TRUE,1,1,0,0,0,0,1,1,1,ACTIVE_WITH_PURCHASE_HISTORY,Keep: Has active purchase/return activity,0
2374,SHIKHA FASHIONS ,3155,SF/25-26/386,,TRUE,1,1,0,0,0,0,1,1,1,ACTIVE_WITH_PURCHASE_HISTORY,Keep: Has active purchase/return activity,0
2380,SHIKHA FASHIONS ,2081,SF/25-26/384,,TRUE,1,1,0,0,0,0,1,1,1,ACTIVE_WITH_PURCHASE_HISTORY,Keep: Has active purchase/return activity,0
2382,SHIKHA FASHIONS ,3979,SF/25-26/383,INV2627000856,TRUE,1,1,0,1,1,0,0,1,1,ACTIVE_WITH_PURCHASE_HISTORY,Keep: Has active purchase/return activity,0
2383,SHUBHANGAM-(2022-23),7133,46,,TRUE,1,1,0,0,0,0,1,1,1,ACTIVE_WITH_PURCHASE_HISTORY,Keep: Has active purchase/return activity,0
2387,SHIKHA FASHIONS ,3467,SF/25-26/385,,TRUE,1,1,0,0,0,0,1,1,1,ACTIVE_WITH_PURCHASE_HISTORY,Keep: Has active purchase/return activity,0
2390,ANVAY BRIDAL COUTURE,790,ANV/002448/25-26,,TRUE,1,1,0,0,0,0,1,1,1,ACTIVE_WITH_PURCHASE_HISTORY,Keep: Has active purchase/return activity,0
2391,SHIKHA FASHIONS ,3116,SF/25-26/388,,TRUE,1,1,0,0,0,0,1,1,1,ACTIVE_WITH_PURCHASE_HISTORY,Keep: Has active purchase/return activity,0
2392,SHUBHANGAM-(2022-23),"00007136, 00007731, 00009651","118, 266, 46",INV2627000894,TRUE,3,3,0,1,1,0,2,3,3,ACTIVE_WITH_PURCHASE_HISTORY,Keep: Has active purchase/return activity,0
2393,SHIKHA FASHIONS ,3982,SF/25-26/375,,TRUE,1,1,0,0,0,0,1,1,1,ACTIVE_WITH_PURCHASE_HISTORY,Keep: Has active purchase/return activity,0
2394,SHIKHA FASHIONS ,2082,SF/25-26/384,,TRUE,1,1,0,0,0,0,1,1,1,ACTIVE_WITH_PURCHASE_HISTORY,Keep: Has active purchase/return activity,0
2395,SHIKHA FASHIONS ,"00002217, 00007033","SF/25-26/374, SF/26-27/002",,TRUE,2,2,1,0,0,0,1,2,2,ACTIVE_WITH_PURCHASE_HISTORY,Keep: Has active purchase/return activity,0
2399,SHIKHA FASHIONS ,3160,SF/25-26/380,,TRUE,1,1,0,0,0,0,1,1,1,ACTIVE_WITH_PURCHASE_HISTORY,Keep: Has active purchase/return activity,0
24,SADBHAVANA ENTERPRISES,"00002098, 00002099, 00002816","11941, S786",INV2627000860,TRUE,3,2,1,1,1,0,3,5,3,ACTIVE_WITH_PURCHASE_HISTORY,Keep: Has active purchase/return activity,-2
24-B,ANJALI TRADERS,4562,AT/1882/25-26,INV2627000413,TRUE,1,1,0,1,1,0,0,1,1,ACTIVE_WITH_PURCHASE_HISTORY,Keep: Has active purchase/return activity,0
24-L,ANJALI TRADERS,4563,AT/1882/25-26,,TRUE,1,1,0,0,0,0,1,1,1,ACTIVE_WITH_PURCHASE_HISTORY,Keep: Has active purchase/return activity,0
24-P,ANJALI TRADERS,4564,AT/1882/25-26,,TRUE,1,1,0,0,0,0,1,1,1,ACTIVE_WITH_PURCHASE_HISTORY,Keep: Has active purchase/return activity,0
24-Apr,NEW MODERN CHIKAN,3878,1942,,TRUE,4,1,0,0,0,0,4,4,1,ACTIVE_WITH_PURCHASE_HISTORY,Keep: Has active purchase/return activity,0
24030,DIYA CREATION,207,DC/25-26/5308,,TRUE,1,1,0,0,0,0,1,1,1,ACTIVE_WITH_PURCHASE_HISTORY,Keep: Has active purchase/return activity,0
240431,LINEN AND LINENS PVT LTD,"00009516, 00009517, 00009518, 00009519, 00009520",26326,,TRUE,5,1,0,0,0,0,5,5,5,ACTIVE_WITH_PURCHASE_HISTORY,Keep: Has active purchase/return activity,0
240553,LINEN AND LINENS PVT LTD,"00006744, 00009699, 00009700, 00009701, 00009702, 00009703","21361, 21475",,TRUE,6,2,0,0,0,0,6,6,6,ACTIVE_WITH_PURCHASE_HISTORY,Keep: Has active purchase/return activity,0
240553-A,LINEN AND LINENS PVT LTD,"00005152, 00005153, 00005154, 00005155, 00005156",,"INV2026000127, INV2026000129, INV2026000248",TRUE,0,0,1,3,3,1,1,5,5,ACTIVE_WITH_PURCHASE_HISTORY,Keep: Has active purchase/return activity,-4
24058,BOOM JNS PVT LTD,"00002452, 00002453, 00002454, 00002455, 00002456, 00005294, 00005295, 00005296, 00005297","SB8097/25-26, SB8423/25-26",INV2026000005,TRUE,18,2,15,1,1,0,2,15,9,ACTIVE_WITH_PURCHASE_HISTORY,Keep: Has active purchase/return activity,0
24058-02,BOOM JNS PVT LTD,"00002457, 00002458, 00002459, 00002460, 00002461",SB8097/25-26,,TRUE,10,1,6,0,0,0,30,35,5,ACTIVE_WITH_PURCHASE_HISTORY,Keep: Has active purchase/return activity,-26
24058-3,BOOM JNS PVT LTD,"00005299, 00005300, 00005301, 00005302",SB8423/25-26,INV2026000386,TRUE,8,1,7,1,1,0,0,7,4,ACTIVE_WITH_PURCHASE_HISTORY,Keep: Has active purchase/return activity,0
24058-4,BOOM JNS PVT LTD,5303,SB8423/25-26,,TRUE,2,1,2,0,0,0,0,2,1,ACTIVE_WITH_PURCHASE_HISTORY,Keep: Has active purchase/return activity,0
24058-5,BOOM JNS PVT LTD,"00005304, 00005305, 00005306, 00005307",SB8423/25-26,"INV2026000005, INV2026000305",TRUE,8,1,6,2,2,0,0,6,4,ACTIVE_WITH_PURCHASE_HISTORY,Keep: Has active purchase/return activity,0
24058-6,BOOM JNS PVT LTD,5308,SB8423/25-26,,TRUE,2,1,2,0,0,0,0,2,1,ACTIVE_WITH_PURCHASE_HISTORY,Keep: Has active purchase/return activity,0
24058-A,BOOM JNS PVT LTD,"00007829, 00007830, 00007831, 00007832",SB-8729/25-26,,TRUE,8,1,8,0,0,0,0,6,4,ACTIVE_WITH_PURCHASE_HISTORY,Keep: Has active purchase/return activity,0
24058-B,BOOM JNS PVT LTD,"00005298, 00007833","SB-8729/25-26, SB8423/25-26",,TRUE,4,2,4,0,0,0,0,4,2,ACTIVE_WITH_PURCHASE_HISTORY,Keep: Has active purchase/return activity,0
24062,AHUJA TEXTILES,"00004002, 00004003, 00004004, 00004005",AT04709/25-26,"INV2026000223, INV2026000419, INV2627000752, INV2627000833",TRUE,4,1,0,4,4,0,0,4,4,ACTIVE_WITH_PURCHASE_HISTORY,Keep: Has active purchase/return activity,0
2408,SHUBHANGAM-(2022-23),"00001742, 00005968","19911, SF/25-26/381",INV2627000722,TRUE,2,2,0,1,1,0,1,2,2,ACTIVE_WITH_PURCHASE_HISTORY,Keep: Has active purchase/return activity,0
2410,SHIKHA FASHIONS ,1125,SF/25-26/376,,TRUE,1,1,0,0,0,0,1,1,1,ACTIVE_WITH_PURCHASE_HISTORY,Keep: Has active purchase/return activity,0
241015,DIYA CREATION,205,DC/25-26/5308,,TRUE,1,1,0,0,0,0,1,1,1,ACTIVE_WITH_PURCHASE_HISTORY,Keep: Has active purchase/return activity,0
2411,SHIKHA FASHIONS ,1743,SF/25-26/381,,TRUE,1,1,0,0,0,0,1,1,1,ACTIVE_WITH_PURCHASE_HISTORY,Keep: Has active purchase/return activity,0
2413,ADIVA DESIGNER,4881,408,,TRUE,1,1,0,0,0,0,1,1,1,ACTIVE_WITH_PURCHASE_HISTORY,Keep: Has active purchase/return activity,0
2415,SHIKHA FASHIONS ,"00003117, 00005956","19911, SF/25-26/388",,TRUE,2,2,0,0,0,0,2,2,2,ACTIVE_WITH_PURCHASE_HISTORY,Keep: Has active purchase/return activity,0
2416,SHIKHA FASHIONS ,3466,SF/25-26/385,INV2026000186,TRUE,1,1,0,1,1,0,0,1,1,ACTIVE_WITH_PURCHASE_HISTORY,Keep: Has active purchase/return activity,0
2419,ADIVA DESIGNER,4880,408,INV2026000042,TRUE,1,1,0,1,1,0,0,1,1,ACTIVE_WITH_PURCHASE_HISTORY,Keep: Has active purchase/return activity,0
2420,SHIKHA FASHIONS ,3156,SF/25-26/386,,TRUE,1,1,0,0,0,0,1,1,1,ACTIVE_WITH_PURCHASE_HISTORY,Keep: Has active purchase/return activity,0
2422,SHIKHA FASHIONS ,3980,SF/25-26/383,,TRUE,1,1,0,0,0,0,1,1,1,ACTIVE_WITH_PURCHASE_HISTORY,Keep: Has active purchase/return activity,0
243-89,DIWANS FASHIONSCAPE,4087,DF/005306/25-26,"INV2026000172, INV2627000360, INV2627000445",TRUE,3,1,0,3,3,0,0,3,1,ACTIVE_WITH_PURCHASE_HISTORY,Keep: Has active purchase/return activity,0
2431,ANVAY BRIDAL COUTURE,3984,ANV/002497/25-26F,,TRUE,1,1,0,0,0,0,1,1,1,ACTIVE_WITH_PURCHASE_HISTORY,Keep: Has active purchase/return activity,0
24364-BLACK,BOOM JNS PVT LTD,"00008870, 00008871, 00008872, 00008873, 00008874",SB0667/26-27,,TRUE,5,1,5,0,0,0,0,5,5,ACTIVE_WITH_PURCHASE_HISTORY,Keep: Has active purchase/return activity,0
24364-CREAM,BOOM JNS PVT LTD,"00008875, 00008876, 00008877, 00008878, 00008879",SB0667/26-27,,TRUE,5,1,5,0,0,0,0,5,5,ACTIVE_WITH_PURCHASE_HISTORY,Keep: Has active purchase/return activity,0
24364-WHITE,BOOM JNS PVT LTD,"00008880, 00008881, 00008882, 00008883, 00008884",SB0667/26-27,,TRUE,5,1,5,0,0,0,0,5,5,ACTIVE_WITH_PURCHASE_HISTORY,Keep: Has active purchase/return activity,0
2445-G,SHUBHANGAM FINERY PVT. LTD.,9647,266,,TRUE,1,1,0,0,0,0,1,1,1,ACTIVE_WITH_PURCHASE_HISTORY,Keep: Has active purchase/return activity,0
2445-O,SHUBHANGAM FINERY PVT. LTD.,9648,266,,TRUE,1,1,0,0,0,0,1,1,1,ACTIVE_WITH_PURCHASE_HISTORY,Keep: Has active purchase/return activity,0
2445-PCH,AASHIRVAD HERITAGE PVT LTD,1339,AH/008520/25-26,INV2627000309,TRUE,1,1,0,1,1,0,0,1,1,ACTIVE_WITH_PURCHASE_HISTORY,Keep: Has active purchase/return activity,0
2455,SHUBHANGAM-(2022-23),5959,19911,INV2627000751,TRUE,1,1,0,1,1,0,0,1,1,ACTIVE_WITH_PURCHASE_HISTORY,Keep: Has active purchase/return activity,0
2457,SHUBHANGAM-(2022-23),5962,19911,INV2026000168,TRUE,1,1,0,1,1,0,0,1,1,ACTIVE_WITH_PURCHASE_HISTORY,Keep: Has active purchase/return activity,0
2471,TANEJA APPARELS P LTD,6877,TA/25-26/10892,INV2627000140,TRUE,1,1,0,1,1,0,0,1,1,ACTIVE_WITH_PURCHASE_HISTORY,Keep: Has active purchase/return activity,0
24746,DIYA CREATION,210,DC/25-26/5308,,TRUE,1,1,0,0,0,0,1,1,1,ACTIVE_WITH_PURCHASE_HISTORY,Keep: Has active purchase/return activity,0
2486,SHUBHANGAM-(2022-23),5957,19911,INV2627000722,TRUE,1,1,0,1,1,0,0,1,1,ACTIVE_WITH_PURCHASE_HISTORY,Keep: Has active purchase/return activity,0
2489,TANEJA APPARELS P LTD,6880,TA/25-26/10892,INV2627000695,TRUE,1,1,0,1,1,0,0,1,1,ACTIVE_WITH_PURCHASE_HISTORY,Keep: Has active purchase/return activity,0
2490,TANEJA APPARELS P LTD,6881,TA/25-26/10892,,TRUE,1,1,0,0,0,0,1,1,1,ACTIVE_WITH_PURCHASE_HISTORY,Keep: Has active purchase/return activity,0
2491,TANEJA APPARELS P LTD,6870,TA/25-26/10892,,TRUE,1,1,0,0,0,0,1,1,1,ACTIVE_WITH_PURCHASE_HISTORY,Keep: Has active purchase/return activity,0
2492,SHUBHANGAM-(2022-23),6860,12,,TRUE,1,1,0,0,0,0,1,1,1,ACTIVE_WITH_PURCHASE_HISTORY,Keep: Has active purchase/return activity,0
2494,SHUBHANGAM-(2022-23),6811,19967,INV2627000467,TRUE,1,1,0,1,1,0,0,1,1,ACTIVE_WITH_PURCHASE_HISTORY,Keep: Has active purchase/return activity,0
2497-Y,MEHRA SAREE KENDRA ,5495,,,TRUE,0,0,0,0,0,0,1,1,1,ORPHAN_WITH_STOCK,Audit: Has physical stock/printed barcodes but no purchase record,-1
2498,TANEJA APPARELS P LTD,6867,TA/25-26/10892,INV2627000963,TRUE,1,1,0,1,1,0,0,1,1,ACTIVE_WITH_PURCHASE_HISTORY,Keep: Has active purchase/return activity,0
25,KRISHNA COLLECTION,"00002817, 00007310","KC/INV/584/25-26, S786",INV2627000513,TRUE,2,2,0,1,1,0,1,2,2,ACTIVE_WITH_PURCHASE_HISTORY,Keep: Has active purchase/return activity,0
25-B,KRISHNA COLLECTION,7311,KC/INV/584/25-26,,TRUE,1,1,0,0,0,0,1,1,1,ACTIVE_WITH_PURCHASE_HISTORY,Keep: Has active purchase/return activity,0
25-G,ANJALI TRADERS,4565,AT/1882/25-26,INV2627000348,TRUE,1,1,0,1,1,0,0,1,1,ACTIVE_WITH_PURCHASE_HISTORY,Keep: Has active purchase/return activity,0
25-P,ANJALI TRADERS,"00004566, 00004567",AT/1882/25-26,INV2627000838,TRUE,2,1,0,1,1,0,1,2,2,ACTIVE_WITH_PURCHASE_HISTORY,Keep: Has active purchase/return activity,0
25-Jan,NEW MODERN CHIKAN,3879,1942,,TRUE,1,1,0,0,0,0,1,1,1,ACTIVE_WITH_PURCHASE_HISTORY,Keep: Has active purchase/return activity,0
2500,KANCHANA,"00001851, 00006864","KANWS25-26-06601, TA/25-26/10892",INV2627000306,TRUE,2,2,0,1,1,0,1,2,2,ACTIVE_WITH_PURCHASE_HISTORY,Keep: Has active purchase/return activity,0
250059,LINEN AND LINENS PVT LTD,"00006680, 00006681, 00006682, 00006683, 00006684",21463,"INV2627000366, INV2627000437, INV2627000633, INV2627000891",TRUE,5,1,0,4,4,0,1,5,5,ACTIVE_WITH_PURCHASE_HISTORY,Keep: Has active purchase/return activity,0
250098,LINEN AND LINENS PVT LTD,"00000544, 00000545, 00000546, 00000547, 00000548",21286,"INV2026000121, INV2627000451",TRUE,5,1,0,2,2,0,4,5,5,ACTIVE_WITH_PURCHASE_HISTORY,Keep: Has active purchase/return activity,-1
2502,SHUBHANGAM-(2022-23),5963,19911,,TRUE,1,1,0,0,0,0,1,1,1,ACTIVE_WITH_PURCHASE_HISTORY,Keep: Has active purchase/return activity,0
250371,LINEN AND LINENS PVT LTD,"00000497, 00000498, 00000499, 00005161, 00005162, 00005163, 00005164, 00005165","21286, 21361","INV2026000101, INV2026000108, INV2026000147, INV2026000279, INV2627000858",TRUE,8,2,0,5,5,3,4,8,8,ACTIVE_WITH_PURCHASE_HISTORY,Keep: Has active purchase/return activity,2
2504,TANEJA APPARELS P LTD,6869,TA/25-26/10892,,TRUE,1,1,0,0,0,0,1,1,1,ACTIVE_WITH_PURCHASE_HISTORY,Keep: Has active purchase/return activity,0
2504 CM,TANEJA APPARELS P LTD,31,8919,INV2026000337,TRUE,1,1,0,1,1,0,0,1,1,ACTIVE_WITH_PURCHASE_HISTORY,Keep: Has active purchase/return activity,0
250442,LINEN AND LINENS PVT LTD,"00009594, 00009595, 00009596, 00009597, 00009598",26356,,TRUE,5,1,0,0,0,0,5,5,5,ACTIVE_WITH_PURCHASE_HISTORY,Keep: Has active purchase/return activity,0
250477,LINEN AND LINENS PVT LTD,"00006722, 00006723, 00006724, 00006725, 00006726, 00006727",21475,,TRUE,6,1,0,0,0,0,6,6,6,ACTIVE_WITH_PURCHASE_HISTORY,Keep: Has active purchase/return activity,0
250477-G,LINEN AND LINENS PVT LTD,"00006728, 00006729, 00006730, 00006731, 00006732, 00006733",21475,,TRUE,6,1,0,0,0,0,6,6,6,ACTIVE_WITH_PURCHASE_HISTORY,Keep: Has active purchase/return activity,0
25048,DIYA CREATION,8094,DC/26-27/0122,,TRUE,1,1,0,0,0,0,1,1,1,ACTIVE_WITH_PURCHASE_HISTORY,Keep: Has active purchase/return activity,0
250488,LINEN AND LINENS PVT LTD,"00005157, 00005158, 00005159, 00005160",21361,INV2627000211,TRUE,4,1,0,1,1,0,3,4,4,ACTIVE_WITH_PURCHASE_HISTORY,Keep: Has active purchase/return activity,0
250496,LINEN AND LINENS PVT LTD,"00008604, 00008605, 00008606, 00008607, 00008608",26128,,TRUE,5,1,0,0,0,0,5,5,5,ACTIVE_WITH_PURCHASE_HISTORY,Keep: Has active purchase/return activity,0
2505,ANVAY BRIDAL COUTURE,789,ANV/002448/25-26,,TRUE,1,1,0,0,0,0,1,1,1,ACTIVE_WITH_PURCHASE_HISTORY,Keep: Has active purchase/return activity,0
250500,LINEN AND LINENS PVT LTD,"00009525, 00009526, 00009527",26326,,TRUE,3,1,0,0,0,0,3,3,3,ACTIVE_WITH_PURCHASE_HISTORY,Keep: Has active purchase/return activity,0
250578,LINEN AND LINENS PVT LTD,"00000505, 00000506, 00000507, 00000508, 00000509",21286,"INV2026000027, INV2026000043, INV2627000481, INV2627000644, INV2627000995",TRUE,5,1,0,5,5,0,0,5,5,ACTIVE_WITH_PURCHASE_HISTORY,Keep: Has active purchase/return activity,0
2506,TANEJA APPARELS P LTD,"00000242, 00006861","ANV/002434/25-26, TA/25-26/10892",INV2627000341,TRUE,2,2,0,1,1,0,1,2,2,ACTIVE_WITH_PURCHASE_HISTORY,Keep: Has active purchase/return activity,0
250634-GREY,LINEN AND LINENS PVT LTD,"00008915, 00008916, 00008917, 00008918, 00008919",26055,,TRUE,5,1,0,0,0,0,5,5,5,ACTIVE_WITH_PURCHASE_HISTORY,Keep: Has active purchase/return activity,0
250634-WHITE,LINEN AND LINENS PVT LTD,"00008910, 00008911, 00008912, 00008913, 00008914",26055,,TRUE,5,1,0,0,0,0,5,5,5,ACTIVE_WITH_PURCHASE_HISTORY,Keep: Has active purchase/return activity,0
250720,LINEN AND LINENS PVT LTD,"00000520, 00000521, 00000522, 00000523",21286,INV2627000051,TRUE,4,1,0,1,1,0,3,4,4,ACTIVE_WITH_PURCHASE_HISTORY,Keep: Has active purchase/return activity,0
250721,LINEN AND LINENS PVT LTD,"00000534, 00000535, 00000536, 00000537, 00000538",21286,"INV2026000007, INV2026000056, INV2026000057, INV2627000348, INV2627000689",TRUE,5,1,0,5,5,0,0,5,5,ACTIVE_WITH_PURCHASE_HISTORY,Keep: Has active purchase/return activity,0
250725,LINEN AND LINENS PVT LTD,"00000524, 00000525, 00000526, 00000527, 00000528",21286,"INV2026000305, INV2627000440",TRUE,5,1,0,2,2,0,3,5,5,ACTIVE_WITH_PURCHASE_HISTORY,Keep: Has active purchase/return activity,0
250726,LINEN AND LINENS PVT LTD,"00000554, 00000555, 00000556, 00000557, 00000558",21286,"INV2627000051, INV2627000918",TRUE,5,1,0,2,2,0,3,5,5,ACTIVE_WITH_PURCHASE_HISTORY,Keep: Has active purchase/return activity,0
25073,DIYA CREATION,212,DC/25-26/5308,,TRUE,1,1,0,0,0,0,1,1,1,ACTIVE_WITH_PURCHASE_HISTORY,Keep: Has active purchase/return activity,0
250730,LINEN AND LINENS PVT LTD,"00000500, 00000501, 00000502, 00000503, 00000504",21286,"INV2026000116, INV2026000189, INV2026000283, INV2026000347, INV2026000386",TRUE,5,1,0,5,5,0,0,5,5,ACTIVE_WITH_PURCHASE_HISTORY,Keep: Has active purchase/return activity,0
25082,SHREE VISHWANATH SAREES PVT LTD,"00004246, 00004255",25-26/1505,INV2627000120,TRUE,2,1,0,1,1,0,1,2,2,ACTIVE_WITH_PURCHASE_HISTORY,Keep: Has active purchase/return activity,0
2510 PINK,TANEJA APPARELS P LTD,27,8919,,TRUE,1,1,0,0,0,0,1,1,1,ACTIVE_WITH_PURCHASE_HISTORY,Keep: Has active purchase/return activity,0
251009,DIYA CREATION,214,DC/25-26/5308,,TRUE,1,1,0,0,0,0,1,1,1,ACTIVE_WITH_PURCHASE_HISTORY,Keep: Has active purchase/return activity,0
251031,DIYA CREATION,215,DC/25-26/5308,,TRUE,1,1,0,0,0,0,1,1,1,ACTIVE_WITH_PURCHASE_HISTORY,Keep: Has active purchase/return activity,0
251036,DIYA CREATION,204,DC/25-26/5308,,TRUE,1,1,0,0,0,0,1,1,1,ACTIVE_WITH_PURCHASE_HISTORY,Keep: Has active purchase/return activity,0
251043,DIYA CREATION,208,DC/25-26/5308,INV2627000002,TRUE,1,1,0,1,1,0,0,1,1,ACTIVE_WITH_PURCHASE_HISTORY,Keep: Has active purchase/return activity,0
251046,DIYA CREATION,216,DC/25-26/5308,,TRUE,1,1,0,0,0,0,1,1,1,ACTIVE_WITH_PURCHASE_HISTORY,Keep: Has active purchase/return activity,0
251058,DIYA CREATION,7954,DC/25-26/5977,,TRUE,1,1,0,0,0,0,1,1,1,ACTIVE_WITH_PURCHASE_HISTORY,Keep: Has active purchase/return activity,0
25107,SHREE VISHWANATH SAREES PVT LTD,"00004243, 00004252",25-26/1505,INV2627000639,TRUE,2,1,0,1,1,0,1,2,2,ACTIVE_WITH_PURCHASE_HISTORY,Keep: Has active purchase/return activity,0
2511,V NARBHERAM & CO,1767,234570,,TRUE,4,1,0,0,0,0,4,4,1,ACTIVE_WITH_PURCHASE_HISTORY,Keep: Has active purchase/return activity,0
25112,SHREE NIKETAN SAREES PVT LTD,"00004238, 00004242, 00004247, 00004251",25-26/1505,,TRUE,2,1,0,0,0,0,4,4,4,ACTIVE_WITH_PURCHASE_HISTORY,Keep: Has active purchase/return activity,-2
2512,MEHRA SAREE KENDRA ,"00004943, 00004944",MKS/2206/2025-26,,TRUE,2,1,0,0,0,0,2,2,2,ACTIVE_WITH_PURCHASE_HISTORY,Keep: Has active purchase/return activity,0
25126,SHREE VISHWANATH SAREES PVT LTD,"00004239, 00004248",25-26/1505,INV2627000706,TRUE,1,1,0,1,1,0,1,2,2,ACTIVE_WITH_PURCHASE_HISTORY,Keep: Has active purchase/return activity,-1
2513 GR,TANEJA APPARELS P LTD,926,TA/25-26/9857,INV2627000064,TRUE,1,1,0,1,1,0,0,1,1,ACTIVE_WITH_PURCHASE_HISTORY,Keep: Has active purchase/return activity,0
2515-L,TANEJA APPARELS P LTD,245,TA/25-26/9627,INV2026000371,TRUE,1,1,0,1,1,0,0,1,1,ACTIVE_WITH_PURCHASE_HISTORY,Keep: Has active purchase/return activity,0
2515 ON,TANEJA APPARELS P LTD,32,8919,,TRUE,1,1,0,0,0,0,1,1,1,ACTIVE_WITH_PURCHASE_HISTORY,Keep: Has active purchase/return activity,0
251508,DIYA CREATION,3094,DC/25-26/5733,,TRUE,1,1,0,0,0,0,1,1,1,ACTIVE_WITH_PURCHASE_HISTORY,Keep: Has active purchase/return activity,0
25154,SHREE NIKETAN SAREES PVT LTD,"00004244, 00004253",25-26/1505,,TRUE,2,1,0,0,0,0,2,2,2,ACTIVE_WITH_PURCHASE_HISTORY,Keep: Has active purchase/return activity,0
2516,TANEJA APPARELS P LTD,6882,TA/25-26/10892,INV2627000756,TRUE,1,1,0,1,1,0,0,1,1,ACTIVE_WITH_PURCHASE_HISTORY,Keep: Has active purchase/return activity,0
2516 BG,TANEJA APPARELS P LTD,26,8919,,TRUE,1,1,0,0,0,0,1,1,1,ACTIVE_WITH_PURCHASE_HISTORY,Keep: Has active purchase/return activity,0
25165,SHREE NIKETAN SAREES PVT LTD,"00004240, 00004249",25-26/1505,INV2627000706,TRUE,1,1,0,1,1,0,1,2,2,ACTIVE_WITH_PURCHASE_HISTORY,Keep: Has active purchase/return activity,-1
25175,SHREE VISHWANATH SAREES PVT LTD,"00004241, 00004250",25-26/1505,,TRUE,1,1,0,0,0,0,2,2,2,ACTIVE_WITH_PURCHASE_HISTORY,Keep: Has active purchase/return activity,-1
25179,SHREE VISHWANATH SAREES PVT LTD,"00004245, 00004254",25-26/1505,INV2627000896,TRUE,1,1,0,1,1,0,1,2,2,ACTIVE_WITH_PURCHASE_HISTORY,Keep: Has active purchase/return activity,-1
25186,DIYA CREATION,213,DC/25-26/5308,,TRUE,1,1,0,0,0,0,1,1,1,ACTIVE_WITH_PURCHASE_HISTORY,Keep: Has active purchase/return activity,0
25187,DIYA CREATION,217,DC/25-26/5308,INV2627000002,TRUE,1,1,0,1,1,0,0,1,1,ACTIVE_WITH_PURCHASE_HISTORY,Keep: Has active purchase/return activity,0
2520 PINK,TANEJA APPARELS P LTD,29,8919,INV2026000210,TRUE,1,1,0,1,1,0,0,1,1,ACTIVE_WITH_PURCHASE_HISTORY,Keep: Has active purchase/return activity,0
25203,DIYA CREATION,211,DC/25-26/5308,,TRUE,1,1,0,0,0,0,1,1,1,ACTIVE_WITH_PURCHASE_HISTORY,Keep: Has active purchase/return activity,0
25205,DIYA CREATION,9029,DC/26-27/0231,,TRUE,1,1,0,0,0,0,1,1,1,ACTIVE_WITH_PURCHASE_HISTORY,Keep: Has active purchase/return activity,0
25209,DIYA CREATION,209,DC/25-26/5308,,TRUE,1,1,0,0,0,0,1,1,1,ACTIVE_WITH_PURCHASE_HISTORY,Keep: Has active purchase/return activity,0
2521 PINK,TANEJA APPARELS P LTD,28,8919,INV2627000990,TRUE,1,1,0,1,1,0,0,1,1,ACTIVE_WITH_PURCHASE_HISTORY,Keep: Has active purchase/return activity,0
2525,TANEJA APPARELS P LTD,6876,TA/25-26/10892,INV2627000840,TRUE,1,1,0,1,1,0,0,1,1,ACTIVE_WITH_PURCHASE_HISTORY,Keep: Has active purchase/return activity,0
2525 BG,TANEJA APPARELS P LTD,24,8919,,TRUE,1,1,0,0,0,0,1,1,1,ACTIVE_WITH_PURCHASE_HISTORY,Keep: Has active purchase/return activity,0
2525 PINK,TANEJA APPARELS P LTD,25,8919,INV2026000061,TRUE,1,1,0,1,1,0,0,1,1,ACTIVE_WITH_PURCHASE_HISTORY,Keep: Has active purchase/return activity,0
25251,DIYA CREATION,206,DC/25-26/5308,,TRUE,1,1,0,0,0,0,1,1,1,ACTIVE_WITH_PURCHASE_HISTORY,Keep: Has active purchase/return activity,0
252520,DIYA CREATION,4882,DC/25-26/5652,,TRUE,1,1,0,0,0,0,1,1,1,ACTIVE_WITH_PURCHASE_HISTORY,Keep: Has active purchase/return activity,0
2531,TANEJA APPARELS P LTD,6868,TA/25-26/10892,,TRUE,1,1,0,0,0,0,1,1,1,ACTIVE_WITH_PURCHASE_HISTORY,Keep: Has active purchase/return activity,0
2533,TANEJA APPARELS P LTD,613,TA/25-25/9838,INV2026000340,TRUE,1,1,0,1,1,0,0,1,1,ACTIVE_WITH_PURCHASE_HISTORY,Keep: Has active purchase/return activity,0
2533 YL,TANEJA APPARELS P LTD,617,TA/25-26/9770,,TRUE,1,1,0,0,0,0,1,1,1,ACTIVE_WITH_PURCHASE_HISTORY,Keep: Has active purchase/return activity,0
2534,TANEJA APPARELS P LTD,6875,TA/25-26/10892,INV2627001015,TRUE,1,1,0,1,1,0,0,1,1,ACTIVE_WITH_PURCHASE_HISTORY,Keep: Has active purchase/return activity,0
2535,TANEJA APPARELS P LTD,"00000241, 00006879","ANV/002434/25-26, TA/25-26/10892",INV2627000744,TRUE,2,2,0,1,1,0,1,2,2,ACTIVE_WITH_PURCHASE_HISTORY,Keep: Has active purchase/return activity,0
25361-GREEN,YASH FABRICS,8156,735,,TRUE,1,1,0,0,0,0,1,1,1,ACTIVE_WITH_PURCHASE_HISTORY,Keep: Has active purchase/return activity,0
25361-PINK,YASH FABRICS,8157,735,,TRUE,1,1,0,0,0,0,1,1,1,ACTIVE_WITH_PURCHASE_HISTORY,Keep: Has active purchase/return activity,0
2539,TANEJA APPARELS P LTD,"00003985, 00006874","ANV/002497/25-26F, TA/25-26/10892","INV2026000250, INV2627000426",TRUE,2,2,0,2,2,0,0,2,2,ACTIVE_WITH_PURCHASE_HISTORY,Keep: Has active purchase/return activity,0
254-22,DIWANS FASHIONSCAPE,1623,DF/005305/25-26,"INV2627000360, INV2627000446",TRUE,3,1,0,2,2,0,1,3,1,ACTIVE_WITH_PURCHASE_HISTORY,Keep: Has active purchase/return activity,0
2540-L,TANEJA APPARELS P LTD,6141,TA/25-26/10578,,TRUE,1,1,0,0,0,0,1,1,1,ACTIVE_WITH_PURCHASE_HISTORY,Keep: Has active purchase/return activity,0
2541,SHUBHANGAM FINERY PVT. LTD.,"00006878, 00009014","194, TA/25-26/10892",,TRUE,2,2,0,0,0,0,2,2,2,ACTIVE_WITH_PURCHASE_HISTORY,Keep: Has active purchase/return activity,0
2541 PE,TANEJA APPARELS P LTD,932,TA/25-26/9817,,TRUE,1,1,0,0,0,0,1,1,1,ACTIVE_WITH_PURCHASE_HISTORY,Keep: Has active purchase/return activity,0
25416 1,AARI,"00000626, 00000627, 00000628, 00000629, 00000630, 00000631",5462/25-26,"INV2627000516, INV2627000812, INV2627000865",TRUE,6,1,0,3,3,0,3,6,6,ACTIVE_WITH_PURCHASE_HISTORY,Keep: Has active purchase/return activity,0
25417 1,AARI,"00000711, 00000712, 00000713, 00000714, 00000715, 00000716, 00000717",5460/25-26,"INV2627000863, INV2627000864",TRUE,7,1,0,2,2,0,5,7,7,ACTIVE_WITH_PURCHASE_HISTORY,Keep: Has active purchase/return activity,0
25418-A,AARI,"00007093, 00007094, 00007095, 00007096",6216/25-26,,TRUE,4,1,0,0,0,0,4,4,4,ACTIVE_WITH_PURCHASE_HISTORY,Keep: Has active purchase/return activity,0
25418-B,AARI,"00007097, 00007098",6216/25-26,INV2627000812,TRUE,2,1,0,1,1,0,1,2,2,ACTIVE_WITH_PURCHASE_HISTORY,Keep: Has active purchase/return activity,0
25420,AARI,"00009083, 00009084, 00009085, 00009086",63/26-27,,TRUE,8,1,0,0,0,0,6,6,4,ACTIVE_WITH_PURCHASE_HISTORY,Keep: Has active purchase/return activity,2
25420-B,AARI,"00009087, 00009088, 00009089",63/26-27,,TRUE,4,1,0,0,0,0,4,4,3,ACTIVE_WITH_PURCHASE_HISTORY,Keep: Has active purchase/return activity,0
25426-A,AARI,"00007099, 00007100, 00007101, 00007102",6216/25-26,INV2627000864,TRUE,4,1,0,1,1,0,3,4,4,ACTIVE_WITH_PURCHASE_HISTORY,Keep: Has active purchase/return activity,0
25426-B,AARI,"00007103, 00007104, 00007105",6216/25-26,,TRUE,3,1,0,0,0,0,3,3,3,ACTIVE_WITH_PURCHASE_HISTORY,Keep: Has active purchase/return activity,0
25429 1,AARI,"00000632, 00000633, 00000634, 00000635, 00000636, 00000637, 00000638",5462/25-26,INV2627000999,TRUE,11,1,0,1,1,0,8,9,7,ACTIVE_WITH_PURCHASE_HISTORY,Keep: Has active purchase/return activity,2
2543,TANEJA APPARELS P LTD,6873,TA/25-26/10892,,TRUE,1,1,0,0,0,0,1,1,1,ACTIVE_WITH_PURCHASE_HISTORY,Keep: Has active purchase/return activity,0
2543-BROWN,TANEJA APPARELS P LTD,7894,TA/26-27/468,,TRUE,1,1,0,0,0,0,1,1,1,ACTIVE_WITH_PURCHASE_HISTORY,Keep: Has active purchase/return activity,0
2543-CREAM,TANEJA APPARELS P LTD,7895,TA/26-27/468,,TRUE,1,1,0,0,0,0,1,1,1,ACTIVE_WITH_PURCHASE_HISTORY,Keep: Has active purchase/return activity,0
2543-L,TANEJA APPARELS P LTD,1069,TA/25-26/9927,INV2026000426,TRUE,1,1,0,1,1,0,0,1,1,ACTIVE_WITH_PURCHASE_HISTORY,Keep: Has active purchase/return activity,0
2543 CM,TANEJA APPARELS P LTD,33,8919,INV2627000168,TRUE,1,1,0,1,1,0,0,1,1,ACTIVE_WITH_PURCHASE_HISTORY,Keep: Has active purchase/return activity,0
25431,AARI,"00008026, 00008027, 00008028, 00008029",239,,TRUE,8,1,0,0,0,0,6,6,4,ACTIVE_WITH_PURCHASE_HISTORY,Keep: Has active purchase/return activity,2
25431-B,AARI,"00008030, 00008031, 00008032",239,,TRUE,3,1,0,0,0,0,3,3,3,ACTIVE_WITH_PURCHASE_HISTORY,Keep: Has active purchase/return activity,0
25432,AARI,"00005660, 00005661, 00005662, 00005663",5878/25-26,"INV2026000005, INV2026000245",TRUE,4,1,0,2,2,0,2,4,4,ACTIVE_WITH_PURCHASE_HISTORY,Keep: Has active purchase/return activity,0
25432-2,AARI,"00005664, 00005665",5878/25-26,,TRUE,2,1,0,0,0,0,2,2,2,ACTIVE_WITH_PURCHASE_HISTORY,Keep: Has active purchase/return activity,0
25434,AARI,"00006456, 00006457, 00006458, 00006459",6050/25-26,"INV2627000028, INV2627000047, INV2627000516, INV2627000812, INV2627000957",TRUE,8,1,0,5,5,0,2,6,4,ACTIVE_WITH_PURCHASE_HISTORY,Keep: Has active purchase/return activity,1
25434-B,AARI,"00006460, 00006461, 00006462",6050/25-26,"INV2627000131, INV2627000295",TRUE,4,1,0,2,2,0,2,4,3,ACTIVE_WITH_PURCHASE_HISTORY,Keep: Has active purchase/return activity,0
25435,AARI,"00005666, 00005667, 00005668, 00005669",5878/25-26,"INV2026000084, INV2026000138, INV2026000272, INV2627000263",TRUE,8,1,0,4,4,0,3,7,4,ACTIVE_WITH_PURCHASE_HISTORY,Keep: Has active purchase/return activity,1
25435-2,AARI,"00005670, 00005671, 00005672",5878/25-26,,TRUE,3,1,0,0,0,0,3,3,3,ACTIVE_WITH_PURCHASE_HISTORY,Keep: Has active purchase/return activity,0
25436,AARI,"00006463, 00006464, 00006465, 00006466",6050/25-26,"INV2026000272, INV2026000333, INV2627000122",TRUE,4,1,0,3,3,0,1,4,4,ACTIVE_WITH_PURCHASE_HISTORY,Keep: Has active purchase/return activity,0
25436-B,AARI,"00006467, 00006468, 00006469",6050/25-26,,TRUE,3,1,0,0,0,0,3,3,3,ACTIVE_WITH_PURCHASE_HISTORY,Keep: Has active purchase/return activity,0
25439-A,AARI,"00007106, 00007107, 00007108",6216/25-26,,TRUE,3,1,0,0,0,0,3,3,3,ACTIVE_WITH_PURCHASE_HISTORY,Keep: Has active purchase/return activity,0
25439-B,AARI,"00007109, 00007110",6216/25-26,,TRUE,2,1,0,0,0,0,2,2,2,ACTIVE_WITH_PURCHASE_HISTORY,Keep: Has active purchase/return activity,0
25440 1,AARI,"00000639, 00000640, 00000641, 00000642, 00000643, 00000644",5462/25-26,"INV2627000740, INV2627000785, INV2627000812",TRUE,6,1,0,3,3,0,3,6,6,ACTIVE_WITH_PURCHASE_HISTORY,Keep: Has active purchase/return activity,0
25441 1,AARI,"00000645, 00000646, 00000647, 00000648, 00000649, 00000650, 00000651",5462/25-26,"INV2627000562, INV2627000791, INV2627000820, INV2627000905, INV2627000940, INV2627000999",TRUE,11,1,0,6,6,0,3,8,7,ACTIVE_WITH_PURCHASE_HISTORY,Keep: Has active purchase/return activity,2
2550,SHUBHANGAM-(2022-23),5964,19911,INV2026000411,TRUE,1,1,0,1,1,0,0,1,1,ACTIVE_WITH_PURCHASE_HISTORY,Keep: Has active purchase/return activity,0
2554,TANEJA APPARELS P LTD,"00002417, 00006866, 00007903","9409, TA/25-26/10892, TA/26-27/499","INV2627000089, INV2627000510",TRUE,3,3,0,2,2,0,1,3,3,ACTIVE_WITH_PURCHASE_HISTORY,Keep: Has active purchase/return activity,0
2555,TANEJA APPARELS P LTD,6863,TA/25-26/10892,,TRUE,1,1,0,0,0,0,1,1,1,ACTIVE_WITH_PURCHASE_HISTORY,Keep: Has active purchase/return activity,0
2555 L,TANEJA APPARELS P LTD,244,TA/25-26/9627,INV2627000178,TRUE,1,1,0,1,1,0,0,1,1,ACTIVE_WITH_PURCHASE_HISTORY,Keep: Has active purchase/return activity,0
2556,TANEJA APPARELS P LTD,6862,TA/25-26/10892,,TRUE,1,1,0,0,0,0,1,1,1,ACTIVE_WITH_PURCHASE_HISTORY,Keep: Has active purchase/return activity,0
2557,ANVAY BRIDAL COUTURE,3983,ANV/002497/25-26F,,TRUE,1,1,0,0,0,0,1,1,1,ACTIVE_WITH_PURCHASE_HISTORY,Keep: Has active purchase/return activity,0
2562,ANVAY BRIDAL COUTURE,243,ANV/002434/25-26,,TRUE,1,1,0,0,0,0,1,1,1,ACTIVE_WITH_PURCHASE_HISTORY,Keep: Has active purchase/return activity,0
2563,TANEJA APPARELS P LTD,934,TA/25-26/9817,INV2026000147,TRUE,1,1,0,1,1,0,0,1,1,ACTIVE_WITH_PURCHASE_HISTORY,Keep: Has active purchase/return activity,0
2566,ANVAY BRIDAL COUTURE,"00000779, 00006106, 00006107, 00006108","000748, ANV/002449/15-16","INV2627000034, INV2627000123",TRUE,4,2,0,2,2,0,2,4,4,ACTIVE_WITH_PURCHASE_HISTORY,Keep: Has active purchase/return activity,0
2569,ANVAY BRIDAL COUTURE,7132,ANV/000030/26-27,,TRUE,1,1,0,0,0,0,1,1,1,ACTIVE_WITH_PURCHASE_HISTORY,Keep: Has active purchase/return activity,0
257,TANKHI DESIGNS 1 PVT LTD,"00000350, 00000351, 00000352, 00000353",TN/25-26/6195,,TRUE,4,1,0,0,0,0,4,4,4,ACTIVE_WITH_PURCHASE_HISTORY,Keep: Has active purchase/return activity,0
2577 LC,SHUBHANGAM-(2022-23),6449,19940,,TRUE,1,1,0,0,0,0,1,1,1,ACTIVE_WITH_PURCHASE_HISTORY,Keep: Has active purchase/return activity,0
2580,AARI,"00004191, 00004192, 00004193, 00004194, 00004195",5593/25-26,INV2026000344,TRUE,5,1,0,1,1,0,4,5,5,ACTIVE_WITH_PURCHASE_HISTORY,Keep: Has active purchase/return activity,0
25877,DIYA CREATION,4237,DC/25-26/5700,,TRUE,1,1,0,0,0,0,1,1,1,ACTIVE_WITH_PURCHASE_HISTORY,Keep: Has active purchase/return activity,0
2588,TANEJA APPARELS P LTD,6865,TA/25-26/10892,,TRUE,1,1,0,0,0,0,1,1,1,ACTIVE_WITH_PURCHASE_HISTORY,Keep: Has active purchase/return activity,0
2588 RN,TANEJA APPARELS P LTD,30,8919,,TRUE,1,1,0,0,0,0,1,1,1,ACTIVE_WITH_PURCHASE_HISTORY,Keep: Has active purchase/return activity,0
259 N,AMAYA EXCLUSIF,5573,AE-1946/2025-26,,TRUE,1,1,0,0,0,0,1,1,1,ACTIVE_WITH_PURCHASE_HISTORY,Keep: Has active purchase/return activity,0
2592,TANEJA APPARELS P LTD,"00000615, 00002418, 00006872","9409, TA/25-25/9838, TA/25-26/10892","INV2627000444, INV2627000839",TRUE,3,3,0,2,2,0,1,3,3,ACTIVE_WITH_PURCHASE_HISTORY,Keep: Has active purchase/return activity,0
2598 L,TANEJA APPARELS P LTD,933,TA/25-26/9817,INV2627000568,TRUE,1,1,0,1,1,0,0,1,1,ACTIVE_WITH_PURCHASE_HISTORY,Keep: Has active purchase/return activity,0
2599,SHUBHANGAM-(2022-23),5954,19911,,TRUE,1,1,0,0,0,0,1,1,1,ACTIVE_WITH_PURCHASE_HISTORY,Keep: Has active purchase/return activity,0
26,NIRJA HANDICRAFT ,2818,S786,,TRUE,1,1,1,0,0,0,0,1,1,ACTIVE_WITH_PURCHASE_HISTORY,Keep: Has active purchase/return activity,0
26-B,ANJALI TRADERS,4568,AT/1882/25-26,INV2627000374,TRUE,1,1,0,1,1,0,0,1,1,ACTIVE_WITH_PURCHASE_HISTORY,Keep: Has active purchase/return activity,0
26-G,ANJALI TRADERS,"00004569, 00004570",AT/1882/25-26,,TRUE,2,1,0,0,0,0,2,2,2,ACTIVE_WITH_PURCHASE_HISTORY,Keep: Has active purchase/return activity,0
26-L,ANJALI TRADERS,4571,AT/1882/25-26,,TRUE,1,1,0,0,0,0,1,1,1,ACTIVE_WITH_PURCHASE_HISTORY,Keep: Has active purchase/return activity,0
26-Feb,NEW MODERN CHIKAN,3880,1942,,TRUE,2,1,0,0,0,0,2,2,1,ACTIVE_WITH_PURCHASE_HISTORY,Keep: Has active purchase/return activity,0
260 A,TANKHI DESIGNS 1 PVT LTD,"00000346, 00000347, 00000348, 00000349",TN/25-26/6195,INV2627000946,TRUE,4,1,0,1,1,0,3,4,4,ACTIVE_WITH_PURCHASE_HISTORY,Keep: Has active purchase/return activity,0
260005,LINEN AND LINENS PVT LTD,"00005485, 00005486, 00005487, 00005488",21387,"INV2026000005, INV2627000166, INV2627000260",TRUE,4,1,0,3,3,0,1,4,4,ACTIVE_WITH_PURCHASE_HISTORY,Keep: Has active purchase/return activity,0
260008,LINEN AND LINENS PVT LTD,"00007519, 00007520, 00007521, 00007522, 00007523",26001,"INV2627000468, INV2627000848",TRUE,5,1,0,2,2,0,3,5,5,ACTIVE_WITH_PURCHASE_HISTORY,Keep: Has active purchase/return activity,0
260008CL,LINEN AND LINENS PVT LTD,"00007514, 00007515, 00007516, 00007517, 00007518",26001,"INV2627000746, INV2627000888",TRUE,5,1,0,2,2,0,3,5,5,ACTIVE_WITH_PURCHASE_HISTORY,Keep: Has active purchase/return activity,0
260027,LINEN AND LINENS PVT LTD,"00009112, 00009113, 00009114, 00009115, 00009116",26212,,TRUE,5,1,0,0,0,0,5,5,5,ACTIVE_WITH_PURCHASE_HISTORY,Keep: Has active purchase/return activity,0
260040,LINEN AND LINENS PVT LTD,"00000539, 00000540, 00000541, 00000542, 00000543, 00009272, 00009273, 00009274, 00009275, 00009276","21286, 26293","INV2627000012, INV2627000077, INV2627000186, INV2627000645, INV2627000966",TRUE,10,2,0,5,5,0,5,10,10,ACTIVE_WITH_PURCHASE_HISTORY,Keep: Has active purchase/return activity,0
260041,LINEN AND LINENS PVT LTD,"00009107, 00009108, 00009109, 00009110, 00009111",26212,,TRUE,5,1,0,0,0,0,5,5,5,ACTIVE_WITH_PURCHASE_HISTORY,Keep: Has active purchase/return activity,0
260046-A,LINEN AND LINENS PVT LTD,5148,21361,,TRUE,1,1,0,0,0,0,1,1,1,ACTIVE_WITH_PURCHASE_HISTORY,Keep: Has active purchase/return activity,0
260046-B,LINEN AND LINENS PVT LTD,5149,21361,INV2627000116,TRUE,1,1,0,1,1,0,0,1,1,ACTIVE_WITH_PURCHASE_HISTORY,Keep: Has active purchase/return activity,0
260046-C,LINEN AND LINENS PVT LTD,5150,21361,"INV2026000108, INV2627000051",TRUE,1,1,0,2,2,1,0,1,1,ACTIVE_WITH_PURCHASE_HISTORY,Keep: Has active purchase/return activity,0
260046-D,LINEN AND LINENS PVT LTD,5151,21361,INV2627000728,TRUE,1,1,0,1,1,0,0,1,1,ACTIVE_WITH_PURCHASE_HISTORY,Keep: Has active purchase/return activity,0
260053,LINEN AND LINENS PVT LTD,"00000564, 00000565, 00000566, 00000567, 00000568",21286,"INV2026000170, INV2627000046, INV2627000605",TRUE,5,1,0,3,3,0,2,5,5,ACTIVE_WITH_PURCHASE_HISTORY,Keep: Has active purchase/return activity,0
260055,LINEN AND LINENS PVT LTD,"00007509, 00007510, 00007511, 00007512, 00007513",26001,"INV2627000622, INV2627000728",TRUE,5,1,0,2,2,0,3,5,5,ACTIVE_WITH_PURCHASE_HISTORY,Keep: Has active purchase/return activity,0
260060,LINEN AND LINENS PVT LTD,"00000559, 00000560, 00000561, 00000562, 00000563",21286,"INV2026000047, INV2026000071, INV2026000127, INV2026000423",TRUE,5,1,0,4,4,0,1,5,5,ACTIVE_WITH_PURCHASE_HISTORY,Keep: Has active purchase/return activity,0
260076,LINEN AND LINENS PVT LTD,"00008614, 00008615, 00008616, 00008617, 00008618",26128,,TRUE,5,1,0,0,0,0,5,5,5,ACTIVE_WITH_PURCHASE_HISTORY,Keep: Has active purchase/return activity,0
260092,LINEN AND LINENS PVT LTD,"00009521, 00009522, 00009523, 00009524",26326,,TRUE,4,1,0,0,0,0,4,4,4,ACTIVE_WITH_PURCHASE_HISTORY,Keep: Has active purchase/return activity,0
260095,LINEN AND LINENS PVT LTD,"00008920, 00008921, 00008922, 00008923, 00008924",26055,,TRUE,5,1,0,0,0,0,5,5,5,ACTIVE_WITH_PURCHASE_HISTORY,Keep: Has active purchase/return activity,0
260107,LINEN AND LINENS PVT LTD,"00006675, 00006676, 00006677, 00006678, 00006679",21463,INV2627000728,TRUE,5,1,0,1,1,0,4,5,5,ACTIVE_WITH_PURCHASE_HISTORY,Keep: Has active purchase/return activity,0
260116,LINEN AND LINENS PVT LTD,"00008609, 00008610, 00008611, 00008612, 00008613",26128,"INV2627000687, INV2627000814",TRUE,5,1,0,2,2,0,3,5,5,ACTIVE_WITH_PURCHASE_HISTORY,Keep: Has active purchase/return activity,0
260130,LINEN AND LINENS PVT LTD,"00000549, 00000550, 00000551, 00000552, 00000553",21286,"INV2026000017, INV2026000043, INV2026000088, INV2026000253, INV2627000229, INV2627000795",TRUE,5,1,0,6,6,2,0,5,5,ACTIVE_WITH_PURCHASE_HISTORY,Keep: Has active purchase/return activity,1
260136,LINEN AND LINENS PVT LTD,"00000492, 00000493, 00000494, 00000495, 00000496",21286,"INV2026000343, INV2627000319, INV2627000320, INV2627000645",TRUE,5,1,0,4,4,0,1,5,5,ACTIVE_WITH_PURCHASE_HISTORY,Keep: Has active purchase/return activity,0
260138,LINEN AND LINENS PVT LTD,"00000482, 00000483, 00000484, 00000485, 00000486",21286,"INV2026000328, INV2627000206, INV2627000848",TRUE,5,1,0,3,3,0,2,5,5,ACTIVE_WITH_PURCHASE_HISTORY,Keep: Has active purchase/return activity,0
260139,LINEN AND LINENS PVT LTD,"00000569, 00000570, 00000571, 00000572, 00000573",21286,"INV2026000294, INV2627000040, INV2627000260",TRUE,5,1,0,3,3,0,2,5,5,ACTIVE_WITH_PURCHASE_HISTORY,Keep: Has active purchase/return activity,0
260141,LINEN AND LINENS PVT LTD,"00000515, 00000516, 00000517, 00000518, 00000519",21286,"INV2026000007, INV2026000254, INV2627000111, INV2627000313, INV2627000828",TRUE,5,1,0,5,5,0,0,5,5,ACTIVE_WITH_PURCHASE_HISTORY,Keep: Has active purchase/return activity,0
260149,LINEN AND LINENS PVT LTD,"00000529, 00000530, 00000531, 00000532, 00000533",21286,"INV2026000056, INV2026000127, INV2026000248, INV2627000305, INV2627000706",TRUE,5,1,0,5,5,0,0,5,5,ACTIVE_WITH_PURCHASE_HISTORY,Keep: Has active purchase/return activity,0
260150,LINEN AND LINENS PVT LTD,"00007504, 00007505, 00007506, 00007507, 00007508",26001,"INV2627000884, INV2627000953, INV2627001035",TRUE,5,1,0,3,3,0,2,5,5,ACTIVE_WITH_PURCHASE_HISTORY,Keep: Has active purchase/return activity,0
260162,LINEN AND LINENS PVT LTD,"00000487, 00000488, 00000489, 00000490, 00000491",21286,"INV2627000320, INV2627000966",TRUE,5,1,0,2,2,0,3,5,5,ACTIVE_WITH_PURCHASE_HISTORY,Keep: Has active purchase/return activity,0
260165,LINEN AND LINENS PVT LTD,"00009599, 00009600, 00009601, 00009602",26356,,TRUE,4,1,0,0,0,0,4,4,4,ACTIVE_WITH_PURCHASE_HISTORY,Keep: Has active purchase/return activity,0
260175,LINEN AND LINENS PVT LTD,"00008619, 00008620, 00008621, 00008622, 00008623",26128,,TRUE,5,1,0,0,0,0,5,5,5,ACTIVE_WITH_PURCHASE_HISTORY,Keep: Has active purchase/return activity,0
260188,LINEN AND LINENS PVT LTD,"00007501, 00007502, 00007503",26001,INV2627000846,TRUE,6,1,0,1,1,0,3,4,3,ACTIVE_WITH_PURCHASE_HISTORY,Keep: Has active purchase/return activity,2
260192,LINEN AND LINENS PVT LTD,"00009511, 00009512, 00009513, 00009514, 00009515",26326,,TRUE,5,1,0,0,0,0,5,5,5,ACTIVE_WITH_PURCHASE_HISTORY,Keep: Has active purchase/return activity,0
260218,LINEN AND LINENS PVT LTD,"00009614, 00009615, 00009616, 00009617, 00009618",26356,,TRUE,5,1,0,0,0,0,5,5,5,ACTIVE_WITH_PURCHASE_HISTORY,Keep: Has active purchase/return activity,0
260237,LINEN AND LINENS PVT LTD,"00008925, 00008926, 00008927, 00008928, 00008929",26055,,TRUE,5,1,0,0,0,0,5,5,5,ACTIVE_WITH_PURCHASE_HISTORY,Keep: Has active purchase/return activity,0
260238,LINEN AND LINENS PVT LTD,"00006690, 00006691, 00006692, 00006693",21463,"INV2627000319, INV2627000848, INV2627000858",TRUE,4,1,0,4,3,0,0,4,4,ACTIVE_WITH_PURCHASE_HISTORY,Keep: Has active purchase/return activity,0
260255,LINEN AND LINENS PVT LTD,"00007970, 00007971, 00007972, 00007973, 00007974",26056,,TRUE,5,1,0,0,0,0,5,5,5,ACTIVE_WITH_PURCHASE_HISTORY,Keep: Has active purchase/return activity,0
260272,LINEN AND LINENS PVT LTD,"00009059, 00009060, 00009061, 00009062, 00009063",26213,,TRUE,5,1,0,0,0,0,5,5,5,ACTIVE_WITH_PURCHASE_HISTORY,Keep: Has active purchase/return activity,0
260273,LINEN AND LINENS PVT LTD,"00009064, 00009065, 00009066, 00009067, 00009068",26213,INV2627000939,TRUE,5,1,0,1,1,0,4,5,5,ACTIVE_WITH_PURCHASE_HISTORY,Keep: Has active purchase/return activity,0
260301,LINEN AND LINENS PVT LTD,"00006685, 00006686, 00006687, 00006688, 00006689",21463,"INV2627000319, INV2627000371, INV2627000835, INV2627000972",TRUE,5,1,0,4,4,0,1,5,5,ACTIVE_WITH_PURCHASE_HISTORY,Keep: Has active purchase/return activity,0
260315,LINEN AND LINENS PVT LTD,"00005489, 00005490, 00005491, 00005492",21387,"INV2026000130, INV2026000156, INV2026000167, INV2627000653",TRUE,4,1,0,4,4,0,0,4,4,ACTIVE_WITH_PURCHASE_HISTORY,Keep: Has active purchase/return activity,0
260316,LINEN AND LINENS PVT LTD,"00005480, 00005481, 00005482, 00005483, 00005484",21387,INV2627000847,TRUE,5,1,0,1,1,0,4,5,5,ACTIVE_WITH_PURCHASE_HISTORY,Keep: Has active purchase/return activity,0
260317,LINEN AND LINENS PVT LTD,"00005476, 00005477, 00005478, 00005479",21387,,TRUE,4,1,0,0,0,0,4,4,4,ACTIVE_WITH_PURCHASE_HISTORY,Keep: Has active purchase/return activity,0
2605-BX,MEHRA SAREE KENDRA ,"00004947, 00004948, 00004949, 00004950",MKS/2206/2025-26,INV2627001053,TRUE,4,1,0,1,1,0,3,4,4,ACTIVE_WITH_PURCHASE_HISTORY,Keep: Has active purchase/return activity,0
260728,LINEN AND LINENS PVT LTD,"00000510, 00000511, 00000512, 00000513, 00000514",21286,"INV2026000005, INV2026000062, INV2026000095, INV2026000224, INV2026000272",TRUE,5,1,0,5,5,0,0,5,5,ACTIVE_WITH_PURCHASE_HISTORY,Keep: Has active purchase/return activity,0
2612,SADBHAVANA ENTERPRISES,"00002038, 00002039, 00002040, 00002041, 00002042",11789,INV2026000116,TRUE,5,1,0,1,1,0,6,7,5,ACTIVE_WITH_PURCHASE_HISTORY,Keep: Has active purchase/return activity,-2
2614,SADBHAVANA ENTERPRISES,2043,11789,,TRUE,1,1,0,0,0,0,1,1,1,ACTIVE_WITH_PURCHASE_HISTORY,Keep: Has active purchase/return activity,0
262,ISHUM DESIGNS,"00004788, 00004789, 00005563, 00005564, 00005565, 00005566","ID/10237/2025-26, TN/25-26/6792","INV2026000365, INV2026000367",TRUE,6,2,0,2,2,0,4,6,6,ACTIVE_WITH_PURCHASE_HISTORY,Keep: Has active purchase/return activity,0
2622,ANVAY BRIDAL COUTURE,780,ANV/002449/15-16,,TRUE,1,1,0,0,0,0,1,1,1,ACTIVE_WITH_PURCHASE_HISTORY,Keep: Has active purchase/return activity,0
2629,AARI,"00009090, 00009091, 00009092, 00009093",63/26-27,INV2627000986,TRUE,8,1,0,1,1,0,5,6,4,ACTIVE_WITH_PURCHASE_HISTORY,Keep: Has active purchase/return activity,2
262A,TANKHI DESIGNS 1 PVT LTD,"00005567, 00005568, 00005569, 00005570",TN/25-26/6792,INV2627000372,TRUE,4,1,0,1,1,0,3,4,4,ACTIVE_WITH_PURCHASE_HISTORY,Keep: Has active purchase/return activity,0
2630,SHUBHANGAM-(2022-23),5967,19911,,TRUE,1,1,0,0,0,0,1,1,1,ACTIVE_WITH_PURCHASE_HISTORY,Keep: Has active purchase/return activity,0
2631,SHUBHANGAM-(2022-23),5958,19911,INV2026000046,TRUE,1,1,0,1,1,0,0,1,1,ACTIVE_WITH_PURCHASE_HISTORY,Keep: Has active purchase/return activity,0
2636,RASIYA ,7947,A/0015/2026-27,,TRUE,1,1,0,0,0,0,1,1,1,ACTIVE_WITH_PURCHASE_HISTORY,Keep: Has active purchase/return activity,0
264,SATYA DESIGNS PVT. LTD.,"00006038, 00006039, 00006040, 00006041, 00006042",SS2119,"INV2026000025, INV2627000163, INV2627000959",TRUE,5,1,0,3,3,0,2,5,5,ACTIVE_WITH_PURCHASE_HISTORY,Keep: Has active purchase/return activity,0
2667,SHUBHANGAM-(2022-23),6813,19967,,TRUE,1,1,0,0,0,0,1,1,1,ACTIVE_WITH_PURCHASE_HISTORY,Keep: Has active purchase/return activity,0
2672 LC,SHUBHANGAM-(2022-23),6450,19940,,TRUE,1,1,0,0,0,0,1,1,1,ACTIVE_WITH_PURCHASE_HISTORY,Keep: Has active purchase/return activity,0
2699,SHUBHANGAM-(2022-23),5960,19911,INV2627000145,TRUE,1,1,0,1,1,0,0,1,1,ACTIVE_WITH_PURCHASE_HISTORY,Keep: Has active purchase/return activity,0
27,NIRJA HANDICRAFT ,2819,S786,,TRUE,1,1,0,0,0,0,1,1,1,ACTIVE_WITH_PURCHASE_HISTORY,Keep: Has active purchase/return activity,0
27-G,ANJALI TRADERS,4572,AT/1882/25-26,INV2627000031,TRUE,1,1,0,1,1,0,0,1,1,ACTIVE_WITH_PURCHASE_HISTORY,Keep: Has active purchase/return activity,0
27-P,ANJALI TRADERS,4573,AT/1882/25-26,,TRUE,1,1,0,0,0,0,1,1,1,ACTIVE_WITH_PURCHASE_HISTORY,Keep: Has active purchase/return activity,0
27-Y,ANJALI TRADERS,4574,AT/1882/25-26,INV2627000475,TRUE,1,1,0,1,1,0,0,1,1,ACTIVE_WITH_PURCHASE_HISTORY,Keep: Has active purchase/return activity,0
27-Jan,NEW MODERN CHIKAN,3881,1942,INV2026000070,TRUE,1,1,0,1,1,0,0,1,1,ACTIVE_WITH_PURCHASE_HISTORY,Keep: Has active purchase/return activity,0
2706,SHUBHANGAM FINERY PVT. LTD.,9013,194,,TRUE,1,1,0,0,0,0,1,1,1,ACTIVE_WITH_PURCHASE_HISTORY,Keep: Has active purchase/return activity,0
2707,SHUBHANGAM FINERY PVT. LTD.,9422,233,,TRUE,1,1,0,0,0,0,1,1,1,ACTIVE_WITH_PURCHASE_HISTORY,Keep: Has active purchase/return activity,0
2709,SHUBHANGAM FINERY PVT. LTD.,9653,266,,TRUE,1,1,0,0,0,0,1,1,1,ACTIVE_WITH_PURCHASE_HISTORY,Keep: Has active purchase/return activity,0
271-W,R.F. DESIGNERS,6636,2627,INV2627000043,TRUE,2,1,0,1,1,0,1,2,1,ACTIVE_WITH_PURCHASE_HISTORY,Keep: Has active purchase/return activity,0
2730,SHUBHANGAM-(2022-23),6859,12,,TRUE,1,1,0,0,0,0,1,1,1,ACTIVE_WITH_PURCHASE_HISTORY,Keep: Has active purchase/return activity,0
2745,SHUBHANGAM-(2022-23),7134,46,,TRUE,1,1,0,0,0,0,1,1,1,ACTIVE_WITH_PURCHASE_HISTORY,Keep: Has active purchase/return activity,0
275-1,R.F. DESIGNERS,6614,2627,,TRUE,1,1,0,0,0,0,1,1,1,ACTIVE_WITH_PURCHASE_HISTORY,Keep: Has active purchase/return activity,0
275-2,R.F. DESIGNERS,6615,2627,INV2627000076,TRUE,1,1,0,1,1,0,0,1,1,ACTIVE_WITH_PURCHASE_HISTORY,Keep: Has active purchase/return activity,0
275-3,R.F. DESIGNERS,6616,2627,INV2627000076,TRUE,1,1,0,1,1,0,0,1,1,ACTIVE_WITH_PURCHASE_HISTORY,Keep: Has active purchase/return activity,0
2760,SHUBHANGAM FINERY PVT. LTD.,9420,233,,TRUE,1,1,1,0,0,0,0,1,1,ACTIVE_WITH_PURCHASE_HISTORY,Keep: Has active purchase/return activity,0
2769,SHUBHANGAM FINERY PVT. LTD.,9650,266,,TRUE,1,1,0,0,0,0,1,1,1,ACTIVE_WITH_PURCHASE_HISTORY,Keep: Has active purchase/return activity,0
2777,SHUBHANGAM-(2022-23),6858,12,,TRUE,1,1,0,0,0,0,1,1,1,ACTIVE_WITH_PURCHASE_HISTORY,Keep: Has active purchase/return activity,0
278,ISHUM DESIGNS,4786,ID/10237/2025-26,INV2627000298,TRUE,1,1,0,1,1,0,0,1,1,ACTIVE_WITH_PURCHASE_HISTORY,Keep: Has active purchase/return activity,0
28,REYAANS ,"00002820, 00004809, 00006654","2627, S786, TI/25-26/00401","INV2627000032, INV2627000035, INV2627000059",TRUE,5,3,0,3,3,0,2,5,3,ACTIVE_WITH_PURCHASE_HISTORY,Keep: Has active purchase/return activity,0
28-Jan,KRISHNA COLLECTION,7317,KC/INV/584/25-26,,TRUE,1,1,0,0,0,0,1,1,1,ACTIVE_WITH_PURCHASE_HISTORY,Keep: Has active purchase/return activity,0
28-Feb,KRISHNA COLLECTION,7318,KC/INV/584/25-26,,TRUE,1,1,0,0,0,0,1,1,1,ACTIVE_WITH_PURCHASE_HISTORY,Keep: Has active purchase/return activity,0
28-Mar,KRISHNA COLLECTION,7319,KC/INV/584/25-26,,TRUE,1,1,0,0,0,0,1,1,1,ACTIVE_WITH_PURCHASE_HISTORY,Keep: Has active purchase/return activity,0
28-Apr,KRISHNA COLLECTION,7320,KC/INV/584/25-26,,TRUE,1,1,0,0,0,0,1,1,1,ACTIVE_WITH_PURCHASE_HISTORY,Keep: Has active purchase/return activity,0
28-B,REYAANS ,4810,TI/25-26/00401,,TRUE,1,1,1,0,0,0,0,1,1,ACTIVE_WITH_PURCHASE_HISTORY,Keep: Has active purchase/return activity,0
28-L,ANJALI TRADERS,4575,AT/1882/25-26,,TRUE,1,1,0,0,0,0,1,1,1,ACTIVE_WITH_PURCHASE_HISTORY,Keep: Has active purchase/return activity,0
28-P,ANJALI TRADERS,4576,AT/1882/25-26,,TRUE,1,1,0,0,0,0,1,1,1,ACTIVE_WITH_PURCHASE_HISTORY,Keep: Has active purchase/return activity,0
28-Jan,NEW MODERN CHIKAN,3882,1942,,TRUE,1,1,0,0,0,0,1,1,1,ACTIVE_WITH_PURCHASE_HISTORY,Keep: Has active purchase/return activity,0
2804,SHUBHANGAM-(2022-23),7729,118,INV2627000812,TRUE,1,1,0,1,1,0,0,1,1,ACTIVE_WITH_PURCHASE_HISTORY,Keep: Has active purchase/return activity,0
2814,V NARBHERAM & CO,"00001818, 00007730","118, 234568",INV2627000991,TRUE,3,2,0,1,1,0,2,3,2,ACTIVE_WITH_PURCHASE_HISTORY,Keep: Has active purchase/return activity,0
2817,V NARBHERAM & CO,1693,234569,,TRUE,1,1,0,0,0,0,1,1,1,ACTIVE_WITH_PURCHASE_HISTORY,Keep: Has active purchase/return activity,0
2824,V NARBHERAM & CO,1688,234569,INV2026000230,TRUE,1,1,0,1,1,0,0,1,1,ACTIVE_WITH_PURCHASE_HISTORY,Keep: Has active purchase/return activity,0
2827,V NARBHERAM & CO,1672,234571,,TRUE,2,1,0,0,0,0,2,2,1,ACTIVE_WITH_PURCHASE_HISTORY,Keep: Has active purchase/return activity,0
282FSU,JDS DESIGN STUDIO PRIVATE LIMITED,"00002973, 00002974",JS26-006341,,TRUE,2,1,0,0,0,0,2,2,2,ACTIVE_WITH_PURCHASE_HISTORY,Keep: Has active purchase/return activity,0
2835,V NARBHERAM & CO,1690,234569,,TRUE,1,1,0,0,0,0,1,1,1,ACTIVE_WITH_PURCHASE_HISTORY,Keep: Has active purchase/return activity,0
2836,MEHRA SAREE KENDRA ,"00004951, 00004952, 00004953, 00004954",MKS/2206/2025-26,,TRUE,4,1,0,0,0,0,4,4,4,ACTIVE_WITH_PURCHASE_HISTORY,Keep: Has active purchase/return activity,0
2836 GN,SHAASHVAT DESIGN STUDIO,66,3509/25-26,INV2627000931,TRUE,1,1,0,1,1,0,0,1,1,ACTIVE_WITH_PURCHASE_HISTORY,Keep: Has active purchase/return activity,0
2836 R1,SHAASHVAT DESIGN STUDIO,65,3509/25-26,,TRUE,2,1,0,0,0,0,2,2,1,ACTIVE_WITH_PURCHASE_HISTORY,Keep: Has active purchase/return activity,0
2836 XL,SHAASHVAT DESIGN STUDIO,,,,TRUE,0,0,0,0,0,0,0,0,0,SAFE_TO_DELETE_IDLE,"Safe to Delete: No purchases, returns, sales, or stock",0
2838,V NARBHERAM & CO,1519,234566,,TRUE,3,1,0,0,0,0,3,3,1,ACTIVE_WITH_PURCHASE_HISTORY,Keep: Has active purchase/return activity,0
2840,SHUBHANGAM FINERY PVT. LTD.,9423,233,,TRUE,1,1,1,0,0,0,0,1,1,ACTIVE_WITH_PURCHASE_HISTORY,Keep: Has active purchase/return activity,0
2852,V NARBHERAM & CO,"00001671, 00001810","234568, 234571",INV2627000883,TRUE,4,2,0,1,1,0,2,3,2,ACTIVE_WITH_PURCHASE_HISTORY,Keep: Has active purchase/return activity,1
2855,V NARBHERAM & CO,1661,234571,,TRUE,4,1,0,0,0,0,4,4,1,ACTIVE_WITH_PURCHASE_HISTORY,Keep: Has active purchase/return activity,0
2864,V NARBHERAM & CO,1714,234569,"INV2026000223, INV2026000267, INV2026000289",TRUE,3,1,0,3,3,0,0,3,1,ACTIVE_WITH_PURCHASE_HISTORY,Keep: Has active purchase/return activity,0
2873,SHAASHVAT DESIGN STUDIO,407,3600/25-26,INV2627000149,TRUE,1,1,0,1,1,0,0,1,1,ACTIVE_WITH_PURCHASE_HISTORY,Keep: Has active purchase/return activity,0
2873P,SHAASHVAT DESIGN STUDIO,408,3600/25-26,INV2627000245,TRUE,1,1,0,1,1,0,0,1,1,ACTIVE_WITH_PURCHASE_HISTORY,Keep: Has active purchase/return activity,0
2873XL,SHAASHVAT DESIGN STUDIO,409,3600/25-26,,TRUE,1,1,0,0,0,0,1,1,1,ACTIVE_WITH_PURCHASE_HISTORY,Keep: Has active purchase/return activity,0
2882,SHUBHANGAM-(2022-23),"00005713, 00007416","83, GPOSI25-26/17442",,TRUE,2,2,0,0,0,0,2,2,2,ACTIVE_WITH_PURCHASE_HISTORY,Keep: Has active purchase/return activity,0
2891,V NARBHERAM & CO,1727,234570,,TRUE,2,1,0,0,0,0,2,2,1,ACTIVE_WITH_PURCHASE_HISTORY,Keep: Has active purchase/return activity,0
2897,MEHRA SAREE KENDRA ,5494,MSK/2244/2025-26,,TRUE,1,1,0,0,0,0,2,2,1,ACTIVE_WITH_PURCHASE_HISTORY,Keep: Has active purchase/return activity,-1
2897-W,MEHRA SAREE KENDRA ,5496,MSK/2244/2025-26,,TRUE,1,1,0,0,0,0,1,1,1,ACTIVE_WITH_PURCHASE_HISTORY,Keep: Has active purchase/return activity,0
2897 Y,MEHRA SAREE KENDRA ,5529,MSK/2244/2025-26,,TRUE,3,1,0,0,0,0,1,1,1,ACTIVE_WITH_PURCHASE_HISTORY,Keep: Has active purchase/return activity,2
2898,TULIPS ,"00005418, 00005419",25-26/3360,,TRUE,3,1,0,0,0,0,2,2,2,ACTIVE_WITH_PURCHASE_HISTORY,Keep: Has active purchase/return activity,1
29-G,ANJALI TRADERS,4579,AT/1882/25-26,,TRUE,1,1,0,0,0,0,1,1,1,ACTIVE_WITH_PURCHASE_HISTORY,Keep: Has active purchase/return activity,0
29-P,ANJALI TRADERS,"00004577, 00004578",AT/1882/25-26,,TRUE,2,1,0,0,0,0,2,2,2,ACTIVE_WITH_PURCHASE_HISTORY,Keep: Has active purchase/return activity,0
29/2,NEW MODERN CHIKAN,3883,1942,INV2026000405,TRUE,2,1,0,1,1,0,1,2,1,ACTIVE_WITH_PURCHASE_HISTORY,Keep: Has active purchase/return activity,0
2902,V NARBHERAM & CO,1729,234570,,TRUE,2,1,0,0,0,0,2,2,1,ACTIVE_WITH_PURCHASE_HISTORY,Keep: Has active purchase/return activity,0
2905,V NARBHERAM & CO,1723,234570,,TRUE,2,1,0,0,0,0,2,2,1,ACTIVE_WITH_PURCHASE_HISTORY,Keep: Has active purchase/return activity,0
2906,V NARBHERAM & CO,1726,234570,,TRUE,1,1,0,0,0,0,1,1,1,ACTIVE_WITH_PURCHASE_HISTORY,Keep: Has active purchase/return activity,0
29067,KONIA HERITAGE,3401,879,,TRUE,1,1,0,0,0,0,1,1,1,ACTIVE_WITH_PURCHASE_HISTORY,Keep: Has active purchase/return activity,0
29092,KONIA HERITAGE,3402,879,,TRUE,1,1,0,0,0,0,1,1,1,ACTIVE_WITH_PURCHASE_HISTORY,Keep: Has active purchase/return activity,0
2911,KONIA HERITAGE,3393,879,,TRUE,1,1,0,0,0,0,1,1,1,ACTIVE_WITH_PURCHASE_HISTORY,Keep: Has active purchase/return activity,0
29114,KONIA HERITAGE,3394,879,,TRUE,1,1,0,0,0,0,1,1,1,ACTIVE_WITH_PURCHASE_HISTORY,Keep: Has active purchase/return activity,0
2913,V NARBHERAM & CO,1728,234570,,TRUE,3,1,0,0,0,0,3,3,1,ACTIVE_WITH_PURCHASE_HISTORY,Keep: Has active purchase/return activity,0
2915C,SHAASHVAT DESIGN STUDIO,401,3600/25-26,INV2026000147,TRUE,1,1,0,1,1,0,0,1,1,ACTIVE_WITH_PURCHASE_HISTORY,Keep: Has active purchase/return activity,0
2915P,SHAASHVAT DESIGN STUDIO,400,3600/25-26,INV2026000307,TRUE,1,1,0,1,1,0,0,1,1,ACTIVE_WITH_PURCHASE_HISTORY,Keep: Has active purchase/return activity,0
2915XL,SHAASHVAT DESIGN STUDIO,402,3600/25-26,,TRUE,1,1,0,0,0,0,1,1,1,ACTIVE_WITH_PURCHASE_HISTORY,Keep: Has active purchase/return activity,0
2915XXL,SHAASHVAT DESIGN STUDIO,403,3600/25-26,"INV2026000042, INV2627000010",TRUE,1,1,0,2,2,0,0,1,1,ACTIVE_WITH_PURCHASE_HISTORY,Keep: Has active purchase/return activity,-1
2917,V NARBHERAM & CO,1768,234570,INV2627000160,TRUE,3,1,0,1,1,0,2,3,1,ACTIVE_WITH_PURCHASE_HISTORY,Keep: Has active purchase/return activity,0
2925,SHAASHVAT DESIGN STUDIO,55,3509/25-26,INV2627000149,TRUE,1,1,0,1,1,0,0,1,1,ACTIVE_WITH_PURCHASE_HISTORY,Keep: Has active purchase/return activity,0
2925 XL,SHAASHVAT DESIGN STUDIO,56,3509/25-26,INV2026000332,TRUE,1,1,0,1,1,1,0,1,1,ACTIVE_WITH_PURCHASE_HISTORY,Keep: Has active purchase/return activity,1
2949,TULIPS ,5416,25-26/3360,,TRUE,1,1,0,0,0,0,1,1,1,ACTIVE_WITH_PURCHASE_HISTORY,Keep: Has active purchase/return activity,0
298/SF-11-B,VARIMA FASHIONS PVT LTD,7438,VFPL-2478,,TRUE,2,1,0,0,0,0,2,2,1,ACTIVE_WITH_PURCHASE_HISTORY,Keep: Has active purchase/return activity,0
298/SF-11-G,VARIMA FASHIONS PVT LTD,7436,VFPL-2478,,TRUE,1,1,0,0,0,0,1,1,1,ACTIVE_WITH_PURCHASE_HISTORY,Keep: Has active purchase/return activity,0
298/SF-11-P,VARIMA FASHIONS PVT LTD,7437,VFPL-2478,,TRUE,1,1,0,0,0,0,1,1,1,ACTIVE_WITH_PURCHASE_HISTORY,Keep: Has active purchase/return activity,0
2989,TULIPS ,8437,S/0214,,TRUE,1,1,0,0,0,0,1,1,1,ACTIVE_WITH_PURCHASE_HISTORY,Keep: Has active purchase/return activity,0
2M,NIRMAL CREATIONS,365,NC/009558/25-26,,TRUE,1,1,0,0,0,0,1,1,1,ACTIVE_WITH_PURCHASE_HISTORY,Keep: Has active purchase/return activity,0
3,SRISHTI FASHION,"00000366, 00002153, 00002701, 00002795, 00004382, 00004592, 00004638, 00004639, 00004644, 00004649, 00004747, 00004834, 00005628, 00005658, 00005889, 00006897, 00006954, 00007494","05/04/2026, 08, 10, 1100, 1747/25-26, 1752/25-26, 1753/25-26, 1760/25-26, 1793/-25-26, 2025-2026/789, 489, EW/0001092/25-26, FLD/00786/25-26, HETPL/2273, NC/009556/25-26, S786, S790","INV2026000100, INV2026000334, INV2026000384, INV2627000121, INV2627000132, INV2627000282, INV2627000450, INV2627000679",TRUE,45,17,1,9,8,0,33,43,18,ACTIVE_WITH_PURCHASE_HISTORY,Keep: Has active purchase/return activity,2
3-15574,RUHAANI ARTS,7623,RAD/26-27/000080,,TRUE,1,1,0,0,0,0,1,1,1,ACTIVE_WITH_PURCHASE_HISTORY,Keep: Has active purchase/return activity,0
Mar-13,TANEJA APPARELS P LTD,7398,268,,TRUE,1,1,0,0,0,0,1,1,1,ACTIVE_WITH_PURCHASE_HISTORY,Keep: Has active purchase/return activity,0
Mar-35,TULIPS ,5415,25-26/3360,,TRUE,1,1,1,0,0,0,0,1,1,ACTIVE_WITH_PURCHASE_HISTORY,Keep: Has active purchase/return activity,0
Mar-63,R.F. CREATIONS ,7175,172-2627,INV2627000428,TRUE,1,1,0,1,1,0,0,1,1,ACTIVE_WITH_PURCHASE_HISTORY,Keep: Has active purchase/return activity,0
Mar-34,REGARDS SAREES PVT LTD,4492,RSP/006253/25-26,,TRUE,1,1,0,0,0,0,1,1,1,ACTIVE_WITH_PURCHASE_HISTORY,Keep: Has active purchase/return activity,0
3-344,SUNEETA SAREE EMPORIUM ,5792,1060/25-26,,TRUE,1,1,1,0,0,0,0,1,1,ACTIVE_WITH_PURCHASE_HISTORY,Keep: Has active purchase/return activity,0
3-4735-P,VIMAL CREATION,6760,21-2627,,TRUE,1,1,0,0,0,0,1,1,1,ACTIVE_WITH_PURCHASE_HISTORY,Keep: Has active purchase/return activity,0
3-4735-R,VIMAL CREATION,6758,21-2627,,TRUE,1,1,0,0,0,0,1,1,1,ACTIVE_WITH_PURCHASE_HISTORY,Keep: Has active purchase/return activity,0
3-4735-Y,VIMAL CREATION,6759,21-2627,INV2627000768,TRUE,1,1,0,1,1,0,0,1,1,ACTIVE_WITH_PURCHASE_HISTORY,Keep: Has active purchase/return activity,0
Mar-50,REGARDS SAREES PVT LTD,4493,RSP/006253/25-26,,TRUE,1,1,0,0,0,0,1,1,1,ACTIVE_WITH_PURCHASE_HISTORY,Keep: Has active purchase/return activity,0
03-Sep,REGARDS SAREES PVT LTD,4491,RSP/006253/25-26,,TRUE,1,1,0,0,0,0,1,1,1,ACTIVE_WITH_PURCHASE_HISTORY,Keep: Has active purchase/return activity,0
3-B,ANJALI TRADERS,4507,AT/1882/25-26,,TRUE,1,1,0,0,0,0,1,1,1,ACTIVE_WITH_PURCHASE_HISTORY,Keep: Has active purchase/return activity,0
3-BLACK,CHIC BY GAURI,7557,10/2026-27,"INV2627000490, INV2627000847",TRUE,2,1,0,2,2,0,0,2,1,ACTIVE_WITH_PURCHASE_HISTORY,Keep: Has active purchase/return activity,0
3-C,ANJALI TRADERS,"00004503, 00004504, 00004505, 00004506",AT/1882/25-26,INV2026000223,TRUE,4,1,0,1,1,0,3,4,4,ACTIVE_WITH_PURCHASE_HISTORY,Keep: Has active purchase/return activity,0
3-C1031,RUCHIKA DESIGN STUDIO,5881,FY25-26/3411,INV2627000573,TRUE,1,1,0,1,1,0,0,1,1,ACTIVE_WITH_PURCHASE_HISTORY,Keep: Has active purchase/return activity,0
3-C988,RUCHIKA DESIGN STUDIO,"00003894, 00005231",FY25-26/3313,,TRUE,1,1,0,0,0,0,2,2,2,ACTIVE_WITH_PURCHASE_HISTORY,Keep: Has active purchase/return activity,-1
3-P,ANJALI TRADERS,4508,AT/1882/25-26,,TRUE,1,1,0,0,0,0,1,1,1,ACTIVE_WITH_PURCHASE_HISTORY,Keep: Has active purchase/return activity,0
03-Jan,NEW MODERN CHIKAN,"00003840, 00005331, 00005986, 00008788","1941, 2011, 2021, SJ/26-27/188",,TRUE,4,4,1,0,0,0,3,4,4,ACTIVE_WITH_PURCHASE_HISTORY,Keep: Has active purchase/return activity,0
3/1-M,KUTCH BANDHEJ-NX,5391,2026,,TRUE,1,1,0,0,0,0,1,1,1,ACTIVE_WITH_PURCHASE_HISTORY,Keep: Has active purchase/return activity,0
3/1`,KUTCH BANDHEJ-NX,5360,2023,,TRUE,1,1,1,0,0,0,0,1,1,ACTIVE_WITH_PURCHASE_HISTORY,Keep: Has active purchase/return activity,0
03-Feb,KUTCH BANDHEJ-NX,"00003308, 00005370","2014, 3431",INV2627000662,TRUE,4,2,1,1,1,0,2,4,2,ACTIVE_WITH_PURCHASE_HISTORY,Keep: Has active purchase/return activity,0
3/2-MCBD,OMAANA,"00006392, 00006393",548,,TRUE,2,1,2,0,0,0,0,2,2,ACTIVE_WITH_PURCHASE_HISTORY,Keep: Has active purchase/return activity,0
3/2-R C G,KUTCH BANDHEJ-NX,6052,2010,,TRUE,2,1,2,0,0,0,0,2,1,ACTIVE_WITH_PURCHASE_HISTORY,Keep: Has active purchase/return activity,0
03-Mar,M/S ADISHAKTI CREATIONS ,5127,GST-02054-25-26,,TRUE,3,1,0,0,0,0,3,3,1,ACTIVE_WITH_PURCHASE_HISTORY,Keep: Has active purchase/return activity,0
3/3-C,KUTCH BANDHEJ-NX,5399,2025,,TRUE,1,1,1,0,0,0,0,1,1,ACTIVE_WITH_PURCHASE_HISTORY,Keep: Has active purchase/return activity,0
03-Apr,HANDLOOM EMPORIUM TEXT.PRT.LTD,"00005092, 00005093",HETPL/2233,,TRUE,4,1,1,0,0,0,1,2,2,ACTIVE_WITH_PURCHASE_HISTORY,Keep: Has active purchase/return activity,2
3/4-N J,KUTCH BANDHEJ-NX,6045,2024,,TRUE,4,1,2,0,0,0,2,4,1,ACTIVE_WITH_PURCHASE_HISTORY,Keep: Has active purchase/return activity,0
30,KRISHNA COLLECTION,"00007312, 00007313",KC/INV/584/25-26,INV2627000369,TRUE,2,1,0,1,1,0,1,2,2,ACTIVE_WITH_PURCHASE_HISTORY,Keep: Has active purchase/return activity,0
30-B,ANJALI TRADERS,4580,AT/1882/25-26,,TRUE,1,1,0,0,0,0,1,1,1,ACTIVE_WITH_PURCHASE_HISTORY,Keep: Has active purchase/return activity,0
30-GREEN,KRISHNA COLLECTION,7314,KC/INV/584/25-26,INV2627000342,TRUE,1,1,0,1,1,0,0,1,1,ACTIVE_WITH_PURCHASE_HISTORY,Keep: Has active purchase/return activity,0
30-P,ANJALI TRADERS,4581,AT/1882/25-26,,TRUE,1,1,0,0,0,0,1,1,1,ACTIVE_WITH_PURCHASE_HISTORY,Keep: Has active purchase/return activity,0
30-Jan,NEW MODERN CHIKAN,3884,1942,,TRUE,1,1,0,0,0,0,1,1,1,ACTIVE_WITH_PURCHASE_HISTORY,Keep: Has active purchase/return activity,0
300,ORIGIN CLOTHING COMPANY (INDIA) PVT.LTD.,"00005867, 00005868, 00005869, 00005870",0236/25-26,"INV2627000327, INV2627000399",TRUE,4,1,0,2,2,0,2,4,4,ACTIVE_WITH_PURCHASE_HISTORY,Keep: Has active purchase/return activity,0
3005,MAHARAJA CLOTHING COMPANY,"00006369, 00006370, 00006371",642,INV2627000951,TRUE,3,1,0,1,1,0,2,3,3,ACTIVE_WITH_PURCHASE_HISTORY,Keep: Has active purchase/return activity,0
3005-2,MAHARAJA CLOTHING COMPANY,"00006372, 00006373",642,INV2627000773,TRUE,2,1,0,1,1,0,1,2,2,ACTIVE_WITH_PURCHASE_HISTORY,Keep: Has active purchase/return activity,0
3008,VIRA ENTERPRISES,"00003692, 00003693",VE1722/25-26,"INV2026000225, INV2026000398, INV2627000060",TRUE,3,1,0,3,3,0,2,5,2,ACTIVE_WITH_PURCHASE_HISTORY,Keep: Has active purchase/return activity,-2
3008-B,VIRA ENTERPRISES,"00003694, 00003695",VE1722/25-26,"INV2026000077, INV2026000310, INV2627000865",TRUE,4,1,0,3,3,0,1,3,2,ACTIVE_WITH_PURCHASE_HISTORY,Keep: Has active purchase/return activity,0
3009,VIRA ENTERPRISES,"00003696, 00003697",VE1722/25-26,"INV2026000074, INV2026000296, INV2026000392, INV2627000134",TRUE,4,1,0,4,4,1,1,4,2,ACTIVE_WITH_PURCHASE_HISTORY,Keep: Has active purchase/return activity,0
3009-B,VIRA ENTERPRISES,"00003698, 00003699",VE1722/25-26,,TRUE,4,1,0,0,0,0,2,2,2,ACTIVE_WITH_PURCHASE_HISTORY,Keep: Has active purchase/return activity,2
3012,MAHARAJA CLOTHING COMPANY,"00006366, 00006367",642,INV2627000011,TRUE,2,1,0,1,1,0,1,2,2,ACTIVE_WITH_PURCHASE_HISTORY,Keep: Has active purchase/return activity,0
3012-2,MAHARAJA CLOTHING COMPANY,6368,642,,TRUE,1,1,0,0,0,0,1,1,1,ACTIVE_WITH_PURCHASE_HISTORY,Keep: Has active purchase/return activity,0
3013,ONAYA FASHION PVT LTD,5714,GPOSI25-26/17442,INV2026000217,TRUE,1,1,0,1,1,0,0,1,1,ACTIVE_WITH_PURCHASE_HISTORY,Keep: Has active purchase/return activity,0
3020,R.F. DESIGNERS,"00006652, 00006653",2627,INV2627000809,TRUE,2,1,0,1,1,0,1,2,2,ACTIVE_WITH_PURCHASE_HISTORY,Keep: Has active purchase/return activity,0
3023,KANCHANA,"00001808, 00001809",KANWS25-26-06595,,TRUE,2,1,0,0,0,0,2,2,2,ACTIVE_WITH_PURCHASE_HISTORY,Keep: Has active purchase/return activity,0
3023-B,MAHARAJA CLOTHING COMPANY,"00006984, 00006985, 00006986, 00006987",,,TRUE,0,0,0,0,0,0,4,4,4,ORPHAN_WITH_STOCK,Audit: Has physical stock/printed barcodes but no purchase record,-4
3023-B-1,MAHARAJA CLOTHING COMPANY,"00007019, 00007020, 00007021",706,"INV2627000296, INV2627000307, INV2627000900",TRUE,3,1,0,3,3,0,0,3,3,ACTIVE_WITH_PURCHASE_HISTORY,Keep: Has active purchase/return activity,0
3023-B-2,MAHARAJA CLOTHING COMPANY,7030,706,INV2627000902,TRUE,1,1,0,1,1,0,0,1,1,ACTIVE_WITH_PURCHASE_HISTORY,Keep: Has active purchase/return activity,0
3023-C,MAHARAJA CLOTHING COMPANY,"00006988, 00006989, 00006990, 00006991",,,TRUE,0,0,0,0,0,0,4,4,4,ORPHAN_WITH_STOCK,Audit: Has physical stock/printed barcodes but no purchase record,-4
3023-C-1,MAHARAJA CLOTHING COMPANY,"00007022, 00007023, 00007024",706,"INV2627000666, INV2627000888",TRUE,3,1,0,2,2,0,1,3,3,ACTIVE_WITH_PURCHASE_HISTORY,Keep: Has active purchase/return activity,0
3023-C-2,MAHARAJA CLOTHING COMPANY,7031,706,,TRUE,1,1,0,0,0,0,1,1,1,ACTIVE_WITH_PURCHASE_HISTORY,Keep: Has active purchase/return activity,0
3028-BX,MEHRA SAREE KENDRA ,"00004960, 00004961, 00004962",MKS/2206/2025-26,,TRUE,3,1,0,0,0,0,3,3,3,ACTIVE_WITH_PURCHASE_HISTORY,Keep: Has active purchase/return activity,0
3030,MEHRA SAREE KENDRA ,5505,MSK/2244/2025-26,,TRUE,1,1,0,0,0,0,1,1,1,ACTIVE_WITH_PURCHASE_HISTORY,Keep: Has active purchase/return activity,0
3030 g,MEHRA SAREE KENDRA ,5506,MSK/2244/2025-26,,TRUE,1,1,0,0,0,0,1,1,1,ACTIVE_WITH_PURCHASE_HISTORY,Keep: Has active purchase/return activity,0
3030 p,MEHRA SAREE KENDRA ,5507,MSK/2244/2025-26,,TRUE,1,1,0,0,0,0,1,1,1,ACTIVE_WITH_PURCHASE_HISTORY,Keep: Has active purchase/return activity,0
3030 y,MEHRA SAREE KENDRA ,5508,MSK/2244/2025-26,,TRUE,1,1,0,0,0,0,1,1,1,ACTIVE_WITH_PURCHASE_HISTORY,Keep: Has active purchase/return activity,0
3032,MAHARAJA CLOTHING COMPANY,"00008214, 00008215, 00008216, 00008217",110,,TRUE,4,1,0,0,0,0,4,4,4,ACTIVE_WITH_PURCHASE_HISTORY,Keep: Has active purchase/return activity,0
3035,TULIPS ,5413,25-26/3360,,TRUE,1,1,0,0,0,0,1,1,1,ACTIVE_WITH_PURCHASE_HISTORY,Keep: Has active purchase/return activity,0
3039-BLUE,MAHARAJA CLOTHING COMPANY,7460,41,INV2627000975,TRUE,1,1,0,1,1,0,0,1,1,ACTIVE_WITH_PURCHASE_HISTORY,Keep: Has active purchase/return activity,0
3039-BLUE-B,MAHARAJA CLOTHING COMPANY,7461,41,INV2627000713,TRUE,1,1,0,1,1,0,0,1,1,ACTIVE_WITH_PURCHASE_HISTORY,Keep: Has active purchase/return activity,0
3039-BROWN,MAHARAJA CLOTHING COMPANY,"00007455, 00007456, 00007457",41,INV2627000608,TRUE,3,1,0,1,1,0,2,3,3,ACTIVE_WITH_PURCHASE_HISTORY,Keep: Has active purchase/return activity,0
3039-BROWN-B,MAHARAJA CLOTHING COMPANY,"00007458, 00007459",41,"INV2627000425, INV2627000587",TRUE,2,1,0,2,2,0,0,2,2,ACTIVE_WITH_PURCHASE_HISTORY,Keep: Has active purchase/return activity,0
3039-RED,MAHARAJA CLOTHING COMPANY,"00007462, 00007463, 00007464",41,"INV2627000617, INV2627000939",TRUE,3,1,0,2,2,0,1,3,3,ACTIVE_WITH_PURCHASE_HISTORY,Keep: Has active purchase/return activity,0
3039-RED-B,MAHARAJA CLOTHING COMPANY,7465,41,INV2627000650,TRUE,1,1,0,1,1,0,0,1,1,ACTIVE_WITH_PURCHASE_HISTORY,Keep: Has active purchase/return activity,0
305- D 40088,B R K APPARELS ,2369,BRKO/5988/25-26,,TRUE,1,1,0,0,0,0,1,1,1,ACTIVE_WITH_PURCHASE_HISTORY,Keep: Has active purchase/return activity,0
305-D 42044,B R K APPARELS ,2368,BRKO/5988/25-26,,TRUE,1,1,0,0,0,0,1,1,1,ACTIVE_WITH_PURCHASE_HISTORY,Keep: Has active purchase/return activity,0
306,ORIGIN CLOTHING COMPANY (INDIA) PVT.LTD.,"00005855, 00005856, 00005857, 00005858",0236/25-26,"INV2026000333, INV2627000177, INV2627000731",TRUE,4,1,0,3,3,0,1,4,4,ACTIVE_WITH_PURCHASE_HISTORY,Keep: Has active purchase/return activity,0
3062,MAHARAJA CLOTHING COMPANY,"00007566, 00007567, 00007568, 00007569",63,"INV2627000817, INV2627000992",TRUE,4,1,0,2,2,0,2,4,4,ACTIVE_WITH_PURCHASE_HISTORY,Keep: Has active purchase/return activity,0
3067,V NARBHERAM & CO,1766,234570,,TRUE,2,1,0,0,0,0,2,2,1,ACTIVE_WITH_PURCHASE_HISTORY,Keep: Has active purchase/return activity,0
307,SONA AGRAWAL,"00006714, 00006715, 00006716, 00006717, 00007855",0249/25-26,"INV2627000359, INV2627000425, INV2627000766",TRUE,4,1,0,3,3,0,2,5,5,ACTIVE_WITH_PURCHASE_HISTORY,Keep: Has active purchase/return activity,-1
3070-BX,MEHRA SAREE KENDRA ,"00004957, 00004958, 00004959",MKS/2206/2025-26,,TRUE,3,1,0,0,0,0,3,3,3,ACTIVE_WITH_PURCHASE_HISTORY,Keep: Has active purchase/return activity,0
308,ORIGIN CLOTHING COMPANY (INDIA) PVT.LTD.,"00009656, 00009657, 00009658, 00009659",0043/26-27,,TRUE,4,1,0,0,0,0,4,4,4,ACTIVE_WITH_PURCHASE_HISTORY,Keep: Has active purchase/return activity,0
3092,MEHRA SAREE KENDRA ,"00004945, 00004946",MKS/2206/2025-26,,TRUE,2,1,0,0,0,0,2,2,2,ACTIVE_WITH_PURCHASE_HISTORY,Keep: Has active purchase/return activity,0
3093,MEHRA SAREE KENDRA ,"00004955, 00004956",MKS/2206/2025-26,,TRUE,2,1,0,0,0,0,2,2,2,ACTIVE_WITH_PURCHASE_HISTORY,Keep: Has active purchase/return activity,0
3099,MAHARAJA CLOTHING COMPANY,"00007570, 00007571",63,,TRUE,2,1,0,0,0,0,2,2,2,ACTIVE_WITH_PURCHASE_HISTORY,Keep: Has active purchase/return activity,0
31-P,ANJALI TRADERS,4582,AT/1882/25-26,INV2026000408,TRUE,1,1,0,1,1,0,0,1,1,ACTIVE_WITH_PURCHASE_HISTORY,Keep: Has active purchase/return activity,0
31-Y,ANJALI TRADERS,4583,AT/1882/25-26,,TRUE,1,1,0,0,0,0,1,1,1,ACTIVE_WITH_PURCHASE_HISTORY,Keep: Has active purchase/return activity,0
31/2,NEW MODERN CHIKAN,3885,1942,,TRUE,2,1,0,0,0,0,2,2,1,ACTIVE_WITH_PURCHASE_HISTORY,Keep: Has active purchase/return activity,0
310,ORIGIN CLOTHING COMPANY (INDIA) PVT.LTD.,"00009664, 00009665, 00009666, 00009667",0043/26-27,,TRUE,4,1,0,0,0,0,4,4,4,ACTIVE_WITH_PURCHASE_HISTORY,Keep: Has active purchase/return activity,0
3100,HOUSE OF RITAS PRIVATE LIMITED,5811,INV001-0012072,,TRUE,1,1,0,0,0,0,1,1,1,ACTIVE_WITH_PURCHASE_HISTORY,Keep: Has active purchase/return activity,0
3107,MEHRA SAREE KENDRA ,5501,MSK/2244/2025-26,,TRUE,1,1,0,0,0,0,1,1,1,ACTIVE_WITH_PURCHASE_HISTORY,Keep: Has active purchase/return activity,0
3107 P,MEHRA SAREE KENDRA ,5502,MSK/2244/2025-26,,TRUE,1,1,0,0,0,0,1,1,1,ACTIVE_WITH_PURCHASE_HISTORY,Keep: Has active purchase/return activity,0
3107 w,MEHRA SAREE KENDRA ,5503,MSK/2244/2025-26,,TRUE,1,1,0,0,0,0,1,1,1,ACTIVE_WITH_PURCHASE_HISTORY,Keep: Has active purchase/return activity,0
3107 y,MEHRA SAREE KENDRA ,5504,MSK/2244/2025-26,,TRUE,1,1,0,0,0,0,2,2,1,ACTIVE_WITH_PURCHASE_HISTORY,Keep: Has active purchase/return activity,-1
3109,MAHARAJA CLOTHING COMPANY,"00006359, 00006360",,,TRUE,0,0,0,0,0,0,2,2,2,ORPHAN_WITH_STOCK,Audit: Has physical stock/printed barcodes but no purchase record,-2
3109-2,MAHARAJA CLOTHING COMPANY,6361,,,TRUE,0,0,0,0,0,0,1,1,1,ORPHAN_WITH_STOCK,Audit: Has physical stock/printed barcodes but no purchase record,-1
3109-3,MAHARAJA CLOTHING COMPANY,"00006362, 00006363, 00006364",,,TRUE,0,0,0,0,0,0,3,3,3,ORPHAN_WITH_STOCK,Audit: Has physical stock/printed barcodes but no purchase record,-3
3109-A,MAHARAJA CLOTHING COMPANY,"00006374, 00006375",642,,TRUE,2,1,0,0,0,0,2,2,2,ACTIVE_WITH_PURCHASE_HISTORY,Keep: Has active purchase/return activity,0
3109-A2,MAHARAJA CLOTHING COMPANY,6376,642,INV2627000428,TRUE,1,1,0,1,1,0,0,1,1,ACTIVE_WITH_PURCHASE_HISTORY,Keep: Has active purchase/return activity,0
3109-B,MAHARAJA CLOTHING COMPANY,"00006365, 00006377, 00006378, 00006379",642,"INV2627000678, INV2627000912",TRUE,3,1,0,2,2,0,2,4,4,ACTIVE_WITH_PURCHASE_HISTORY,Keep: Has active purchase/return activity,-1
3109-B2,MAHARAJA CLOTHING COMPANY,6380,642,INV2026000247,TRUE,1,1,0,1,1,0,0,1,1,ACTIVE_WITH_PURCHASE_HISTORY,Keep: Has active purchase/return activity,0
3111,SONA AGRAWAL,7854,,,TRUE,0,0,0,0,0,0,1,1,1,ORPHAN_WITH_STOCK,Audit: Has physical stock/printed barcodes but no purchase record,-1
3118,MAHARAJA CLOTHING COMPANY,"00006975, 00006976, 00006977, 00006978",,,TRUE,0,0,0,0,0,0,4,4,4,ORPHAN_WITH_STOCK,Audit: Has physical stock/printed barcodes but no purchase record,-4
3118-A,MAHARAJA CLOTHING COMPANY,"00007013, 00007014, 00007015",706,,TRUE,3,1,0,0,0,0,3,3,3,ACTIVE_WITH_PURCHASE_HISTORY,Keep: Has active purchase/return activity,0
3118-B,MAHARAJA CLOTHING COMPANY,7027,706,INV2627000398,TRUE,1,1,0,1,1,0,0,1,1,ACTIVE_WITH_PURCHASE_HISTORY,Keep: Has active purchase/return activity,0
3122,MAHARAJA CLOTHING COMPANY,8675,119,,TRUE,1,1,0,0,0,0,1,1,1,ACTIVE_WITH_PURCHASE_HISTORY,Keep: Has active purchase/return activity,0
3124,V NARBHERAM & CO,1731,234570,INV2627000269,TRUE,3,1,0,1,1,0,2,3,1,ACTIVE_WITH_PURCHASE_HISTORY,Keep: Has active purchase/return activity,0
3126,MAHARAJA CLOTHING COMPANY,"00007559, 00007560, 00007561, 00007562",63,"INV2627000888, INV2627000969",TRUE,4,1,0,2,2,0,2,4,4,ACTIVE_WITH_PURCHASE_HISTORY,Keep: Has active purchase/return activity,0
313,ORIGIN CLOTHING COMPANY (INDIA) PVT.LTD.,"00006718, 00006719, 00006720, 00006721",0249/25-26,INV2627000481,TRUE,4,1,0,2,1,0,2,4,4,ACTIVE_WITH_PURCHASE_HISTORY,Keep: Has active purchase/return activity,0
3131,V NARBHERAM & CO,1765,234570,,TRUE,3,1,0,0,0,0,3,3,1,ACTIVE_WITH_PURCHASE_HISTORY,Keep: Has active purchase/return activity,0
3134,MEHRA SAREE KENDRA ,"00004941, 00004942, 00005514","MKS/2206/2025-26, MSK/2244/2025-26",,TRUE,3,2,0,0,0,0,3,3,3,ACTIVE_WITH_PURCHASE_HISTORY,Keep: Has active purchase/return activity,0
3134 p,MEHRA SAREE KENDRA ,5515,MSK/2244/2025-26,,TRUE,1,1,0,0,0,0,1,1,1,ACTIVE_WITH_PURCHASE_HISTORY,Keep: Has active purchase/return activity,0
3134 w,MEHRA SAREE KENDRA ,5517,MSK/2244/2025-26,,TRUE,1,1,0,0,0,0,1,1,1,ACTIVE_WITH_PURCHASE_HISTORY,Keep: Has active purchase/return activity,0
3134 y,MEHRA SAREE KENDRA ,5516,MSK/2244/2025-26,,TRUE,1,1,0,0,0,0,1,1,1,ACTIVE_WITH_PURCHASE_HISTORY,Keep: Has active purchase/return activity,0
3138,MEHRA SAREE KENDRA ,5509,MSK/2244/2025-26,,TRUE,1,1,0,0,0,0,1,1,1,ACTIVE_WITH_PURCHASE_HISTORY,Keep: Has active purchase/return activity,0
3138-G,R.F. DESIGNERS,6632,2627,,TRUE,1,1,0,0,0,0,1,1,1,ACTIVE_WITH_PURCHASE_HISTORY,Keep: Has active purchase/return activity,0
3138-R,R.F. DESIGNERS,6630,2627,INV2627000176,TRUE,1,1,0,1,1,0,0,1,1,ACTIVE_WITH_PURCHASE_HISTORY,Keep: Has active purchase/return activity,0
3138-Y,R.F. DESIGNERS,6631,2627,,TRUE,1,1,0,0,0,0,1,1,1,ACTIVE_WITH_PURCHASE_HISTORY,Keep: Has active purchase/return activity,0
3138 b,MEHRA SAREE KENDRA ,5511,MSK/2244/2025-26,,TRUE,1,1,0,0,0,0,1,1,1,ACTIVE_WITH_PURCHASE_HISTORY,Keep: Has active purchase/return activity,0
3138 p,MEHRA SAREE KENDRA ,5510,MSK/2244/2025-26,,TRUE,1,1,0,0,0,0,1,1,1,ACTIVE_WITH_PURCHASE_HISTORY,Keep: Has active purchase/return activity,0
3138 P,MEHRA SAREE KENDRA ,5512,MSK/2244/2025-26,,TRUE,1,1,0,0,0,0,1,1,1,ACTIVE_WITH_PURCHASE_HISTORY,Keep: Has active purchase/return activity,0
3138 y,MEHRA SAREE KENDRA ,5513,MSK/2244/2025-26,,TRUE,1,1,0,0,0,0,1,1,1,ACTIVE_WITH_PURCHASE_HISTORY,Keep: Has active purchase/return activity,0
3139,V NARBHERAM & CO,1763,234570,"INV2026000223, INV2627000683",TRUE,3,1,0,2,2,0,1,3,1,ACTIVE_WITH_PURCHASE_HISTORY,Keep: Has active purchase/return activity,0
314,ISHUM DESIGNS,"00004792, 00006702, 00006703, 00006704, 00006705","0249/25-26, ID/10237/2025-26",,TRUE,5,2,0,0,0,0,5,5,5,ACTIVE_WITH_PURCHASE_HISTORY,Keep: Has active purchase/return activity,0
3144,MAHARAJA CLOTHING COMPANY,"00007563, 00007564, 00007565",63,INV2627000953,TRUE,3,1,0,1,1,0,2,3,3,ACTIVE_WITH_PURCHASE_HISTORY,Keep: Has active purchase/return activity,0
3148-G,R.F. DESIGNERS,6644,2627,,TRUE,1,1,0,0,0,0,1,1,1,ACTIVE_WITH_PURCHASE_HISTORY,Keep: Has active purchase/return activity,0
3148-P,R.F. DESIGNERS,"00006645, 00006647",2627,INV2627000136,TRUE,2,1,0,1,1,0,1,2,2,ACTIVE_WITH_PURCHASE_HISTORY,Keep: Has active purchase/return activity,0
3148-Y,R.F. DESIGNERS,6646,2627,INV2627000062,TRUE,1,1,0,1,1,0,0,1,1,ACTIVE_WITH_PURCHASE_HISTORY,Keep: Has active purchase/return activity,0
315,ISHUM DESIGNS,4790,ID/10237/2025-26,,TRUE,1,1,0,0,0,0,1,1,1,ACTIVE_WITH_PURCHASE_HISTORY,Keep: Has active purchase/return activity,0
3157 C,MEHRA SAREE KENDRA ,5473,MSK/2233/2025-26,,TRUE,1,1,0,0,0,0,1,1,1,ACTIVE_WITH_PURCHASE_HISTORY,Keep: Has active purchase/return activity,0
3157 O,MEHRA SAREE KENDRA ,5475,MSK/2233/2025-26,,TRUE,1,1,0,0,0,0,1,1,1,ACTIVE_WITH_PURCHASE_HISTORY,Keep: Has active purchase/return activity,0
3157 P,MEHRA SAREE KENDRA ,5474,MSK/2233/2025-26,,TRUE,1,1,0,0,0,0,1,1,1,ACTIVE_WITH_PURCHASE_HISTORY,Keep: Has active purchase/return activity,0
3157 Y,MEHRA SAREE KENDRA ,5472,MSK/2233/2025-26,,TRUE,1,1,0,0,0,0,1,1,1,ACTIVE_WITH_PURCHASE_HISTORY,Keep: Has active purchase/return activity,0
316,ISHUM DESIGNS,4791,ID/10237/2025-26,INV2627000356,TRUE,1,1,0,1,1,0,0,1,1,ACTIVE_WITH_PURCHASE_HISTORY,Keep: Has active purchase/return activity,0
316-R,SWEET LADY,4877,T3122/25-26,,TRUE,1,1,0,0,0,0,1,1,1,ACTIVE_WITH_PURCHASE_HISTORY,Keep: Has active purchase/return activity,0
3160,R.F. DESIGNERS,6650,2627,INV2627000030,TRUE,1,1,0,1,1,0,0,1,1,ACTIVE_WITH_PURCHASE_HISTORY,Keep: Has active purchase/return activity,0
3164-G,R.F. DESIGNERS,6648,2627,INV2627000115,TRUE,1,1,0,1,1,0,0,1,1,ACTIVE_WITH_PURCHASE_HISTORY,Keep: Has active purchase/return activity,0
317,ISHUM DESIGNS,4793,ID/10237/2025-26,,TRUE,1,1,0,0,0,0,1,1,1,ACTIVE_WITH_PURCHASE_HISTORY,Keep: Has active purchase/return activity,0
318,ORIGIN CLOTHING COMPANY (INDIA) PVT.LTD.,"00009660, 00009661, 00009662, 00009663",0043/26-27,,TRUE,4,1,0,0,0,0,4,4,4,ACTIVE_WITH_PURCHASE_HISTORY,Keep: Has active purchase/return activity,0
3180-G,R.F. DESIGNERS,6634,2627,,TRUE,1,1,0,0,0,0,1,1,1,ACTIVE_WITH_PURCHASE_HISTORY,Keep: Has active purchase/return activity,0
3180-P,R.F. DESIGNERS,6633,2627,,TRUE,1,1,0,0,0,0,1,1,1,ACTIVE_WITH_PURCHASE_HISTORY,Keep: Has active purchase/return activity,0
3184,RT VILLA PRIVATE LIMITED,4072,9221,,TRUE,1,1,0,0,0,0,1,1,1,ACTIVE_WITH_PURCHASE_HISTORY,Keep: Has active purchase/return activity,0
3188-RANI,RT VILLA PRIVATE LIMITED,5280,9223,,TRUE,1,1,0,0,0,0,1,1,1,ACTIVE_WITH_PURCHASE_HISTORY,Keep: Has active purchase/return activity,0
3189,RT VILLA PRIVATE LIMITED,5277,9222-25-26,,TRUE,1,1,0,0,0,0,1,1,1,ACTIVE_WITH_PURCHASE_HISTORY,Keep: Has active purchase/return activity,0
3190,YASH FABRICS,"00007788, 00007789",565,,TRUE,2,1,0,0,0,0,2,2,2,ACTIVE_WITH_PURCHASE_HISTORY,Keep: Has active purchase/return activity,0
3191-KK,YASH FABRICS,"00007792, 00007793",565,INV2627000519,TRUE,2,1,0,1,1,0,1,2,2,ACTIVE_WITH_PURCHASE_HISTORY,Keep: Has active purchase/return activity,0
3194,R.F. DESIGNERS,6640,2627,,TRUE,1,1,0,0,0,0,1,1,1,ACTIVE_WITH_PURCHASE_HISTORY,Keep: Has active purchase/return activity,0
31D,RT VILLA PRIVATE LIMITED,3776,8880,INV2627000850,TRUE,1,1,0,1,1,0,0,1,1,ACTIVE_WITH_PURCHASE_HISTORY,Keep: Has active purchase/return activity,0
32,SADBHAVANA ENTERPRISES,2109,11941,,TRUE,1,1,0,0,0,0,1,1,1,ACTIVE_WITH_PURCHASE_HISTORY,Keep: Has active purchase/return activity,0
32-B,ANJALI TRADERS,4584,AT/1882/25-26,INV2627000422,TRUE,1,1,0,1,1,0,0,1,1,ACTIVE_WITH_PURCHASE_HISTORY,Keep: Has active purchase/return activity,0
32-P,ANJALI TRADERS,4585,AT/1882/25-26,,TRUE,1,1,0,0,0,0,1,1,1,ACTIVE_WITH_PURCHASE_HISTORY,Keep: Has active purchase/return activity,0
32-W,ANJALI TRADERS,4586,AT/1882/25-26,,TRUE,1,1,0,0,0,0,1,1,1,ACTIVE_WITH_PURCHASE_HISTORY,Keep: Has active purchase/return activity,0
32/1,NEW MODERN CHIKAN,3886,1942,,TRUE,1,1,0,0,0,0,1,1,1,ACTIVE_WITH_PURCHASE_HISTORY,Keep: Has active purchase/return activity,0
3209,RT VILLA PRIVATE LIMITED,5571,9315,INV2627000761,TRUE,1,1,0,1,1,0,0,1,1,ACTIVE_WITH_PURCHASE_HISTORY,Keep: Has active purchase/return activity,0
321-D-42088,B R K APPARELS ,"00005424, 00005425",BRKO/5491/25-26,INV2627000431,TRUE,2,1,0,1,1,0,1,2,2,ACTIVE_WITH_PURCHASE_HISTORY,Keep: Has active purchase/return activity,0
3210-R,RT VILLA PRIVATE LIMITED,5279,9249,,TRUE,1,1,0,0,0,0,1,1,1,ACTIVE_WITH_PURCHASE_HISTORY,Keep: Has active purchase/return activity,0
3211-ST-1,R.F. CREATIONS ,7171,172-2627,INV2627000852,TRUE,1,1,0,1,1,0,0,1,1,ACTIVE_WITH_PURCHASE_HISTORY,Keep: Has active purchase/return activity,0
3211-ST-1/2,R.F. CREATIONS ,7172,172-2627,,TRUE,1,1,0,0,0,0,1,1,1,ACTIVE_WITH_PURCHASE_HISTORY,Keep: Has active purchase/return activity,0
3214-DR,RT VILLA PRIVATE LIMITED,5289,9248,INV2627000477,TRUE,1,1,0,1,1,0,0,1,1,ACTIVE_WITH_PURCHASE_HISTORY,Keep: Has active purchase/return activity,0
3215-C,RT VILLA PRIVATE LIMITED,5293,9247,,TRUE,1,1,0,0,0,0,1,1,1,ACTIVE_WITH_PURCHASE_HISTORY,Keep: Has active purchase/return activity,0
3216,YASH FABRICS,"00007786, 00007787",565,,TRUE,2,1,0,0,0,0,2,2,2,ACTIVE_WITH_PURCHASE_HISTORY,Keep: Has active purchase/return activity,0
3228,RT VILLA PRIVATE LIMITED,4084,9220,,TRUE,1,1,0,0,0,0,1,1,1,ACTIVE_WITH_PURCHASE_HISTORY,Keep: Has active purchase/return activity,0
3233-R,RT VILLA PRIVATE LIMITED,5290,9246,,TRUE,1,1,0,0,0,0,1,1,1,ACTIVE_WITH_PURCHASE_HISTORY,Keep: Has active purchase/return activity,0
325,ORIGIN CLOTHING COMPANY (INDIA) PVT.LTD.,"00006710, 00006711, 00006712, 00006713",0249/25-26,INV2627000509,TRUE,4,1,0,1,1,0,3,4,4,ACTIVE_WITH_PURCHASE_HISTORY,Keep: Has active purchase/return activity,0
3262,S.S CLOTHING CO,"00007882, 00007883, 00007884, 00007885, 00007890, 00007891, 00007892, 00007893",SO309/26-27,"INV2627000531, INV2627000617, INV2627000671, INV2627000715",TRUE,8,1,0,4,4,1,4,8,8,ACTIVE_WITH_PURCHASE_HISTORY,Keep: Has active purchase/return activity,1
3263,S.S CLOTHING CO,"00007886, 00007887, 00007888, 00007889",SO309/26-27,"INV2627000820, INV2627000825",TRUE,4,1,0,2,2,0,2,4,4,ACTIVE_WITH_PURCHASE_HISTORY,Keep: Has active purchase/return activity,0
3266-KK,YASH FABRICS,7791,565,INV2627000627,TRUE,1,1,0,1,1,0,0,1,1,ACTIVE_WITH_PURCHASE_HISTORY,Keep: Has active purchase/return activity,0
3275,V NARBHERAM & CO,1764,234570,INV2627000531,TRUE,3,1,0,1,1,0,2,3,1,ACTIVE_WITH_PURCHASE_HISTORY,Keep: Has active purchase/return activity,0
3275-R,RT VILLA PRIVATE LIMITED,5291,9250,,TRUE,1,1,0,0,0,0,1,1,1,ACTIVE_WITH_PURCHASE_HISTORY,Keep: Has active purchase/return activity,0
33,SADBHAVANA ENTERPRISES,"00002096, 00002097",11941,"INV2627000279, INV2627000753",TRUE,2,1,0,2,2,0,0,2,2,ACTIVE_WITH_PURCHASE_HISTORY,Keep: Has active purchase/return activity,0
33-P,ANJALI TRADERS,4587,AT/1882/25-26,INV2026000275,TRUE,1,1,0,1,1,0,0,1,1,ACTIVE_WITH_PURCHASE_HISTORY,Keep: Has active purchase/return activity,0
33/1,NEW MODERN CHIKAN,3887,1942,,TRUE,1,1,0,0,0,0,1,1,1,ACTIVE_WITH_PURCHASE_HISTORY,Keep: Has active purchase/return activity,0
3335,V NARBHERAM & CO,1730,234570,INV2627000432,TRUE,3,1,0,1,1,0,2,3,1,ACTIVE_WITH_PURCHASE_HISTORY,Keep: Has active purchase/return activity,0
3339,V NARBHERAM & CO,1771,234570,,TRUE,4,1,0,0,0,0,4,4,1,ACTIVE_WITH_PURCHASE_HISTORY,Keep: Has active purchase/return activity,0
334,ORIGIN CLOTHING COMPANY (INDIA) PVT.LTD.,"00005859, 00005860, 00005861, 00005862",0236/25-26,INV2026000333,TRUE,4,1,0,1,1,0,3,4,4,ACTIVE_WITH_PURCHASE_HISTORY,Keep: Has active purchase/return activity,0
334-BL,ORIGIN CLOTHING COMPANY (INDIA) PVT.LTD.,"00005863, 00005864, 00005865, 00005866",0236/25-26,"INV2026000171, INV2026000191, INV2026000231, INV2627000177",TRUE,4,1,0,4,4,1,1,4,4,ACTIVE_WITH_PURCHASE_HISTORY,Keep: Has active purchase/return activity,0
335,ORIGIN CLOTHING COMPANY (INDIA) PVT.LTD.,"00006706, 00006707, 00006708, 00006709",0249/25-26,INV2627000885,TRUE,4,1,0,1,1,0,3,4,4,ACTIVE_WITH_PURCHASE_HISTORY,Keep: Has active purchase/return activity,0
335-2038,AASHIRVAD HERITAGE PVT LTD,"00001059, 00001060, 00001061, 00001062",AH/008527/25-26,,TRUE,4,1,0,0,0,0,6,6,4,ACTIVE_WITH_PURCHASE_HISTORY,Keep: Has active purchase/return activity,-2
3364,AMIR FABRICS,"00003823, 00003824, 00003825",AF/2025-26/1057,"INV2627000068, INV2627000100, INV2627000185",TRUE,3,1,0,3,3,1,1,3,3,ACTIVE_WITH_PURCHASE_HISTORY,Keep: Has active purchase/return activity,0
3366,YASH FABRICS,7790,565,,TRUE,1,1,0,0,0,0,1,1,1,ACTIVE_WITH_PURCHASE_HISTORY,Keep: Has active purchase/return activity,0
3375,V NARBHERAM & CO,1708,234569,,TRUE,2,1,0,0,0,0,2,2,1,ACTIVE_WITH_PURCHASE_HISTORY,Keep: Has active purchase/return activity,0
3389,V NARBHERAM & CO,1636,234563,,TRUE,4,1,0,0,0,0,4,4,1,ACTIVE_WITH_PURCHASE_HISTORY,Keep: Has active purchase/return activity,0
3394,V NARBHERAM & CO,1732,234570,,TRUE,4,1,0,0,0,0,4,4,1,ACTIVE_WITH_PURCHASE_HISTORY,Keep: Has active purchase/return activity,0
34-P,ANJALI TRADERS,4588,AT/1882/25-26,,TRUE,1,1,0,0,0,0,1,1,1,ACTIVE_WITH_PURCHASE_HISTORY,Keep: Has active purchase/return activity,0
34/1,NEW MODERN CHIKAN,3888,1942,,TRUE,1,1,0,0,0,0,1,1,1,ACTIVE_WITH_PURCHASE_HISTORY,Keep: Has active purchase/return activity,0
3407,AMIR FABRICS,"00003833, 00003834, 00003835",AF/2025-26/1057,"INV2026000294, INV2026000299",TRUE,3,1,0,2,2,0,1,3,3,ACTIVE_WITH_PURCHASE_HISTORY,Keep: Has active purchase/return activity,0
341,SAHANA FASHIONS ,7088,SF/246,,TRUE,1,1,0,0,0,0,1,1,1,ACTIVE_WITH_PURCHASE_HISTORY,Keep: Has active purchase/return activity,0
3414,V NARBHERAM & CO,1678,234571,,TRUE,4,1,0,0,0,0,4,4,1,ACTIVE_WITH_PURCHASE_HISTORY,Keep: Has active purchase/return activity,0
3416,SONA AGRAWAL,7853,SA/26-27/0065,,TRUE,1,1,0,0,0,0,1,1,1,ACTIVE_WITH_PURCHASE_HISTORY,Keep: Has active purchase/return activity,0
3420,AMIR FABRICS,"00003819, 00003820, 00003821, 00003822",AF/2025-26/1057,"INV2026000392, INV2627000197, INV2627000645, INV2627000721",TRUE,4,1,0,4,4,0,0,4,4,ACTIVE_WITH_PURCHASE_HISTORY,Keep: Has active purchase/return activity,0
3426,V NARBHERAM & CO,1713,234569,INV2026000248,TRUE,3,1,0,1,1,0,2,3,1,ACTIVE_WITH_PURCHASE_HISTORY,Keep: Has active purchase/return activity,0
3448,AMIR FABRICS,"00009216, 00009217, 00009218, 00009219",AF/2026-27/226,,TRUE,4,1,0,0,0,0,4,4,4,ACTIVE_WITH_PURCHASE_HISTORY,Keep: Has active purchase/return activity,0
3452,SONA AGRAWAL,7852,SA/26-27/0065,,TRUE,1,1,0,0,0,0,1,1,1,ACTIVE_WITH_PURCHASE_HISTORY,Keep: Has active purchase/return activity,0
345SU,JDS DESIGN STUDIO PRIVATE LIMITED,4414,JS26-006339,,TRUE,2,1,0,0,0,0,2,2,1,ACTIVE_WITH_PURCHASE_HISTORY,Keep: Has active purchase/return activity,0
3469,RASIYA ,7948,A/0015/2026-27,INV2627000614,TRUE,1,1,0,1,1,0,0,1,1,ACTIVE_WITH_PURCHASE_HISTORY,Keep: Has active purchase/return activity,0
347,ISHUM DESIGNS,8070,ID/522/2026-27,,TRUE,1,1,0,0,0,0,1,1,1,ACTIVE_WITH_PURCHASE_HISTORY,Keep: Has active purchase/return activity,0
3484,AMIR FABRICS,"00003830, 00003831, 00003832",AF/2025-26/1057,"INV2026000219, INV2627000238, INV2627000258",TRUE,4,1,0,3,3,0,1,4,3,ACTIVE_WITH_PURCHASE_HISTORY,Keep: Has active purchase/return activity,0
35,KRISHNA COLLECTION,7301,KC/INV/584/25-26,INV2627000418,TRUE,1,1,0,1,1,0,0,1,1,ACTIVE_WITH_PURCHASE_HISTORY,Keep: Has active purchase/return activity,0
35-B,KRISHNA COLLECTION,"00004589, 00007302","AT/1882/25-26, KC/INV/584/25-26",INV2627000994,TRUE,2,2,0,1,1,0,1,2,2,ACTIVE_WITH_PURCHASE_HISTORY,Keep: Has active purchase/return activity,0
35-BLUE,KRISHNA COLLECTION,"00007306, 00007307",KC/INV/584/25-26,INV2627000463,TRUE,2,1,0,1,1,0,1,2,2,ACTIVE_WITH_PURCHASE_HISTORY,Keep: Has active purchase/return activity,0
35-GREEN,KRISHNA COLLECTION,7308,KC/INV/584/25-26,,TRUE,1,1,0,0,0,0,1,1,1,ACTIVE_WITH_PURCHASE_HISTORY,Keep: Has active purchase/return activity,0
35/1,NEW MODERN CHIKAN,3889,1942,,TRUE,1,1,0,0,0,0,1,1,1,ACTIVE_WITH_PURCHASE_HISTORY,Keep: Has active purchase/return activity,0
3503-G-A,AMIR FABRICS,"00008465, 00008466, 00008467",AF/2026-27/110,,TRUE,3,1,0,0,0,0,3,3,3,ACTIVE_WITH_PURCHASE_HISTORY,Keep: Has active purchase/return activity,0
3506,AMIR FABRICS,"00003826, 00003827, 00003828, 00003829",AF/2025-26/1057,"INV2026000321, INV2627000174",TRUE,4,1,0,2,2,0,2,4,4,ACTIVE_WITH_PURCHASE_HISTORY,Keep: Has active purchase/return activity,0
3510,SONA AGRAWAL,7851,SA/26-27/0065,,TRUE,1,1,0,0,0,0,1,1,1,ACTIVE_WITH_PURCHASE_HISTORY,Keep: Has active purchase/return activity,0
3548-A,AMIR FABRICS,"00008456, 00008457, 00008458, 00008459",AF/2026-27/110,,TRUE,4,1,0,0,0,0,4,4,4,ACTIVE_WITH_PURCHASE_HISTORY,Keep: Has active purchase/return activity,0
3548-B,AMIR FABRICS,8460,AF/2026-27/110,,TRUE,1,1,0,0,0,0,1,1,1,ACTIVE_WITH_PURCHASE_HISTORY,Keep: Has active purchase/return activity,0
3586-A,AMIR FABRICS,"00009266, 00009267, 00009268, 00009269",AF/2026-27/169,,TRUE,4,1,0,0,0,0,4,4,4,ACTIVE_WITH_PURCHASE_HISTORY,Keep: Has active purchase/return activity,0
3586-B,AMIR FABRICS,9270,AF/2026-27/169,,TRUE,1,1,0,0,0,0,1,1,1,ACTIVE_WITH_PURCHASE_HISTORY,Keep: Has active purchase/return activity,0
359,SAHANA FASHIONS ,7090,SF/246,INV2627000257,TRUE,1,1,0,1,1,0,0,1,1,ACTIVE_WITH_PURCHASE_HISTORY,Keep: Has active purchase/return activity,0
36,RT VILLA PRIVATE LIMITED,"00003769, 00003770, 00003771",8880,"INV2627000244, INV2627000505",TRUE,3,1,0,2,2,0,1,3,3,ACTIVE_WITH_PURCHASE_HISTORY,Keep: Has active purchase/return activity,0
36-D,HANDLOOM HANDICRAFT CENTRE,,,,TRUE,0,0,0,0,0,0,0,0,0,SAFE_TO_DELETE_IDLE,"Safe to Delete: No purchases, returns, sales, or stock",0
363,SAHANA FASHIONS ,7089,SF/246,,TRUE,1,1,0,0,0,0,1,1,1,ACTIVE_WITH_PURCHASE_HISTORY,Keep: Has active purchase/return activity,0
363-B,ORIGIN CLOTHING COMPANY (INDIA) PVT.LTD.,"00009668, 00009669, 00009670, 00009671",0043/26-27,,TRUE,4,1,0,0,0,0,4,4,4,ACTIVE_WITH_PURCHASE_HISTORY,Keep: Has active purchase/return activity,0
363-Y,ORIGIN CLOTHING COMPANY (INDIA) PVT.LTD.,"00009672, 00009673, 00009674, 00009675",0043/26-27,,TRUE,4,1,0,0,0,0,4,4,4,ACTIVE_WITH_PURCHASE_HISTORY,Keep: Has active purchase/return activity,0
3640,KANCHANA,1890,KANWS25-26-06592,INV2627000655,TRUE,2,1,0,1,1,0,1,2,1,ACTIVE_WITH_PURCHASE_HISTORY,Keep: Has active purchase/return activity,0
365-AH038,B R K APPARELS ,2370,BRKO/5988/25-26,,TRUE,1,1,0,0,0,0,1,1,1,ACTIVE_WITH_PURCHASE_HISTORY,Keep: Has active purchase/return activity,0
3669-02,MAIDENS CREATION,9510,,,TRUE,0,0,0,0,0,0,1,1,1,ORPHAN_WITH_STOCK,Audit: Has physical stock/printed barcodes but no purchase record,-1
3678,KANCHANA NEXT,"00001542, 00006306",KANWS25-26-06607,"INV2026000009, INV2026000038, INV2026000039, INV2026000048, INV2026000100, INV2026000207, INV2627000023, INV2627000094, INV2627000452",TRUE,18,1,0,10,9,1,9,18,2,ACTIVE_WITH_PURCHASE_HISTORY,Keep: Has active purchase/return activity,0
368,SAHANA FASHIONS ,7087,SF/246,,TRUE,1,1,0,0,0,0,1,1,1,ACTIVE_WITH_PURCHASE_HISTORY,Keep: Has active purchase/return activity,0
3717,SADBHAVANA ENTERPRISES,1995,11790,,TRUE,1,1,0,0,0,0,1,1,1,ACTIVE_WITH_PURCHASE_HISTORY,Keep: Has active purchase/return activity,0
3718,SADBHAVANA ENTERPRISES,"00001996, 00001997",11790,,TRUE,2,1,0,0,0,0,2,2,2,ACTIVE_WITH_PURCHASE_HISTORY,Keep: Has active purchase/return activity,0
3729,TANKHI DESIGNS 1 PVT LTD,"00000356, 00000357",TN/25-26/6195,,TRUE,2,1,0,0,0,0,2,2,2,ACTIVE_WITH_PURCHASE_HISTORY,Keep: Has active purchase/return activity,0
3729 A,TANKHI DESIGNS 1 PVT LTD,"00000358, 00000359",TN/25-26/6195,,TRUE,2,1,0,0,0,0,2,2,2,ACTIVE_WITH_PURCHASE_HISTORY,Keep: Has active purchase/return activity,0
3773,TANKHI DESIGNS 1 PVT LTD,"00000330, 00000331, 00000332, 00000333",TN/25-26/6195,,TRUE,4,1,0,0,0,0,4,4,4,ACTIVE_WITH_PURCHASE_HISTORY,Keep: Has active purchase/return activity,0
3774,SAVI APPARELS,"00005589, 00005590",1682/25-26,INV2627000728,TRUE,2,1,0,1,1,0,1,2,2,ACTIVE_WITH_PURCHASE_HISTORY,Keep: Has active purchase/return activity,0
3797,A.R.  ENTERPRISES,922,AR/15784/2025-26,,TRUE,1,1,0,0,0,0,1,1,1,ACTIVE_WITH_PURCHASE_HISTORY,Keep: Has active purchase/return activity,0
38- F,HANDLOOM HANDICRAFT CENTRE,,,,TRUE,0,0,0,0,0,0,0,0,0,SAFE_TO_DELETE_IDLE,"Safe to Delete: No purchases, returns, sales, or stock",0
3813,V NARBHERAM & CO,1534,234566,INV2627000918,TRUE,4,1,0,3,1,0,1,4,1,ACTIVE_WITH_PURCHASE_HISTORY,Keep: Has active purchase/return activity,0
3827,SATYA DESIGNS PVT. LTD.,"00005011, 00005012, 00005013, 00005014, 00005015",SS2083,"INV2026000415, INV2627000044, INV2627000442, INV2627000746",TRUE,5,1,0,4,4,0,1,5,5,ACTIVE_WITH_PURCHASE_HISTORY,Keep: Has active purchase/return activity,0
3827-6,SATYA DESIGNS PVT. LTD.,"00005016, 00005017",SS2083,INV2026000399,TRUE,2,1,0,1,1,0,1,2,2,ACTIVE_WITH_PURCHASE_HISTORY,Keep: Has active purchase/return activity,0
3858,SATYA DESIGNS PVT. LTD.,"00005018, 00005019, 00005020, 00005021, 00005022",SS2083,"INV2627000211, INV2627000338",TRUE,5,1,0,2,2,0,3,5,5,ACTIVE_WITH_PURCHASE_HISTORY,Keep: Has active purchase/return activity,0
3858-8,SATYA DESIGNS PVT. LTD.,"00005023, 00005024",SS2083,INV2627000423,TRUE,2,1,0,2,1,0,0,2,2,ACTIVE_WITH_PURCHASE_HISTORY,Keep: Has active purchase/return activity,0
386-1,PRATAPSONS HERITAGE HOME PRODUCTION,9023,112,INV2627000800,TRUE,1,1,0,1,1,0,0,1,1,ACTIVE_WITH_PURCHASE_HISTORY,Keep: Has active purchase/return activity,0
386-2,PRATAPSONS HERITAGE HOME PRODUCTION,9025,112,INV2627000800,TRUE,1,1,0,1,1,0,0,1,1,ACTIVE_WITH_PURCHASE_HISTORY,Keep: Has active purchase/return activity,0
386-3,PRATAPSONS HERITAGE HOME PRODUCTION,9026,112,INV2627000800,TRUE,1,1,0,1,1,0,0,1,1,ACTIVE_WITH_PURCHASE_HISTORY,Keep: Has active purchase/return activity,0
386-4,PRATAPSONS HERITAGE HOME PRODUCTION,9027,112,INV2627000800,TRUE,1,1,0,1,1,0,0,1,1,ACTIVE_WITH_PURCHASE_HISTORY,Keep: Has active purchase/return activity,0
3868,SAVI APPARELS,"00005586, 00005587",1682/25-26,INV2026000343,TRUE,2,1,0,1,1,0,1,2,2,ACTIVE_WITH_PURCHASE_HISTORY,Keep: Has active purchase/return activity,0
3872,SAVI APPARELS,"00005580, 00005581, 00005582, 00005583, 00005584, 00005585",1682/25-26,,TRUE,6,1,0,0,0,0,6,6,6,ACTIVE_WITH_PURCHASE_HISTORY,Keep: Has active purchase/return activity,0
3872 D,SATYA DESIGNS PVT. LTD.,"00006018, 00006019, 00006020, 00006021, 00006022",SS2119,"INV2026000074, INV2627000211, INV2627000319, INV2627000587, INV2627000765",TRUE,5,1,0,5,5,1,1,5,5,ACTIVE_WITH_PURCHASE_HISTORY,Keep: Has active purchase/return activity,0
3872 D-2,SATYA DESIGNS PVT. LTD.,"00006023, 00006024",SS2119,,TRUE,2,1,0,0,0,0,2,2,2,ACTIVE_WITH_PURCHASE_HISTORY,Keep: Has active purchase/return activity,0
3883,TANKHI DESIGNS 1 PVT LTD,"00005265, 00005266, 00005275, 00005276",TN/25-26/6662,INV2627000420,TRUE,2,1,0,1,1,0,3,4,4,ACTIVE_WITH_PURCHASE_HISTORY,Keep: Has active purchase/return activity,-2
3886A,TULIPS ,"00005263, 00005264, 00005273, 00005274",TN/25-26/6662,"INV2026000206, INV2627000207",TRUE,2,1,0,2,2,0,2,4,4,ACTIVE_WITH_PURCHASE_HISTORY,Keep: Has active purchase/return activity,-2
3893,SATYA DESIGNS PVT. LTD.,"00006025, 00006026, 00006027, 00006028, 00006029",SS2119,"INV2026000376, INV2627000623",TRUE,5,1,0,2,2,0,3,5,5,ACTIVE_WITH_PURCHASE_HISTORY,Keep: Has active purchase/return activity,0
3893-2,SATYA DESIGNS PVT. LTD.,6030,SS2119,,TRUE,1,1,0,0,0,0,1,1,1,ACTIVE_WITH_PURCHASE_HISTORY,Keep: Has active purchase/return activity,0
3894,SATYA DESIGNS PVT. LTD.,"00006031, 00006032, 00006033, 00006034, 00006035, 00006036, 00006037",SS2119,"INV2026000020, INV2026000228, INV2627000946, INV2627000985",TRUE,7,1,0,4,4,0,3,7,7,ACTIVE_WITH_PURCHASE_HISTORY,Keep: Has active purchase/return activity,0
3895-A,SAVI APPARELS,"00009030, 00009031, 00009032",1981/26-27,,TRUE,3,1,0,0,0,0,3,3,3,ACTIVE_WITH_PURCHASE_HISTORY,Keep: Has active purchase/return activity,0
3895-B,SAVI APPARELS,9033,1981/26-27,,TRUE,1,1,0,0,0,0,1,1,1,ACTIVE_WITH_PURCHASE_HISTORY,Keep: Has active purchase/return activity,0
3895-C,SAVI APPARELS,9034,1981/26-27,,TRUE,1,1,0,0,0,0,1,1,1,ACTIVE_WITH_PURCHASE_HISTORY,Keep: Has active purchase/return activity,0
3895-D,SAVI APPARELS,9035,1981/26-27,,TRUE,1,1,0,0,0,0,1,1,1,ACTIVE_WITH_PURCHASE_HISTORY,Keep: Has active purchase/return activity,0
39-RED,VIMAL CREATION,"00006777, 00006806",20-2627,INV2627000767,TRUE,1,1,0,1,1,0,1,2,2,ACTIVE_WITH_PURCHASE_HISTORY,Keep: Has active purchase/return activity,-1
391,SWEET LADY,1628,T3087/25-26,,TRUE,1,1,0,0,0,0,1,1,1,ACTIVE_WITH_PURCHASE_HISTORY,Keep: Has active purchase/return activity,0
3914,TANKHI DESIGNS 1 PVT LTD,"00000354, 00000355",TN/25-26/6195,"INV2026000024, INV2627000058",TRUE,2,1,0,2,2,0,0,2,2,ACTIVE_WITH_PURCHASE_HISTORY,Keep: Has active purchase/return activity,0
3918/B,SAVI APPARELS,"00005574, 00005575, 00005576, 00005577, 00005578, 00005579",1682/25-26,"INV2026000228, INV2026000230, INV2026000296",TRUE,6,1,0,3,3,0,3,6,6,ACTIVE_WITH_PURCHASE_HISTORY,Keep: Has active purchase/return activity,0
3919,SAVI APPARELS,"00005595, 00005596, 00005597, 00005598",1682/25-26,INV2627000846,TRUE,4,1,0,1,1,0,3,4,4,ACTIVE_WITH_PURCHASE_HISTORY,Keep: Has active purchase/return activity,0
3922/B,SAVI APPARELS,5591,1682/25-26,,TRUE,1,1,0,0,0,0,1,1,1,ACTIVE_WITH_PURCHASE_HISTORY,Keep: Has active purchase/return activity,0
3925,TANKHI DESIGNS 1 PVT LTD,"00000334, 00000335, 00000336, 00000337",TN/25-26/6195,"INV2026000062, INV2627000875",TRUE,4,1,0,2,2,0,2,4,4,ACTIVE_WITH_PURCHASE_HISTORY,Keep: Has active purchase/return activity,0
3925 A,TANKHI DESIGNS 1 PVT LTD,"00000360, 00000361, 00000362, 00000363",TN/25-26/6195,"INV2026000023, INV2627000090, INV2627000155",TRUE,4,1,0,3,3,1,1,4,4,ACTIVE_WITH_PURCHASE_HISTORY,Keep: Has active purchase/return activity,1
3926,TANKHI DESIGNS 1 PVT LTD,"00000338, 00000339, 00000340, 00000341, 00005592, 00005593, 00005594, 00005599, 00005600, 00005601, 00008803","1682/25-26, 4, TN/25-26/6195","INV2026000019, INV2026000312, INV2627000087, INV2627000338, INV2627000687",TRUE,11,3,0,5,5,0,6,11,11,ACTIVE_WITH_PURCHASE_HISTORY,Keep: Has active purchase/return activity,0
3926 A,TANKHI DESIGNS 1 PVT LTD,"00000342, 00000343, 00000344, 00000345",TN/25-26/6195,"INV2026000265, INV2627000847, INV2627000942",TRUE,4,1,0,3,3,0,1,4,4,ACTIVE_WITH_PURCHASE_HISTORY,Keep: Has active purchase/return activity,0
3933,SADBHAVANA ENTERPRISES,2045,11789,,TRUE,1,1,0,0,0,0,1,1,1,ACTIVE_WITH_PURCHASE_HISTORY,Keep: Has active purchase/return activity,0
3944,TANKHI DESIGNS 1 PVT LTD,"00005559, 00005560, 00005561, 00005562",TN/25-26/6792,"INV2627000651, INV2627001047",TRUE,4,1,0,2,2,0,2,4,4,ACTIVE_WITH_PURCHASE_HISTORY,Keep: Has active purchase/return activity,0
395-0018,AASHIRVAD HERITAGE PVT LTD,"00001020, 00001021, 00001022, 00001023",AH/008530/25-26`,,TRUE,4,1,0,0,0,0,4,4,4,ACTIVE_WITH_PURCHASE_HISTORY,Keep: Has active purchase/return activity,0
395-0027,AASHIRVAD HERITAGE PVT LTD,"00001024, 00001025, 00001026, 00001027",AH/008530/25-26`,,TRUE,4,1,0,0,0,0,4,4,4,ACTIVE_WITH_PURCHASE_HISTORY,Keep: Has active purchase/return activity,0
3984,SADBHAVANA ENTERPRISES,2044,11789,INV2627001007,TRUE,1,1,0,1,1,0,0,1,1,ACTIVE_WITH_PURCHASE_HISTORY,Keep: Has active purchase/return activity,0
3985,RASIYA ,"00007950, 00007951",A/0015/2026-27,,TRUE,2,1,0,0,0,0,2,2,2,ACTIVE_WITH_PURCHASE_HISTORY,Keep: Has active purchase/return activity,0
3D,RT VILLA PRIVATE LIMITED,3765,8880,,TRUE,1,1,0,0,0,0,1,1,1,ACTIVE_WITH_PURCHASE_HISTORY,Keep: Has active purchase/return activity,0
3PST022,STYLUXE APPAREL,"00004663, 00004664, 00004665",634,INV2627000337,TRUE,3,1,0,1,1,0,2,3,3,ACTIVE_WITH_PURCHASE_HISTORY,Keep: Has active purchase/return activity,0
4,SRISHTI FASHION,"00002154, 00002702, 00002796, 00004383, 00004593, 00004645, 00004748, 00005659, 00005890, 00006898, 00006955, 00007495, 00007498","05/04/2026, 08, 10, 1100, 1747/25-26, 1760/25-26, 1793/-25-26, 489, EW/0001092/25-26, HETPL/2273, S786, S790","INV2026000108, INV2026000221, INV2026000285, INV2627000001, INV2627000376, INV2627000571",TRUE,25,12,2,7,6,1,18,26,13,ACTIVE_WITH_PURCHASE_HISTORY,Keep: Has active purchase/return activity,-1
4-15503-B,RUHAANI ARTS,7624,RAD/26-27/000080,,TRUE,1,1,1,0,0,0,0,1,1,ACTIVE_WITH_PURCHASE_HISTORY,Keep: Has active purchase/return activity,0
4-15503-C,RUHAANI ARTS,7625,RAD/26-27/000080,,TRUE,1,1,1,0,0,0,0,1,1,ACTIVE_WITH_PURCHASE_HISTORY,Keep: Has active purchase/return activity,0
Apr-16,SUNEETA SAREE EMPORIUM ,5793,1060/25-26,,TRUE,1,1,1,0,0,0,0,1,1,ACTIVE_WITH_PURCHASE_HISTORY,Keep: Has active purchase/return activity,0
Apr-13,TANEJA APPARELS P LTD,7399,268,INV2627000964,TRUE,1,1,0,1,1,0,0,1,1,ACTIVE_WITH_PURCHASE_HISTORY,Keep: Has active purchase/return activity,0
4-4311A-B,VIMAL CREATION,6762,21-2627,,TRUE,1,1,0,0,0,0,1,1,1,ACTIVE_WITH_PURCHASE_HISTORY,Keep: Has active purchase/return activity,0
4-4311A-G,VIMAL CREATION,6761,21-2627,INV2627000425,TRUE,1,1,0,1,1,0,0,1,1,ACTIVE_WITH_PURCHASE_HISTORY,Keep: Has active purchase/return activity,0
4-4311A-P,VIMAL CREATION,6763,21-2627,INV2627000425,TRUE,1,1,0,1,1,0,0,1,1,ACTIVE_WITH_PURCHASE_HISTORY,Keep: Has active purchase/return activity,0
4-461,REGARDS SAREES PVT LTD,"00004471, 00004472",RSP/006253/25-26,,TRUE,2,1,0,0,0,0,2,2,2,ACTIVE_WITH_PURCHASE_HISTORY,Keep: Has active purchase/return activity,0
Apr-50,R.F. CREATIONS ,7176,172-2627,INV2627000459,TRUE,1,1,0,1,1,0,0,1,1,ACTIVE_WITH_PURCHASE_HISTORY,Keep: Has active purchase/return activity,0
4-A,HAST KARIGARI,8481,305,,TRUE,4,1,0,0,0,0,4,4,1,ACTIVE_WITH_PURCHASE_HISTORY,Keep: Has active purchase/return activity,0
4-B,HAST KARIGARI,8480,305,,TRUE,4,1,0,0,0,0,4,4,1,ACTIVE_WITH_PURCHASE_HISTORY,Keep: Has active purchase/return activity,0
4-C,HAST KARIGARI,8482,305,"INV2627000690, INV2627000704",TRUE,4,1,0,2,2,0,2,4,1,ACTIVE_WITH_PURCHASE_HISTORY,Keep: Has active purchase/return activity,0
4-C1040,RUCHIKA DESIGN STUDIO,5882,FY25-26/3411,INV2026000147,TRUE,1,1,0,1,1,0,0,1,1,ACTIVE_WITH_PURCHASE_HISTORY,Keep: Has active purchase/return activity,0
4-P,ANJALI TRADERS,4509,AT/1882/25-26,"INV2627000124, INV2627000142",TRUE,1,1,0,2,2,0,0,1,1,ACTIVE_WITH_PURCHASE_HISTORY,Keep: Has active purchase/return activity,-1
4-Y,ANJALI TRADERS,4510,AT/1882/25-26,,TRUE,1,1,0,0,0,0,1,1,1,ACTIVE_WITH_PURCHASE_HISTORY,Keep: Has active purchase/return activity,0
4-YELLOW,CHIC BY GAURI,7558,10/2026-27,INV2627000449,TRUE,2,1,0,1,1,0,1,2,1,ACTIVE_WITH_PURCHASE_HISTORY,Keep: Has active purchase/return activity,0
4//2-PCBD,OMAANA,"00006394, 00006395",548,,TRUE,2,1,2,0,0,0,0,2,2,ACTIVE_WITH_PURCHASE_HISTORY,Keep: Has active purchase/return activity,0
04-Jan,KUTCH BANDHEJ-NX,"00003841, 00005361, 00005467","1941, 2023",,TRUE,2,2,1,0,0,0,2,3,3,ACTIVE_WITH_PURCHASE_HISTORY,Keep: Has active purchase/return activity,-1
4/1-M F,KUTCH BANDHEJ-NX,5392,2026,INV2627000397,TRUE,1,1,0,1,1,0,0,1,1,ACTIVE_WITH_PURCHASE_HISTORY,Keep: Has active purchase/return activity,0
4/1-N M,KUTCH BANDHEJ-NX,6046,2024,,TRUE,1,1,1,0,0,0,0,1,1,ACTIVE_WITH_PURCHASE_HISTORY,Keep: Has active purchase/return activity,0
4/1-PINK,M. F. CREATION,8488,304,INV2627000696,TRUE,1,1,0,1,1,0,0,1,1,ACTIVE_WITH_PURCHASE_HISTORY,Keep: Has active purchase/return activity,0
4/1-RED,M. F. CREATION,8492,304,,TRUE,1,1,0,0,0,0,1,1,1,ACTIVE_WITH_PURCHASE_HISTORY,Keep: Has active purchase/return activity,0
4/1-YELLOW,M. F. CREATION,8496,304,,TRUE,1,1,0,0,0,0,1,1,1,ACTIVE_WITH_PURCHASE_HISTORY,Keep: Has active purchase/return activity,0
04-Feb,KUTCH BANDHEJ-NX,"00005332, 00005371, 00005987, 00008789","2011, 2014, 2021, SJ/26-27/188",INV2627001003,TRUE,8,4,4,1,1,0,2,6,4,ACTIVE_WITH_PURCHASE_HISTORY,Keep: Has active purchase/return activity,1
4/2-BLUE,M. F. CREATION,8493,304,,TRUE,1,1,0,0,0,0,1,1,1,ACTIVE_WITH_PURCHASE_HISTORY,Keep: Has active purchase/return activity,0
4/2-RANI,M. F. CREATION,8497,304,,TRUE,1,1,0,0,0,0,1,1,1,ACTIVE_WITH_PURCHASE_HISTORY,Keep: Has active purchase/return activity,0
4/2-YELLOW,M. F. CREATION,8489,304,,TRUE,1,1,0,0,0,0,1,1,1,ACTIVE_WITH_PURCHASE_HISTORY,Keep: Has active purchase/return activity,0
04-Mar,UMMED SAREE CENTRE NX,3309,3431,,TRUE,3,1,0,0,0,0,3,3,1,ACTIVE_WITH_PURCHASE_HISTORY,Keep: Has active purchase/return activity,0
4/3-GREEN,M. F. CREATION,8494,304,,TRUE,1,1,1,0,0,0,0,1,1,ACTIVE_WITH_PURCHASE_HISTORY,Keep: Has active purchase/return activity,0
4/3-PEACH,M. F. CREATION,8490,304,,TRUE,1,1,0,0,0,0,1,1,1,ACTIVE_WITH_PURCHASE_HISTORY,Keep: Has active purchase/return activity,0
4/3-PINK,M. F. CREATION,8498,304,,TRUE,1,1,0,0,0,0,1,1,1,ACTIVE_WITH_PURCHASE_HISTORY,Keep: Has active purchase/return activity,0
4/3-R C K P,KUTCH BANDHEJ-NX,6053,2010,,TRUE,3,1,1,0,0,0,2,3,1,ACTIVE_WITH_PURCHASE_HISTORY,Keep: Has active purchase/return activity,0
04-Apr,HANDLOOM EMPORIUM TEXT.PRT.LTD,5094,HETPL/2233,INV2627000306,TRUE,4,1,0,2,1,0,2,4,1,ACTIVE_WITH_PURCHASE_HISTORY,Keep: Has active purchase/return activity,0
4/4-D,KUTCH BANDHEJ-NX,5400,2025,,TRUE,1,1,1,0,0,0,0,1,1,ACTIVE_WITH_PURCHASE_HISTORY,Keep: Has active purchase/return activity,0
4/4-GREEN,M. F. CREATION,8491,304,,TRUE,1,1,0,0,0,0,1,1,1,ACTIVE_WITH_PURCHASE_HISTORY,Keep: Has active purchase/return activity,0
4/4-PINK,M. F. CREATION,8495,304,,TRUE,1,1,0,0,0,0,1,1,1,ACTIVE_WITH_PURCHASE_HISTORY,Keep: Has active purchase/return activity,0
4/4-RED,M. F. CREATION,8499,304,,TRUE,1,1,0,0,0,0,1,1,1,ACTIVE_WITH_PURCHASE_HISTORY,Keep: Has active purchase/return activity,0
04-Jun,M/S ADISHAKTI CREATIONS ,"00005128, 00005232, 00005233, 00005234",GST-02054-25-26,"INV2026000220, INV2627000715",TRUE,6,1,0,2,2,0,2,4,4,ACTIVE_WITH_PURCHASE_HISTORY,Keep: Has active purchase/return activity,2
40,KRISHNA COLLECTION,7297,KC/INV/584/25-26,INV2627000512,TRUE,1,1,0,1,1,0,0,1,1,ACTIVE_WITH_PURCHASE_HISTORY,Keep: Has active purchase/return activity,0
40-B,KRISHNA COLLECTION,7298,KC/INV/584/25-26,INV2627000503,TRUE,1,1,0,1,1,0,0,1,1,ACTIVE_WITH_PURCHASE_HISTORY,Keep: Has active purchase/return activity,0
4006,GFIVE DESIGNERS COUTURE PVT.LTD.,5225,GFIVE/2084/25-26,,TRUE,1,1,0,0,0,0,1,1,1,ACTIVE_WITH_PURCHASE_HISTORY,Keep: Has active purchase/return activity,0
4011,SADBHAVANA ENTERPRISES,"00002046, 00002047, 00002048, 00002049",11789,,TRUE,4,1,0,0,0,0,6,6,4,ACTIVE_WITH_PURCHASE_HISTORY,Keep: Has active purchase/return activity,-2
02-01-4017,SAVI APPARELS,7008,1816,,TRUE,1,1,0,0,0,0,1,1,1,ACTIVE_WITH_PURCHASE_HISTORY,Keep: Has active purchase/return activity,0
4017/A,SAVI APPARELS,"00006998, 00006999, 00007000, 00007001, 00007002, 00007003",1816,,TRUE,3,1,0,0,0,0,6,6,6,ACTIVE_WITH_PURCHASE_HISTORY,Keep: Has active purchase/return activity,-3
4017/A-1,SAVI APPARELS,7007,1816,,TRUE,1,1,0,0,0,0,1,1,1,ACTIVE_WITH_PURCHASE_HISTORY,Keep: Has active purchase/return activity,0
4017/A-3,SAVI APPARELS,7009,1816,,TRUE,1,1,0,0,0,0,1,1,1,ACTIVE_WITH_PURCHASE_HISTORY,Keep: Has active purchase/return activity,0
4022,ISHUM DESIGNS,"00008071, 00008072",ID/804/2026-27,,TRUE,2,1,0,0,0,0,2,2,2,ACTIVE_WITH_PURCHASE_HISTORY,Keep: Has active purchase/return activity,0
4024/A,SAVI APPARELS,"00006815, 00006816, 00006817, 00006818, 00006819, 00006820",1772/25-26,"INV2627000531, INV2627000810",TRUE,6,1,0,2,2,0,4,6,6,ACTIVE_WITH_PURCHASE_HISTORY,Keep: Has active purchase/return activity,0
4025,HOUSE OF RITAS PRIVATE LIMITED,7908,INV001-0000279,,TRUE,1,1,0,0,0,0,1,1,1,ACTIVE_WITH_PURCHASE_HISTORY,Keep: Has active purchase/return activity,0
403-101,SHREE NIKETAN SAREES PVT LTD,3356,INV100-0005456 (25-26),INV2026000100,TRUE,1,1,0,1,1,0,0,1,1,ACTIVE_WITH_PURCHASE_HISTORY,Keep: Has active purchase/return activity,0
403-77,SHREE NIKETAN SAREES PVT LTD,3354,INV100-0005456 (25-26),,TRUE,1,1,0,0,0,0,1,1,1,ACTIVE_WITH_PURCHASE_HISTORY,Keep: Has active purchase/return activity,0
403-99,SHREE NIKETAN SAREES PVT LTD,3348,INV100-0005456 (25-26),INV2026000027,TRUE,1,1,0,1,1,0,0,1,1,ACTIVE_WITH_PURCHASE_HISTORY,Keep: Has active purchase/return activity,0
4030,GFIVE DESIGNERS COUTURE PVT.LTD.,6139,GFIVE/2178/25-26,INV2026000223,TRUE,2,1,0,1,1,0,0,1,1,ACTIVE_WITH_PURCHASE_HISTORY,Keep: Has active purchase/return activity,1
4030 B,GFIVE DESIGNERS COUTURE PVT.LTD.,6140,GFIVE/2178/25-26,,TRUE,1,1,0,0,0,0,1,1,1,ACTIVE_WITH_PURCHASE_HISTORY,Keep: Has active purchase/return activity,0
4035,SAVI APPARELS,"00006992, 00006993, 00006994, 00006995, 00006996, 00006997",1816,,TRUE,3,1,0,0,0,0,6,6,6,ACTIVE_WITH_PURCHASE_HISTORY,Keep: Has active purchase/return activity,-3
4035-C,SAVI APPARELS,7006,1816,,TRUE,1,1,0,0,0,0,1,1,1,ACTIVE_WITH_PURCHASE_HISTORY,Keep: Has active purchase/return activity,0
4035 A,SAVI APPARELS,7004,1816,,TRUE,1,1,0,0,0,0,1,1,1,ACTIVE_WITH_PURCHASE_HISTORY,Keep: Has active purchase/return activity,0
4035 B,SAVI APPARELS,7005,1816,,TRUE,1,1,0,0,0,0,1,1,1,ACTIVE_WITH_PURCHASE_HISTORY,Keep: Has active purchase/return activity,0
4037,SADBHAVANA ENTERPRISES,1998,11790,,TRUE,1,1,0,0,0,0,1,1,1,ACTIVE_WITH_PURCHASE_HISTORY,Keep: Has active purchase/return activity,0
4042 F,L P TRADE LINKS,"00004541, 00004542",2928,,TRUE,2,1,1,0,0,0,1,2,2,ACTIVE_WITH_PURCHASE_HISTORY,Keep: Has active purchase/return activity,0
4044-1,SAVI APPARELS,7856,1865/26-27,,TRUE,1,1,0,0,0,0,1,1,1,ACTIVE_WITH_PURCHASE_HISTORY,Keep: Has active purchase/return activity,0
4044-2,SAVI APPARELS,7857,1865/26-27,,TRUE,1,1,0,0,0,0,1,1,1,ACTIVE_WITH_PURCHASE_HISTORY,Keep: Has active purchase/return activity,0
4044-3,SAVI APPARELS,7858,1865/26-27,,TRUE,1,1,0,0,0,0,1,1,1,ACTIVE_WITH_PURCHASE_HISTORY,Keep: Has active purchase/return activity,0
4044-4,SAVI APPARELS,7859,1865/26-27,INV2627000902,TRUE,1,1,0,1,1,0,0,1,1,ACTIVE_WITH_PURCHASE_HISTORY,Keep: Has active purchase/return activity,0
4044-5,SAVI APPARELS,7860,1865/26-27,,TRUE,1,1,0,0,0,0,1,1,1,ACTIVE_WITH_PURCHASE_HISTORY,Keep: Has active purchase/return activity,0
4044-6,SAVI APPARELS,7861,1865/26-27,,TRUE,1,1,0,0,0,0,1,1,1,ACTIVE_WITH_PURCHASE_HISTORY,Keep: Has active purchase/return activity,0
4052,A.R.  ENTERPRISES,921,AR/15784/2025-26,,TRUE,1,1,0,0,0,0,1,1,1,ACTIVE_WITH_PURCHASE_HISTORY,Keep: Has active purchase/return activity,0
4070,L P TRADE LINKS,"00004533, 00004534, 00004535",2928,"INV2627000936, INV2627000967",TRUE,3,1,0,2,2,0,1,3,3,ACTIVE_WITH_PURCHASE_HISTORY,Keep: Has active purchase/return activity,0
4091,A.R.  ENTERPRISES,923,AR/15784/2025-26,,TRUE,1,1,0,0,0,0,1,1,1,ACTIVE_WITH_PURCHASE_HISTORY,Keep: Has active purchase/return activity,0
411,OJAS COUTURE LLP,"00006146, 00006147, 00006148",1815/25-26,"INV2026000402, INV2627000067, INV2627000096",TRUE,3,1,0,3,3,0,0,3,3,ACTIVE_WITH_PURCHASE_HISTORY,Keep: Has active purchase/return activity,0
4129,STRAAVI ENSEMBLES PRIVATE LIMITED,1433,SE/005381/25-26,,TRUE,1,1,0,0,0,0,1,1,1,ACTIVE_WITH_PURCHASE_HISTORY,Keep: Has active purchase/return activity,0
4133,HOUSE OF RITAS PRIVATE LIMITED,5876,INV001-0011938,,TRUE,1,1,0,0,0,0,1,1,1,ACTIVE_WITH_PURCHASE_HISTORY,Keep: Has active purchase/return activity,0
4134,AZURE APPARELS,"00002659, 00002660, 00002661, 00002662",385/25-26,INV2026000083,TRUE,4,1,0,1,1,0,3,4,4,ACTIVE_WITH_PURCHASE_HISTORY,Keep: Has active purchase/return activity,0
4134-R,VARSIDDHI SAREE PRIVATE LIMITED,6799,VSPL/26-27/00008,,TRUE,1,1,1,0,0,0,0,1,1,ACTIVE_WITH_PURCHASE_HISTORY,Keep: Has active purchase/return activity,0
4135-A/ASH,HOUSE OF RITAS PRIVATE LIMITED,5878,INV001-0012136,,TRUE,1,1,0,0,0,0,1,1,1,ACTIVE_WITH_PURCHASE_HISTORY,Keep: Has active purchase/return activity,0
4142,AZURE APPARELS,"00002663, 00002664, 00002665, 00002666",385/25-26,"INV2026000106, INV2026000108, INV2627000258",TRUE,4,1,0,3,3,1,2,4,4,ACTIVE_WITH_PURCHASE_HISTORY,Keep: Has active purchase/return activity,0
4143,AZURE APPARELS,"00002667, 00002668, 00002669, 00002670",385/25-26,INV2627000781,TRUE,4,1,0,1,1,0,3,4,4,ACTIVE_WITH_PURCHASE_HISTORY,Keep: Has active purchase/return activity,0
4149-B,LA BRODERIE CO.,9043,57/26-27,,TRUE,1,1,0,0,0,0,1,1,1,ACTIVE_WITH_PURCHASE_HISTORY,Keep: Has active purchase/return activity,0
4149-G,LA BRODERIE CO.,9042,57/26-27,,TRUE,1,1,0,0,0,0,1,1,1,ACTIVE_WITH_PURCHASE_HISTORY,Keep: Has active purchase/return activity,0
4149-P,LA BRODERIE CO.,9041,57/26-27,,TRUE,1,1,0,0,0,0,1,1,1,ACTIVE_WITH_PURCHASE_HISTORY,Keep: Has active purchase/return activity,0
415,UTKRISHT VATIKA FASHIONS PVT. LTD.,"00008192, 00008193",UVFPL/25-26/2042,,TRUE,2,1,2,0,0,0,0,2,2,ACTIVE_WITH_PURCHASE_HISTORY,Keep: Has active purchase/return activity,0
4150,HOUSE OF RITAS PRIVATE LIMITED,8111,INV001-0000662,,TRUE,1,1,0,0,0,0,1,1,1,ACTIVE_WITH_PURCHASE_HISTORY,Keep: Has active purchase/return activity,0
4151,HOUSE OF RITAS PRIVATE LIMITED,5873,INV001-0011938,INV2026000147,TRUE,1,1,0,1,1,0,0,1,1,ACTIVE_WITH_PURCHASE_HISTORY,Keep: Has active purchase/return activity,0
4152,AZURE APPARELS,"00002695, 00002696, 00002697, 00002698",385/25-26,"INV2026000294, INV2627000071, INV2627000343, INV2627000490",TRUE,4,1,0,4,4,1,1,4,4,ACTIVE_WITH_PURCHASE_HISTORY,Keep: Has active purchase/return activity,0
4153,LA BRODERIE CO.,"00002671, 00002672, 00002673, 00002674, 00004836","385/25-26, 674/25-26","INV2026000043, INV2026000087, INV2627000065",TRUE,5,2,0,3,3,0,2,5,5,ACTIVE_WITH_PURCHASE_HISTORY,Keep: Has active purchase/return activity,0
4154,AZURE APPARELS,"00002691, 00002692, 00002693, 00002694",385/25-26,,TRUE,4,1,0,0,0,0,4,4,4,ACTIVE_WITH_PURCHASE_HISTORY,Keep: Has active purchase/return activity,0
4157,AZURE APPARELS,"00002675, 00002676, 00002677, 00002678",385/25-26,INV2627000039,TRUE,4,1,0,1,1,0,3,4,4,ACTIVE_WITH_PURCHASE_HISTORY,Keep: Has active purchase/return activity,0
4157-A,HOUSE OF RITAS PRIVATE LIMITED,8978,734,INV2627000851,TRUE,1,1,0,1,1,0,0,1,1,ACTIVE_WITH_PURCHASE_HISTORY,Keep: Has active purchase/return activity,0
4158,AZURE APPARELS,"00002687, 00002688, 00002689, 00002690",385/25-26,"INV2026000222, INV2627000071",TRUE,4,1,0,2,2,0,2,4,4,ACTIVE_WITH_PURCHASE_HISTORY,Keep: Has active purchase/return activity,0
4159,AZURE APPARELS,"00002679, 00002680, 00002681, 00002682",385/25-26,"INV2026000102, INV2627000044",TRUE,4,1,0,2,2,0,2,4,4,ACTIVE_WITH_PURCHASE_HISTORY,Keep: Has active purchase/return activity,0
4160,AZURE APPARELS,"00002683, 00002684, 00002685, 00002686",385/25-26,INV2627000957,TRUE,4,1,0,1,1,0,3,4,4,ACTIVE_WITH_PURCHASE_HISTORY,Keep: Has active purchase/return activity,0
4180-P,VARSIDDHI SAREE PRIVATE LIMITED,6801,VSPL/26-27/00008,INV2627000597,TRUE,1,1,0,1,1,0,0,1,1,ACTIVE_WITH_PURCHASE_HISTORY,Keep: Has active purchase/return activity,0
4188,A.R.  ENTERPRISES,924,AR/15784/2025-26,,TRUE,1,1,0,0,0,0,1,1,1,ACTIVE_WITH_PURCHASE_HISTORY,Keep: Has active purchase/return activity,0
4190,SADBHAVANA ENTERPRISES,1994,11790,,TRUE,1,1,0,0,0,0,1,1,1,ACTIVE_WITH_PURCHASE_HISTORY,Keep: Has active purchase/return activity,0
4196,SADBHAVANA ENTERPRISES,1999,11790,,TRUE,1,1,0,0,0,0,1,1,1,ACTIVE_WITH_PURCHASE_HISTORY,Keep: Has active purchase/return activity,0
4198,SADBHAVANA ENTERPRISES,2002,11790,,TRUE,1,1,0,0,0,0,1,1,1,ACTIVE_WITH_PURCHASE_HISTORY,Keep: Has active purchase/return activity,0
42,RT VILLA PRIVATE LIMITED,3773,8880,INV2026000335,TRUE,1,1,0,1,1,0,0,1,1,ACTIVE_WITH_PURCHASE_HISTORY,Keep: Has active purchase/return activity,0
420,OJAS COUTURE LLP,"00006149, 00006150, 00006151",1815/25-26,"INV2026000380, INV2627000013, INV2627000356, INV2627000449",TRUE,3,1,0,4,4,1,0,3,3,ACTIVE_WITH_PURCHASE_HISTORY,Keep: Has active purchase/return activity,0
4200,SADBHAVANA ENTERPRISES,2000,11790,,TRUE,1,1,0,0,0,0,1,1,1,ACTIVE_WITH_PURCHASE_HISTORY,Keep: Has active purchase/return activity,0
4201,SADBHAVANA ENTERPRISES,2001,11790,,TRUE,1,1,0,0,0,0,1,1,1,ACTIVE_WITH_PURCHASE_HISTORY,Keep: Has active purchase/return activity,0
4222,AZURE APPARELS,"00008142, 00008143, 00008144, 00008145",023/26-27,"INV2627000825, INV2627000916, INV2627001021",TRUE,4,1,0,3,3,0,1,4,4,ACTIVE_WITH_PURCHASE_HISTORY,Keep: Has active purchase/return activity,0
4223,MEHRA SAREE KENDRA ,4975,MSK/2208/2025-26,,TRUE,3,1,0,0,0,0,3,3,1,ACTIVE_WITH_PURCHASE_HISTORY,Keep: Has active purchase/return activity,0
4224,MEHRA SAREE KENDRA ,4974,MSK/2208/2025-26,INV2627000501,TRUE,4,1,0,1,1,0,3,4,1,ACTIVE_WITH_PURCHASE_HISTORY,Keep: Has active purchase/return activity,0
4230,LA BRODERIE CO.,4846,674/25-26,"INV2026000279, INV2627000399",TRUE,1,1,0,2,2,1,0,1,1,ACTIVE_WITH_PURCHASE_HISTORY,Keep: Has active purchase/return activity,0
4231,AZURE APPARELS,"00007161, 00007162, 00007163, 00007164",002/26-27,"INV2627000459, INV2627000759",TRUE,4,1,0,2,2,0,2,4,4,ACTIVE_WITH_PURCHASE_HISTORY,Keep: Has active purchase/return activity,0
4231-CREAM,LA BRODERIE CO.,7923,27/26-27,INV2627000613,TRUE,1,1,0,1,1,0,0,1,1,ACTIVE_WITH_PURCHASE_HISTORY,Keep: Has active purchase/return activity,0
4231-GREEN,LA BRODERIE CO.,7924,27/26-27,,TRUE,1,1,0,0,0,0,1,1,1,ACTIVE_WITH_PURCHASE_HISTORY,Keep: Has active purchase/return activity,0
4233,LA BRODERIE CO.,"00004837, 00007165, 00007166, 00007167, 00007168","002/26-27, 674/25-26","INV2627000421, INV2627000483, INV2627000542",TRUE,5,2,0,3,3,0,2,5,5,ACTIVE_WITH_PURCHASE_HISTORY,Keep: Has active purchase/return activity,0
4234,AZURE APPARELS,"00008134, 00008135, 00008136, 00008137",023/26-27,"INV2627000638, INV2627000673, INV2627000746, INV2627000825",TRUE,4,1,0,4,4,0,0,4,4,ACTIVE_WITH_PURCHASE_HISTORY,Keep: Has active purchase/return activity,0
4237,MEHRA SAREE KENDRA ,4977,MSK/2208/2025-26,,TRUE,1,1,0,0,0,0,1,1,1,ACTIVE_WITH_PURCHASE_HISTORY,Keep: Has active purchase/return activity,0
4241,LA BRODERIE CO.,4859,674/25-26,INV2026000239,TRUE,1,1,0,1,1,0,0,1,1,ACTIVE_WITH_PURCHASE_HISTORY,Keep: Has active purchase/return activity,0
4242,AZURE APPARELS,"00008138, 00008139, 00008140, 00008141",023/26-27,"INV2627000692, INV2627001034",TRUE,4,1,0,2,2,0,2,4,4,ACTIVE_WITH_PURCHASE_HISTORY,Keep: Has active purchase/return activity,0
426,ANTYA ,9028,326,,TRUE,1,1,0,0,0,0,1,1,1,ACTIVE_WITH_PURCHASE_HISTORY,Keep: Has active purchase/return activity,0
4264,LA BRODERIE CO.,"00004856, 00004857",674/25-26,"INV2026000027, INV2026000032, INV2627000764",TRUE,3,1,0,3,3,0,0,2,2,ACTIVE_WITH_PURCHASE_HISTORY,Keep: Has active purchase/return activity,0
4264-BEIGE,LA BRODERIE CO.,7929,27/26-27,INV2627000846,TRUE,1,1,0,1,1,0,0,1,1,ACTIVE_WITH_PURCHASE_HISTORY,Keep: Has active purchase/return activity,0
4264-BLACK,LA BRODERIE CO.,7930,27/26-27,INV2627000861,TRUE,1,1,0,1,1,0,0,1,1,ACTIVE_WITH_PURCHASE_HISTORY,Keep: Has active purchase/return activity,0
4267,LA BRODERIE CO.,4855,674/25-26,"INV2026000087, INV2026000088, INV2026000198",TRUE,3,1,0,3,3,0,0,3,1,ACTIVE_WITH_PURCHASE_HISTORY,Keep: Has active purchase/return activity,0
4268,LA BRODERIE CO.,4854,674/25-26,"INV2026000016, INV2026000032, INV2026000108, INV2026000424",TRUE,4,1,0,4,4,2,1,4,1,ACTIVE_WITH_PURCHASE_HISTORY,Keep: Has active purchase/return activity,1
4268-BLUE,LA BRODERIE CO.,7937,27/26-27,INV2627000773,TRUE,1,1,0,1,1,0,0,1,1,ACTIVE_WITH_PURCHASE_HISTORY,Keep: Has active purchase/return activity,0
4268-GREEN,LA BRODERIE CO.,7936,27/26-27,INV2627000771,TRUE,1,1,0,1,1,0,0,1,1,ACTIVE_WITH_PURCHASE_HISTORY,Keep: Has active purchase/return activity,0
4276,LA BRODERIE CO.,4853,674/25-26,"INV2026000027, INV2026000358",TRUE,2,1,0,2,2,0,0,2,1,ACTIVE_WITH_PURCHASE_HISTORY,Keep: Has active purchase/return activity,0
4278,MISSING PARTY ,"00004840, 00004858, 00007500","3, 674/25-26","INV2627000354, INV2627000365",TRUE,3,2,0,2,2,0,1,3,3,ACTIVE_WITH_PURCHASE_HISTORY,Keep: Has active purchase/return activity,0
4281,A.R.  ENTERPRISES,925,AR/15784/2025-26,,TRUE,1,1,0,0,0,0,1,1,1,ACTIVE_WITH_PURCHASE_HISTORY,Keep: Has active purchase/return activity,0
4284-GREEN,LA BRODERIE CO.,7927,27/26-27,INV2627000978,TRUE,1,1,0,1,1,0,0,1,1,ACTIVE_WITH_PURCHASE_HISTORY,Keep: Has active purchase/return activity,0
4287-RED,LA BRODERIE CO.,7942,27/26-27,INV2627000758,TRUE,1,1,0,1,1,0,0,1,1,ACTIVE_WITH_PURCHASE_HISTORY,Keep: Has active purchase/return activity,0
4288,LA BRODERIE CO.,4845,674/25-26,INV2627000050,TRUE,1,1,0,1,1,0,0,1,1,ACTIVE_WITH_PURCHASE_HISTORY,Keep: Has active purchase/return activity,0
4289,LA BRODERIE CO.,4841,674/25-26,"INV2026000032, INV2026000180",TRUE,2,1,0,2,2,2,1,2,1,ACTIVE_WITH_PURCHASE_HISTORY,Keep: Has active purchase/return activity,1
4289-RED,LA BRODERIE CO.,7928,27/26-27,INV2627000812,TRUE,1,1,0,1,1,0,0,1,1,ACTIVE_WITH_PURCHASE_HISTORY,Keep: Has active purchase/return activity,0
4290,PRABHA TRADERS SILK SAREES PVT LTD,2396,496/2025-26,,TRUE,1,1,0,0,0,0,1,1,1,ACTIVE_WITH_PURCHASE_HISTORY,Keep: Has active purchase/return activity,0
4290-B,LA BRODERIE CO.,9039,57/26-27,,TRUE,1,1,0,0,0,0,1,1,1,ACTIVE_WITH_PURCHASE_HISTORY,Keep: Has active purchase/return activity,0
4290-R,LA BRODERIE CO.,9040,57/26-27,,TRUE,1,1,0,0,0,0,1,1,1,ACTIVE_WITH_PURCHASE_HISTORY,Keep: Has active purchase/return activity,0
4291,PRABHA TRADERS SILK SAREES PVT LTD,"00002397, 00004844","496/2025-26, 674/25-26","INV2026000232, INV2026000408",TRUE,3,2,0,2,2,0,1,3,2,ACTIVE_WITH_PURCHASE_HISTORY,Keep: Has active purchase/return activity,0
4292,PRABHA TRADERS SILK SAREES PVT LTD,2398,496/2025-26,,TRUE,1,1,0,0,0,0,1,1,1,ACTIVE_WITH_PURCHASE_HISTORY,Keep: Has active purchase/return activity,0
4293,PRABHA TRADERS SILK SAREES PVT LTD,2399,496/2025-26,,TRUE,1,1,0,0,0,0,1,1,1,ACTIVE_WITH_PURCHASE_HISTORY,Keep: Has active purchase/return activity,0
4293-CREAM,LA BRODERIE CO.,7935,27/26-27,,TRUE,1,1,0,0,0,0,1,1,1,ACTIVE_WITH_PURCHASE_HISTORY,Keep: Has active purchase/return activity,0
4294,PRABHA TRADERS SILK SAREES PVT LTD,2400,496/2025-26,,TRUE,1,1,0,0,0,0,1,1,1,ACTIVE_WITH_PURCHASE_HISTORY,Keep: Has active purchase/return activity,0
4295,PRABHA TRADERS SILK SAREES PVT LTD,2401,496/2025-26,,TRUE,1,1,0,0,0,0,1,1,1,ACTIVE_WITH_PURCHASE_HISTORY,Keep: Has active purchase/return activity,0
4296,PRABHA TRADERS SILK SAREES PVT LTD,2402,496/2025-26,,TRUE,1,1,0,0,0,0,1,1,1,ACTIVE_WITH_PURCHASE_HISTORY,Keep: Has active purchase/return activity,0
4297,PRABHA TRADERS SILK SAREES PVT LTD,2403,496/2025-26,,TRUE,1,1,0,0,0,0,1,1,1,ACTIVE_WITH_PURCHASE_HISTORY,Keep: Has active purchase/return activity,0
4298,LA BRODERIE CO.,"00002404, 00004852","496/2025-26, 674/25-26","INV2026000032, INV2627000054",TRUE,3,2,0,2,2,0,1,3,2,ACTIVE_WITH_PURCHASE_HISTORY,Keep: Has active purchase/return activity,0
4299,PRABHA TRADERS SILK SAREES PVT LTD,2405,496/2025-26,,TRUE,1,1,0,0,0,0,1,1,1,ACTIVE_WITH_PURCHASE_HISTORY,Keep: Has active purchase/return activity,0
4300,LA BRODERIE CO.,"00002617, 00004842","496/2025-26, 674/25-26",INV2627000275,TRUE,4,2,0,1,1,0,3,4,2,ACTIVE_WITH_PURCHASE_HISTORY,Keep: Has active purchase/return activity,0
4301,PRABHA TRADERS SILK SAREES PVT LTD,2407,496/2025-26,,TRUE,1,1,0,0,0,0,1,1,1,ACTIVE_WITH_PURCHASE_HISTORY,Keep: Has active purchase/return activity,0
4302,PRABHA TRADERS SILK SAREES PVT LTD,2410,496/2025-26,,TRUE,1,1,0,0,0,0,1,1,1,ACTIVE_WITH_PURCHASE_HISTORY,Keep: Has active purchase/return activity,0
4303,A.R.  ENTERPRISES,"00000741, 00002408","496/2025-26, AR/15809/2025-26",,TRUE,2,2,0,0,0,0,2,2,2,ACTIVE_WITH_PURCHASE_HISTORY,Keep: Has active purchase/return activity,0
4304,PRABHA TRADERS SILK SAREES PVT LTD,2411,496/2025-26,,TRUE,1,1,0,0,0,0,1,1,1,ACTIVE_WITH_PURCHASE_HISTORY,Keep: Has active purchase/return activity,0
4305,PRABHA TRADERS SILK SAREES PVT LTD,"00000740, 00002413","496/2025-26, AR/15809/2025-26",,TRUE,2,2,0,0,0,0,2,2,2,ACTIVE_WITH_PURCHASE_HISTORY,Keep: Has active purchase/return activity,0
4306,PRABHA TRADERS SILK SAREES PVT LTD,2412,496/2025-26,,TRUE,1,1,0,0,0,0,1,1,1,ACTIVE_WITH_PURCHASE_HISTORY,Keep: Has active purchase/return activity,0
4307,PRABHA TRADERS SILK SAREES PVT LTD,2414,496/2025-26,,TRUE,1,1,0,0,0,0,1,1,1,ACTIVE_WITH_PURCHASE_HISTORY,Keep: Has active purchase/return activity,0
4308,PRABHA TRADERS SILK SAREES PVT LTD,"00002394, 00004843","496/2025-26, 674/25-26",,TRUE,2,2,0,0,0,0,2,2,2,ACTIVE_WITH_PURCHASE_HISTORY,Keep: Has active purchase/return activity,0
4309,PRABHA TRADERS SILK SAREES PVT LTD,"00002395, 00002406",496/2025-26,,TRUE,1,1,0,0,0,0,2,2,2,ACTIVE_WITH_PURCHASE_HISTORY,Keep: Has active purchase/return activity,-1
4310,PRABHA TRADERS SILK SAREES PVT LTD,2391,496/2025-26,,TRUE,1,1,0,0,0,0,1,1,1,ACTIVE_WITH_PURCHASE_HISTORY,Keep: Has active purchase/return activity,0
4311,PRABHA TRADERS SILK SAREES PVT LTD,2392,496/2025-26,,TRUE,1,1,0,0,0,0,1,1,1,ACTIVE_WITH_PURCHASE_HISTORY,Keep: Has active purchase/return activity,0
4312,PRABHA TRADERS SILK SAREES PVT LTD,2393,496/2025-26,,TRUE,1,1,0,0,0,0,1,1,1,ACTIVE_WITH_PURCHASE_HISTORY,Keep: Has active purchase/return activity,0
4313,LA BRODERIE CO.,"00002409, 00009044","496/2025-26, 57/26-27",INV2627000846,TRUE,2,2,0,1,1,0,1,2,2,ACTIVE_WITH_PURCHASE_HISTORY,Keep: Has active purchase/return activity,0
4313-BLUE,LA BRODERIE CO.,7926,27/26-27,,TRUE,1,1,0,0,0,0,1,1,1,ACTIVE_WITH_PURCHASE_HISTORY,Keep: Has active purchase/return activity,0
4313-RED,LA BRODERIE CO.,7925,27/26-27,INV2627000613,TRUE,1,1,0,1,1,0,0,1,1,ACTIVE_WITH_PURCHASE_HISTORY,Keep: Has active purchase/return activity,0
4314,PRABHA TRADERS SILK SAREES PVT LTD,2416,496/2025-26,,TRUE,1,1,0,0,0,0,1,1,1,ACTIVE_WITH_PURCHASE_HISTORY,Keep: Has active purchase/return activity,0
4315,LA BRODERIE CO.,"00002415, 00004851","496/2025-26, 674/25-26","INV2026000032, INV2026000195, INV2026000207",TRUE,4,2,0,3,3,0,1,4,2,ACTIVE_WITH_PURCHASE_HISTORY,Keep: Has active purchase/return activity,0
4315-LC,R.F. DESIGNERS,6611,Jan-27,INV2627000709,TRUE,1,1,0,1,1,0,0,1,1,ACTIVE_WITH_PURCHASE_HISTORY,Keep: Has active purchase/return activity,0
4316,LA BRODERIE CO.,4849,674/25-26,"INV2026000074, INV2627000875",TRUE,2,1,0,2,2,1,0,2,1,ACTIVE_WITH_PURCHASE_HISTORY,Keep: Has active purchase/return activity,1
4317,LA BRODERIE CO.,4850,674/25-26,"INV2026000032, INV2026000381",TRUE,2,1,0,2,2,0,0,2,1,ACTIVE_WITH_PURCHASE_HISTORY,Keep: Has active purchase/return activity,0
4329,LA BRODERIE CO.,4848,674/25-26,"INV2026000108, INV2627000875",TRUE,2,1,0,2,2,1,0,2,1,ACTIVE_WITH_PURCHASE_HISTORY,Keep: Has active purchase/return activity,1
4331,LA BRODERIE CO.,4847,674/25-26,"INV2026000032, INV2026000086",TRUE,3,1,0,2,2,1,2,3,1,ACTIVE_WITH_PURCHASE_HISTORY,Keep: Has active purchase/return activity,0
4331-BLUE,LA BRODERIE CO.,7934,27/26-27,,TRUE,1,1,0,0,0,0,1,1,1,ACTIVE_WITH_PURCHASE_HISTORY,Keep: Has active purchase/return activity,0
4331-GREEN,LA BRODERIE CO.,7932,27/26-27,,TRUE,1,1,0,0,0,0,1,1,1,ACTIVE_WITH_PURCHASE_HISTORY,Keep: Has active purchase/return activity,0
4331-PEACH,LA BRODERIE CO.,7931,27/26-27,,TRUE,1,1,0,0,0,0,1,1,1,ACTIVE_WITH_PURCHASE_HISTORY,Keep: Has active purchase/return activity,0
4331-WHITE,LA BRODERIE CO.,7933,27/26-27,,TRUE,1,1,0,0,0,0,1,1,1,ACTIVE_WITH_PURCHASE_HISTORY,Keep: Has active purchase/return activity,0
4337,LA BRODERIE CO.,"00004838, 00004839",674/25-26,"INV2026000248, INV2627000330",TRUE,2,1,0,2,2,0,0,2,2,ACTIVE_WITH_PURCHASE_HISTORY,Keep: Has active purchase/return activity,0
4340,LA BRODERIE CO.,4835,674/25-26,,TRUE,1,1,0,0,0,0,1,1,1,ACTIVE_WITH_PURCHASE_HISTORY,Keep: Has active purchase/return activity,0
4342-PINK,LA BRODERIE CO.,7938,27/26-27,INV2627000913,TRUE,1,1,0,1,1,0,0,1,1,ACTIVE_WITH_PURCHASE_HISTORY,Keep: Has active purchase/return activity,0
4352-CREAM,LA BRODERIE CO.,7939,27/26-27,,TRUE,1,1,0,0,0,0,1,1,1,ACTIVE_WITH_PURCHASE_HISTORY,Keep: Has active purchase/return activity,0
4356,MEHRA SAREE KENDRA ,4967,MSK/2208/2025-26,"INV2627000575, INV2627000590",TRUE,4,1,0,2,2,0,2,4,1,ACTIVE_WITH_PURCHASE_HISTORY,Keep: Has active purchase/return activity,0
4356 HND,MEHRA SAREE KENDRA ,6061,MSK/2281/2025-26,,TRUE,1,1,0,0,0,0,1,1,1,ACTIVE_WITH_PURCHASE_HISTORY,Keep: Has active purchase/return activity,0
4358-BLUE,LA BRODERIE CO.,7941,27/26-27,,TRUE,1,1,0,0,0,0,1,1,1,ACTIVE_WITH_PURCHASE_HISTORY,Keep: Has active purchase/return activity,0
4358-MULTI,LA BRODERIE CO.,7940,27/26-27,,TRUE,2,1,0,0,0,0,2,2,1,ACTIVE_WITH_PURCHASE_HISTORY,Keep: Has active purchase/return activity,0
436,ONAYA FASHION PVT LTD,4551,GPOSI25-26/16897,,TRUE,1,1,0,0,0,0,1,1,1,ACTIVE_WITH_PURCHASE_HISTORY,Keep: Has active purchase/return activity,0
43SU,JDS DESIGN STUDIO PRIVATE LIMITED,"00002982, 00002983",JS26-006341,INV2627000923,TRUE,2,1,0,1,1,0,1,2,2,ACTIVE_WITH_PURCHASE_HISTORY,Keep: Has active purchase/return activity,0
4403 F,L P TRADE LINKS,1656,2804,INV2627000536,TRUE,1,1,0,1,1,0,0,1,1,ACTIVE_WITH_PURCHASE_HISTORY,Keep: Has active purchase/return activity,0
442-W,R.F. DESIGNERS,6641,2627,,TRUE,2,1,0,0,0,0,2,2,1,ACTIVE_WITH_PURCHASE_HISTORY,Keep: Has active purchase/return activity,0
442-Y,R.F. DESIGNERS,6642,2627,,TRUE,1,1,0,0,0,0,1,1,1,ACTIVE_WITH_PURCHASE_HISTORY,Keep: Has active purchase/return activity,0
4420,MASHOOQA(22-25),813,4809,,TRUE,1,1,0,0,0,0,1,1,1,ACTIVE_WITH_PURCHASE_HISTORY,Keep: Has active purchase/return activity,0
4426,MASHOOQA(22-25),1687,4952,INV2026000345,TRUE,1,1,0,1,1,0,0,1,1,ACTIVE_WITH_PURCHASE_HISTORY,Keep: Has active purchase/return activity,0
4443,MASHOOQA(22-25),812,4809,INV2627000609,TRUE,1,1,0,1,1,0,0,1,1,ACTIVE_WITH_PURCHASE_HISTORY,Keep: Has active purchase/return activity,0
445,LA VESTA ,5634,LV/010404/25-26,INV2026000158,TRUE,1,1,0,1,1,0,0,1,1,ACTIVE_WITH_PURCHASE_HISTORY,Keep: Has active purchase/return activity,0
445 gr,LA VESTA ,5636,LV/010404/25-26,,TRUE,1,1,0,0,0,0,1,1,1,ACTIVE_WITH_PURCHASE_HISTORY,Keep: Has active purchase/return activity,0
445 m,LA VESTA ,5637,LV/010404/25-26,INV2026000069,TRUE,1,1,0,1,1,0,0,1,1,ACTIVE_WITH_PURCHASE_HISTORY,Keep: Has active purchase/return activity,0
445 o,LA VESTA ,5639,LV/010404/25-26,INV2026000255,TRUE,1,1,0,1,1,0,0,1,1,ACTIVE_WITH_PURCHASE_HISTORY,Keep: Has active purchase/return activity,0
445 r,LA VESTA ,5638,LV/010404/25-26,INV2026000067,TRUE,1,1,0,1,1,0,0,1,1,ACTIVE_WITH_PURCHASE_HISTORY,Keep: Has active purchase/return activity,0
445 w,LA VESTA ,5640,LV/010404/25-26,INV2026000041,TRUE,1,1,0,1,1,0,0,1,1,ACTIVE_WITH_PURCHASE_HISTORY,Keep: Has active purchase/return activity,0
445 y,LA VESTA ,5635,LV/010404/25-26,INV2026000355,TRUE,2,1,0,1,1,0,0,1,1,ACTIVE_WITH_PURCHASE_HISTORY,Keep: Has active purchase/return activity,1
4452,MEHRA SAREE KENDRA ,"00004921, 00004922",MSK/2208/2025-26,"INV2026000081, INV2627000234",TRUE,2,1,0,2,2,0,0,2,2,ACTIVE_WITH_PURCHASE_HISTORY,Keep: Has active purchase/return activity,0
4454,MEHRA SAREE KENDRA ,4923,MSK/2208/2025-26,INV2627000480,TRUE,3,1,0,1,1,0,2,3,1,ACTIVE_WITH_PURCHASE_HISTORY,Keep: Has active purchase/return activity,0
445M,LA VESTA ,"00005349, 00005350, 00005351, 00005352, 00005629","LV/010281/25-26, LV/010404/25-26","INV2026000181, INV2026000354, INV2627000134, INV2627000164, INV2627000574, INV2627000665, INV2627000783",TRUE,10,2,0,8,7,0,2,7,5,ACTIVE_WITH_PURCHASE_HISTORY,Keep: Has active purchase/return activity,0
445M pi,LA VESTA ,5632,LV/010404/25-26,INV2026000354,TRUE,1,1,0,1,1,0,0,1,1,ACTIVE_WITH_PURCHASE_HISTORY,Keep: Has active purchase/return activity,0
445M pr,LA VESTA ,5631,LV/010404/25-26,INV2026000264,TRUE,1,1,0,1,1,0,0,1,1,ACTIVE_WITH_PURCHASE_HISTORY,Keep: Has active purchase/return activity,0
445M r,LA VESTA ,5633,LV/010404/25-26,,TRUE,1,1,0,0,0,0,1,1,1,ACTIVE_WITH_PURCHASE_HISTORY,Keep: Has active purchase/return activity,0
445M Y,LA VESTA ,5630,LV/010404/25-26,INV2026000336,TRUE,3,1,0,1,1,0,0,1,1,ACTIVE_WITH_PURCHASE_HISTORY,Keep: Has active purchase/return activity,2
44669,V NARBHERAM & CO,1834,234568,,TRUE,3,1,0,0,0,0,3,3,1,ACTIVE_WITH_PURCHASE_HISTORY,Keep: Has active purchase/return activity,0
4480,RASIYA ,7949,A/0015/2026-27,,TRUE,1,1,0,0,0,0,1,1,1,ACTIVE_WITH_PURCHASE_HISTORY,Keep: Has active purchase/return activity,0
4484-GREEN,VARSIDDHI SAREE PRIVATE LIMITED,7897,VSPL/26-27/00120,,TRUE,1,1,0,0,0,0,1,1,1,ACTIVE_WITH_PURCHASE_HISTORY,Keep: Has active purchase/return activity,0
4484-ORANGE,VARSIDDHI SAREE PRIVATE LIMITED,7896,VSPL/26-27/00120,,TRUE,1,1,0,0,0,0,1,1,1,ACTIVE_WITH_PURCHASE_HISTORY,Keep: Has active purchase/return activity,0
4484-PINK,VARSIDDHI SAREE PRIVATE LIMITED,7898,VSPL/26-27/00120,,TRUE,1,1,0,0,0,0,1,1,1,ACTIVE_WITH_PURCHASE_HISTORY,Keep: Has active purchase/return activity,0
4484-YELLOW,VARSIDDHI SAREE PRIVATE LIMITED,7899,VSPL/26-27/00120,,TRUE,1,1,0,0,0,0,1,1,1,ACTIVE_WITH_PURCHASE_HISTORY,Keep: Has active purchase/return activity,0
4491 F,L P TRADE LINKS,1654,2804,INV2627000261,TRUE,1,1,0,1,1,0,0,1,1,ACTIVE_WITH_PURCHASE_HISTORY,Keep: Has active purchase/return activity,0
44938,KONIA HERITAGE,3382,879,,TRUE,1,1,0,0,0,0,1,1,1,ACTIVE_WITH_PURCHASE_HISTORY,Keep: Has active purchase/return activity,0
44ASU,JDS DESIGN STUDIO PRIVATE LIMITED,4419,JS26-006339,,TRUE,1,1,0,0,0,0,1,1,1,ACTIVE_WITH_PURCHASE_HISTORY,Keep: Has active purchase/return activity,0
4513,MEHRA SAREE KENDRA ,6302,20-03-2026,"INV2627000682, INV2627000727",TRUE,5,1,0,2,2,0,3,5,1,ACTIVE_WITH_PURCHASE_HISTORY,Keep: Has active purchase/return activity,0
4513 M,MEHRA SAREE KENDRA ,6057,MSK/2281/2025-26,,TRUE,1,1,0,0,0,0,1,1,1,ACTIVE_WITH_PURCHASE_HISTORY,Keep: Has active purchase/return activity,0
455,ANTYA ,9235,391,,TRUE,1,1,0,0,0,0,1,1,1,ACTIVE_WITH_PURCHASE_HISTORY,Keep: Has active purchase/return activity,0
4561 ORG,MEHRA SAREE KENDRA ,"00004910, 00004911",MSK/2208/2025-26,,TRUE,4,1,0,0,0,0,2,2,2,ACTIVE_WITH_PURCHASE_HISTORY,Keep: Has active purchase/return activity,2
4593 F,L P TRADE LINKS,"00004537, 00004538",2928,,TRUE,2,1,0,0,0,0,2,2,2,ACTIVE_WITH_PURCHASE_HISTORY,Keep: Has active purchase/return activity,0
45SU,JDS DESIGN STUDIO PRIVATE LIMITED,2979,JS26-006341,,TRUE,1,1,0,0,0,0,1,1,1,ACTIVE_WITH_PURCHASE_HISTORY,Keep: Has active purchase/return activity,0
4605,V NARBHERAM & CO,1828,234568,,TRUE,1,1,0,0,0,0,1,1,1,ACTIVE_WITH_PURCHASE_HISTORY,Keep: Has active purchase/return activity,0
461,AMAYA EXCLUSIF,5572,AE-1946/2025-26,,TRUE,1,1,0,0,0,0,1,1,1,ACTIVE_WITH_PURCHASE_HISTORY,Keep: Has active purchase/return activity,0
4614,V NARBHERAM & CO,1826,234568,,TRUE,3,1,0,0,0,0,3,3,1,ACTIVE_WITH_PURCHASE_HISTORY,Keep: Has active purchase/return activity,0
4616,V NARBHERAM & CO,1823,234568,INV2627000495,TRUE,1,1,0,1,1,0,0,1,1,ACTIVE_WITH_PURCHASE_HISTORY,Keep: Has active purchase/return activity,0
4617,V NARBHERAM & CO,1695,234569,"INV2627000299, INV2627000590",TRUE,2,1,0,2,2,0,0,2,1,ACTIVE_WITH_PURCHASE_HISTORY,Keep: Has active purchase/return activity,0
4618,V NARBHERAM & CO,1815,234568,INV2026000433,TRUE,2,1,0,1,1,0,1,2,1,ACTIVE_WITH_PURCHASE_HISTORY,Keep: Has active purchase/return activity,0
4663-R,VARSIDDHI SAREE PRIVATE LIMITED,6804,VSPL/26-27/00008,INV2627000337,TRUE,1,1,0,1,1,0,0,1,1,ACTIVE_WITH_PURCHASE_HISTORY,Keep: Has active purchase/return activity,0
4676,STRAAVI ENSEMBLES PRIVATE LIMITED,2280,SE/005376/25-26,,TRUE,1,1,0,0,0,0,1,1,1,ACTIVE_WITH_PURCHASE_HISTORY,Keep: Has active purchase/return activity,0
4699,V NARBHERAM & CO,1536,234566,,TRUE,2,1,0,0,0,0,2,2,1,ACTIVE_WITH_PURCHASE_HISTORY,Keep: Has active purchase/return activity,0
4714,ONAYA FASHION PVT LTD,5539,GPOSI25-26/17357,,TRUE,1,1,0,0,0,0,1,1,1,ACTIVE_WITH_PURCHASE_HISTORY,Keep: Has active purchase/return activity,0
4718,V NARBHERAM & CO,1697,234569,,TRUE,1,1,0,0,0,0,1,1,1,ACTIVE_WITH_PURCHASE_HISTORY,Keep: Has active purchase/return activity,0
4726,STRAAVI ENSEMBLES PRIVATE LIMITED,2204,SE/005370/25-26,,TRUE,1,1,0,0,0,0,1,1,1,ACTIVE_WITH_PURCHASE_HISTORY,Keep: Has active purchase/return activity,0
4758,MEHRA SAREE KENDRA ,4976,MSK/2208/2025-26,,TRUE,1,1,0,0,0,0,1,1,1,ACTIVE_WITH_PURCHASE_HISTORY,Keep: Has active purchase/return activity,0
4760,MEHRA SAREE KENDRA ,4969,MSK/2208/2025-26,INV2627000193,TRUE,3,1,0,1,1,0,2,3,1,ACTIVE_WITH_PURCHASE_HISTORY,Keep: Has active purchase/return activity,0
4760 M,MEHRA SAREE KENDRA ,6059,MSK/2281/2025-26,,TRUE,1,1,0,0,0,0,1,1,1,ACTIVE_WITH_PURCHASE_HISTORY,Keep: Has active purchase/return activity,0
4760 M2,MEHRA SAREE KENDRA ,6060,MSK/2281/2025-26,INV2627000525,TRUE,1,1,0,1,1,0,0,1,1,ACTIVE_WITH_PURCHASE_HISTORY,Keep: Has active purchase/return activity,0
4762,MEHRA SAREE KENDRA ,"00004915, 00004916, 00004917, 00004918",MSK/2208/2025-26,"INV2026000183, INV2026000242, INV2627000480",TRUE,4,1,0,3,3,1,1,4,4,ACTIVE_WITH_PURCHASE_HISTORY,Keep: Has active purchase/return activity,1
4768,MEHRA SAREE KENDRA ,"00004970, 00004971",MSK/2208/2025-26,,TRUE,5,1,0,0,0,0,3,3,2,ACTIVE_WITH_PURCHASE_HISTORY,Keep: Has active purchase/return activity,2
4770,MEHRA SAREE KENDRA ,4978,MSK/2208/2025-26,"INV2026000223, INV2026000248",TRUE,3,1,0,2,2,0,1,3,1,ACTIVE_WITH_PURCHASE_HISTORY,Keep: Has active purchase/return activity,0
4788,STRAAVI ENSEMBLES PRIVATE LIMITED,1431,SE/005381/25-26,INV2627000077,TRUE,1,1,0,1,1,0,0,1,1,ACTIVE_WITH_PURCHASE_HISTORY,Keep: Has active purchase/return activity,0
4789-P,VARSIDDHI SAREE PRIVATE LIMITED,6798,VSPL/26-27/00008,,TRUE,1,1,1,0,0,0,0,1,1,ACTIVE_WITH_PURCHASE_HISTORY,Keep: Has active purchase/return activity,0
4791,MEHRA SAREE KENDRA ,4914,MSK/2208/2025-26,,TRUE,3,1,0,0,0,0,3,3,1,ACTIVE_WITH_PURCHASE_HISTORY,Keep: Has active purchase/return activity,0
4816,MEHRA SAREE KENDRA ,4972,MSK/2208/2025-26,INV2026000154,TRUE,4,1,0,1,1,0,3,4,1,ACTIVE_WITH_PURCHASE_HISTORY,Keep: Has active purchase/return activity,0
4820-2ND FLOOR,VARSIDDHI SAREE PRIVATE LIMITED,9626,VSPL/26-27/00171,,TRUE,1,1,0,0,0,0,1,1,1,ACTIVE_WITH_PURCHASE_HISTORY,Keep: Has active purchase/return activity,0
4820-BLUE,VARSIDDHI SAREE PRIVATE LIMITED,7902,VSPL/26-27/00120,,TRUE,1,1,0,0,0,0,1,1,1,ACTIVE_WITH_PURCHASE_HISTORY,Keep: Has active purchase/return activity,0
4820-PINK,VARSIDDHI SAREE PRIVATE LIMITED,7900,VSPL/26-27/00120,,TRUE,1,1,0,0,0,0,1,1,1,ACTIVE_WITH_PURCHASE_HISTORY,Keep: Has active purchase/return activity,0
4820-RED,VARSIDDHI SAREE PRIVATE LIMITED,7901,VSPL/26-27/00120,"INV2627000698, INV2627000784",TRUE,2,1,0,2,2,0,0,2,1,ACTIVE_WITH_PURCHASE_HISTORY,Keep: Has active purchase/return activity,0
4834,MEHRA SAREE KENDRA ,"00004964, 00004965, 00004966",MSK/2208/2025-26,,TRUE,3,1,0,0,0,0,3,3,3,ACTIVE_WITH_PURCHASE_HISTORY,Keep: Has active purchase/return activity,0
4835 CH,MEHRA SAREE KENDRA ,6058,MSK/2281/2025-26,,TRUE,1,1,0,0,0,0,1,1,1,ACTIVE_WITH_PURCHASE_HISTORY,Keep: Has active purchase/return activity,0
4840,MEHRA SAREE KENDRA ,"00004924, 00004925",MSK/2208/2025-26,INV2627000299,TRUE,2,1,0,1,1,0,1,2,2,ACTIVE_WITH_PURCHASE_HISTORY,Keep: Has active purchase/return activity,0
4848 CH,MEHRA SAREE KENDRA ,6056,MSK/2281/2025-26,,TRUE,1,1,0,0,0,0,1,1,1,ACTIVE_WITH_PURCHASE_HISTORY,Keep: Has active purchase/return activity,0
4873-P,VARSIDDHI SAREE PRIVATE LIMITED,6800,VSPL/26-27/00008,,TRUE,1,1,1,0,0,0,0,1,1,ACTIVE_WITH_PURCHASE_HISTORY,Keep: Has active purchase/return activity,0
48932,KONIA HERITAGE,3409,879,,TRUE,1,1,0,0,0,0,1,1,1,ACTIVE_WITH_PURCHASE_HISTORY,Keep: Has active purchase/return activity,0
48935,KONIA HERITAGE,3410,879,,TRUE,1,1,0,0,0,0,1,1,1,ACTIVE_WITH_PURCHASE_HISTORY,Keep: Has active purchase/return activity,0
49-RANI,VIMAL CREATION,"00006778, 00006807",20-2627,,TRUE,1,1,0,0,0,0,2,2,2,ACTIVE_WITH_PURCHASE_HISTORY,Keep: Has active purchase/return activity,-1
49023,KONIA HERITAGE,3411,879,,TRUE,1,1,0,0,0,0,1,1,1,ACTIVE_WITH_PURCHASE_HISTORY,Keep: Has active purchase/return activity,0
491-1,VARIMA FASHIONS PVT LTD,8764,VFPL0034,,TRUE,1,1,0,0,0,0,1,1,1,ACTIVE_WITH_PURCHASE_HISTORY,Keep: Has active purchase/return activity,0
491-2,VARIMA FASHIONS PVT LTD,8765,VFPL0034,,TRUE,1,1,0,0,0,0,1,1,1,ACTIVE_WITH_PURCHASE_HISTORY,Keep: Has active purchase/return activity,0
491-3,VARIMA FASHIONS PVT LTD,8766,VFPL0034,,TRUE,1,1,0,0,0,0,1,1,1,ACTIVE_WITH_PURCHASE_HISTORY,Keep: Has active purchase/return activity,0
493,V NARBHERAM & CO,1710,234569,INV2026000399,TRUE,2,1,0,1,1,0,1,2,1,ACTIVE_WITH_PURCHASE_HISTORY,Keep: Has active purchase/return activity,0
4936-R,R.F. DESIGNERS,6620,2627,INV2627000059,TRUE,1,1,0,1,1,0,0,1,1,ACTIVE_WITH_PURCHASE_HISTORY,Keep: Has active purchase/return activity,0
495,PALKI FASHION PVT. LTD. ,"00001237, 00003052","WS/003100/25-26, WS/003112/25-26","INV2627000478, INV2627000514",TRUE,2,2,0,2,2,0,0,2,2,ACTIVE_WITH_PURCHASE_HISTORY,Keep: Has active purchase/return activity,0
49870,KONIA HERITAGE,3395,879,,TRUE,1,1,0,0,0,0,1,1,1,ACTIVE_WITH_PURCHASE_HISTORY,Keep: Has active purchase/return activity,0
49874,KONIA HERITAGE,3396,879,,TRUE,1,1,0,0,0,0,1,1,1,ACTIVE_WITH_PURCHASE_HISTORY,Keep: Has active purchase/return activity,0
49890,KONIA HERITAGE,3397,879,,TRUE,1,1,0,0,0,0,1,1,1,ACTIVE_WITH_PURCHASE_HISTORY,Keep: Has active purchase/return activity,0
49925,KONIA HERITAGE,3398,879,,TRUE,1,1,0,0,0,0,1,1,1,ACTIVE_WITH_PURCHASE_HISTORY,Keep: Has active purchase/return activity,0
49926,KONIA HERITAGE,3399,879,,TRUE,1,1,0,0,0,0,1,1,1,ACTIVE_WITH_PURCHASE_HISTORY,Keep: Has active purchase/return activity,0
49927,KONIA HERITAGE,3400,879,,TRUE,1,1,0,0,0,0,1,1,1,ACTIVE_WITH_PURCHASE_HISTORY,Keep: Has active purchase/return activity,0
5,INDDIVOGUE DIVVA LLP ,"00002155, 00002703, 00002797, 00004384, 00004594, 00004640, 00004646, 00004749, 00005891, 00006899, 00007496, 00008672, 00008673","05/04/2026, 10, 1100, 1747/25-26, 1752/25-26, 1760/25-26, 1793/-25-26, 307, 489, EW/0001092/25-26, S786, S790","INV2026000318, INV2026000334, INV2627000497, INV2627000501, INV2627000532, INV2627000539, INV2627000569",TRUE,25,12,0,8,7,0,15,23,13,ACTIVE_WITH_PURCHASE_HISTORY,Keep: Has active purchase/return activity,2
5-1-P,SUNEETA SAREE EMPORIUM ,5794,1060/25-26,,TRUE,1,1,1,0,0,0,0,1,1,ACTIVE_WITH_PURCHASE_HISTORY,Keep: Has active purchase/return activity,0
5-15500-G,RUHAANI ARTS,7626,RAD/26-27/000080,INV2627000775,TRUE,1,1,0,1,1,0,0,1,1,ACTIVE_WITH_PURCHASE_HISTORY,Keep: Has active purchase/return activity,0
5-15500-P,RUHAANI ARTS,7627,RAD/26-27/000080,INV2627001010,TRUE,1,1,0,1,1,0,0,1,1,ACTIVE_WITH_PURCHASE_HISTORY,Keep: Has active purchase/return activity,0
May-43,TANEJA APPARELS P LTD,7400,268,,TRUE,1,1,0,0,0,0,1,1,1,ACTIVE_WITH_PURCHASE_HISTORY,Keep: Has active purchase/return activity,0
May-49,TULIPS ,5417,25-26/3360,,TRUE,1,1,0,0,0,0,1,1,1,ACTIVE_WITH_PURCHASE_HISTORY,Keep: Has active purchase/return activity,0
5-4304A-B,VIMAL CREATION,6765,21-2627,,TRUE,1,1,0,0,0,0,1,1,1,ACTIVE_WITH_PURCHASE_HISTORY,Keep: Has active purchase/return activity,0
5-4304A-P,VIMAL CREATION,6766,21-2627,INV2627000429,TRUE,1,1,0,1,1,0,0,1,1,ACTIVE_WITH_PURCHASE_HISTORY,Keep: Has active purchase/return activity,0
5-4304A-R,VIMAL CREATION,6764,21-2627,INV2627000669,TRUE,1,1,0,1,1,0,0,1,1,ACTIVE_WITH_PURCHASE_HISTORY,Keep: Has active purchase/return activity,0
5-B,M. F. CREATION,"00004511, 00008674",AT/1882/25-26,INV2026000399,TRUE,1,1,0,1,1,0,2,3,2,ACTIVE_WITH_PURCHASE_HISTORY,Keep: Has active purchase/return activity,-2
05-Jan,NEW MODERN CHIKAN,3842,1941,,TRUE,1,1,0,0,0,0,1,1,1,ACTIVE_WITH_PURCHASE_HISTORY,Keep: Has active purchase/return activity,0
05-01-5773,R.F. CREATIONS ,7177,172-2627,,TRUE,1,1,0,0,0,0,1,1,1,ACTIVE_WITH_PURCHASE_HISTORY,Keep: Has active purchase/return activity,0
5/1-H S,KUTCH BANDHEJ-NX,6047,2024,,TRUE,1,1,1,0,0,0,0,1,1,ACTIVE_WITH_PURCHASE_HISTORY,Keep: Has active purchase/return activity,0
5/1-LLCS,OMAANA,6396,548,,TRUE,1,1,1,0,0,0,0,1,1,ACTIVE_WITH_PURCHASE_HISTORY,Keep: Has active purchase/return activity,0
5/1-M,KUTCH BANDHEJ-NX,5393,2026,,TRUE,1,1,1,0,0,0,0,1,1,ACTIVE_WITH_PURCHASE_HISTORY,Keep: Has active purchase/return activity,0
05-Feb,UMMED SAREE CENTRE NX,"00003310, 00003311, 00005372, 00008790","2014, 3431, SJ/26-27/188",INV2627000767,TRUE,6,3,2,1,1,0,9,12,4,ACTIVE_WITH_PURCHASE_HISTORY,Keep: Has active purchase/return activity,-6
05-02-5773,R.F. CREATIONS ,7178,172-2627,,TRUE,1,1,0,0,0,0,1,1,1,ACTIVE_WITH_PURCHASE_HISTORY,Keep: Has active purchase/return activity,0
05-Mar,HANDLOOM EMPORIUM TEXT.PRT.LTD,5095,HETPL/2233,,TRUE,3,1,0,0,0,0,3,3,1,ACTIVE_WITH_PURCHASE_HISTORY,Keep: Has active purchase/return activity,0
05-Apr,KUTCH BANDHEJ-NX,5333,2011,,TRUE,4,1,1,0,0,0,3,4,1,ACTIVE_WITH_PURCHASE_HISTORY,Keep: Has active purchase/return activity,0
5/5- C DPT,KUTCH BANDHEJ-NX,6054,2010,,TRUE,5,1,0,0,0,0,5,5,1,ACTIVE_WITH_PURCHASE_HISTORY,Keep: Has active purchase/return activity,0
5/5-E,KUTCH BANDHEJ-NX,5401,2025,,TRUE,1,1,1,0,0,0,0,1,1,ACTIVE_WITH_PURCHASE_HISTORY,Keep: Has active purchase/return activity,0
05-Jun,M/S ADISHAKTI CREATIONS ,"00005129, 00005325, 00005326, 00005327, 00005328, 00005362","2023, GST-02054-25-26",,TRUE,12,2,6,0,0,0,5,11,6,ACTIVE_WITH_PURCHASE_HISTORY,Keep: Has active purchase/return activity,1
05-Jul,KUTCH BANDHEJ-NX,5988,2021,,TRUE,7,1,7,0,0,0,0,7,1,ACTIVE_WITH_PURCHASE_HISTORY,Keep: Has active purchase/return activity,0
50,KRISHNA COLLECTION,7309,KC/INV/584/25-26,INV2627000374,TRUE,1,1,0,1,1,2,1,1,1,ACTIVE_WITH_PURCHASE_HISTORY,Keep: Has active purchase/return activity,1
500-C,RUPDARSHI HERITAGE PVT LTD,4345,RD/009160/25-26,INV2627001007,TRUE,6,1,0,1,1,0,5,6,1,ACTIVE_WITH_PURCHASE_HISTORY,Keep: Has active purchase/return activity,0
5005,SAVI APPARELS,5588,1682/25-26,,TRUE,1,1,0,0,0,0,1,1,1,ACTIVE_WITH_PURCHASE_HISTORY,Keep: Has active purchase/return activity,0
50053,KONIA HERITAGE,3407,879,INV2627000610,TRUE,1,1,0,1,1,0,0,1,1,ACTIVE_WITH_PURCHASE_HISTORY,Keep: Has active purchase/return activity,0
5010,HOUSE OF RITAS PRIVATE LIMITED,5874,INV001-0011938,INV2627000716,TRUE,1,1,0,1,1,0,0,1,1,ACTIVE_WITH_PURCHASE_HISTORY,Keep: Has active purchase/return activity,0
50165,STRAAVI ENSEMBLES PRIVATE LIMITED,2287,SE/005376/25-26,,TRUE,1,1,0,0,0,0,1,1,1,ACTIVE_WITH_PURCHASE_HISTORY,Keep: Has active purchase/return activity,0
5018,VIRA ENTERPRISES,"00003675, 00003676, 00003677",VE1722/25-26,"INV2627000046, INV2627000058, INV2627000958",TRUE,3,1,0,3,3,0,0,3,3,ACTIVE_WITH_PURCHASE_HISTORY,Keep: Has active purchase/return activity,0
5023,VANNIKAA MALIK,7906,VM-0108/2026-27,,TRUE,1,1,0,0,0,0,1,1,1,ACTIVE_WITH_PURCHASE_HISTORY,Keep: Has active purchase/return activity,0
503,V NARBHERAM & CO,"00001827, 00006115","000748, 234568",INV2026000386,TRUE,4,2,0,1,1,0,3,4,2,ACTIVE_WITH_PURCHASE_HISTORY,Keep: Has active purchase/return activity,0
504,V NARBHERAM & CO,1692,234569,INV2627000472,TRUE,3,1,0,1,1,0,2,3,1,ACTIVE_WITH_PURCHASE_HISTORY,Keep: Has active purchase/return activity,0
5040,TANKHI DESIGNS 1 PVT LTD,299,TN/25-26/6176,INV2026000306,TRUE,1,1,0,1,1,0,0,1,1,ACTIVE_WITH_PURCHASE_HISTORY,Keep: Has active purchase/return activity,0
5044,TANKHI DESIGNS 1 PVT LTD,305,TN/25-26/6176,INV2627000419,TRUE,1,1,0,1,1,0,0,1,1,ACTIVE_WITH_PURCHASE_HISTORY,Keep: Has active purchase/return activity,0
505,V NARBHERAM & CO,1698,234569,INV2627000004,TRUE,2,1,0,1,1,0,1,2,1,ACTIVE_WITH_PURCHASE_HISTORY,Keep: Has active purchase/return activity,0
50540,KONIA HERITAGE,3403,879,,TRUE,1,1,0,0,0,0,1,1,1,ACTIVE_WITH_PURCHASE_HISTORY,Keep: Has active purchase/return activity,0
50541,KONIA HERITAGE,3404,879,,TRUE,1,1,0,0,0,0,1,1,1,ACTIVE_WITH_PURCHASE_HISTORY,Keep: Has active purchase/return activity,0
50545,KONIA HERITAGE,3405,879,,TRUE,1,1,0,0,0,0,1,1,1,ACTIVE_WITH_PURCHASE_HISTORY,Keep: Has active purchase/return activity,0
50547,KONIA HERITAGE,3406,879,,TRUE,1,1,0,0,0,0,1,1,1,ACTIVE_WITH_PURCHASE_HISTORY,Keep: Has active purchase/return activity,0
5055,VIRA ENTERPRISES,"00003700, 00003701",VE1722/25-26,,TRUE,2,1,0,0,0,0,2,2,2,ACTIVE_WITH_PURCHASE_HISTORY,Keep: Has active purchase/return activity,0
5055-B,VIRA ENTERPRISES,3702,VE1722/25-26,,TRUE,1,1,0,0,0,0,1,1,1,ACTIVE_WITH_PURCHASE_HISTORY,Keep: Has active purchase/return activity,0
506,V NARBHERAM & CO,1833,234568,,TRUE,3,1,0,0,0,0,3,3,1,ACTIVE_WITH_PURCHASE_HISTORY,Keep: Has active purchase/return activity,0
50685,KONIA HERITAGE,3386,879,,TRUE,1,1,0,0,0,0,1,1,1,ACTIVE_WITH_PURCHASE_HISTORY,Keep: Has active purchase/return activity,0
507,V NARBHERAM & CO,1529,234566,,TRUE,3,1,0,0,0,0,3,3,1,ACTIVE_WITH_PURCHASE_HISTORY,Keep: Has active purchase/return activity,0
5071,STRAAVI ENSEMBLES PRIVATE LIMITED,2279,SE/005376/25-26,,TRUE,1,1,0,0,0,0,1,1,1,ACTIVE_WITH_PURCHASE_HISTORY,Keep: Has active purchase/return activity,0
5074-P,VARSIDDHI SAREE PRIVATE LIMITED,6803,VSPL/26-27/00008,INV2627000597,TRUE,1,1,0,1,1,0,0,1,1,ACTIVE_WITH_PURCHASE_HISTORY,Keep: Has active purchase/return activity,0
5075-P,VARSIDDHI SAREE PRIVATE LIMITED,6802,VSPL/26-27/00008,,TRUE,1,1,1,0,0,0,0,1,1,ACTIVE_WITH_PURCHASE_HISTORY,Keep: Has active purchase/return activity,0
5078-R,VARSIDDHI SAREE PRIVATE LIMITED,6805,VSPL/26-27/00008,,TRUE,1,1,0,0,0,0,1,1,1,ACTIVE_WITH_PURCHASE_HISTORY,Keep: Has active purchase/return activity,0
508,V NARBHERAM & CO,1538,234566,,TRUE,3,1,0,0,0,0,3,3,1,ACTIVE_WITH_PURCHASE_HISTORY,Keep: Has active purchase/return activity,0
509,V NARBHERAM & CO,1701,234569,INV2026000216,TRUE,3,1,0,1,1,0,2,3,1,ACTIVE_WITH_PURCHASE_HISTORY,Keep: Has active purchase/return activity,0
5094,VIRA ENTERPRISES,"00003703, 00003704",VE1722/25-26,"INV2026000029, INV2026000118",TRUE,2,1,0,2,2,0,0,2,2,ACTIVE_WITH_PURCHASE_HISTORY,Keep: Has active purchase/return activity,0
5094-B,VIRA ENTERPRISES,3705,VE1722/25-26,,TRUE,1,1,0,0,0,0,1,1,1,ACTIVE_WITH_PURCHASE_HISTORY,Keep: Has active purchase/return activity,0
50971,KONIA HERITAGE,3384,879,,TRUE,1,1,0,0,0,0,1,1,1,ACTIVE_WITH_PURCHASE_HISTORY,Keep: Has active purchase/return activity,0
51-RANI,VIMAL CREATION,6787,20-2627,,TRUE,1,1,0,0,0,0,1,1,1,ACTIVE_WITH_PURCHASE_HISTORY,Keep: Has active purchase/return activity,0
510,V NARBHERAM & CO,1527,234566,INV2627000705,TRUE,3,1,0,1,1,0,2,3,1,ACTIVE_WITH_PURCHASE_HISTORY,Keep: Has active purchase/return activity,0
5117,HOUSE OF RITAS PRIVATE LIMITED,8095,INV001-0000630,,TRUE,1,1,0,0,0,0,1,1,1,ACTIVE_WITH_PURCHASE_HISTORY,Keep: Has active purchase/return activity,0
5118T,ENVWOMEN FASHIONS LLP,"00008705, 00008706, 00008707",G007461/25-26,,TRUE,3,1,0,0,0,0,3,3,3,ACTIVE_WITH_PURCHASE_HISTORY,Keep: Has active purchase/return activity,0
5118T-B,ENVWOMEN FASHIONS LLP,8708,G007461/25-26,,TRUE,1,1,0,0,0,0,1,1,1,ACTIVE_WITH_PURCHASE_HISTORY,Keep: Has active purchase/return activity,0
5118T-C,ENVWOMEN FASHIONS LLP,8709,G007461/25-26,,TRUE,1,1,0,0,0,0,1,1,1,ACTIVE_WITH_PURCHASE_HISTORY,Keep: Has active purchase/return activity,0
5118T-D,ENVWOMEN FASHIONS LLP,8710,G007461/25-26,INV2627000957,TRUE,1,1,0,1,1,0,0,1,1,ACTIVE_WITH_PURCHASE_HISTORY,Keep: Has active purchase/return activity,0
51232,KONIA HERITAGE,3387,879,,TRUE,1,1,0,0,0,0,1,1,1,ACTIVE_WITH_PURCHASE_HISTORY,Keep: Has active purchase/return activity,0
5124,HOUSE OF RITAS PRIVATE LIMITED,7036,12842,,TRUE,1,1,0,0,0,0,1,1,1,ACTIVE_WITH_PURCHASE_HISTORY,Keep: Has active purchase/return activity,0
51284,KONIA HERITAGE,3380,879,,TRUE,1,1,0,0,0,0,1,1,1,ACTIVE_WITH_PURCHASE_HISTORY,Keep: Has active purchase/return activity,0
513-1,VARIMA FASHIONS PVT LTD,8751,VFPL0034,,TRUE,1,1,0,0,0,0,1,1,1,ACTIVE_WITH_PURCHASE_HISTORY,Keep: Has active purchase/return activity,0
513-2,VARIMA FASHIONS PVT LTD,8752,VFPL0034,,TRUE,1,1,0,0,0,0,1,1,1,ACTIVE_WITH_PURCHASE_HISTORY,Keep: Has active purchase/return activity,0
513-3,VARIMA FASHIONS PVT LTD,8753,VFPL0034,,TRUE,1,1,0,0,0,0,1,1,1,ACTIVE_WITH_PURCHASE_HISTORY,Keep: Has active purchase/return activity,0
513-4,VARIMA FASHIONS PVT LTD,8754,VFPL0034,,TRUE,1,1,0,0,0,0,1,1,1,ACTIVE_WITH_PURCHASE_HISTORY,Keep: Has active purchase/return activity,0
513 KT,CHUNRI SALES,3909,669,,TRUE,1,1,0,0,0,0,1,1,1,ACTIVE_WITH_PURCHASE_HISTORY,Keep: Has active purchase/return activity,0
5139,TANKHI DESIGNS 1 PVT LTD,298,TN/25-26/6176,INV2627000462,TRUE,1,1,0,1,1,0,0,1,1,ACTIVE_WITH_PURCHASE_HISTORY,Keep: Has active purchase/return activity,0
5141,TANKHI DESIGNS 1 PVT LTD,300,TN/25-26/6176,INV2026000415,TRUE,1,1,0,1,1,0,0,1,1,ACTIVE_WITH_PURCHASE_HISTORY,Keep: Has active purchase/return activity,0
515-1,VARIMA FASHIONS PVT LTD,8747,VFPL0034,,TRUE,1,1,0,0,0,0,1,1,1,ACTIVE_WITH_PURCHASE_HISTORY,Keep: Has active purchase/return activity,0
515-2,VARIMA FASHIONS PVT LTD,8748,VFPL0034,,TRUE,1,1,0,0,0,0,1,1,1,ACTIVE_WITH_PURCHASE_HISTORY,Keep: Has active purchase/return activity,0
515-3,VARIMA FASHIONS PVT LTD,8749,VFPL0034,,TRUE,1,1,0,0,0,0,1,1,1,ACTIVE_WITH_PURCHASE_HISTORY,Keep: Has active purchase/return activity,0
515-4,VARIMA FASHIONS PVT LTD,8750,VFPL0034,,TRUE,1,1,0,0,0,0,1,1,1,ACTIVE_WITH_PURCHASE_HISTORY,Keep: Has active purchase/return activity,0
5152,TANKHI DESIGNS 1 PVT LTD,304,TN/25-26/6176,,TRUE,1,1,0,0,0,0,1,1,1,ACTIVE_WITH_PURCHASE_HISTORY,Keep: Has active purchase/return activity,0
51555,KONIA HERITAGE,3383,879,,TRUE,1,1,0,0,0,0,1,1,1,ACTIVE_WITH_PURCHASE_HISTORY,Keep: Has active purchase/return activity,0
51830,KONIA HERITAGE,3391,879,,TRUE,1,1,0,0,0,0,1,1,1,ACTIVE_WITH_PURCHASE_HISTORY,Keep: Has active purchase/return activity,0
51831,KONIA HERITAGE,3392,879,,TRUE,1,1,0,0,0,0,1,1,1,ACTIVE_WITH_PURCHASE_HISTORY,Keep: Has active purchase/return activity,0
5188,TANKHI DESIGNS 1 PVT LTD,303,TN/25-26/6176,INV2026000329,TRUE,1,1,0,1,1,0,0,1,1,ACTIVE_WITH_PURCHASE_HISTORY,Keep: Has active purchase/return activity,0
51923,KONIA HERITAGE,3388,879,,TRUE,1,1,0,0,0,0,1,1,1,ACTIVE_WITH_PURCHASE_HISTORY,Keep: Has active purchase/return activity,0
51925,KONIA HERITAGE,3389,879,,TRUE,1,1,0,0,0,0,1,1,1,ACTIVE_WITH_PURCHASE_HISTORY,Keep: Has active purchase/return activity,0
51933,KONIA HERITAGE,3390,879,,TRUE,1,1,0,0,0,0,1,1,1,ACTIVE_WITH_PURCHASE_HISTORY,Keep: Has active purchase/return activity,0
5214,KANCHANA,1517,KANWS25-26/06597,INV2627000837,TRUE,2,1,0,1,1,0,1,2,1,ACTIVE_WITH_PURCHASE_HISTORY,Keep: Has active purchase/return activity,0
52183,KONIA HERITAGE,3385,879,,TRUE,1,1,0,0,0,0,1,1,1,ACTIVE_WITH_PURCHASE_HISTORY,Keep: Has active purchase/return activity,0
5225,TANKHI DESIGNS 1 PVT LTD,935,TN/25-26/6426,,TRUE,2,2,0,0,0,0,1,1,1,ACTIVE_WITH_PURCHASE_HISTORY,Keep: Has active purchase/return activity,1
52334,KONIA HERITAGE,3412,879,,TRUE,1,1,0,0,0,0,1,1,1,ACTIVE_WITH_PURCHASE_HISTORY,Keep: Has active purchase/return activity,0
52335,KONIA HERITAGE,3413,879,,TRUE,1,1,0,0,0,0,1,1,1,ACTIVE_WITH_PURCHASE_HISTORY,Keep: Has active purchase/return activity,0
52336,KONIA HERITAGE,3414,879,,TRUE,1,1,0,0,0,0,1,1,1,ACTIVE_WITH_PURCHASE_HISTORY,Keep: Has active purchase/return activity,0
52337,KONIA HERITAGE,3415,879,,TRUE,1,1,0,0,0,0,1,1,1,ACTIVE_WITH_PURCHASE_HISTORY,Keep: Has active purchase/return activity,0
52338,KONIA HERITAGE,3416,879,,TRUE,1,1,0,0,0,0,1,1,1,ACTIVE_WITH_PURCHASE_HISTORY,Keep: Has active purchase/return activity,0
52339,KONIA HERITAGE,3417,879,,TRUE,1,1,0,0,0,0,1,1,1,ACTIVE_WITH_PURCHASE_HISTORY,Keep: Has active purchase/return activity,0
52340,KONIA HERITAGE,3418,879,,TRUE,1,1,0,0,0,0,1,1,1,ACTIVE_WITH_PURCHASE_HISTORY,Keep: Has active purchase/return activity,0
52341,KONIA HERITAGE,3419,879,,TRUE,1,1,0,0,0,0,1,1,1,ACTIVE_WITH_PURCHASE_HISTORY,Keep: Has active purchase/return activity,0
52342,KONIA HERITAGE,3420,879,,TRUE,1,1,0,0,0,0,1,1,1,ACTIVE_WITH_PURCHASE_HISTORY,Keep: Has active purchase/return activity,0
52343,KONIA HERITAGE,3421,879,INV2627000659,TRUE,1,1,0,1,1,0,0,1,1,ACTIVE_WITH_PURCHASE_HISTORY,Keep: Has active purchase/return activity,0
52344,KONIA HERITAGE,3422,879,,TRUE,1,1,0,0,0,0,1,1,1,ACTIVE_WITH_PURCHASE_HISTORY,Keep: Has active purchase/return activity,0
52345,KONIA HERITAGE,3423,879,,TRUE,1,1,0,0,0,0,1,1,1,ACTIVE_WITH_PURCHASE_HISTORY,Keep: Has active purchase/return activity,0
52346,KONIA HERITAGE,3424,879,,TRUE,1,1,0,0,0,0,1,1,1,ACTIVE_WITH_PURCHASE_HISTORY,Keep: Has active purchase/return activity,0
52347,KONIA HERITAGE,3425,879,,TRUE,1,1,0,0,0,0,1,1,1,ACTIVE_WITH_PURCHASE_HISTORY,Keep: Has active purchase/return activity,0
52348,KONIA HERITAGE,3426,879,,TRUE,1,1,0,0,0,0,1,1,1,ACTIVE_WITH_PURCHASE_HISTORY,Keep: Has active purchase/return activity,0
52349,KONIA HERITAGE,3427,879,,TRUE,1,1,0,0,0,0,1,1,1,ACTIVE_WITH_PURCHASE_HISTORY,Keep: Has active purchase/return activity,0
5236,KANCHANA,1841,KANWS25-26-06596,"INV2627000150, INV2627000885",TRUE,5,1,0,2,2,0,3,5,1,ACTIVE_WITH_PURCHASE_HISTORY,Keep: Has active purchase/return activity,0
52563,KONIA HERITAGE,3381,879,INV2627000833,TRUE,1,1,0,1,1,0,0,1,1,ACTIVE_WITH_PURCHASE_HISTORY,Keep: Has active purchase/return activity,0
5267,SHUBHANGAM-(2022-23),6812,19967,,TRUE,1,1,0,0,0,0,1,1,1,ACTIVE_WITH_PURCHASE_HISTORY,Keep: Has active purchase/return activity,0
527,V NARBHERAM & CO,1518,234566,,TRUE,4,1,0,0,0,0,4,4,1,ACTIVE_WITH_PURCHASE_HISTORY,Keep: Has active purchase/return activity,0
5295,V NARBHERAM & CO,1662,234571,,TRUE,4,1,0,0,0,0,4,4,1,ACTIVE_WITH_PURCHASE_HISTORY,Keep: Has active purchase/return activity,0
5303-A-C,AMIR FABRICS,"00008461, 00008462, 00008463, 00008464",AF/2026-27/110,,TRUE,4,1,0,0,0,0,4,4,4,ACTIVE_WITH_PURCHASE_HISTORY,Keep: Has active purchase/return activity,0
532,V NARBHERAM & CO,1674,234571,,TRUE,4,1,0,0,0,0,4,4,1,ACTIVE_WITH_PURCHASE_HISTORY,Keep: Has active purchase/return activity,0
5322,R.F. CREATIONS ,8575,692-2627,,TRUE,1,1,0,0,0,0,1,1,1,ACTIVE_WITH_PURCHASE_HISTORY,Keep: Has active purchase/return activity,0
533,V NARBHERAM & CO,1521,234566,INV2627000729,TRUE,4,1,0,1,1,0,3,4,1,ACTIVE_WITH_PURCHASE_HISTORY,Keep: Has active purchase/return activity,0
5339,STRAAVI ENSEMBLES PRIVATE LIMITED,2288,SE/005376/25-26,,TRUE,1,1,0,0,0,0,1,1,1,ACTIVE_WITH_PURCHASE_HISTORY,Keep: Has active purchase/return activity,0
534,VARIMA FASHIONS PVT LTD,8767,VFPL0034,,TRUE,1,1,0,0,0,0,1,1,1,ACTIVE_WITH_PURCHASE_HISTORY,Keep: Has active purchase/return activity,0
5362,KANCHANA,1842,KANWS25-26-06596,INV2026000383,TRUE,5,1,0,1,1,0,4,5,1,ACTIVE_WITH_PURCHASE_HISTORY,Keep: Has active purchase/return activity,0
537-1,VARIMA FASHIONS PVT LTD,8757,VFPL0034,,TRUE,1,1,0,0,0,0,1,1,1,ACTIVE_WITH_PURCHASE_HISTORY,Keep: Has active purchase/return activity,0
537-2,VARIMA FASHIONS PVT LTD,8758,VFPL0034,,TRUE,1,1,0,0,0,0,1,1,1,ACTIVE_WITH_PURCHASE_HISTORY,Keep: Has active purchase/return activity,0
538-1,VARIMA FASHIONS PVT LTD,8759,VFPL0034,,TRUE,1,1,0,0,0,0,1,1,1,ACTIVE_WITH_PURCHASE_HISTORY,Keep: Has active purchase/return activity,0
538-2,VARIMA FASHIONS PVT LTD,8760,VFPL0034,,TRUE,1,1,0,0,0,0,1,1,1,ACTIVE_WITH_PURCHASE_HISTORY,Keep: Has active purchase/return activity,0
5384,V NARBHERAM & CO,1677,234571,,TRUE,4,1,0,0,0,0,4,4,1,ACTIVE_WITH_PURCHASE_HISTORY,Keep: Has active purchase/return activity,0
5386,V NARBHERAM & CO,1675,234571,,TRUE,4,1,0,0,0,0,4,4,1,ACTIVE_WITH_PURCHASE_HISTORY,Keep: Has active purchase/return activity,0
5389,V NARBHERAM & CO,1673,234571,,TRUE,4,1,0,0,0,0,4,4,1,ACTIVE_WITH_PURCHASE_HISTORY,Keep: Has active purchase/return activity,0
539,V NARBHERAM & CO,1634,234563,,TRUE,4,1,0,0,0,0,4,4,1,ACTIVE_WITH_PURCHASE_HISTORY,Keep: Has active purchase/return activity,0
5395,V NARBHERAM & CO,1665,234571,INV2627000929,TRUE,4,1,0,1,1,0,3,4,1,ACTIVE_WITH_PURCHASE_HISTORY,Keep: Has active purchase/return activity,0
54082218,AASHIRVAD HERITAGE PVT LTD,1063,AH/008527/25-26,,TRUE,1,1,0,0,0,0,1,1,1,ACTIVE_WITH_PURCHASE_HISTORY,Keep: Has active purchase/return activity,0
541,V NARBHERAM & CO,1574,234565,INV2627000078,TRUE,1,1,0,1,1,0,0,1,1,ACTIVE_WITH_PURCHASE_HISTORY,Keep: Has active purchase/return activity,0
543-1,VARIMA FASHIONS PVT LTD,8755,VFPL0034,,TRUE,1,1,0,0,0,0,1,1,1,ACTIVE_WITH_PURCHASE_HISTORY,Keep: Has active purchase/return activity,0
543-2,VARIMA FASHIONS PVT LTD,8756,VFPL0034,,TRUE,1,1,0,0,0,0,1,1,1,ACTIVE_WITH_PURCHASE_HISTORY,Keep: Has active purchase/return activity,0
546,V NARBHERAM & CO,1571,234565,,TRUE,3,1,0,0,0,0,3,3,1,ACTIVE_WITH_PURCHASE_HISTORY,Keep: Has active purchase/return activity,0
547,V NARBHERAM & CO,"00001598, 00008194","234564, UVFPL/25-26/2042",,TRUE,5,2,1,0,0,0,4,5,2,ACTIVE_WITH_PURCHASE_HISTORY,Keep: Has active purchase/return activity,0
55-47A,REGARDS SAREES PVT LTD,3788,RSP/006252 25-26,,TRUE,1,1,0,0,0,0,1,1,1,ACTIVE_WITH_PURCHASE_HISTORY,Keep: Has active purchase/return activity,0
554,SADBHAVANA ENTERPRISES,2727,11942,,TRUE,3,1,0,0,0,0,3,3,1,ACTIVE_WITH_PURCHASE_HISTORY,Keep: Has active purchase/return activity,0
5565B(S),AASHIRVAD HERITAGE PVT LTD,3962,AH/008674/25-26,INV2026000199,TRUE,1,1,0,1,1,0,0,1,1,ACTIVE_WITH_PURCHASE_HISTORY,Keep: Has active purchase/return activity,0
5586-R,R.F. DESIGNERS,"00006637, 00006638",2627,"INV2627000265, INV2627000374",TRUE,10,1,0,2,2,0,7,9,2,ACTIVE_WITH_PURCHASE_HISTORY,Keep: Has active purchase/return activity,1
55D,RT VILLA PRIVATE LIMITED,3777,8880,INV2627000850,TRUE,1,1,0,1,1,0,0,1,1,ACTIVE_WITH_PURCHASE_HISTORY,Keep: Has active purchase/return activity,0
560,SADBHAVANA ENTERPRISES,"00002722, 00002723, 00008195","11942, UVFPL/25-26/2042",,TRUE,3,2,1,0,0,0,2,3,3,ACTIVE_WITH_PURCHASE_HISTORY,Keep: Has active purchase/return activity,0
560-02,UTKRISHT VATIKA FASHIONS PVT. LTD.,8196,UVFPL/25-26/2042,,TRUE,1,1,1,0,0,0,0,1,1,ACTIVE_WITH_PURCHASE_HISTORY,Keep: Has active purchase/return activity,0
5600,V NARBHERAM & CO,1667,234571,,TRUE,2,1,0,0,0,0,2,2,1,ACTIVE_WITH_PURCHASE_HISTORY,Keep: Has active purchase/return activity,0
5601,MAIDENS CREATION,9575,242,,TRUE,1,1,0,0,0,0,1,1,1,ACTIVE_WITH_PURCHASE_HISTORY,Keep: Has active purchase/return activity,0
561,ISHIKA CREATION,92,GST/25-26/4090,,TRUE,1,1,0,0,0,0,1,1,1,ACTIVE_WITH_PURCHASE_HISTORY,Keep: Has active purchase/return activity,0
571,V NARBHERAM & CO,1594,234564,INV2026000223,TRUE,2,1,0,1,1,0,1,2,1,ACTIVE_WITH_PURCHASE_HISTORY,Keep: Has active purchase/return activity,0
5731-G,R.F. DESIGNERS,6627,2627,INV2627000059,TRUE,2,1,0,1,1,0,1,2,1,ACTIVE_WITH_PURCHASE_HISTORY,Keep: Has active purchase/return activity,0
5747,R.F. DESIGNERS,6651,2627,INV2627000593,TRUE,1,1,0,1,1,0,0,1,1,ACTIVE_WITH_PURCHASE_HISTORY,Keep: Has active purchase/return activity,0
5789,R.F. DESIGNERS,6628,2627,INV2627000229,TRUE,1,1,0,1,1,0,0,1,1,ACTIVE_WITH_PURCHASE_HISTORY,Keep: Has active purchase/return activity,0
5795-G,R.F. DESIGNERS,6639,2627,INV2627000309,TRUE,2,1,0,1,1,0,1,2,1,ACTIVE_WITH_PURCHASE_HISTORY,Keep: Has active purchase/return activity,0
57D,RT VILLA PRIVATE LIMITED,4216,GST/25/09200,,TRUE,1,1,0,0,0,0,1,1,1,ACTIVE_WITH_PURCHASE_HISTORY,Keep: Has active purchase/return activity,0
583,SATYA DESIGNS PVT. LTD.,"00004997, 00004998, 00004999, 00005000, 00005001",SS2083,"INV2627000237, INV2627000240, INV2627000399",TRUE,5,1,0,3,3,0,2,5,5,ACTIVE_WITH_PURCHASE_HISTORY,Keep: Has active purchase/return activity,0
583-2,SATYA DESIGNS PVT. LTD.,"00005002, 00005003",SS2083,INV2627000579,TRUE,2,1,0,1,1,0,1,2,2,ACTIVE_WITH_PURCHASE_HISTORY,Keep: Has active purchase/return activity,0
5834-G,R.F. DESIGNERS,6618,2627,INV2627000278,TRUE,1,1,0,1,1,0,0,1,1,ACTIVE_WITH_PURCHASE_HISTORY,Keep: Has active purchase/return activity,0
5834-Y,R.F. DESIGNERS,6619,2627,INV2627000278,TRUE,1,1,0,1,1,0,0,1,1,ACTIVE_WITH_PURCHASE_HISTORY,Keep: Has active purchase/return activity,0
5849,STRAAVI ENSEMBLES PRIVATE LIMITED,1429,SE/005381/25-26,,TRUE,1,1,0,0,0,0,1,1,1,ACTIVE_WITH_PURCHASE_HISTORY,Keep: Has active purchase/return activity,0
58682,BOOM JNS PVT LTD,2466,SB8097/25-26,INV2627000874,TRUE,1,1,0,1,1,0,0,1,1,ACTIVE_WITH_PURCHASE_HISTORY,Keep: Has active purchase/return activity,0
590,Manvi &Manik,"00000788, 00006274, 00006275, 00006276, 00006277","25-26/1385, NCS/003826/25-26","INV2627000259, INV2627000287, INV2627000494, INV2627000625",TRUE,5,2,0,4,4,0,1,5,5,ACTIVE_WITH_PURCHASE_HISTORY,Keep: Has active purchase/return activity,0
591-WHITE,RITRAS FASHION DESIGNER STUDIO,7645,RFDS25/738,,TRUE,1,1,1,0,0,0,0,1,1,ACTIVE_WITH_PURCHASE_HISTORY,Keep: Has active purchase/return activity,0
591 GREEN,RITRAS FASHION DESIGNER STUDIO,7644,RFDS25/738,,TRUE,1,1,1,0,0,0,0,1,1,ACTIVE_WITH_PURCHASE_HISTORY,Keep: Has active purchase/return activity,0
5925,MAIDENS CREATION,9563,242,,TRUE,1,1,0,0,0,0,1,1,1,ACTIVE_WITH_PURCHASE_HISTORY,Keep: Has active purchase/return activity,0
5925-B,MAIDENS CREATION,9564,242,,TRUE,1,1,0,0,0,0,1,1,1,ACTIVE_WITH_PURCHASE_HISTORY,Keep: Has active purchase/return activity,0
5925-C,MAIDENS CREATION,9567,242,,TRUE,1,1,0,0,0,0,1,1,1,ACTIVE_WITH_PURCHASE_HISTORY,Keep: Has active purchase/return activity,0
593-95,V NARBHERAM & CO,1724,234570,"INV2627000269, INV2627000385, INV2627000412",TRUE,3,1,0,3,3,0,0,3,1,ACTIVE_WITH_PURCHASE_HISTORY,Keep: Has active purchase/return activity,0
5946-G-2/1,R.F. CREATIONS ,7174,172-2627,,TRUE,1,1,0,0,0,0,1,1,1,ACTIVE_WITH_PURCHASE_HISTORY,Keep: Has active purchase/return activity,0
5946-P-1,R.F. CREATIONS ,7173,172-2627,,TRUE,1,1,0,0,0,0,1,1,1,ACTIVE_WITH_PURCHASE_HISTORY,Keep: Has active purchase/return activity,0
596,V NARBHERAM & CO,1816,234568,,TRUE,1,1,0,0,0,0,1,1,1,ACTIVE_WITH_PURCHASE_HISTORY,Keep: Has active purchase/return activity,0
598,V NARBHERAM & CO,"00001683, 00001684",234571,INV2026000285,TRUE,6,1,0,2,1,0,1,2,2,ACTIVE_WITH_PURCHASE_HISTORY,Keep: Has active purchase/return activity,3
6,SRI GANESH CREATIONS ,"00002156, 00002704, 00002798, 00004385, 00004595, 00004641, 00004750","10, 1100, 1747/25-26, 1752/25-26, 489, S786, S790",,TRUE,20,7,0,0,0,0,20,20,7,ACTIVE_WITH_PURCHASE_HISTORY,Keep: Has active purchase/return activity,0
6-1-J,SUNEETA SAREE EMPORIUM ,5795,1060/25-26,,TRUE,1,1,1,0,0,0,0,1,1,ACTIVE_WITH_PURCHASE_HISTORY,Keep: Has active purchase/return activity,0
6-15499-G,RUHAANI ARTS,7628,RAD/26-27/000080,,TRUE,1,1,0,0,0,0,1,1,1,ACTIVE_WITH_PURCHASE_HISTORY,Keep: Has active purchase/return activity,0
6-15499-P,RUHAANI ARTS,7629,RAD/26-27/000080,,TRUE,1,1,0,0,0,0,1,1,1,ACTIVE_WITH_PURCHASE_HISTORY,Keep: Has active purchase/return activity,0
Jun-43,TANEJA APPARELS P LTD,7401,268,,TRUE,1,1,0,0,0,0,1,1,1,ACTIVE_WITH_PURCHASE_HISTORY,Keep: Has active purchase/return activity,0
6-4315-P,VIMAL CREATION,6768,21-2627,INV2627000886,TRUE,1,1,0,1,1,0,0,1,1,ACTIVE_WITH_PURCHASE_HISTORY,Keep: Has active purchase/return activity,0
6-4315-R,VIMAL CREATION,6767,21-2627,,TRUE,1,1,0,0,0,0,1,1,1,ACTIVE_WITH_PURCHASE_HISTORY,Keep: Has active purchase/return activity,0
Jun-33,R.F. CREATIONS ,7179,172-2627,INV2627000697,TRUE,1,1,0,1,1,0,0,1,1,ACTIVE_WITH_PURCHASE_HISTORY,Keep: Has active purchase/return activity,0
6-A,HAST KARIGARI,8478,305,INV2627000899,TRUE,6,1,0,1,1,0,5,6,1,ACTIVE_WITH_PURCHASE_HISTORY,Keep: Has active purchase/return activity,0
6-B,HAST KARIGARI,8479,305,,TRUE,6,1,0,0,0,0,6,6,1,ACTIVE_WITH_PURCHASE_HISTORY,Keep: Has active purchase/return activity,0
6-C,ANJALI TRADERS,4512,AT/1882/25-26,,TRUE,1,1,0,0,0,0,1,1,1,ACTIVE_WITH_PURCHASE_HISTORY,Keep: Has active purchase/return activity,0
06-Jan,NEW MODERN CHIKAN,"00003843, 00005334, 00005989, 00008791","1941, 2011, 2021, SJ/26-27/188",,TRUE,4,4,1,0,0,0,3,4,4,ACTIVE_WITH_PURCHASE_HISTORY,Keep: Has active purchase/return activity,0
6/1-LCS,OMAANA,6397,548,,TRUE,1,1,1,0,0,0,0,1,1,ACTIVE_WITH_PURCHASE_HISTORY,Keep: Has active purchase/return activity,0
6/1-M FL,KUTCH BANDHEJ-NX,5394,2026,,TRUE,1,1,0,0,0,0,1,1,1,ACTIVE_WITH_PURCHASE_HISTORY,Keep: Has active purchase/return activity,0
6/11-J DPT,KUTCH BANDHEJ-NX,6055,2010,"INV2627000018, INV2627000833",TRUE,11,1,2,2,2,0,7,11,1,ACTIVE_WITH_PURCHASE_HISTORY,Keep: Has active purchase/return activity,0
6/2- P D,KUTCH BANDHEJ-NX,6048,2024,,TRUE,2,1,1,0,0,0,1,2,1,ACTIVE_WITH_PURCHASE_HISTORY,Keep: Has active purchase/return activity,0
06-Mar,KUTCH BANDHEJ-NX,"00005130, 00005235, 00005236, 00005373","2014, GST-02054-25-26",INV2026000338,TRUE,6,2,3,1,1,0,2,6,4,ACTIVE_WITH_PURCHASE_HISTORY,Keep: Has active purchase/return activity,0
06-Apr,KUTCH BANDHEJ-NX,"00003312, 00005363","2023, 3431","INV2627000147, INV2627000176",TRUE,8,2,4,2,2,0,2,8,2,ACTIVE_WITH_PURCHASE_HISTORY,Keep: Has active purchase/return activity,0
6/6-F,KUTCH BANDHEJ-NX,5402,2025,,TRUE,1,1,0,0,0,0,1,1,1,ACTIVE_WITH_PURCHASE_HISTORY,Keep: Has active purchase/return activity,0
60,MYST DESIGNS,"00003161, 00003162, 00003163, 00003164, 00003165",124/MYMH/25-26,"INV2026000015, INV2026000016, INV2026000189, INV2627000196, INV2627000862",TRUE,5,1,0,5,5,0,0,5,5,ACTIVE_WITH_PURCHASE_HISTORY,Keep: Has active purchase/return activity,0
600,ORIGIN CLOTHING COMPANY (INDIA) PVT.LTD.,"00005827, 00005828, 00005829, 00005830",0236/25-26,INV2627000016,TRUE,4,1,0,1,1,0,3,4,4,ACTIVE_WITH_PURCHASE_HISTORY,Keep: Has active purchase/return activity,0
6008,VIRA ENTERPRISES,3678,VE1722/25-26,,TRUE,1,1,0,0,0,0,1,1,1,ACTIVE_WITH_PURCHASE_HISTORY,Keep: Has active purchase/return activity,0
601,ORIGIN CLOTHING COMPANY (INDIA) PVT.LTD.,"00005823, 00005824, 00005825, 00005826",0236/25-26,"INV2627000165, INV2627000635, INV2627000824",TRUE,4,1,0,3,3,1,1,4,4,ACTIVE_WITH_PURCHASE_HISTORY,Keep: Has active purchase/return activity,1
602,NILIMA CREATIONS ,"00006262, 00006263, 00006264, 00006265",NCS/003826/25-26,"INV2627000223, INV2627000439, INV2627000828",TRUE,4,1,0,3,3,0,1,4,4,ACTIVE_WITH_PURCHASE_HISTORY,Keep: Has active purchase/return activity,0
6020,VIRA ENTERPRISES,"00003706, 00003707",VE1722/25-26,,TRUE,2,1,0,0,0,0,2,2,2,ACTIVE_WITH_PURCHASE_HISTORY,Keep: Has active purchase/return activity,0
6020-B,VIRA ENTERPRISES,"00003708, 00003709",VE1722/25-26,,TRUE,2,1,0,0,0,0,2,2,2,ACTIVE_WITH_PURCHASE_HISTORY,Keep: Has active purchase/return activity,0
6054-01,MAIDENS CREATION,9493,265,,TRUE,1,1,0,0,0,0,1,1,1,ACTIVE_WITH_PURCHASE_HISTORY,Keep: Has active purchase/return activity,0
6054-02,MAIDENS CREATION,9494,265,,TRUE,1,1,0,0,0,0,1,1,1,ACTIVE_WITH_PURCHASE_HISTORY,Keep: Has active purchase/return activity,0
6054-03,MAIDENS CREATION,9495,265,,TRUE,1,1,0,0,0,0,1,1,1,ACTIVE_WITH_PURCHASE_HISTORY,Keep: Has active purchase/return activity,0
6054-04,MAIDENS CREATION,9496,265,,TRUE,1,1,0,0,0,0,1,1,1,ACTIVE_WITH_PURCHASE_HISTORY,Keep: Has active purchase/return activity,0
6056,MAIDENS CREATION,9561,242,,TRUE,1,1,0,0,0,0,1,1,1,ACTIVE_WITH_PURCHASE_HISTORY,Keep: Has active purchase/return activity,0
6059,VIRA ENTERPRISES,"00003710, 00003711",VE1722/25-26,"INV2026000218, INV2627000370",TRUE,2,1,0,2,2,0,0,2,2,ACTIVE_WITH_PURCHASE_HISTORY,Keep: Has active purchase/return activity,0
6059-B,VIRA ENTERPRISES,3712,VE1722/25-26,INV2026000264,TRUE,1,1,0,1,1,0,1,2,1,ACTIVE_WITH_PURCHASE_HISTORY,Keep: Has active purchase/return activity,-1
606,ESSENCE COLLECTION PVT LTD,"00006098, 00006099",748,INV2627000821,TRUE,2,1,0,1,1,0,1,2,2,ACTIVE_WITH_PURCHASE_HISTORY,Keep: Has active purchase/return activity,0
6060,VIRA ENTERPRISES,3713,VE1722/25-26,,TRUE,1,1,0,0,0,0,1,1,1,ACTIVE_WITH_PURCHASE_HISTORY,Keep: Has active purchase/return activity,0
6060-B,VIRA ENTERPRISES,3714,VE1722/25-26,,TRUE,1,1,0,0,0,0,1,1,1,ACTIVE_WITH_PURCHASE_HISTORY,Keep: Has active purchase/return activity,0
6063,VANNIKAA MALIK,9037,VM-0185/2026-27,,TRUE,1,1,0,0,0,0,1,1,1,ACTIVE_WITH_PURCHASE_HISTORY,Keep: Has active purchase/return activity,0
6095,VIRA ENTERPRISES,"00003679, 00003680",VE1722/25-26,,TRUE,2,1,0,0,0,0,2,2,2,ACTIVE_WITH_PURCHASE_HISTORY,Keep: Has active purchase/return activity,0
610,SADBHAVANA ENTERPRISES,"00002725, 00002726",11942,,TRUE,3,1,0,0,0,0,2,2,2,ACTIVE_WITH_PURCHASE_HISTORY,Keep: Has active purchase/return activity,1
612,V NARBHERAM & CO,1711,234569,,TRUE,1,1,0,0,0,0,1,1,1,ACTIVE_WITH_PURCHASE_HISTORY,Keep: Has active purchase/return activity,0
613,ESSENCE COLLECTION PVT LTD,"00006093, 00006094, 00006095",748,"INV2026000141, INV2627000900",TRUE,3,1,0,2,2,0,1,3,3,ACTIVE_WITH_PURCHASE_HISTORY,Keep: Has active purchase/return activity,0
613-2,ESSENCE COLLECTION PVT LTD,"00006096, 00006097",748,,TRUE,2,1,0,0,0,0,2,2,2,ACTIVE_WITH_PURCHASE_HISTORY,Keep: Has active purchase/return activity,0
614,ORIGIN CLOTHING COMPANY (INDIA) PVT.LTD.,"00005847, 00005848, 00005849, 00005850",0236/25-26,"INV2627000305, INV2627000645, INV2627000746",TRUE,4,1,0,3,3,0,1,4,4,ACTIVE_WITH_PURCHASE_HISTORY,Keep: Has active purchase/return activity,0
615,V NARBHERAM & CO,1706,234569,INV2026000122,TRUE,2,1,0,1,1,0,1,2,1,ACTIVE_WITH_PURCHASE_HISTORY,Keep: Has active purchase/return activity,0
616,ORIGIN CLOTHING COMPANY (INDIA) PVT.LTD.,"00005843, 00005844, 00005845, 00005846",0236/25-26,"INV2627000425, INV2627000757",TRUE,4,1,0,2,2,0,2,4,4,ACTIVE_WITH_PURCHASE_HISTORY,Keep: Has active purchase/return activity,0
6162,MAIDENS CREATION,9573,242,,TRUE,1,1,0,0,0,0,1,1,1,ACTIVE_WITH_PURCHASE_HISTORY,Keep: Has active purchase/return activity,0
6193,MAIDENS CREATION,9498,265,,TRUE,1,1,0,0,0,0,1,1,1,ACTIVE_WITH_PURCHASE_HISTORY,Keep: Has active purchase/return activity,0
6197-A,MAIDENS CREATION,9577,242,,TRUE,1,1,0,0,0,0,1,1,1,ACTIVE_WITH_PURCHASE_HISTORY,Keep: Has active purchase/return activity,0
6197-B,MAIDENS CREATION,9578,242,,TRUE,1,1,0,0,0,0,1,1,1,ACTIVE_WITH_PURCHASE_HISTORY,Keep: Has active purchase/return activity,0
6197-C,MAIDENS CREATION,9579,242,,TRUE,1,1,0,0,0,0,1,1,1,ACTIVE_WITH_PURCHASE_HISTORY,Keep: Has active purchase/return activity,0
6197-D,MAIDENS CREATION,9580,242,,TRUE,1,1,0,0,0,0,1,1,1,ACTIVE_WITH_PURCHASE_HISTORY,Keep: Has active purchase/return activity,0
620,V NARBHERAM & CO,"00001717, 00001720",234575,"INV2026000296, INV2627000677",TRUE,11,1,0,2,2,0,5,7,2,ACTIVE_WITH_PURCHASE_HISTORY,Keep: Has active purchase/return activity,4
620218,LINEN AND LINENS PVT LTD,"00009603, 00009604, 00009605, 00009606, 00009607",,,TRUE,0,0,0,0,0,0,5,5,5,ORPHAN_WITH_STOCK,Audit: Has physical stock/printed barcodes but no purchase record,-5
620419,Manvi &Manik,4900,M-834,,TRUE,1,1,0,0,0,0,1,1,1,ACTIVE_WITH_PURCHASE_HISTORY,Keep: Has active purchase/return activity,0
6206,MAIDENS CREATION,9509,265,,TRUE,1,1,0,0,0,0,1,1,1,ACTIVE_WITH_PURCHASE_HISTORY,Keep: Has active purchase/return activity,0
6207,MAIDENS CREATION,9574,242,,TRUE,1,1,0,0,0,0,1,1,1,ACTIVE_WITH_PURCHASE_HISTORY,Keep: Has active purchase/return activity,0
621,SATYA DESIGNS PVT. LTD.,"00005004, 00005005, 00005006, 00005007, 00005008, 00006088, 00006089, 00006090","000748, SS2083","INV2026000253, INV2026000279, INV2026000368, INV2026000386, INV2627000022, INV2627000184, INV2627000438",TRUE,8,2,0,7,7,0,1,8,8,ACTIVE_WITH_PURCHASE_HISTORY,Keep: Has active purchase/return activity,0
621-2,ESSENCE COLLECTION PVT LTD,"00006091, 00006092",748,,TRUE,2,1,0,0,0,0,2,2,2,ACTIVE_WITH_PURCHASE_HISTORY,Keep: Has active purchase/return activity,0
621-4,SATYA DESIGNS PVT. LTD.,"00005009, 00005010",SS2083,"INV2627000458, INV2627000892",TRUE,2,1,0,2,2,0,0,2,2,ACTIVE_WITH_PURCHASE_HISTORY,Keep: Has active purchase/return activity,0
6218,MAIDENS CREATION,9576,242,,TRUE,1,1,0,0,0,0,1,1,1,ACTIVE_WITH_PURCHASE_HISTORY,Keep: Has active purchase/return activity,0
6240,R.F. DESIGNERS,6629,2627,INV2627000999,TRUE,1,1,0,1,1,0,0,1,1,ACTIVE_WITH_PURCHASE_HISTORY,Keep: Has active purchase/return activity,0
6244,MAIDENS CREATION,9503,265,,TRUE,1,1,0,0,0,0,1,1,1,ACTIVE_WITH_PURCHASE_HISTORY,Keep: Has active purchase/return activity,0
625,V NARBHERAM & CO,1835,234568,,TRUE,3,1,0,0,0,0,3,3,1,ACTIVE_WITH_PURCHASE_HISTORY,Keep: Has active purchase/return activity,0
626,ORIGIN CLOTHING COMPANY (INDIA) PVT.LTD.,"00005831, 00005832, 00005833, 00005834",0236/25-26,"INV2026000401, INV2627000340, INV2627000770",TRUE,4,1,0,3,3,0,1,4,4,ACTIVE_WITH_PURCHASE_HISTORY,Keep: Has active purchase/return activity,0
626-NAVY,ORIGIN CLOTHING COMPANY (INDIA) PVT.LTD.,"00005839, 00005840, 00005841, 00005842",0236/25-26,"INV2026000211, INV2026000232, INV2026000253",TRUE,4,1,0,3,3,0,1,4,4,ACTIVE_WITH_PURCHASE_HISTORY,Keep: Has active purchase/return activity,0
6265,MAIDENS CREATION,9499,265,,TRUE,1,1,0,0,0,0,1,1,1,ACTIVE_WITH_PURCHASE_HISTORY,Keep: Has active purchase/return activity,0
6272,MAIDENS CREATION,9502,265,,TRUE,1,1,0,0,0,0,1,1,1,ACTIVE_WITH_PURCHASE_HISTORY,Keep: Has active purchase/return activity,0
628,V NARBHERAM & CO,1829,234568,,TRUE,1,1,0,0,0,0,1,1,1,ACTIVE_WITH_PURCHASE_HISTORY,Keep: Has active purchase/return activity,0
6282,MAIDENS CREATION,"00005531, 00009568","242, 5565",,TRUE,2,2,1,0,0,0,1,2,2,ACTIVE_WITH_PURCHASE_HISTORY,Keep: Has active purchase/return activity,0
6282 g,MAIDENS CREATION,5534,5565,,TRUE,1,1,0,0,0,0,1,1,1,ACTIVE_WITH_PURCHASE_HISTORY,Keep: Has active purchase/return activity,0
6282 p,MAIDENS CREATION,5533,5565,,TRUE,1,1,0,0,0,0,1,1,1,ACTIVE_WITH_PURCHASE_HISTORY,Keep: Has active purchase/return activity,0
6282 P,MAIDENS CREATION,5532,5565,,TRUE,1,1,1,0,0,0,0,1,1,ACTIVE_WITH_PURCHASE_HISTORY,Keep: Has active purchase/return activity,0
6288,AARI,"00006470, 00006471, 00006472, 00006473",6050/25-26,"INV2627000060, INV2627000061, INV2627000489",TRUE,4,1,0,3,3,0,1,4,4,ACTIVE_WITH_PURCHASE_HISTORY,Keep: Has active purchase/return activity,0
6288-2,AARI,6474,6050/25-26,INV2627000108,TRUE,1,1,0,1,1,0,0,1,1,ACTIVE_WITH_PURCHASE_HISTORY,Keep: Has active purchase/return activity,0
6288 1,AARI,"00000718, 00000719, 00000720, 00000721, 00000722, 00000723",5460/25-26,"INV2026000073, INV2026000200, INV2026000228, INV2627000531, INV2627000921",TRUE,6,1,0,5,5,0,2,6,6,ACTIVE_WITH_PURCHASE_HISTORY,Keep: Has active purchase/return activity,-1
629,V NARBHERAM & CO,"00001696, 00001703",234569,INV2627000310,TRUE,2,1,0,1,1,0,1,2,2,ACTIVE_WITH_PURCHASE_HISTORY,Keep: Has active purchase/return activity,0
6298,MAIDENS CREATION,9556,242,,TRUE,1,1,0,0,0,0,1,1,1,ACTIVE_WITH_PURCHASE_HISTORY,Keep: Has active purchase/return activity,0
630,V NARBHERAM & CO,1699,234569,INV2627000498,TRUE,2,1,0,1,1,0,1,2,1,ACTIVE_WITH_PURCHASE_HISTORY,Keep: Has active purchase/return activity,0
6309,R.F. CREATIONS ,8574,692-2627,INV2627001009,TRUE,1,1,0,1,1,0,0,1,1,ACTIVE_WITH_PURCHASE_HISTORY,Keep: Has active purchase/return activity,0
631,V NARBHERAM & CO,1700,234569,,TRUE,1,1,0,0,0,0,1,1,1,ACTIVE_WITH_PURCHASE_HISTORY,Keep: Has active purchase/return activity,0
6316,STRAAVI ENSEMBLES PRIVATE LIMITED,2286,SE/005376/25-26,INV2627000971,TRUE,2,1,0,1,1,0,1,2,1,ACTIVE_WITH_PURCHASE_HISTORY,Keep: Has active purchase/return activity,0
632,V NARBHERAM & CO,1595,234564,INV2627000472,TRUE,3,1,0,1,1,0,2,3,1,ACTIVE_WITH_PURCHASE_HISTORY,Keep: Has active purchase/return activity,0
6322,MAIDENS CREATION,9497,265,,TRUE,1,1,0,0,0,0,1,1,1,ACTIVE_WITH_PURCHASE_HISTORY,Keep: Has active purchase/return activity,0
6331,STRAAVI ENSEMBLES PRIVATE LIMITED,1434,SE/005381/25-26,INV2026000027,TRUE,1,1,0,1,1,0,0,1,1,ACTIVE_WITH_PURCHASE_HISTORY,Keep: Has active purchase/return activity,0
634,ORIGIN CLOTHING COMPANY (INDIA) PVT.LTD.,"00005851, 00005852, 00005853, 00005854",0236/25-26,"INV2026000343, INV2026000400",TRUE,4,1,0,2,2,1,2,4,4,ACTIVE_WITH_PURCHASE_HISTORY,Keep: Has active purchase/return activity,1
635,ESSENCE COLLECTION PVT LTD,"00005835, 00005836, 00005837, 00005838, 00006083, 00006084, 00006085","000748, 0236/25-26","INV2026000046, INV2026000079, INV2026000151, INV2026000335",TRUE,7,2,0,4,4,0,3,7,7,ACTIVE_WITH_PURCHASE_HISTORY,Keep: Has active purchase/return activity,0
635-2,ESSENCE COLLECTION PVT LTD,"00006086, 00006087",748,,TRUE,2,1,0,0,0,0,2,2,2,ACTIVE_WITH_PURCHASE_HISTORY,Keep: Has active purchase/return activity,0
6350,MAIDENS CREATION,9572,242,,TRUE,1,1,0,0,0,0,1,1,1,ACTIVE_WITH_PURCHASE_HISTORY,Keep: Has active purchase/return activity,0
6351,MAIDENS CREATION,9562,242,,TRUE,1,1,0,0,0,0,1,1,1,ACTIVE_WITH_PURCHASE_HISTORY,Keep: Has active purchase/return activity,0
6352,MAIDENS CREATION,9484,265,,TRUE,1,1,0,0,0,0,1,1,1,ACTIVE_WITH_PURCHASE_HISTORY,Keep: Has active purchase/return activity,0
6352-B,MAIDENS CREATION,9485,265,,TRUE,1,1,0,0,0,0,1,1,1,ACTIVE_WITH_PURCHASE_HISTORY,Keep: Has active purchase/return activity,0
6353-P,R.F. DESIGNERS,6635,2627,INV2627000061,TRUE,1,1,0,1,1,0,0,1,1,ACTIVE_WITH_PURCHASE_HISTORY,Keep: Has active purchase/return activity,0
6354,MAIDENS CREATION,9570,242,,TRUE,1,1,0,0,0,0,1,1,1,ACTIVE_WITH_PURCHASE_HISTORY,Keep: Has active purchase/return activity,0
6357,MAIDENS CREATION,9555,242,,TRUE,1,1,0,0,0,0,1,1,1,ACTIVE_WITH_PURCHASE_HISTORY,Keep: Has active purchase/return activity,0
6358,MAIDENS CREATION,"00009571, 00009589",242,,TRUE,1,1,0,0,0,0,2,2,2,ACTIVE_WITH_PURCHASE_HISTORY,Keep: Has active purchase/return activity,-1
6369,MAIDENS CREATION,9500,265,,TRUE,1,1,0,0,0,0,1,1,1,ACTIVE_WITH_PURCHASE_HISTORY,Keep: Has active purchase/return activity,0
6369-3,MAIDENS CREATION,"00009545, 00009546",265,,TRUE,1,1,0,0,0,0,2,2,2,ACTIVE_WITH_PURCHASE_HISTORY,Keep: Has active purchase/return activity,-1
6369-B,MAIDENS CREATION,9501,265,,TRUE,1,1,0,0,0,0,1,1,1,ACTIVE_WITH_PURCHASE_HISTORY,Keep: Has active purchase/return activity,0
637,NILIMA CREATIONS ,"00006266, 00006267, 00006268, 00006269",NCS/003826/25-26,"INV2627000200, INV2627000511, INV2627000557",TRUE,4,1,0,3,3,0,1,4,4,ACTIVE_WITH_PURCHASE_HISTORY,Keep: Has active purchase/return activity,0
6374,MAIDENS CREATION,9554,242,,TRUE,1,1,0,0,0,0,1,1,1,ACTIVE_WITH_PURCHASE_HISTORY,Keep: Has active purchase/return activity,0
6375,MAIDENS CREATION,9486,265,,TRUE,1,1,0,0,0,0,1,1,1,ACTIVE_WITH_PURCHASE_HISTORY,Keep: Has active purchase/return activity,0
6377,MAIDENS CREATION,9483,265,,TRUE,1,1,0,0,0,0,1,1,1,ACTIVE_WITH_PURCHASE_HISTORY,Keep: Has active purchase/return activity,0
6379,MAIDENS CREATION,9559,242,,TRUE,1,1,0,0,0,0,1,1,1,ACTIVE_WITH_PURCHASE_HISTORY,Keep: Has active purchase/return activity,0
6379-B,MAIDENS CREATION,9560,242,,TRUE,1,1,0,0,0,0,1,1,1,ACTIVE_WITH_PURCHASE_HISTORY,Keep: Has active purchase/return activity,0
6386,MAIDENS CREATION,9492,265,,TRUE,1,1,0,0,0,0,1,1,1,ACTIVE_WITH_PURCHASE_HISTORY,Keep: Has active purchase/return activity,0
64,REYAANS ,"00004811, 00008090","TI/25-26/00401, TI/26-27/0074",,TRUE,2,2,2,0,0,0,0,2,2,ACTIVE_WITH_PURCHASE_HISTORY,Keep: Has active purchase/return activity,0
64-B,REYAANS ,"00004812, 00008091","TI/25-26/00401, TI/26-27/0074",,TRUE,2,2,1,0,0,0,1,2,2,ACTIVE_WITH_PURCHASE_HISTORY,Keep: Has active purchase/return activity,0
6400,MAIDENS CREATION,"00009487, 00009565","242, 265",,TRUE,2,2,0,0,0,0,2,2,2,ACTIVE_WITH_PURCHASE_HISTORY,Keep: Has active purchase/return activity,0
6400-B,MAIDENS CREATION,"00009488, 00009566","242, 265",,TRUE,2,2,0,0,0,0,2,2,2,ACTIVE_WITH_PURCHASE_HISTORY,Keep: Has active purchase/return activity,0
6404,MAIDENS CREATION,9490,265,,TRUE,2,1,0,0,0,0,1,1,1,ACTIVE_WITH_PURCHASE_HISTORY,Keep: Has active purchase/return activity,1
6404-B,MAIDENS CREATION,9491,265,,TRUE,1,1,0,0,0,0,1,1,1,ACTIVE_WITH_PURCHASE_HISTORY,Keep: Has active purchase/return activity,0
6405,MAIDENS CREATION,5530,5565,,TRUE,1,1,0,0,0,0,1,1,1,ACTIVE_WITH_PURCHASE_HISTORY,Keep: Has active purchase/return activity,0
641,NILIMA CREATIONS ,"00006270, 00006271, 00006272, 00006273",NCS/003826/25-26,"INV2026000226, INV2026000253, INV2026000388, INV2627000273",TRUE,4,1,0,4,4,0,0,4,4,ACTIVE_WITH_PURCHASE_HISTORY,Keep: Has active purchase/return activity,0
6410,MAIDENS CREATION,9582,242,,TRUE,1,1,0,0,0,0,1,1,1,ACTIVE_WITH_PURCHASE_HISTORY,Keep: Has active purchase/return activity,0
6417,MAIDENS CREATION,9569,242,,TRUE,1,1,0,0,0,0,1,1,1,ACTIVE_WITH_PURCHASE_HISTORY,Keep: Has active purchase/return activity,0
642,TANKHI DESIGNS 1 PVT LTD,936,TN/25-26/6426,INV2026000329,TRUE,2,2,0,1,1,0,0,1,1,ACTIVE_WITH_PURCHASE_HISTORY,Keep: Has active purchase/return activity,1
6428-L,R.F. DESIGNERS,6626,2627,INV2627000407,TRUE,1,1,0,1,1,0,0,1,1,ACTIVE_WITH_PURCHASE_HISTORY,Keep: Has active purchase/return activity,0
644,ISHUM DESIGNS,"00004782, 00004783, 00004784",ID/10237/2025-26,"INV2627000538, INV2627000845",TRUE,3,1,0,2,2,0,1,3,3,ACTIVE_WITH_PURCHASE_HISTORY,Keep: Has active purchase/return activity,0
6444,MAIDENS CREATION,9504,265,,TRUE,1,1,0,0,0,0,1,1,1,ACTIVE_WITH_PURCHASE_HISTORY,Keep: Has active purchase/return activity,0
6445,MAIDENS CREATION,9581,242,,TRUE,1,1,0,0,0,0,1,1,1,ACTIVE_WITH_PURCHASE_HISTORY,Keep: Has active purchase/return activity,0
645,ISHUM DESIGNS,"00004780, 00004781",ID/10237/2025-26,"INV2026000382, INV2627000133",TRUE,2,1,0,2,2,0,0,2,2,ACTIVE_WITH_PURCHASE_HISTORY,Keep: Has active purchase/return activity,0
6458,MAIDENS CREATION,9489,265,,TRUE,1,1,0,0,0,0,1,1,1,ACTIVE_WITH_PURCHASE_HISTORY,Keep: Has active purchase/return activity,0
6458A,VARIMA FASHIONS PVT LTD,7919,VFPL-0139,INV2627000758,TRUE,1,1,0,1,1,0,0,1,1,ACTIVE_WITH_PURCHASE_HISTORY,Keep: Has active purchase/return activity,0
647,TANKHI DESIGNS 1 PVT LTD,306,TN/25-26/6176,INV2627000851,TRUE,1,1,0,1,1,0,0,1,1,ACTIVE_WITH_PURCHASE_HISTORY,Keep: Has active purchase/return activity,0
6473,MASHOOQA(22-25),811,4809,INV2627000152,TRUE,1,1,0,1,1,0,0,1,1,ACTIVE_WITH_PURCHASE_HISTORY,Keep: Has active purchase/return activity,0
6475,MAIDENS CREATION,9557,242,,TRUE,1,1,0,0,0,0,2,2,1,ACTIVE_WITH_PURCHASE_HISTORY,Keep: Has active purchase/return activity,-1
6475-B,MAIDENS CREATION,9558,242,,TRUE,1,1,0,0,0,0,1,1,1,ACTIVE_WITH_PURCHASE_HISTORY,Keep: Has active purchase/return activity,0
6476-B,R.F. DESIGNERS,6625,2627,,TRUE,1,1,0,0,0,0,1,1,1,ACTIVE_WITH_PURCHASE_HISTORY,Keep: Has active purchase/return activity,0
6494,MASHOOQA(22-25),803,4809,,TRUE,1,1,0,0,0,0,1,1,1,ACTIVE_WITH_PURCHASE_HISTORY,Keep: Has active purchase/return activity,0
6498-01,MAIDENS CREATION,9505,265,,TRUE,2,1,0,0,0,0,2,2,1,ACTIVE_WITH_PURCHASE_HISTORY,Keep: Has active purchase/return activity,0
6498-02,MAIDENS CREATION,9506,265,,TRUE,1,1,0,0,0,0,1,1,1,ACTIVE_WITH_PURCHASE_HISTORY,Keep: Has active purchase/return activity,0
6498-03,MAIDENS CREATION,9507,265,,TRUE,1,1,0,0,0,0,1,1,1,ACTIVE_WITH_PURCHASE_HISTORY,Keep: Has active purchase/return activity,0
6498-04,MAIDENS CREATION,9508,265,,TRUE,1,1,0,0,0,0,1,1,1,ACTIVE_WITH_PURCHASE_HISTORY,Keep: Has active purchase/return activity,0
65,KRISHNA COLLECTION,7291,KC/INV/584/25-26,INV2627000945,TRUE,1,1,0,1,1,0,0,1,1,ACTIVE_WITH_PURCHASE_HISTORY,Keep: Has active purchase/return activity,0
65-B,KRISHNA COLLECTION,7292,KC/INV/584/25-26,INV2627000502,TRUE,1,1,0,1,1,0,0,1,1,ACTIVE_WITH_PURCHASE_HISTORY,Keep: Has active purchase/return activity,0
6521,SHUBHANGAM FINERY PVT. LTD.,9012,194,,TRUE,1,1,0,0,0,0,1,1,1,ACTIVE_WITH_PURCHASE_HISTORY,Keep: Has active purchase/return activity,0
653,TANKHI DESIGNS 1 PVT LTD,301,TN/25-26/6176,,TRUE,1,1,0,0,0,0,1,1,1,ACTIVE_WITH_PURCHASE_HISTORY,Keep: Has active purchase/return activity,0
656,V NARBHERAM & CO,"00001559, 00001599","234564, 234565","INV2026000252, INV2026000282",TRUE,8,2,0,2,2,0,2,4,2,ACTIVE_WITH_PURCHASE_HISTORY,Keep: Has active purchase/return activity,4
6560A-RNI,AASHIRVAD HERITAGE PVT LTD,1328,AH/008520/25-26,,TRUE,1,1,0,0,0,0,1,1,1,ACTIVE_WITH_PURCHASE_HISTORY,Keep: Has active purchase/return activity,0
658,V NARBHERAM & CO,1637,234563,,TRUE,4,1,0,0,0,0,4,4,1,ACTIVE_WITH_PURCHASE_HISTORY,Keep: Has active purchase/return activity,0
659,ISHIKA CREATION,45,GST/25-26/4113,,TRUE,1,1,0,0,0,0,1,1,1,ACTIVE_WITH_PURCHASE_HISTORY,Keep: Has active purchase/return activity,0
6607,STRAAVI ENSEMBLES PRIVATE LIMITED,"00001465, 00001466",SE/005373/25-26,"INV2627000655, INV2627000704",TRUE,2,1,0,2,2,0,0,2,2,ACTIVE_WITH_PURCHASE_HISTORY,Keep: Has active purchase/return activity,0
661-BROWN,ISHUM DESIGNS,"00007269, 00007270",ID/12315/2025-26,,TRUE,3,1,0,0,0,0,2,2,2,ACTIVE_WITH_PURCHASE_HISTORY,Keep: Has active purchase/return activity,1
661-PEACH,ISHUM DESIGNS,"00007271, 00007272",ID/12315/2025-26,,TRUE,3,1,0,0,0,0,2,2,2,ACTIVE_WITH_PURCHASE_HISTORY,Keep: Has active purchase/return activity,1
662,V NARBHERAM & CO,"00001632, 00001635",234563,,TRUE,8,1,0,0,0,0,4,4,2,ACTIVE_WITH_PURCHASE_HISTORY,Keep: Has active purchase/return activity,4
6643 LC,SHUBHANGAM-(2022-23),6454,19940,,TRUE,1,1,0,0,0,0,1,1,1,ACTIVE_WITH_PURCHASE_HISTORY,Keep: Has active purchase/return activity,0
665,V NARBHERAM & CO,1694,234569,INV2026000183,TRUE,5,1,0,1,1,0,4,5,1,ACTIVE_WITH_PURCHASE_HISTORY,Keep: Has active purchase/return activity,0
6654,STRAAVI ENSEMBLES PRIVATE LIMITED,2202,SE/005362/25-26,INV2627000334,TRUE,3,1,0,1,1,1,2,3,1,ACTIVE_WITH_PURCHASE_HISTORY,Keep: Has active purchase/return activity,1
6655,STRAAVI ENSEMBLES PRIVATE LIMITED,2201,SE/005362/25-26,,TRUE,2,1,0,0,0,0,2,2,1,ACTIVE_WITH_PURCHASE_HISTORY,Keep: Has active purchase/return activity,0
6655 LC,SHUBHANGAM-(2022-23),6452,19940,,TRUE,1,1,0,0,0,0,1,1,1,ACTIVE_WITH_PURCHASE_HISTORY,Keep: Has active purchase/return activity,0
6658,SHUBHANGAM-(2022-23),5952,19911,,TRUE,1,1,0,0,0,0,1,1,1,ACTIVE_WITH_PURCHASE_HISTORY,Keep: Has active purchase/return activity,0
6659 LC,SHUBHANGAM-(2022-23),6453,19940,,TRUE,1,1,0,0,0,0,1,1,1,ACTIVE_WITH_PURCHASE_HISTORY,Keep: Has active purchase/return activity,0
6661,SHUBHANGAM-(2022-23),5951,19911,,TRUE,1,1,0,0,0,0,1,1,1,ACTIVE_WITH_PURCHASE_HISTORY,Keep: Has active purchase/return activity,0
6666,SIMAYAA DESIGNS LLP,"00002112, 00002113",3612/25-26,"INV2627000344, INV2627000448",TRUE,2,1,0,2,2,0,0,2,2,ACTIVE_WITH_PURCHASE_HISTORY,Keep: Has active purchase/return activity,0
670,V NARBHERAM & CO,"00001824, 00001832",234568,,TRUE,3,1,0,0,0,0,2,2,2,ACTIVE_WITH_PURCHASE_HISTORY,Keep: Has active purchase/return activity,1
671,NILIMA CREATIONS ,"00006260, 00006261",NCS/003825/25-26,"INV2026000272, INV2026000372, INV2627000449",TRUE,4,1,0,3,3,0,0,2,2,ACTIVE_WITH_PURCHASE_HISTORY,Keep: Has active purchase/return activity,1
6713,AARI,"00004196, 00004197, 00004198, 00004199, 00004200, 00004201, 00004202",5593/25-26,"INV2026000356, INV2627000171, INV2627000925, INV2627001005",TRUE,7,1,0,4,4,0,3,7,7,ACTIVE_WITH_PURCHASE_HISTORY,Keep: Has active purchase/return activity,0
672,V NARBHERAM & CO,1817,234568,INV2627000691,TRUE,2,1,0,1,1,0,1,2,1,ACTIVE_WITH_PURCHASE_HISTORY,Keep: Has active purchase/return activity,0
6729,V NARBHERAM & CO,1668,234571,,TRUE,2,1,0,0,0,0,2,2,1,ACTIVE_WITH_PURCHASE_HISTORY,Keep: Has active purchase/return activity,0
6734,V NARBHERAM & CO,1813,234568,,TRUE,1,1,0,0,0,0,1,1,1,ACTIVE_WITH_PURCHASE_HISTORY,Keep: Has active purchase/return activity,0
6735,V NARBHERAM & CO,1812,234568,INV2627000531,TRUE,1,1,0,1,1,0,0,1,1,ACTIVE_WITH_PURCHASE_HISTORY,Keep: Has active purchase/return activity,0
6737,V NARBHERAM & CO,1523,234566,"INV2627000416, INV2627000682",TRUE,2,1,0,2,2,0,0,2,1,ACTIVE_WITH_PURCHASE_HISTORY,Keep: Has active purchase/return activity,0
676,V NARBHERAM & CO,1565,234565,,TRUE,5,1,0,0,0,0,5,5,1,ACTIVE_WITH_PURCHASE_HISTORY,Keep: Has active purchase/return activity,0
6760,SIMAYAA DESIGNS LLP,"00002114, 00002115",3612/25-26,"INV2627000105, INV2627000508",TRUE,2,1,0,2,2,0,0,2,2,ACTIVE_WITH_PURCHASE_HISTORY,Keep: Has active purchase/return activity,0
677,V NARBHERAM & CO,1569,234565,,TRUE,6,1,0,0,0,0,6,6,1,ACTIVE_WITH_PURCHASE_HISTORY,Keep: Has active purchase/return activity,0
6770,V NARBHERAM & CO,1814,234568,,TRUE,1,1,0,0,0,0,1,1,1,ACTIVE_WITH_PURCHASE_HISTORY,Keep: Has active purchase/return activity,0
6791 A,STRAAVI ENSEMBLES PRIVATE LIMITED,1468,SE/005373/25-26,,TRUE,1,1,0,0,0,0,1,1,1,ACTIVE_WITH_PURCHASE_HISTORY,Keep: Has active purchase/return activity,0
6798,AARI,"00009094, 00009095, 00009096, 00009097",63/26-27,,TRUE,4,1,0,0,0,0,4,4,4,ACTIVE_WITH_PURCHASE_HISTORY,Keep: Has active purchase/return activity,0
6798-B,AARI,"00009098, 00009099, 00009100",63/26-27,,TRUE,3,1,0,0,0,0,3,3,3,ACTIVE_WITH_PURCHASE_HISTORY,Keep: Has active purchase/return activity,0
68,REYAANS ,"00003767, 00004817, 00008092","8880, TI/25-26/00382, TI/26-27/0074",,TRUE,3,3,2,0,0,0,1,3,3,ACTIVE_WITH_PURCHASE_HISTORY,Keep: Has active purchase/return activity,0
68-B,REYAANS ,"00004818, 00008093","TI/25-26/00382, TI/26-27/0074",,TRUE,2,2,1,0,0,0,1,2,2,ACTIVE_WITH_PURCHASE_HISTORY,Keep: Has active purchase/return activity,0
6801,STRAAVI ENSEMBLES PRIVATE LIMITED,2203,SE/005370/25-26,,TRUE,1,1,0,0,0,0,1,1,1,ACTIVE_WITH_PURCHASE_HISTORY,Keep: Has active purchase/return activity,0
6805,SIMAYAA DESIGNS LLP,2116,3612/25-26,INV2627000945,TRUE,1,1,0,1,1,0,0,1,1,ACTIVE_WITH_PURCHASE_HISTORY,Keep: Has active purchase/return activity,0
682-5606,AASHIRVAD HERITAGE PVT LTD,"00001032, 00001033, 00001034",AH/008530/25-26`,INV2026000230,TRUE,3,1,0,1,1,0,2,3,3,ACTIVE_WITH_PURCHASE_HISTORY,Keep: Has active purchase/return activity,0
6824 1,AARI,"00000724, 00000725, 00000726, 00000727, 00000728, 00000729, 00000730",5460/25-26,,TRUE,7,1,7,0,0,0,0,7,7,ACTIVE_WITH_PURCHASE_HISTORY,Keep: Has active purchase/return activity,0
6836,SIMAYAA DESIGNS LLP,"00002117, 00002118",3612/25-26,"INV2627000084, INV2627000389",TRUE,2,1,0,2,2,0,0,2,2,ACTIVE_WITH_PURCHASE_HISTORY,Keep: Has active purchase/return activity,0
6839 1,AARI,"00000731, 00000732, 00000733, 00000734, 00000735",5460/25-26,"INV2026000253, INV2026000351, INV2627000999",TRUE,5,1,0,3,3,0,2,5,5,ACTIVE_WITH_PURCHASE_HISTORY,Keep: Has active purchase/return activity,0
6844,SIMAYAA DESIGNS LLP,"00002119, 00002120",3612/25-26,,TRUE,2,1,0,0,0,0,2,2,2,ACTIVE_WITH_PURCHASE_HISTORY,Keep: Has active purchase/return activity,0
6853 1,AARI,"00000736, 00000737, 00000738, 00000739",5460/25-26,"INV2026000172, INV2627000368",TRUE,4,1,0,2,2,0,2,4,4,ACTIVE_WITH_PURCHASE_HISTORY,Keep: Has active purchase/return activity,0
6854 1,AARI,"00000742, 00000743, 00000744, 00000745, 00000746",5460/25-26,"INV2026000189, INV2627000021, INV2627000096",TRUE,5,1,0,3,3,0,2,5,5,ACTIVE_WITH_PURCHASE_HISTORY,Keep: Has active purchase/return activity,0
6874 B,AARI,"00000747, 00000748, 00000749, 00000750, 00000773, 00000774",5460/25-26,,TRUE,6,1,0,0,0,0,6,6,6,ACTIVE_WITH_PURCHASE_HISTORY,Keep: Has active purchase/return activity,0
6874 G,AARI,"00000751, 00000752, 00000753, 00000775, 00000776, 00000777, 00000778",5460/25-26,,TRUE,7,1,0,0,0,0,7,7,7,ACTIVE_WITH_PURCHASE_HISTORY,Keep: Has active purchase/return activity,0
6879 1,AARI,"00000652, 00000653, 00000654, 00000655, 00000656, 00000657, 00000658",5462/25-26,INV2026000416,TRUE,7,1,0,1,1,0,6,7,7,ACTIVE_WITH_PURCHASE_HISTORY,Keep: Has active purchase/return activity,0
688,SADBHAVANA ENTERPRISES,2719,11942,INV2627000955,TRUE,4,1,0,1,1,0,3,4,1,ACTIVE_WITH_PURCHASE_HISTORY,Keep: Has active purchase/return activity,0
6888,AARI,"00005673, 00005674, 00005675",5878/25-26,"INV2026000151, INV2026000228",TRUE,3,1,0,2,2,0,1,3,3,ACTIVE_WITH_PURCHASE_HISTORY,Keep: Has active purchase/return activity,0
6888-2,AARI,5676,5878/25-26,INV2627000661,TRUE,1,1,0,1,1,0,0,1,1,ACTIVE_WITH_PURCHASE_HISTORY,Keep: Has active purchase/return activity,0
6890,AARI,"00005677, 00005678, 00005679, 00005680",5878/25-26,"INV2026000026, INV2026000071, INV2026000097, INV2026000160, INV2026000163, INV2026000179",TRUE,8,1,0,6,6,0,2,8,4,ACTIVE_WITH_PURCHASE_HISTORY,Keep: Has active purchase/return activity,0
6890-2,AARI,"00005681, 00005682",5878/25-26,,TRUE,3,1,0,0,0,0,2,2,2,ACTIVE_WITH_PURCHASE_HISTORY,Keep: Has active purchase/return activity,1
6891,AARI,"00006475, 00006476, 00006477, 00006478",6050/25-26,"INV2026000330, INV2627000112, INV2627000137, INV2627000209, INV2627000372, INV2627000484, INV2627000493, INV2627000627",TRUE,8,1,0,8,8,2,1,7,4,ACTIVE_WITH_PURCHASE_HISTORY,Keep: Has active purchase/return activity,1
6891-B,AARI,"00006479, 00006480, 00006481",6050/25-26,,TRUE,3,1,0,0,0,0,3,3,3,ACTIVE_WITH_PURCHASE_HISTORY,Keep: Has active purchase/return activity,0
6894,AARI,"00004203, 00004204, 00004205, 00004206",5593/25-26,"INV2026000296, INV2627000220",TRUE,8,1,0,2,2,0,4,6,4,ACTIVE_WITH_PURCHASE_HISTORY,Keep: Has active purchase/return activity,2
6898 1,AARI,"00000659, 00000660, 00000661, 00000662, 00000663",5462/25-26,INV2627000718,TRUE,10,1,0,1,1,0,7,8,5,ACTIVE_WITH_PURCHASE_HISTORY,Keep: Has active purchase/return activity,2
6899,AARI,"00006482, 00006483, 00006484, 00006485, 00009101, 00009102, 00009103, 00009104","6050/25-26, 63/26-27","INV2026000298, INV2026000400, INV2026000402, INV2627000006, INV2627000026, INV2627000029, INV2627000329, INV2627000375, INV2627000864, INV2627000940, INV2627000956",TRUE,16,2,0,11,11,0,3,12,8,ACTIVE_WITH_PURCHASE_HISTORY,Keep: Has active purchase/return activity,2
6899-B,AARI,"00006486, 00009105","6050/25-26, 63/26-27",INV2627000021,TRUE,2,2,0,1,1,0,1,2,2,ACTIVE_WITH_PURCHASE_HISTORY,Keep: Has active purchase/return activity,0
69 SCRFS,ESSENCE COLLECTION PVT LTD,6112,748,INV2627000862,TRUE,1,1,0,1,1,0,0,1,1,ACTIVE_WITH_PURCHASE_HISTORY,Keep: Has active purchase/return activity,0
69 SCRFS-G,ESSENCE COLLECTION PVT LTD,6113,748,,TRUE,1,1,0,0,0,0,1,1,1,ACTIVE_WITH_PURCHASE_HISTORY,Keep: Has active purchase/return activity,0
69 SCRFS-W,ESSENCE COLLECTION PVT LTD,6114,748,INV2627000862,TRUE,1,1,0,1,1,0,0,1,1,ACTIVE_WITH_PURCHASE_HISTORY,Keep: Has active purchase/return activity,0
6901,AARI,"00008033, 00008034, 00008035, 00008036",239,,TRUE,4,1,0,0,0,0,4,4,4,ACTIVE_WITH_PURCHASE_HISTORY,Keep: Has active purchase/return activity,0
6901- B,AARI,"00008037, 00008038, 00008039",239,,TRUE,3,1,0,0,0,0,3,3,3,ACTIVE_WITH_PURCHASE_HISTORY,Keep: Has active purchase/return activity,0
6903,AARI,"00004611, 00004612, 00004613, 00004614",5656/25-26,"INV2026000091, INV2627000112, INV2627000220, INV2627000291, INV2627000457, INV2627000523, INV2627000549, INV2627000918",TRUE,8,1,0,8,8,0,0,7,4,ACTIVE_WITH_PURCHASE_HISTORY,Keep: Has active purchase/return activity,0
6903-2,AARI,4615,5656/25-26,INV2627000636,TRUE,1,1,0,1,1,0,0,1,1,ACTIVE_WITH_PURCHASE_HISTORY,Keep: Has active purchase/return activity,0
6903 NB,AARI,"00004616, 00004617, 00004618, 00004619",5656/25-26,"INV2026000022, INV2026000344, INV2627000116, INV2627000170, INV2627000259, INV2627000281, INV2627000871, INV2627000899",TRUE,8,1,0,8,8,0,0,6,4,ACTIVE_WITH_PURCHASE_HISTORY,Keep: Has active purchase/return activity,0
6903 NB2,AARI,4620,5656/25-26,INV2627000871,TRUE,1,1,0,1,1,0,0,1,1,ACTIVE_WITH_PURCHASE_HISTORY,Keep: Has active purchase/return activity,0
6903 OP,AARI,"00004621, 00004622, 00004623, 00004624",5656/25-26,"INV2026000005, INV2026000100, INV2627000046, INV2627000354, INV2627000453, INV2627000725, INV2627000825, INV2627000889",TRUE,8,1,0,8,8,0,0,8,4,ACTIVE_WITH_PURCHASE_HISTORY,Keep: Has active purchase/return activity,0
6903 OP2,AARI,4625,5656/25-26,INV2627000220,TRUE,1,1,0,1,1,0,0,1,1,ACTIVE_WITH_PURCHASE_HISTORY,Keep: Has active purchase/return activity,0
6905,AARI,"00008040, 00008041, 00008042, 00009117","239, 63/26-27",INV2627000975,TRUE,7,2,0,1,1,0,5,6,4,ACTIVE_WITH_PURCHASE_HISTORY,Keep: Has active purchase/return activity,1
6905-B,AARI,8043,"239, 63/26-27",,TRUE,2,2,0,0,0,0,2,2,1,ACTIVE_WITH_PURCHASE_HISTORY,Keep: Has active purchase/return activity,0
6906,AARI,"00004626, 00004627, 00004628",5656/25-26,"INV2026000422, INV2627000111, INV2627000357, INV2627000605, INV2627000791",TRUE,6,1,0,5,5,0,0,4,3,ACTIVE_WITH_PURCHASE_HISTORY,Keep: Has active purchase/return activity,1
6906-2,AARI,4629,5656/25-26,INV2627000871,TRUE,1,1,0,1,1,0,0,1,1,ACTIVE_WITH_PURCHASE_HISTORY,Keep: Has active purchase/return activity,0
6908,AARI,"00006487, 00006488, 00006489, 00006490",6050/25-26,"INV2627000354, INV2627000453, INV2627000802",TRUE,4,1,0,3,3,0,1,4,4,ACTIVE_WITH_PURCHASE_HISTORY,Keep: Has active purchase/return activity,0
6908-B,AARI,6491,6050/25-26,INV2627000454,TRUE,1,1,0,1,1,0,0,1,1,ACTIVE_WITH_PURCHASE_HISTORY,Keep: Has active purchase/return activity,0
6911-A,AARI,"00009237, 00009238, 00009239, 00009240",458,,TRUE,4,1,0,0,0,0,4,4,4,ACTIVE_WITH_PURCHASE_HISTORY,Keep: Has active purchase/return activity,0
6911-B,AARI,"00009241, 00009242, 00009243",458,,TRUE,3,1,0,0,0,0,3,3,3,ACTIVE_WITH_PURCHASE_HISTORY,Keep: Has active purchase/return activity,0
6913-A,AARI,"00007111, 00007112, 00007113, 00007114",6216/25-26,,TRUE,4,1,0,0,0,0,4,4,4,ACTIVE_WITH_PURCHASE_HISTORY,Keep: Has active purchase/return activity,0
6913-B,AARI,"00007115, 00007116",6216/25-26,,TRUE,2,1,0,0,0,0,2,2,2,ACTIVE_WITH_PURCHASE_HISTORY,Keep: Has active purchase/return activity,0
6987,STRAAVI ENSEMBLES PRIVATE LIMITED,2199,SE/005362/25-26,,TRUE,1,1,0,0,0,0,1,1,1,ACTIVE_WITH_PURCHASE_HISTORY,Keep: Has active purchase/return activity,0
7,NIRJA HANDICRAFT ,"00002157, 00002705, 00002799, 00004596, 00004751, 00008476","10, 1100, 305, 489, S786, S790",INV2627000375,TRUE,18,6,1,1,1,0,16,18,6,ACTIVE_WITH_PURCHASE_HISTORY,Keep: Has active purchase/return activity,0
7-15297,RUHAANI ARTS,7630,RAD/26-27/000080,,TRUE,1,1,1,0,0,0,0,1,1,ACTIVE_WITH_PURCHASE_HISTORY,Keep: Has active purchase/return activity,0
7-201,REGARDS SAREES PVT LTD,4470,RSP/006253/25-26,,TRUE,1,1,0,0,0,0,1,1,1,ACTIVE_WITH_PURCHASE_HISTORY,Keep: Has active purchase/return activity,0
Jul-52,TANEJA APPARELS P LTD,7402,268,,TRUE,1,1,0,0,0,0,1,1,1,ACTIVE_WITH_PURCHASE_HISTORY,Keep: Has active purchase/return activity,0
Jul-49,R.F. CREATIONS ,7180,172-2627,INV2627000627,TRUE,1,1,0,1,1,0,0,1,1,ACTIVE_WITH_PURCHASE_HISTORY,Keep: Has active purchase/return activity,0
7-318,SUNEETA SAREE EMPORIUM ,5796,1060/25-26,,TRUE,1,1,1,0,0,0,0,1,1,ACTIVE_WITH_PURCHASE_HISTORY,Keep: Has active purchase/return activity,0
7-323,REGARDS SAREES PVT LTD,3781,RSP/006252 25-26,,TRUE,1,1,0,0,0,0,1,1,1,ACTIVE_WITH_PURCHASE_HISTORY,Keep: Has active purchase/return activity,0
7-378,REGARDS SAREES PVT LTD,"00004477, 00004478",RSP/006253/25-26,INV2627000456,TRUE,2,1,0,1,1,0,1,2,2,ACTIVE_WITH_PURCHASE_HISTORY,Keep: Has active purchase/return activity,0
7-3910A-G,VIMAL CREATION,6769,21-2627,,TRUE,1,1,0,0,0,0,1,1,1,ACTIVE_WITH_PURCHASE_HISTORY,Keep: Has active purchase/return activity,0
7-3910A-P,VIMAL CREATION,"00006770, 00006771",21-2627,INV2627000428,TRUE,2,1,0,1,1,0,1,2,2,ACTIVE_WITH_PURCHASE_HISTORY,Keep: Has active purchase/return activity,0
7-543M,REGARDS SAREES PVT LTD,4487,RSP/006253/25-26,,TRUE,1,1,0,0,0,0,1,1,1,ACTIVE_WITH_PURCHASE_HISTORY,Keep: Has active purchase/return activity,0
7-593,REGARDS SAREES PVT LTD,"00003786, 00003787",RSP/006252 25-26,,TRUE,2,1,0,0,0,0,2,2,2,ACTIVE_WITH_PURCHASE_HISTORY,Keep: Has active purchase/return activity,0
7-P,ANJALI TRADERS,"00004513, 00004514",AT/1882/25-26,,TRUE,2,1,0,0,0,0,2,2,2,ACTIVE_WITH_PURCHASE_HISTORY,Keep: Has active purchase/return activity,0
7-Y,ANJALI TRADERS,4515,AT/1882/25-26,,TRUE,1,1,0,0,0,0,1,1,1,ACTIVE_WITH_PURCHASE_HISTORY,Keep: Has active purchase/return activity,0
07-Jan,NEW MODERN CHIKAN,"00003844, 00005990","1941, 2021",INV2026000350,TRUE,2,2,1,1,1,0,0,2,2,ACTIVE_WITH_PURCHASE_HISTORY,Keep: Has active purchase/return activity,0
7/1-SPJ,OMAANA,6398,548,INV2026000031,TRUE,1,1,0,1,1,0,0,1,1,ACTIVE_WITH_PURCHASE_HISTORY,Keep: Has active purchase/return activity,0
07-Feb,KUTCH BANDHEJ-NX,8792,SJ/26-27/188,,TRUE,2,1,0,0,0,0,2,2,1,ACTIVE_WITH_PURCHASE_HISTORY,Keep: Has active purchase/return activity,0
7/2-M P,KUTCH BANDHEJ-NX,5395,2026,,TRUE,2,1,0,0,0,0,2,2,1,ACTIVE_WITH_PURCHASE_HISTORY,Keep: Has active purchase/return activity,0
07-Mar,M/S ADISHAKTI CREATIONS ,"00005131, 00005237, 00005238, 00005239, 00005335, 00005374","2011, 2014, GST-02054-25-26","INV2026000107, INV2026000331, INV2627000253",TRUE,9,3,3,3,3,0,4,10,6,ACTIVE_WITH_PURCHASE_HISTORY,Keep: Has active purchase/return activity,-1
07-Apr,UMMED SAREE CENTRE NX,"00003313, 00003314, 00003315",3431,"INV2627000194, INV2627001007",TRUE,3,1,0,2,2,0,2,4,3,ACTIVE_WITH_PURCHASE_HISTORY,Keep: Has active purchase/return activity,-1
7/4-A,UMMED SAREE CENTRE NX,8852,3431,,TRUE,1,1,0,0,0,0,1,1,1,ACTIVE_WITH_PURCHASE_HISTORY,Keep: Has active purchase/return activity,0
07-Jun,KUTCH BANDHEJ-NX,5364,2023,,TRUE,6,1,3,0,0,0,3,6,1,ACTIVE_WITH_PURCHASE_HISTORY,Keep: Has active purchase/return activity,0
7/7-G,KUTCH BANDHEJ-NX,5403,2025,,TRUE,2,1,2,0,0,0,0,2,1,ACTIVE_WITH_PURCHASE_HISTORY,Keep: Has active purchase/return activity,0
70-RED,VIMAL CREATION,"00006781, 00006810",20-2627,,TRUE,1,1,1,0,0,0,1,2,2,ACTIVE_WITH_PURCHASE_HISTORY,Keep: Has active purchase/return activity,-1
70 SCRFS,ESSENCE COLLECTION PVT LTD,6109,748,INV2627000345,TRUE,1,1,0,1,1,0,0,1,1,ACTIVE_WITH_PURCHASE_HISTORY,Keep: Has active purchase/return activity,0
70 SCRFS-G,ESSENCE COLLECTION PVT LTD,6110,748,,TRUE,1,1,0,0,0,0,1,1,1,ACTIVE_WITH_PURCHASE_HISTORY,Keep: Has active purchase/return activity,0
70 SCRFS-W,ESSENCE COLLECTION PVT LTD,6111,748,INV2627000440,TRUE,1,1,0,1,1,0,0,1,1,ACTIVE_WITH_PURCHASE_HISTORY,Keep: Has active purchase/return activity,0
7010A-BEG,AASHIRVAD HERITAGE PVT LTD,1329,AH/008520/25-26,,TRUE,1,1,0,0,0,0,1,1,1,ACTIVE_WITH_PURCHASE_HISTORY,Keep: Has active purchase/return activity,0
7012,VIRA ENTERPRISES,"00003715, 00003716, 00003717",VE1722/25-26,INV2627000186,TRUE,3,1,0,1,1,0,2,3,3,ACTIVE_WITH_PURCHASE_HISTORY,Keep: Has active purchase/return activity,0
7012-B,VIRA ENTERPRISES,3718,VE1722/25-26,,TRUE,1,1,0,0,0,0,1,1,1,ACTIVE_WITH_PURCHASE_HISTORY,Keep: Has active purchase/return activity,0
7017,STRAAVI ENSEMBLES PRIVATE LIMITED,2206,SE/005370/25-26,,TRUE,1,1,0,0,0,0,1,1,1,ACTIVE_WITH_PURCHASE_HISTORY,Keep: Has active purchase/return activity,0
7018,VIRA ENTERPRISES,"00003719, 00003720, 00003721",VE1722/25-26,,TRUE,3,1,0,0,0,0,3,3,3,ACTIVE_WITH_PURCHASE_HISTORY,Keep: Has active purchase/return activity,0
7018-B,VIRA ENTERPRISES,3722,VE1722/25-26,,TRUE,1,1,0,0,0,0,1,1,1,ACTIVE_WITH_PURCHASE_HISTORY,Keep: Has active purchase/return activity,0
7023,VIRA ENTERPRISES,3681,VE1722/25-26,INV2627000599,TRUE,1,1,0,1,1,0,0,1,1,ACTIVE_WITH_PURCHASE_HISTORY,Keep: Has active purchase/return activity,0
7031,VIRA ENTERPRISES,3682,VE1722/25-26,,TRUE,1,1,0,0,0,0,1,1,1,ACTIVE_WITH_PURCHASE_HISTORY,Keep: Has active purchase/return activity,0
704,V NARBHERAM & CO,1680,234571,"INV2026000419, INV2627000162",TRUE,3,1,0,2,2,0,1,3,1,ACTIVE_WITH_PURCHASE_HISTORY,Keep: Has active purchase/return activity,0
7040,VIRA ENTERPRISES,3683,VE1722/25-26,INV2627000356,TRUE,1,1,0,1,1,0,0,1,1,ACTIVE_WITH_PURCHASE_HISTORY,Keep: Has active purchase/return activity,0
7042,VIRA ENTERPRISES,3684,VE1722/25-26,INV2627000941,TRUE,1,1,0,1,1,0,0,1,1,ACTIVE_WITH_PURCHASE_HISTORY,Keep: Has active purchase/return activity,0
7043,VIRA ENTERPRISES,"00003723, 00003724",VE1722/25-26,"INV2627000918, INV2627001043",TRUE,2,1,0,2,2,0,0,2,2,ACTIVE_WITH_PURCHASE_HISTORY,Keep: Has active purchase/return activity,0
7045,V NARBHERAM & CO,1691,234569,"INV2026000122, INV2627000574",TRUE,4,1,0,2,2,0,2,4,1,ACTIVE_WITH_PURCHASE_HISTORY,Keep: Has active purchase/return activity,0
7048,MASHOOQA(22-25),809,4809,,TRUE,1,1,0,0,0,0,1,1,1,ACTIVE_WITH_PURCHASE_HISTORY,Keep: Has active purchase/return activity,0
7049,MASHOOQA(22-25),810,4809,,TRUE,1,1,0,0,0,0,1,1,1,ACTIVE_WITH_PURCHASE_HISTORY,Keep: Has active purchase/return activity,0
7053,VIRA ENTERPRISES,3685,VE1722/25-26,,TRUE,1,1,0,0,0,0,1,1,1,ACTIVE_WITH_PURCHASE_HISTORY,Keep: Has active purchase/return activity,0
706,RUPDARSHI HERITAGE PVT LTD,4337,RD/009160/25-26,,TRUE,2,1,0,0,0,0,2,2,1,ACTIVE_WITH_PURCHASE_HISTORY,Keep: Has active purchase/return activity,0
7064,VIRA ENTERPRISES,"00003686, 00003687",VE1722/25-26,,TRUE,2,1,0,0,0,0,2,2,2,ACTIVE_WITH_PURCHASE_HISTORY,Keep: Has active purchase/return activity,0
7066,VIRA ENTERPRISES,3688,VE1722/25-26,,TRUE,1,1,0,0,0,0,1,1,1,ACTIVE_WITH_PURCHASE_HISTORY,Keep: Has active purchase/return activity,0
7077,MASHOOQA(22-25),798,4809,"INV2627000101, INV2627000736",TRUE,2,1,0,2,2,0,0,2,1,ACTIVE_WITH_PURCHASE_HISTORY,Keep: Has active purchase/return activity,0
7077 M,MASHOOQA(22-25),,,,TRUE,0,0,0,0,0,0,0,0,0,SAFE_TO_DELETE_IDLE,"Safe to Delete: No purchases, returns, sales, or stock",0
7079,MASHOOQA(22-25),814,4809,INV2627000086,TRUE,1,1,0,1,1,0,0,1,1,ACTIVE_WITH_PURCHASE_HISTORY,Keep: Has active purchase/return activity,0
7079 PU,MASHOOQA(22-25),815,4809,INV2627000389,TRUE,1,1,0,1,1,0,0,1,1,ACTIVE_WITH_PURCHASE_HISTORY,Keep: Has active purchase/return activity,0
7080,CELEBRATION CLOTHING PVT. LTD.,227,25-26-1917,,TRUE,1,1,0,0,0,0,1,1,1,ACTIVE_WITH_PURCHASE_HISTORY,Keep: Has active purchase/return activity,0
7082,MASHOOQA(22-25),801,4809,,TRUE,1,1,0,0,0,0,1,1,1,ACTIVE_WITH_PURCHASE_HISTORY,Keep: Has active purchase/return activity,0
7082 GN,MASHOOQA(22-25),802,4809,,TRUE,1,1,0,0,0,0,1,1,1,ACTIVE_WITH_PURCHASE_HISTORY,Keep: Has active purchase/return activity,0
7090-A,VIRA ENTERPRISES,3689,VE1722/25-26,,TRUE,1,1,0,0,0,0,1,1,1,ACTIVE_WITH_PURCHASE_HISTORY,Keep: Has active purchase/return activity,0
7092-A,VIRA ENTERPRISES,3690,VE1722/25-26,,TRUE,1,1,0,0,0,0,1,1,1,ACTIVE_WITH_PURCHASE_HISTORY,Keep: Has active purchase/return activity,0
71-PINK,VIMAL CREATION,"00006780, 00006809",20-2627,,TRUE,1,1,1,0,0,0,1,2,2,ACTIVE_WITH_PURCHASE_HISTORY,Keep: Has active purchase/return activity,-1
7104,HOUSE OF RITAS PRIVATE LIMITED,7850,INV001-0012950,,TRUE,1,1,0,0,0,0,1,1,1,ACTIVE_WITH_PURCHASE_HISTORY,Keep: Has active purchase/return activity,0
7112-GREEN,YASH FABRICS,8152,735,,TRUE,1,1,0,0,0,0,1,1,1,ACTIVE_WITH_PURCHASE_HISTORY,Keep: Has active purchase/return activity,0
7112-PINK,YASH FABRICS,8151,735,,TRUE,1,1,0,0,0,0,1,1,1,ACTIVE_WITH_PURCHASE_HISTORY,Keep: Has active purchase/return activity,0
7112-PURPLE,YASH FABRICS,8150,735,,TRUE,1,1,0,0,0,0,1,1,1,ACTIVE_WITH_PURCHASE_HISTORY,Keep: Has active purchase/return activity,0
7112-YELLOW,YASH FABRICS,8153,735,,TRUE,1,1,0,0,0,0,1,1,1,ACTIVE_WITH_PURCHASE_HISTORY,Keep: Has active purchase/return activity,0
7117-A,HOUSE OF RITAS PRIVATE LIMITED,7849,INV001-0012950,INV2627000850,TRUE,1,1,0,1,1,0,0,1,1,ACTIVE_WITH_PURCHASE_HISTORY,Keep: Has active purchase/return activity,0
713,Manvi &Manik,787,25-26/1385,,TRUE,1,1,0,0,0,0,1,1,1,ACTIVE_WITH_PURCHASE_HISTORY,Keep: Has active purchase/return activity,0
7134,AASHIRVAD HERITAGE PVT LTD,"00001334, 00001335, 00001336, 00001337",AH/008520/25-26,INV2627000704,TRUE,4,1,0,1,1,0,3,4,4,ACTIVE_WITH_PURCHASE_HISTORY,Keep: Has active purchase/return activity,0
7139,KADAMBARI FASHION ,8168,219,,TRUE,1,1,0,0,0,0,1,1,1,ACTIVE_WITH_PURCHASE_HISTORY,Keep: Has active purchase/return activity,0
7139-02,KADAMBARI FASHION ,8169,219,,TRUE,1,1,0,0,0,0,1,1,1,ACTIVE_WITH_PURCHASE_HISTORY,Keep: Has active purchase/return activity,0
7182-BEG,AASHIRVAD HERITAGE PVT LTD,1326,AH/008520/25-26,INV2627000747,TRUE,1,1,0,1,1,0,0,1,1,ACTIVE_WITH_PURCHASE_HISTORY,Keep: Has active purchase/return activity,0
7184,V NARBHERAM & CO,1564,234565,,TRUE,4,1,0,0,0,0,4,4,1,ACTIVE_WITH_PURCHASE_HISTORY,Keep: Has active purchase/return activity,0
7185,MASHOOQA(22-25),799,4809,,TRUE,1,1,0,0,0,0,1,1,1,ACTIVE_WITH_PURCHASE_HISTORY,Keep: Has active purchase/return activity,0
7185 M,MASHOOQA(22-25),800,4809,INV2627000918,TRUE,1,1,0,1,1,0,0,1,1,ACTIVE_WITH_PURCHASE_HISTORY,Keep: Has active purchase/return activity,0
7196,STRAAVI ENSEMBLES PRIVATE LIMITED,"00001441, 00001442, 00001450, 00001451",SE/005367/25-26,,TRUE,2,1,0,0,0,0,4,4,4,ACTIVE_WITH_PURCHASE_HISTORY,Keep: Has active purchase/return activity,-2
7197,STRAAVI ENSEMBLES PRIVATE LIMITED,"00001444, 00001445, 00001453, 00001454",SE/005367/25-26,,TRUE,2,1,0,0,0,0,4,4,4,ACTIVE_WITH_PURCHASE_HISTORY,Keep: Has active purchase/return activity,-2
7198,STRAAVI ENSEMBLES PRIVATE LIMITED,"00001443, 00001452",SE/005367/25-26,,TRUE,1,1,0,0,0,0,2,2,2,ACTIVE_WITH_PURCHASE_HISTORY,Keep: Has active purchase/return activity,-1
7203,STRAAVI ENSEMBLES PRIVATE LIMITED,1430,SE/005381/25-26,INV2627000005,TRUE,1,1,0,1,1,0,0,1,1,ACTIVE_WITH_PURCHASE_HISTORY,Keep: Has active purchase/return activity,0
7205,KADAMBARI FASHION ,8167,219,,TRUE,1,1,0,0,0,0,1,1,1,ACTIVE_WITH_PURCHASE_HISTORY,Keep: Has active purchase/return activity,0
7211,MASHOOQA(22-25),804,4809,INV2627000167,TRUE,1,1,0,1,1,0,0,1,1,ACTIVE_WITH_PURCHASE_HISTORY,Keep: Has active purchase/return activity,0
7211 GN,MASHOOQA(22-25),805,4809,INV2627000791,TRUE,1,1,0,1,1,0,0,1,1,ACTIVE_WITH_PURCHASE_HISTORY,Keep: Has active purchase/return activity,0
7213,MASHOOQA(22-25),806,4809,,TRUE,1,1,0,0,0,0,1,1,1,ACTIVE_WITH_PURCHASE_HISTORY,Keep: Has active purchase/return activity,0
7219-PNK,AASHIRVAD HERITAGE PVT LTD,1332,AH/008520/25-26,,TRUE,1,1,0,0,0,0,1,1,1,ACTIVE_WITH_PURCHASE_HISTORY,Keep: Has active purchase/return activity,0
7219-W,RAJNIGANDDHA ,6884,2025-26/2949,INV2627000266,TRUE,1,1,0,1,1,0,0,1,1,ACTIVE_WITH_PURCHASE_HISTORY,Keep: Has active purchase/return activity,0
7220-A,RAJNIGANDDHA ,5073,2025-26/2765,,TRUE,1,1,0,0,0,0,1,1,1,ACTIVE_WITH_PURCHASE_HISTORY,Keep: Has active purchase/return activity,0
7220-B,RAJNIGANDDHA ,5074,2025-26/2765,,TRUE,1,1,0,0,0,0,1,1,1,ACTIVE_WITH_PURCHASE_HISTORY,Keep: Has active purchase/return activity,0
7223-PRP,AASHIRVAD HERITAGE PVT LTD,1330,AH/008520/25-26,,TRUE,1,1,0,0,0,0,1,1,1,ACTIVE_WITH_PURCHASE_HISTORY,Keep: Has active purchase/return activity,0
7225,STRAAVI ENSEMBLES PRIVATE LIMITED,2285,SE/005376/25-26,,TRUE,1,1,0,0,0,0,1,1,1,ACTIVE_WITH_PURCHASE_HISTORY,Keep: Has active purchase/return activity,0
72252,STRAAVI ENSEMBLES PRIVATE LIMITED,2284,SE/005376/25-26,,TRUE,1,1,0,0,0,0,1,1,1,ACTIVE_WITH_PURCHASE_HISTORY,Keep: Has active purchase/return activity,0
7227,AASHIRVAD HERITAGE PVT LTD,1333,AH/008520/25-26,INV2627000249,TRUE,1,1,0,1,1,0,0,1,1,ACTIVE_WITH_PURCHASE_HISTORY,Keep: Has active purchase/return activity,0
7228,STRAAVI ENSEMBLES PRIVATE LIMITED,2200,SE/005362/25-26,,TRUE,3,1,0,0,0,0,3,3,1,ACTIVE_WITH_PURCHASE_HISTORY,Keep: Has active purchase/return activity,0
723,V NARBHERAM & CO,1721,234575,"INV2026000177, INV2026000187, INV2026000324, INV2026000353, INV2026000388, INV2026000398, INV2627000155, INV2627000262",TRUE,8,1,0,8,8,0,0,8,1,ACTIVE_WITH_PURCHASE_HISTORY,Keep: Has active purchase/return activity,0
7231,RAJNIGANDDHA ,5072,2025-26/2765,INV2627000420,TRUE,1,1,0,1,1,0,0,1,1,ACTIVE_WITH_PURCHASE_HISTORY,Keep: Has active purchase/return activity,0
7232,RAJNIGANDDHA ,5085,2025-26/2765,,TRUE,1,1,0,0,0,0,1,1,1,ACTIVE_WITH_PURCHASE_HISTORY,Keep: Has active purchase/return activity,0
7237,V NARBHERAM & CO,1705,234569,INV2026000282,TRUE,3,1,0,1,1,0,2,3,1,ACTIVE_WITH_PURCHASE_HISTORY,Keep: Has active purchase/return activity,0
7242,RAJNIGANDDHA ,5077,2025-26/2765,INV2026000395,TRUE,1,1,0,1,1,0,0,1,1,ACTIVE_WITH_PURCHASE_HISTORY,Keep: Has active purchase/return activity,0
7243,STRAAVI ENSEMBLES PRIVATE LIMITED,1467,SE/005373/25-26,,TRUE,1,1,0,0,0,0,1,1,1,ACTIVE_WITH_PURCHASE_HISTORY,Keep: Has active purchase/return activity,0
7246,V NARBHERAM & CO,1520,234566,,TRUE,4,1,0,0,0,0,4,4,1,ACTIVE_WITH_PURCHASE_HISTORY,Keep: Has active purchase/return activity,0
7248-RNI,AASHIRVAD HERITAGE PVT LTD,1327,AH/008520/25-26,,TRUE,1,1,0,0,0,0,1,1,1,ACTIVE_WITH_PURCHASE_HISTORY,Keep: Has active purchase/return activity,0
7259,V NARBHERAM & CO,1669,234571,,TRUE,4,1,0,0,0,0,4,4,1,ACTIVE_WITH_PURCHASE_HISTORY,Keep: Has active purchase/return activity,0
726,V NARBHERAM & CO,1606,234564,,TRUE,1,1,0,0,0,0,1,1,1,ACTIVE_WITH_PURCHASE_HISTORY,Keep: Has active purchase/return activity,0
7263,MASHOOQA(22-25),807,4809,,TRUE,1,1,0,0,0,0,1,1,1,ACTIVE_WITH_PURCHASE_HISTORY,Keep: Has active purchase/return activity,0
7263 GR,MASHOOQA(22-25),808,4809,,TRUE,1,1,0,0,0,0,1,1,1,ACTIVE_WITH_PURCHASE_HISTORY,Keep: Has active purchase/return activity,0
7264-,MASHOOQA(22-25),5324,5178,,TRUE,1,1,0,0,0,0,1,1,1,ACTIVE_WITH_PURCHASE_HISTORY,Keep: Has active purchase/return activity,0
7264-A,RAJNIGANDDHA ,5080,2025-26/2765,,TRUE,1,1,0,0,0,0,1,1,1,ACTIVE_WITH_PURCHASE_HISTORY,Keep: Has active purchase/return activity,0
7264-B,RAJNIGANDDHA ,5081,2025-26/2765,,TRUE,1,1,0,0,0,0,1,1,1,ACTIVE_WITH_PURCHASE_HISTORY,Keep: Has active purchase/return activity,0
7267,MASHOOQA(22-25),"00001685, 00001686",4952,,TRUE,2,1,0,0,0,0,2,2,2,ACTIVE_WITH_PURCHASE_HISTORY,Keep: Has active purchase/return activity,0
7268,V NARBHERAM & CO,1631,234563,,TRUE,4,1,0,0,0,0,4,4,1,ACTIVE_WITH_PURCHASE_HISTORY,Keep: Has active purchase/return activity,0
7269,STRAAVI ENSEMBLES PRIVATE LIMITED,"00001460, 00001461",SE/005373/25-26,,TRUE,2,1,0,0,0,0,2,2,2,ACTIVE_WITH_PURCHASE_HISTORY,Keep: Has active purchase/return activity,0
7274,V NARBHERAM & CO,1670,234571,,TRUE,4,1,0,0,0,0,4,4,1,ACTIVE_WITH_PURCHASE_HISTORY,Keep: Has active purchase/return activity,0
7303,AASHIRVAD HERITAGE PVT LTD,1331,AH/008520/25-26,,TRUE,1,1,0,0,0,0,1,1,1,ACTIVE_WITH_PURCHASE_HISTORY,Keep: Has active purchase/return activity,0
7314,AASHIRVAD HERITAGE PVT LTD,1340,AH/008520/25-26,INV2627000833,TRUE,1,1,0,1,1,0,0,1,1,ACTIVE_WITH_PURCHASE_HISTORY,Keep: Has active purchase/return activity,0
7330,STRAAVI ENSEMBLES PRIVATE LIMITED,2283,SE/005376/25-26,,TRUE,2,1,0,0,0,0,2,2,1,ACTIVE_WITH_PURCHASE_HISTORY,Keep: Has active purchase/return activity,0
735,HANDLOOM EMPORIUM TEXT.PRT.LTD,"00000705, 00000706",89TEN/1137,,TRUE,2,1,0,0,0,0,2,2,2,ACTIVE_WITH_PURCHASE_HISTORY,Keep: Has active purchase/return activity,0
7362,KADAMBARI FASHION ,8164,219,INV2627000990,TRUE,1,1,0,1,1,0,0,1,1,ACTIVE_WITH_PURCHASE_HISTORY,Keep: Has active purchase/return activity,0
7377,STRAAVI ENSEMBLES PRIVATE LIMITED,"00001446, 00001447, 00001455, 00001456",SE/005367/25-26,,TRUE,2,1,0,0,0,0,4,4,4,ACTIVE_WITH_PURCHASE_HISTORY,Keep: Has active purchase/return activity,-2
739,HANDLOOM EMPORIUM TEXT.PRT.LTD,"00007962, 00007963",89TEN/0057,,TRUE,2,1,0,0,0,0,2,2,2,ACTIVE_WITH_PURCHASE_HISTORY,Keep: Has active purchase/return activity,0
740,HANDLOOM EMPORIUM TEXT.PRT.LTD,"00000707, 00000708, 00007964, 00007965","89TEN/0057, 89TEN/1137",,TRUE,4,2,0,0,0,0,4,4,4,ACTIVE_WITH_PURCHASE_HISTORY,Keep: Has active purchase/return activity,0
7402 L,RAJNIGANDDHA ,1238,2025-26/2436,,TRUE,1,1,0,0,0,0,1,1,1,ACTIVE_WITH_PURCHASE_HISTORY,Keep: Has active purchase/return activity,0
7403,RAJNIGANDDHA ,1177,2025-26/2488,,TRUE,1,1,1,0,0,0,0,1,1,ACTIVE_WITH_PURCHASE_HISTORY,Keep: Has active purchase/return activity,0
7408,RAJNIGANDDHA ,5082,2025-26/2765,INV2026000385,TRUE,1,1,0,1,1,0,0,1,1,ACTIVE_WITH_PURCHASE_HISTORY,Keep: Has active purchase/return activity,0
7417,RAJNIGANDDHA ,6857,2026-27/0015,,TRUE,1,1,0,0,0,0,1,1,1,ACTIVE_WITH_PURCHASE_HISTORY,Keep: Has active purchase/return activity,0
7418-Y,RAJNIGANDDHA ,6883,2025-26/2949,INV2627000272,TRUE,1,1,0,1,1,0,0,1,1,ACTIVE_WITH_PURCHASE_HISTORY,Keep: Has active purchase/return activity,0
742,HANDLOOM EMPORIUM TEXT.PRT.LTD,"00000709, 00000710",89TEN/1182,,TRUE,2,1,0,0,0,0,2,2,2,ACTIVE_WITH_PURCHASE_HISTORY,Keep: Has active purchase/return activity,0
7426,RAJNIGANDDHA ,5075,2025-26/2765,INV2627000940,TRUE,1,1,0,1,1,0,0,1,1,ACTIVE_WITH_PURCHASE_HISTORY,Keep: Has active purchase/return activity,0
7428,RAJNIGANDDHA ,"00005078, 00009149","2025-26/2765, 2026-27/0109","INV2627000626, INV2627000909",TRUE,2,2,0,2,2,0,0,2,2,ACTIVE_WITH_PURCHASE_HISTORY,Keep: Has active purchase/return activity,0
7428 L,RAJNIGANDDHA ,1239,2025-26/2436,,TRUE,1,1,0,0,0,0,1,1,1,ACTIVE_WITH_PURCHASE_HISTORY,Keep: Has active purchase/return activity,0
7429,RAJNIGANDDHA ,5079,2025-26/2765,,TRUE,1,1,0,0,0,0,1,1,1,ACTIVE_WITH_PURCHASE_HISTORY,Keep: Has active purchase/return activity,0
743,HANDLOOM EMPORIUM TEXT.PRT.LTD,"00006116, 00006117",89TEN/1314,INV2627000847,TRUE,2,1,0,1,1,0,1,2,2,ACTIVE_WITH_PURCHASE_HISTORY,Keep: Has active purchase/return activity,0
7430,RAJNIGANDDHA ,1178,2025-26/2488,INV2627000237,TRUE,1,1,0,1,1,0,0,1,1,ACTIVE_WITH_PURCHASE_HISTORY,Keep: Has active purchase/return activity,0
7433,RAJNIGANDDHA ,5087,2025-26/2765,INV2627000151,TRUE,1,1,0,1,1,0,0,1,1,ACTIVE_WITH_PURCHASE_HISTORY,Keep: Has active purchase/return activity,0
7434,RAJNIGANDDHA ,5069,2025-26/2765,INV2026000342,TRUE,1,1,0,1,1,0,0,1,1,ACTIVE_WITH_PURCHASE_HISTORY,Keep: Has active purchase/return activity,0
744,HANDLOOM EMPORIUM TEXT.PRT.LTD,"00005103, 00005104",89TEN/1257,INV2627000847,TRUE,2,1,0,1,1,0,1,2,2,ACTIVE_WITH_PURCHASE_HISTORY,Keep: Has active purchase/return activity,0
745,HANDLOOM EMPORIUM TEXT.PRT.LTD,"00005105, 00005106",89TEN/1257,,TRUE,2,1,0,0,0,0,2,2,2,ACTIVE_WITH_PURCHASE_HISTORY,Keep: Has active purchase/return activity,0
7453,RAJNIGANDDHA ,5086,2025-26/2765,,TRUE,1,1,0,0,0,0,1,1,1,ACTIVE_WITH_PURCHASE_HISTORY,Keep: Has active purchase/return activity,0
7454,RAJNIGANDDHA ,5084,2025-26/2765,INV2627000014,TRUE,1,1,0,1,1,0,0,1,1,ACTIVE_WITH_PURCHASE_HISTORY,Keep: Has active purchase/return activity,0
7456,STRAAVI ENSEMBLES PRIVATE LIMITED,1462,SE/005373/25-26,,TRUE,1,1,0,0,0,0,1,1,1,ACTIVE_WITH_PURCHASE_HISTORY,Keep: Has active purchase/return activity,0
7459,RAJNIGANDDHA ,5083,2025-26/2765,INV2627000081,TRUE,1,1,0,1,1,0,0,1,1,ACTIVE_WITH_PURCHASE_HISTORY,Keep: Has active purchase/return activity,0
75,SADBHAVANA ENTERPRISES,"00002102, 00002103, 00007315","11941, KC/INV/584/25-26",,TRUE,3,2,0,0,0,0,5,5,3,ACTIVE_WITH_PURCHASE_HISTORY,Keep: Has active purchase/return activity,-2
75-B,KRISHNA COLLECTION,7316,KC/INV/584/25-26,INV2627000342,TRUE,1,1,0,1,1,0,0,1,1,ACTIVE_WITH_PURCHASE_HISTORY,Keep: Has active purchase/return activity,0
75-GREEN,VIMAL CREATION,6782,20-2627,INV2627000423,TRUE,1,1,0,1,1,0,0,1,1,ACTIVE_WITH_PURCHASE_HISTORY,Keep: Has active purchase/return activity,0
753,V NARBHERAM & CO,"00000783, 00001707","234569, 25-26/1385","INV2026000054, INV2627000002, INV2627000414",TRUE,4,2,0,3,3,0,1,4,2,ACTIVE_WITH_PURCHASE_HISTORY,Keep: Has active purchase/return activity,0
754,V NARBHERAM & CO,"00001712, 00001719, 00001722","234569, 234575","INV2026000216, INV2627000318, INV2627000424, INV2627000847, INV2627000888",TRUE,13,2,0,5,5,0,4,9,3,ACTIVE_WITH_PURCHASE_HISTORY,Keep: Has active purchase/return activity,4
757,V NARBHERAM & CO,1562,234565,,TRUE,3,1,0,0,0,0,3,3,1,ACTIVE_WITH_PURCHASE_HISTORY,Keep: Has active purchase/return activity,0
758,V NARBHERAM & CO,1633,234563,"INV2026000122, INV2026000161, INV2026000282, INV2627000276, INV2627000289",TRUE,20,1,0,6,5,0,14,20,1,ACTIVE_WITH_PURCHASE_HISTORY,Keep: Has active purchase/return activity,0
760,V NARBHERAM & CO,"00001820, 00006886, 00006887","234568, 89TEN/1433","INV2627000471, INV2627000553, INV2627000880, INV2627000918",TRUE,5,2,0,4,4,1,1,5,3,ACTIVE_WITH_PURCHASE_HISTORY,Keep: Has active purchase/return activity,1
768,V NARBHERAM & CO,1822,234568,INV2627000504,TRUE,1,1,0,1,1,0,0,1,1,ACTIVE_WITH_PURCHASE_HISTORY,Keep: Has active purchase/return activity,0
7688 L,CELEBRATION CLOTHING PVT. LTD.,226,25-26-1917,,TRUE,1,1,0,0,0,0,1,1,1,ACTIVE_WITH_PURCHASE_HISTORY,Keep: Has active purchase/return activity,0
7694,BHAGWAN HANDLOOM HOUSE,1484,INV/25-26/5472,,TRUE,1,1,0,0,0,0,1,1,1,ACTIVE_WITH_PURCHASE_HISTORY,Keep: Has active purchase/return activity,0
770,HANDLOOM EMPORIUM TEXT.PRT.LTD,"00009474, 00009475",89TEN/0181,,TRUE,2,1,0,0,0,0,2,2,2,ACTIVE_WITH_PURCHASE_HISTORY,Keep: Has active purchase/return activity,0
7750,CELEBRATION CLOTHING PVT. LTD.,228,25-26-1917,,TRUE,1,1,0,0,0,0,1,1,1,ACTIVE_WITH_PURCHASE_HISTORY,Keep: Has active purchase/return activity,0
7790,CELEBRATION CLOTHING PVT. LTD.,231,25-26-1917,,TRUE,1,1,0,0,0,0,1,1,1,ACTIVE_WITH_PURCHASE_HISTORY,Keep: Has active purchase/return activity,0
78,PRATAPSONS HERITAGE HOME PRODUCTION,6607,12454,INV2026000396,TRUE,1,1,0,1,1,0,0,1,1,ACTIVE_WITH_PURCHASE_HISTORY,Keep: Has active purchase/return activity,0
78-PINK,VIMAL CREATION,6783,20-2627,INV2627000597,TRUE,1,1,0,1,1,0,0,1,1,ACTIVE_WITH_PURCHASE_HISTORY,Keep: Has active purchase/return activity,0
7829,CELEBRATION CLOTHING PVT. LTD.,230,25-26-1917,,TRUE,1,1,0,0,0,0,1,1,1,ACTIVE_WITH_PURCHASE_HISTORY,Keep: Has active purchase/return activity,0
7845 L,CELEBRATION CLOTHING PVT. LTD.,225,25-26-1917,,TRUE,1,1,0,0,0,0,1,1,1,ACTIVE_WITH_PURCHASE_HISTORY,Keep: Has active purchase/return activity,0
785,PRATAPSONS HERITAGE HOME PRODUCTION,6603,124,INV2026000204,TRUE,1,1,0,1,1,0,0,1,1,ACTIVE_WITH_PURCHASE_HISTORY,Keep: Has active purchase/return activity,0
7850-GOLD,YASH FABRICS,8146,735,,TRUE,1,1,0,0,0,0,1,1,1,ACTIVE_WITH_PURCHASE_HISTORY,Keep: Has active purchase/return activity,0
7850-RANI,YASH FABRICS,8147,735,,TRUE,1,1,0,0,0,0,1,1,1,ACTIVE_WITH_PURCHASE_HISTORY,Keep: Has active purchase/return activity,0
7868,CELEBRATION CLOTHING PVT. LTD.,232,25-26-1917,,TRUE,1,1,0,0,0,0,1,1,1,ACTIVE_WITH_PURCHASE_HISTORY,Keep: Has active purchase/return activity,0
789,HANDLOOM EMPORIUM TEXT.PRT.LTD,"00009476, 00009477",89TEN/0181,,TRUE,2,1,0,0,0,0,2,2,2,ACTIVE_WITH_PURCHASE_HISTORY,Keep: Has active purchase/return activity,0
790,V NARBHERAM & CO,1524,234566,,TRUE,1,1,0,0,0,0,1,1,1,ACTIVE_WITH_PURCHASE_HISTORY,Keep: Has active purchase/return activity,0
7902,CELEBRATION CLOTHING PVT. LTD.,229,25-26-1917,,TRUE,1,1,0,0,0,0,1,1,1,ACTIVE_WITH_PURCHASE_HISTORY,Keep: Has active purchase/return activity,0
793,TANKHI DESIGNS 1 PVT LTD,"00000326, 00000327",TN/25-26/6195,"INV2026000128, INV2627000420",TRUE,2,1,0,2,2,0,0,2,2,ACTIVE_WITH_PURCHASE_HISTORY,Keep: Has active purchase/return activity,0
795,TANKHI DESIGNS 1 PVT LTD,"00000328, 00000329, 00001825","234568, TN/25-26/6195","INV2026000128, INV2627000189, INV2627000243",TRUE,5,2,1,3,3,0,1,5,3,ACTIVE_WITH_PURCHASE_HISTORY,Keep: Has active purchase/return activity,0
7964,BHAGWAN HANDLOOM HOUSE,1483,INV/25-26/5472,,TRUE,1,1,0,0,0,0,1,1,1,ACTIVE_WITH_PURCHASE_HISTORY,Keep: Has active purchase/return activity,0
7975-R,SWEET LADY,4879,T3122/25-26,,TRUE,1,1,0,0,0,0,1,1,1,ACTIVE_WITH_PURCHASE_HISTORY,Keep: Has active purchase/return activity,0
7983-R,SWEET LADY,"00006152, 00006153",4788/25-26,,TRUE,2,1,0,0,0,0,2,2,2,ACTIVE_WITH_PURCHASE_HISTORY,Keep: Has active purchase/return activity,0
8,SUNRAYS CHIKANKARI LLP,"00002158, 00002706, 00002800, 00004597, 00004752, 00008483","10, 1100, 305, 489, S786, S790",INV2627000590,TRUE,18,6,0,1,1,0,17,18,6,ACTIVE_WITH_PURCHASE_HISTORY,Keep: Has active purchase/return activity,0
08-Jan,SUNEETA SAREE EMPORIUM ,5797,1060/25-26,,TRUE,1,1,1,0,0,0,0,1,1,ACTIVE_WITH_PURCHASE_HISTORY,Keep: Has active purchase/return activity,0
8-15290,RUHAANI ARTS,7631,RAD/26-27/000080,,TRUE,1,1,1,0,0,0,0,1,1,ACTIVE_WITH_PURCHASE_HISTORY,Keep: Has active purchase/return activity,0
Aug-57,TANEJA APPARELS P LTD,7403,268,INV2627000750,TRUE,1,1,0,1,1,0,0,1,1,ACTIVE_WITH_PURCHASE_HISTORY,Keep: Has active purchase/return activity,0
8-4007-B,VIMAL CREATION,6772,21-2627,,TRUE,1,1,0,0,0,0,1,1,1,ACTIVE_WITH_PURCHASE_HISTORY,Keep: Has active purchase/return activity,0
8-4007-G,VIMAL CREATION,6773,21-2627,,TRUE,1,1,0,0,0,0,1,1,1,ACTIVE_WITH_PURCHASE_HISTORY,Keep: Has active purchase/return activity,0
8-4007-R,VIMAL CREATION,6774,21-2627,,TRUE,1,1,0,0,0,0,1,1,1,ACTIVE_WITH_PURCHASE_HISTORY,Keep: Has active purchase/return activity,0
8-C,ANJALI TRADERS,4516,AT/1882/25-26,,TRUE,1,1,0,0,0,0,1,1,1,ACTIVE_WITH_PURCHASE_HISTORY,Keep: Has active purchase/return activity,0
8-P,ANJALI TRADERS,4517,AT/1882/25-26,,TRUE,1,1,0,0,0,0,1,1,1,ACTIVE_WITH_PURCHASE_HISTORY,Keep: Has active purchase/return activity,0
08-Jan,SARVADA JAIPUR,"00005375, 00005991, 00008793","2014, 2021, SJ/26-27/188",,TRUE,3,3,1,0,0,0,2,3,3,ACTIVE_WITH_PURCHASE_HISTORY,Keep: Has active purchase/return activity,0
8/1-11753,R.F. CREATIONS ,7181,172-2627,INV2627000971,TRUE,1,1,0,1,1,0,0,1,1,ACTIVE_WITH_PURCHASE_HISTORY,Keep: Has active purchase/return activity,0
8/1-GSFJ,OMAANA,6399,548,,TRUE,1,1,1,0,0,0,0,1,1,ACTIVE_WITH_PURCHASE_HISTORY,Keep: Has active purchase/return activity,0
08-Feb,KUTCH BANDHEJ-NX,"00005336, 00005471",2011,,TRUE,2,1,1,0,0,0,1,2,2,ACTIVE_WITH_PURCHASE_HISTORY,Keep: Has active purchase/return activity,0
8/2-11753,R.F. CREATIONS ,7182,172-2627,"INV2627000534, INV2627000593",TRUE,1,1,0,2,2,1,0,1,1,ACTIVE_WITH_PURCHASE_HISTORY,Keep: Has active purchase/return activity,0
8/2-S P,KUTCH BANDHEJ-NX,5396,2026,,TRUE,2,1,2,0,0,0,0,2,1,ACTIVE_WITH_PURCHASE_HISTORY,Keep: Has active purchase/return activity,0
8/3-11753,R.F. CREATIONS ,7183,172-2627,INV2627000637,TRUE,1,1,0,1,1,0,0,1,1,ACTIVE_WITH_PURCHASE_HISTORY,Keep: Has active purchase/return activity,0
08-Apr,M/S ADISHAKTI CREATIONS ,"00003845, 00005132, 00005240, 00005241, 00005242","1941, GST-02054-25-26",INV2627000793,TRUE,8,2,0,1,1,0,7,8,5,ACTIVE_WITH_PURCHASE_HISTORY,Keep: Has active purchase/return activity,0
8/8-H,KUTCH BANDHEJ-NX,5404,2025,,TRUE,1,1,1,0,0,0,0,1,1,ACTIVE_WITH_PURCHASE_HISTORY,Keep: Has active purchase/return activity,0
800,Manvi &Manik,781,25-26/1385,,TRUE,1,1,0,0,0,0,1,1,1,ACTIVE_WITH_PURCHASE_HISTORY,Keep: Has active purchase/return activity,0
8027-R,SWEET LADY,295,4479/25-26,,TRUE,1,1,0,0,0,0,1,1,1,ACTIVE_WITH_PURCHASE_HISTORY,Keep: Has active purchase/return activity,0
8036,V NARBHERAM & CO,1664,234571,,TRUE,2,1,0,0,0,0,2,2,1,ACTIVE_WITH_PURCHASE_HISTORY,Keep: Has active purchase/return activity,0
8052-BLUE,YASH FABRICS,8154,735,,TRUE,1,1,0,0,0,0,1,1,1,ACTIVE_WITH_PURCHASE_HISTORY,Keep: Has active purchase/return activity,0
8052-PINK,YASH FABRICS,8155,735,,TRUE,1,1,0,0,0,0,1,1,1,ACTIVE_WITH_PURCHASE_HISTORY,Keep: Has active purchase/return activity,0
8069-P,R.F. DESIGNERS,6643,2627,INV2627000895,TRUE,2,1,0,1,1,0,1,2,1,ACTIVE_WITH_PURCHASE_HISTORY,Keep: Has active purchase/return activity,0
8070-R,SWEET LADY,296,4479/25-26,,TRUE,1,1,0,0,0,0,1,1,1,ACTIVE_WITH_PURCHASE_HISTORY,Keep: Has active purchase/return activity,0
8121,KADAMBARI FASHION ,8166,219,,TRUE,1,1,0,0,0,0,1,1,1,ACTIVE_WITH_PURCHASE_HISTORY,Keep: Has active purchase/return activity,0
813-MAROON,G & D FASHIONS ,,,,TRUE,0,0,0,0,0,0,0,0,0,SAFE_TO_DELETE_IDLE,"Safe to Delete: No purchases, returns, sales, or stock",0
813-ORANGE,G & D FASHIONS ,,,,TRUE,0,0,0,0,0,0,0,0,0,SAFE_TO_DELETE_IDLE,"Safe to Delete: No purchases, returns, sales, or stock",0
813-PURPLE,G & D FASHIONS ,,,,TRUE,0,0,0,0,0,0,0,0,0,SAFE_TO_DELETE_IDLE,"Safe to Delete: No purchases, returns, sales, or stock",0
813-PURPLE-02,G & D FASHIONS ,,,,TRUE,0,0,0,0,0,0,0,0,0,SAFE_TO_DELETE_IDLE,"Safe to Delete: No purchases, returns, sales, or stock",0
814-PA,G & D FASHIONS ,"00002918, 00002919, 00002920, 00002921, 00002922, 00002923, 00002924, 00002925",GDF/25-26/0145,"INV2026000285, INV2627000445",TRUE,8,1,0,2,2,0,6,8,8,ACTIVE_WITH_PURCHASE_HISTORY,Keep: Has active purchase/return activity,0
816-PA,G & D FASHIONS ,"00002910, 00002911, 00002912, 00002913, 00002914, 00002915, 00002916, 00002917",GDF/25-26/0145,,TRUE,8,1,0,0,0,0,8,8,8,ACTIVE_WITH_PURCHASE_HISTORY,Keep: Has active purchase/return activity,0
816-PURPLE,G & D FASHIONS ,,,,TRUE,0,0,0,0,0,0,0,0,0,SAFE_TO_DELETE_IDLE,"Safe to Delete: No purchases, returns, sales, or stock",0
817T,ENVWOMEN FASHIONS LLP,"00008711, 00008712, 00008713",G007461/25-26,INV2627000902,TRUE,3,1,0,1,1,0,2,3,3,ACTIVE_WITH_PURCHASE_HISTORY,Keep: Has active purchase/return activity,0
817T-B,ENVWOMEN FASHIONS LLP,8714,G007461/25-26,,TRUE,1,1,0,0,0,0,1,1,1,ACTIVE_WITH_PURCHASE_HISTORY,Keep: Has active purchase/return activity,0
818,V NARBHERAM & CO,1630,234563,"INV2026000421, INV2627000729",TRUE,3,1,0,2,2,0,1,3,1,ACTIVE_WITH_PURCHASE_HISTORY,Keep: Has active purchase/return activity,0
819,V NARBHERAM & CO,1629,234563,"INV2627000303, INV2627000600",TRUE,3,1,0,2,2,0,1,3,1,ACTIVE_WITH_PURCHASE_HISTORY,Keep: Has active purchase/return activity,0
820,V NARBHERAM & CO,1638,234563,INV2627000706,TRUE,3,1,0,1,1,0,2,3,1,ACTIVE_WITH_PURCHASE_HISTORY,Keep: Has active purchase/return activity,0
821,V NARBHERAM & CO,1528,234566,,TRUE,3,1,0,0,0,0,3,3,1,ACTIVE_WITH_PURCHASE_HISTORY,Keep: Has active purchase/return activity,0
822,V NARBHERAM & CO,1537,234566,"INV2026000359, INV2627000179",TRUE,3,1,0,2,2,0,1,3,1,ACTIVE_WITH_PURCHASE_HISTORY,Keep: Has active purchase/return activity,0
8222,RAJNIGANDDHA ,5076,2025-26/2765,,TRUE,1,1,0,0,0,0,1,1,1,ACTIVE_WITH_PURCHASE_HISTORY,Keep: Has active purchase/return activity,0
8226 L,RAJNIGANDDHA ,1240,2025-26/2436,,TRUE,1,1,0,0,0,0,1,1,1,ACTIVE_WITH_PURCHASE_HISTORY,Keep: Has active purchase/return activity,0
823,G & D FASHIONS ,"00004277, 00004278, 00004279, 00004280, 00004281, 00004282, 00004283, 00004284, 00004312",GFD/25-26/0144,"INV2026000016, INV2026000045, INV2026000049, INV2026000055, INV2627000362, INV2627000818",TRUE,8,1,0,6,6,1,5,10,9,ACTIVE_WITH_PURCHASE_HISTORY,Keep: Has active purchase/return activity,-2
823-GREEN,G & D FASHIONS ,,,,TRUE,0,0,0,0,0,0,0,0,0,SAFE_TO_DELETE_IDLE,"Safe to Delete: No purchases, returns, sales, or stock",0
824,G & D FASHIONS ,"00004285, 00004286, 00004287, 00004288, 00004289, 00004290",GFD/25-26/0144,"INV2026000040, INV2627000192",TRUE,6,1,0,2,2,0,4,6,6,ACTIVE_WITH_PURCHASE_HISTORY,Keep: Has active purchase/return activity,0
825,G & D FASHIONS ,"00004291, 00004292, 00004293, 00004294, 00004295, 00004296, 00004297, 00004298",GFD/25-26/0144,"INV2026000016, INV2026000034, INV2026000108, INV2026000123, INV2026000161, INV2026000201, INV2026000222, INV2627000363, INV2627000818",TRUE,8,1,0,9,9,1,0,8,8,ACTIVE_WITH_PURCHASE_HISTORY,Keep: Has active purchase/return activity,0
8250,RAJNIGANDDHA ,5071,2025-26/2765,INV2026000364,TRUE,1,1,0,1,1,0,0,1,1,ACTIVE_WITH_PURCHASE_HISTORY,Keep: Has active purchase/return activity,0
8251,RAJNIGANDDHA ,5070,2025-26/2765,,TRUE,1,1,0,0,0,0,1,1,1,ACTIVE_WITH_PURCHASE_HISTORY,Keep: Has active purchase/return activity,0
8251-R,SWEET LADY,4176,4653/25-26,,TRUE,1,1,0,0,0,0,1,1,1,ACTIVE_WITH_PURCHASE_HISTORY,Keep: Has active purchase/return activity,0
825T,ENVWOMEN FASHIONS LLP,"00008715, 00008716, 00008717",G007461/25-26,,TRUE,3,1,0,0,0,0,3,3,3,ACTIVE_WITH_PURCHASE_HISTORY,Keep: Has active purchase/return activity,0
825T-B,ENVWOMEN FASHIONS LLP,8718,G007461/25-26,,TRUE,1,1,0,0,0,0,1,1,1,ACTIVE_WITH_PURCHASE_HISTORY,Keep: Has active purchase/return activity,0
825T-C,ENVWOMEN FASHIONS LLP,8719,G007461/25-26,INV2627000879,TRUE,1,1,0,1,1,0,0,1,1,ACTIVE_WITH_PURCHASE_HISTORY,Keep: Has active purchase/return activity,0
825T-D,ENVWOMEN FASHIONS LLP,8720,G007461/25-26,,TRUE,1,1,0,0,0,0,1,1,1,ACTIVE_WITH_PURCHASE_HISTORY,Keep: Has active purchase/return activity,0
8264,SWEET LADY,8434,237,,TRUE,1,1,0,0,0,0,1,1,1,ACTIVE_WITH_PURCHASE_HISTORY,Keep: Has active purchase/return activity,0
8278-R,SWEET LADY,4876,4666/25-26,,TRUE,1,1,0,0,0,0,1,1,1,ACTIVE_WITH_PURCHASE_HISTORY,Keep: Has active purchase/return activity,0
828,G & D FASHIONS ,"00004299, 00004300, 00004301, 00004302, 00004303, 00004304, 00004305",GFD/25-26/0144,"INV2026000045, INV2026000056, INV2627000270, INV2627000445, INV2627000505, INV2627000604",TRUE,8,1,0,6,6,3,2,8,7,ACTIVE_WITH_PURCHASE_HISTORY,Keep: Has active purchase/return activity,3
8280,KAMAKSHI DESIGN STUDIO,9271,26-27/299,,TRUE,1,1,0,0,0,0,1,1,1,ACTIVE_WITH_PURCHASE_HISTORY,Keep: Has active purchase/return activity,0
8283-R,SWEET LADY,297,4479/25-26,,TRUE,1,1,0,0,0,0,1,1,1,ACTIVE_WITH_PURCHASE_HISTORY,Keep: Has active purchase/return activity,0
8295,MEENAKSHI CREATIONS PVT LTD,7091,SJ797/25-26,,TRUE,1,1,0,0,0,0,1,1,1,ACTIVE_WITH_PURCHASE_HISTORY,Keep: Has active purchase/return activity,0
8308,SWEET LADY,"00004223, 00004224, 00004225",4450/25-26,INV2627000382,TRUE,3,1,0,1,1,1,2,3,3,ACTIVE_WITH_PURCHASE_HISTORY,Keep: Has active purchase/return activity,1
8309,V NARBHERAM & CO,1679,234571,INV2627000189,TRUE,2,1,0,1,1,0,1,2,1,ACTIVE_WITH_PURCHASE_HISTORY,Keep: Has active purchase/return activity,0
831,G & D FASHIONS ,"00004306, 00004307, 00004308, 00004309, 00004310, 00004311",GFD/25-26/0144,"INV2026000044, INV2026000108, INV2627000184, INV2627000237, INV2627000604, INV2627000821",TRUE,6,1,0,6,6,1,1,6,6,ACTIVE_WITH_PURCHASE_HISTORY,Keep: Has active purchase/return activity,0
8325-R,SWEET LADY,"00003936, 00003937",4592/2025-26,,TRUE,2,1,0,0,0,0,2,2,2,ACTIVE_WITH_PURCHASE_HISTORY,Keep: Has active purchase/return activity,0
8332,SWEET LADY,254,4396/25-26,,TRUE,1,1,0,0,0,0,1,1,1,ACTIVE_WITH_PURCHASE_HISTORY,Keep: Has active purchase/return activity,0
8341-R,SWEET LADY,"00004177, 00004178",4653/25-26,,TRUE,2,1,0,0,0,0,2,2,2,ACTIVE_WITH_PURCHASE_HISTORY,Keep: Has active purchase/return activity,0
8350,SWEET LADY,7413,63/26-27,,TRUE,1,1,0,0,0,0,1,1,1,ACTIVE_WITH_PURCHASE_HISTORY,Keep: Has active purchase/return activity,0
8351-R,SWEET LADY,294,4479/25-26,,TRUE,2,1,0,0,0,0,2,2,1,ACTIVE_WITH_PURCHASE_HISTORY,Keep: Has active purchase/return activity,0
8351-R01,SWEET LADY,,,,TRUE,0,0,0,0,0,0,0,0,0,SAFE_TO_DELETE_IDLE,"Safe to Delete: No purchases, returns, sales, or stock",0
836-GREEN,G & D FASHIONS ,,,,TRUE,0,0,0,0,0,0,0,0,0,SAFE_TO_DELETE_IDLE,"Safe to Delete: No purchases, returns, sales, or stock",0
8363,SWEET LADY,9584,329/26-27,,TRUE,1,1,0,0,0,0,1,1,1,ACTIVE_WITH_PURCHASE_HISTORY,Keep: Has active purchase/return activity,0
8363-R,SWEET LADY,292,4479/25-26,INV2627000126,TRUE,1,1,0,1,1,0,0,1,1,ACTIVE_WITH_PURCHASE_HISTORY,Keep: Has active purchase/return activity,0
8365,SWEET LADY,"00007412, 00008125","220/26-27, 63/26-27",,TRUE,2,2,0,0,0,0,2,2,2,ACTIVE_WITH_PURCHASE_HISTORY,Keep: Has active purchase/return activity,0
837,V NARBHERAM & CO,1716,234575,"INV2627000269, INV2627000372, INV2627000748",TRUE,3,1,0,3,3,0,0,3,1,ACTIVE_WITH_PURCHASE_HISTORY,Keep: Has active purchase/return activity,0
8371 GN,SWEET LADY,252,4396/25-26,INV2627000283,TRUE,1,1,0,1,1,0,0,1,1,ACTIVE_WITH_PURCHASE_HISTORY,Keep: Has active purchase/return activity,0
8371 P,SWEET LADY,253,4396/25-26,INV2627000202,TRUE,1,1,0,1,1,0,0,1,1,ACTIVE_WITH_PURCHASE_HISTORY,Keep: Has active purchase/return activity,0
8371R,SWEET LADY,,,,TRUE,0,0,0,0,0,0,0,0,0,SAFE_TO_DELETE_IDLE,"Safe to Delete: No purchases, returns, sales, or stock",0
8373,SWEET LADY,7394,23/26-27,,TRUE,1,1,0,0,0,0,1,1,1,ACTIVE_WITH_PURCHASE_HISTORY,Keep: Has active purchase/return activity,0
8389,MEENAKSHI CREATIONS PVT LTD,7092,SJ797/25-26,,TRUE,1,1,0,0,0,0,1,1,1,ACTIVE_WITH_PURCHASE_HISTORY,Keep: Has active purchase/return activity,0
8393,SWEET LADY,9585,329/26-27,,TRUE,1,1,0,0,0,0,1,1,1,ACTIVE_WITH_PURCHASE_HISTORY,Keep: Has active purchase/return activity,0
8393-B,SWEET LADY,9586,329/26-27,,TRUE,1,1,0,0,0,0,1,1,1,ACTIVE_WITH_PURCHASE_HISTORY,Keep: Has active purchase/return activity,0
8393-R,SWEET LADY,3938,4592/2025-26,INV2627000126,TRUE,1,1,0,1,1,0,0,1,1,ACTIVE_WITH_PURCHASE_HISTORY,Keep: Has active purchase/return activity,0
8396,SWEET LADY,293,4479/25-26,,TRUE,1,1,0,0,0,0,1,1,1,ACTIVE_WITH_PURCHASE_HISTORY,Keep: Has active purchase/return activity,0
8400-R,SWEET LADY,6580,4835/25-26,INV2627000924,TRUE,1,1,0,1,1,0,0,1,1,ACTIVE_WITH_PURCHASE_HISTORY,Keep: Has active purchase/return activity,0
8403,SWEET LADY,8124,220/26-27,,TRUE,1,1,0,0,0,0,1,1,1,ACTIVE_WITH_PURCHASE_HISTORY,Keep: Has active purchase/return activity,0
8404,SWEET LADY,5430,4720/25-26,INV2627001028,TRUE,1,1,0,1,1,0,0,1,1,ACTIVE_WITH_PURCHASE_HISTORY,Keep: Has active purchase/return activity,0
8404 L,RAJNIGANDDHA ,5410,2025-26/2797,,TRUE,1,1,0,0,0,0,1,1,1,ACTIVE_WITH_PURCHASE_HISTORY,Keep: Has active purchase/return activity,0
8405 L,RAJNIGANDDHA ,5411,2025-26/2797,,TRUE,1,1,0,0,0,0,1,1,1,ACTIVE_WITH_PURCHASE_HISTORY,Keep: Has active purchase/return activity,0
8408-R,SWEET LADY,5558,4755/25-26,INV2627000634,TRUE,1,1,0,1,1,0,0,1,1,ACTIVE_WITH_PURCHASE_HISTORY,Keep: Has active purchase/return activity,0
8415 L,RAJNIGANDDHA ,6136,2025-26/2850,,TRUE,1,1,0,0,0,0,1,1,1,ACTIVE_WITH_PURCHASE_HISTORY,Keep: Has active purchase/return activity,0
8416,SWEET LADY,255,4396/25-26,,TRUE,1,1,0,0,0,0,1,1,1,ACTIVE_WITH_PURCHASE_HISTORY,Keep: Has active purchase/return activity,0
8419,RAJNIGANDDHA ,5068,2025-26/2765,,TRUE,1,1,0,0,0,0,1,1,1,ACTIVE_WITH_PURCHASE_HISTORY,Keep: Has active purchase/return activity,0
8430-R,SWEET LADY,6579,4835/25-26,,TRUE,1,1,0,0,0,0,1,1,1,ACTIVE_WITH_PURCHASE_HISTORY,Keep: Has active purchase/return activity,0
8430 L,RAJNIGANDDHA ,5412,2025-26/2797,INV2627000580,TRUE,1,1,0,1,1,0,0,1,1,ACTIVE_WITH_PURCHASE_HISTORY,Keep: Has active purchase/return activity,0
8439-R,SWEET LADY,1657,4574/25-26,,TRUE,1,1,0,0,0,0,1,1,1,ACTIVE_WITH_PURCHASE_HISTORY,Keep: Has active purchase/return activity,0
844,Manvi &Manik,782,25-26/1385,,TRUE,1,1,0,0,0,0,1,1,1,ACTIVE_WITH_PURCHASE_HISTORY,Keep: Has active purchase/return activity,0
8450,V NARBHERAM & CO,1770,234570,INV2026000230,TRUE,2,1,0,1,1,0,1,2,1,ACTIVE_WITH_PURCHASE_HISTORY,Keep: Has active purchase/return activity,0
8463,SWEET LADY,8435,T99/26-27,,TRUE,1,1,1,0,0,0,0,1,1,ACTIVE_WITH_PURCHASE_HISTORY,Keep: Has active purchase/return activity,0
8466-A,SWEET LADY,5428,4720/25-26,,TRUE,1,1,0,0,0,0,1,1,1,ACTIVE_WITH_PURCHASE_HISTORY,Keep: Has active purchase/return activity,0
8466-B,SWEET LADY,5429,4720/25-26,,TRUE,1,1,0,0,0,0,1,1,1,ACTIVE_WITH_PURCHASE_HISTORY,Keep: Has active purchase/return activity,0
84664,BOOM JNS PVT LTD,"00002419, 00002420, 00002421, 00002422, 00002423",SB8097/25-26,"INV2627000343, INV2627000715, INV2627000754",TRUE,5,1,0,3,3,0,2,5,5,ACTIVE_WITH_PURCHASE_HISTORY,Keep: Has active purchase/return activity,0
84664-05,BOOM JNS PVT LTD,"00002427, 00007728",SB8097/25-26,,TRUE,1,1,0,0,0,0,2,2,2,ACTIVE_WITH_PURCHASE_HISTORY,Keep: Has active purchase/return activity,-1
84664 -05,BOOM JNS PVT LTD,"00002424, 00002425, 00002426, 00007724, 00007725, 00007726, 00007727, 00008846",SB8097/25-26,"INV2627000498, INV2627000731, INV2627000792",TRUE,3,1,0,3,3,0,5,8,8,ACTIVE_WITH_PURCHASE_HISTORY,Keep: Has active purchase/return activity,-5
8472,SWEET LADY,7393,23/26-27,,TRUE,1,1,0,0,0,0,1,1,1,ACTIVE_WITH_PURCHASE_HISTORY,Keep: Has active purchase/return activity,0
8479-R,SWEET LADY,8996,259/26-27,,TRUE,1,1,0,0,0,0,1,1,1,ACTIVE_WITH_PURCHASE_HISTORY,Keep: Has active purchase/return activity,0
8484,SWEET LADY,9054,280/26-27,INV2627001031,TRUE,1,1,0,1,1,0,0,1,1,ACTIVE_WITH_PURCHASE_HISTORY,Keep: Has active purchase/return activity,0
8485,SWEET LADY,7414,63/26-27,INV2627000389,TRUE,1,1,0,1,1,0,0,1,1,ACTIVE_WITH_PURCHASE_HISTORY,Keep: Has active purchase/return activity,0
8487,SWEET LADY,9055,280/26-27,,TRUE,1,1,0,0,0,0,1,1,1,ACTIVE_WITH_PURCHASE_HISTORY,Keep: Has active purchase/return activity,0
8487-R,SWEET LADY,1658,4574/25-26,,TRUE,1,1,0,0,0,0,1,1,1,ACTIVE_WITH_PURCHASE_HISTORY,Keep: Has active purchase/return activity,0
849,SADBHAVANA ENTERPRISES,2718,11942,,TRUE,3,1,0,0,0,0,3,3,1,ACTIVE_WITH_PURCHASE_HISTORY,Keep: Has active purchase/return activity,0
8494,SWEET LADY,7391,23/26-27,,TRUE,1,1,0,0,0,0,1,1,1,ACTIVE_WITH_PURCHASE_HISTORY,Keep: Has active purchase/return activity,0
8495,SWEET LADY,7392,23/26-27,,TRUE,1,1,0,0,0,0,1,1,1,ACTIVE_WITH_PURCHASE_HISTORY,Keep: Has active purchase/return activity,0
849ASU,JDS DESIGN STUDIO PRIVATE LIMITED,4415,JS26-006339,,TRUE,1,1,0,0,0,0,1,1,1,ACTIVE_WITH_PURCHASE_HISTORY,Keep: Has active purchase/return activity,0
85,KRISHNA COLLECTION,7299,KC/INV/584/25-26,,TRUE,1,1,0,0,0,0,1,1,1,ACTIVE_WITH_PURCHASE_HISTORY,Keep: Has active purchase/return activity,0
85-B,KRISHNA COLLECTION,7300,KC/INV/584/25-26,INV2627000794,TRUE,1,1,0,1,1,0,0,1,1,ACTIVE_WITH_PURCHASE_HISTORY,Keep: Has active purchase/return activity,0
85-BROWN,KRISHNA COLLECTION,7305,KC/INV/584/25-26,,TRUE,1,1,0,0,0,0,1,1,1,ACTIVE_WITH_PURCHASE_HISTORY,Keep: Has active purchase/return activity,0
8514,SWEET LADY,9587,329/26-27,,TRUE,1,1,0,0,0,0,1,1,1,ACTIVE_WITH_PURCHASE_HISTORY,Keep: Has active purchase/return activity,0
854,V NARBHERAM & CO,1725,234570,,TRUE,3,1,0,0,0,0,2,2,1,ACTIVE_WITH_PURCHASE_HISTORY,Keep: Has active purchase/return activity,1
855,Manvi &Manik,784,25-26/1385,,TRUE,1,1,0,0,0,0,1,1,1,ACTIVE_WITH_PURCHASE_HISTORY,Keep: Has active purchase/return activity,0
85682,BOOM JNS PVT LTD,"00002462, 00002463, 00002464, 00002465",SB8097/25-26,"INV2026000359, INV2627000099, INV2627000760",TRUE,4,1,0,3,3,0,1,4,4,ACTIVE_WITH_PURCHASE_HISTORY,Keep: Has active purchase/return activity,0
85682-02,BOOM JNS PVT LTD,"00002467, 00002468, 00002469, 00002470, 00002471",SB8097/25-26,"INV2026000027, INV2026000147, INV2627000567",TRUE,5,1,0,3,3,0,2,5,5,ACTIVE_WITH_PURCHASE_HISTORY,Keep: Has active purchase/return activity,0
85724,BOOM JNS PVT LTD,"00002472, 00002473, 00002474, 00002475, 00002476, 00007699, 00007700, 00007701, 00007702",SB8097/25-26,"INV2026000089, INV2026000116, INV2627000007, INV2627000307, INV2627000731, INV2627000754",TRUE,5,1,0,6,6,0,27,33,9,ACTIVE_WITH_PURCHASE_HISTORY,Keep: Has active purchase/return activity,-28
85724-02,BOOM JNS PVT LTD,"00002477, 00002478, 00002479, 00002480, 00002481",SB8097/25-26,"INV2026000145, INV2026000211, INV2627000463, INV2627000481, INV2627000672",TRUE,5,1,0,5,5,0,1,5,5,ACTIVE_WITH_PURCHASE_HISTORY,Keep: Has active purchase/return activity,-1
85801,BOOM JNS PVT LTD,"00002482, 00002483, 00002484, 00002485, 00002486, 00007719, 00007720, 00007721, 00007722, 00007723",SB8097/25-26,"INV2026000157, INV2026000321, INV2627000481",TRUE,5,1,0,3,3,0,7,10,10,ACTIVE_WITH_PURCHASE_HISTORY,Keep: Has active purchase/return activity,-5
85801-14,BOOM JNS PVT LTD,"00002487, 00002488, 00002489, 00002490, 00002491",SB8097/25-26,"INV2026000119, INV2026000182, INV2026000320, INV2627000481",TRUE,5,1,0,4,4,0,2,5,5,ACTIVE_WITH_PURCHASE_HISTORY,Keep: Has active purchase/return activity,-1
85801-15,BOOM JNS PVT LTD,"00002492, 00002493, 00002494, 00002495, 00002496",SB8097/25-26,"INV2026000085, INV2026000143",TRUE,5,1,0,2,2,0,3,5,5,ACTIVE_WITH_PURCHASE_HISTORY,Keep: Has active purchase/return activity,0
85801-A,BOOM JNS PVT LTD,"00007834, 00007835, 00007836, 00007837",SB-8729/25-26,"INV2627000540, INV2627001033",TRUE,4,1,0,2,2,0,2,4,4,ACTIVE_WITH_PURCHASE_HISTORY,Keep: Has active purchase/return activity,0
85801-B,BOOM JNS PVT LTD,7838,SB-8729/25-26,,TRUE,1,1,0,0,0,0,1,1,1,ACTIVE_WITH_PURCHASE_HISTORY,Keep: Has active purchase/return activity,0
85965,BOOM JNS PVT LTD,"00002497, 00002498, 00002499, 00002500, 00002501, 00007705, 00007706, 00007707, 00007708, 00007709",SB8097/25-26,"INV2026000118, INV2627000128, INV2627000129, INV2627000201, INV2627000567",TRUE,5,1,0,5,5,0,5,10,10,ACTIVE_WITH_PURCHASE_HISTORY,Keep: Has active purchase/return activity,-5
86,SADBHAVANA ENTERPRISES,"00002110, 00004821","11941, TI/25-26/00382",,TRUE,2,2,1,0,0,0,1,2,2,ACTIVE_WITH_PURCHASE_HISTORY,Keep: Has active purchase/return activity,0
86-B,REYAANS ,4822,TI/25-26/00382,,TRUE,1,1,0,0,0,0,1,1,1,ACTIVE_WITH_PURCHASE_HISTORY,Keep: Has active purchase/return activity,0
860,V NARBHERAM & CO,1526,234566,INV2627000386,TRUE,4,1,0,1,1,0,3,4,1,ACTIVE_WITH_PURCHASE_HISTORY,Keep: Has active purchase/return activity,0
8611,V NARBHERAM & CO,1531,234566,,TRUE,4,1,0,0,0,0,4,4,1,ACTIVE_WITH_PURCHASE_HISTORY,Keep: Has active purchase/return activity,0
8615,KADAMBARI FASHION ,8165,219,,TRUE,1,1,0,0,0,0,1,1,1,ACTIVE_WITH_PURCHASE_HISTORY,Keep: Has active purchase/return activity,0
86151,BOOM JNS PVT LTD,"00005319, 00005320, 00005321, 00005322",SB8423/25-26,"INV2026000129, INV2026000185, INV2026000285, INV2627000605",TRUE,4,1,0,4,4,0,0,4,4,ACTIVE_WITH_PURCHASE_HISTORY,Keep: Has active purchase/return activity,0
86151-12,BOOM JNS PVT LTD,5323,SB8423/25-26,INV2026000099,TRUE,1,1,0,1,1,0,0,1,1,ACTIVE_WITH_PURCHASE_HISTORY,Keep: Has active purchase/return activity,0
8616,V NARBHERAM & CO,1530,234566,,TRUE,3,1,0,0,0,0,3,3,1,ACTIVE_WITH_PURCHASE_HISTORY,Keep: Has active purchase/return activity,0
8618,V NARBHERAM & CO,1532,234566,,TRUE,1,1,0,0,0,0,1,1,1,ACTIVE_WITH_PURCHASE_HISTORY,Keep: Has active purchase/return activity,0
8619,V NARBHERAM & CO,1821,234568,,TRUE,2,1,0,0,0,0,2,2,1,ACTIVE_WITH_PURCHASE_HISTORY,Keep: Has active purchase/return activity,0
862,V NARBHERAM & CO,1570,234565,,TRUE,4,1,0,0,0,0,4,4,1,ACTIVE_WITH_PURCHASE_HISTORY,Keep: Has active purchase/return activity,0
8620,V NARBHERAM & CO,1533,234566,INV2627000706,TRUE,1,1,0,1,1,0,0,1,1,ACTIVE_WITH_PURCHASE_HISTORY,Keep: Has active purchase/return activity,0
862SU,JDS DESIGN STUDIO PRIVATE LIMITED,2984,JS26-006341,,TRUE,1,1,0,0,0,0,1,1,1,ACTIVE_WITH_PURCHASE_HISTORY,Keep: Has active purchase/return activity,0
863,Manvi &Manik,786,25-26/1385,,TRUE,1,1,0,0,0,0,1,1,1,ACTIVE_WITH_PURCHASE_HISTORY,Keep: Has active purchase/return activity,0
86330,BOOM JNS PVT LTD,"00002502, 00002503, 00002504, 00002505, 00002506",SB8097/25-26,"INV2026000116, INV2026000118, INV2026000240, INV2627000125, INV2627000143, INV2627000264",TRUE,5,1,0,6,6,0,0,5,5,ACTIVE_WITH_PURCHASE_HISTORY,Keep: Has active purchase/return activity,-1
86376,BOOM JNS PVT LTD,"00002507, 00002508, 00002509, 00002510, 00002511",SB8097/25-26,"INV2026000215, INV2627000083, INV2627000562, INV2627000672",TRUE,5,1,0,4,4,0,1,5,5,ACTIVE_WITH_PURCHASE_HISTORY,Keep: Has active purchase/return activity,0
864,Manvi &Manik,"00000785, 00001709","234569, 25-26/1385","INV2026000075, INV2026000078, INV2026000306",TRUE,7,2,0,3,3,0,4,7,2,ACTIVE_WITH_PURCHASE_HISTORY,Keep: Has active purchase/return activity,0
86453,BOOM JNS PVT LTD,"00008862, 00008863, 00008864",SB0667/26-27,,TRUE,3,1,0,0,0,0,3,3,3,ACTIVE_WITH_PURCHASE_HISTORY,Keep: Has active purchase/return activity,0
86542,BOOM JNS PVT LTD,"00002438, 00002439, 00002440, 00002441",SB8097/25-26,"INV2627000394, INV2627000554, INV2627000629, INV2627000795",TRUE,4,1,0,4,4,0,0,4,4,ACTIVE_WITH_PURCHASE_HISTORY,Keep: Has active purchase/return activity,0
86578,BOOM JNS PVT LTD,"00002442, 00002443, 00002444, 00002445, 00002446",SB8097/25-26,"INV2026000092, INV2627000546, INV2627000910",TRUE,5,1,0,3,3,0,2,5,5,ACTIVE_WITH_PURCHASE_HISTORY,Keep: Has active purchase/return activity,0
86586,BOOM JNS PVT LTD,"00002447, 00002448, 00002449, 00002450, 00002451",SB8097/25-26,"INV2627000045, INV2627000314",TRUE,5,1,0,2,2,0,3,5,5,ACTIVE_WITH_PURCHASE_HISTORY,Keep: Has active purchase/return activity,0
866,V NARBHERAM & CO,1689,234569,INV2627000691,TRUE,2,1,0,1,1,0,1,2,1,ACTIVE_WITH_PURCHASE_HISTORY,Keep: Has active purchase/return activity,0
86624,BOOM JNS PVT LTD,"00008244, 00008245, 00008246, 00008247, 00008248",SB-0205,INV2627000825,TRUE,5,1,0,1,1,0,4,5,5,ACTIVE_WITH_PURCHASE_HISTORY,Keep: Has active purchase/return activity,0
86626,BOOM JNS PVT LTD,"00008865, 00008866, 00008867, 00008868",SB0667/26-27,,TRUE,4,1,0,0,0,0,4,4,4,ACTIVE_WITH_PURCHASE_HISTORY,Keep: Has active purchase/return activity,0
86626-B,BOOM JNS PVT LTD,8869,SB0667/26-27,,TRUE,1,1,0,0,0,0,1,1,1,ACTIVE_WITH_PURCHASE_HISTORY,Keep: Has active purchase/return activity,0
86671-BG,BOOM JNS PVT LTD,"00008254, 00008255, 00008256, 00008257, 00008258",SB-0205,,TRUE,5,1,0,0,0,0,5,5,5,ACTIVE_WITH_PURCHASE_HISTORY,Keep: Has active purchase/return activity,0
86671-BR,BOOM JNS PVT LTD,"00008249, 00008250, 00008251, 00008252, 00008253",SB-0205,,TRUE,5,1,0,0,0,0,5,5,5,ACTIVE_WITH_PURCHASE_HISTORY,Keep: Has active purchase/return activity,0
86894,BOOM JNS PVT LTD,"00002428, 00002429, 00002430, 00002431, 00002432",SB8097/25-26,"INV2627000049, INV2627000196, INV2627000607, INV2627000754, INV2627001036",TRUE,5,1,0,5,5,1,0,5,5,ACTIVE_WITH_PURCHASE_HISTORY,Keep: Has active purchase/return activity,1
86911,BOOM JNS PVT LTD,"00002433, 00002434, 00002435, 00002436, 00002437",SB8097/25-26,"INV2026000008, INV2026000027, INV2026000075, INV2026000126, INV2026000290",TRUE,5,1,0,5,5,0,0,5,5,ACTIVE_WITH_PURCHASE_HISTORY,Keep: Has active purchase/return activity,0
86923-A,BOOM JNS PVT LTD,"00007794, 00007795, 00007796, 00007797",SB-8729/25-26,INV2627000848,TRUE,4,1,0,1,1,0,3,4,4,ACTIVE_WITH_PURCHASE_HISTORY,Keep: Has active purchase/return activity,0
86923-B,BOOM JNS PVT LTD,7798,SB-8729/25-26,,TRUE,1,1,0,0,0,0,1,1,1,ACTIVE_WITH_PURCHASE_HISTORY,Keep: Has active purchase/return activity,0
86927-A,BOOM JNS PVT LTD,"00007799, 00007800, 00007801, 00007802",SB-8729/25-26,,TRUE,4,1,0,0,0,0,4,4,4,ACTIVE_WITH_PURCHASE_HISTORY,Keep: Has active purchase/return activity,0
86927-B,BOOM JNS PVT LTD,7803,SB-8729/25-26,,TRUE,1,1,0,0,0,0,1,1,1,ACTIVE_WITH_PURCHASE_HISTORY,Keep: Has active purchase/return activity,0
86927-B-G,BOOM JNS PVT LTD,7808,SB-8729/25-26,,TRUE,1,1,0,0,0,0,1,1,1,ACTIVE_WITH_PURCHASE_HISTORY,Keep: Has active purchase/return activity,0
86927-G-A,BOOM JNS PVT LTD,"00007804, 00007805, 00007806, 00007807",SB-8729/25-26,"INV2627000554, INV2627000903, INV2627000910",TRUE,4,1,1,3,3,0,0,4,4,ACTIVE_WITH_PURCHASE_HISTORY,Keep: Has active purchase/return activity,0
86941,BOOM JNS PVT LTD,"00008218, 00008219, 00008220, 00008221, 00008222",,,TRUE,0,0,0,0,0,0,5,5,5,ORPHAN_WITH_STOCK,Audit: Has physical stock/printed barcodes but no purchase record,-5
86941-A,BOOM JNS PVT LTD,"00007809, 00007810, 00007811, 00007812, 00008333, 00008334, 00008335, 00008336","SB-0205, SB-8729/25-26","INV2627000600, INV2627000654, INV2627000664",TRUE,8,2,0,3,3,0,5,8,8,ACTIVE_WITH_PURCHASE_HISTORY,Keep: Has active purchase/return activity,0
86941-B,BOOM JNS PVT LTD,"00007813, 00008337","SB-0205, SB-8729/25-26",INV2627000629,TRUE,2,2,0,1,1,0,1,2,2,ACTIVE_WITH_PURCHASE_HISTORY,Keep: Has active purchase/return activity,0
86943,BOOM JNS PVT LTD,"00008223, 00008224, 00008225, 00008226, 00008227",SB-0205,,TRUE,5,1,0,0,0,0,5,5,5,ACTIVE_WITH_PURCHASE_HISTORY,Keep: Has active purchase/return activity,0
86945,BOOM JNS PVT LTD,"00008228, 00008229, 00008230, 00008231, 00008232, 00008233, 00009592","SB-0205, SB1196/26-27",INV2627000858,TRUE,7,2,0,1,1,0,6,7,7,ACTIVE_WITH_PURCHASE_HISTORY,Keep: Has active purchase/return activity,0
86945-A,BOOM JNS PVT LTD,"00007814, 00007815, 00007816, 00007817",SB-8729/25-26,"INV2627000618, INV2627000754",TRUE,4,1,0,2,2,0,2,4,4,ACTIVE_WITH_PURCHASE_HISTORY,Keep: Has active purchase/return activity,0
86945-B,BOOM JNS PVT LTD,7818,SB-8729/25-26,,TRUE,1,1,0,0,0,0,1,1,1,ACTIVE_WITH_PURCHASE_HISTORY,Keep: Has active purchase/return activity,0
86948,BOOM JNS PVT LTD,"00008234, 00008235, 00008236, 00008237, 00008238",SB-0205,"INV2627000910, INV2627000949",TRUE,5,1,0,2,2,0,3,5,5,ACTIVE_WITH_PURCHASE_HISTORY,Keep: Has active purchase/return activity,0
86952,BOOM JNS PVT LTD,"00008239, 00008240, 00008241, 00008242, 00008243",,,TRUE,0,0,0,0,0,0,5,5,5,ORPHAN_WITH_STOCK,Audit: Has physical stock/printed barcodes but no purchase record,-5
86952-A,BOOM JNS PVT LTD,"00008338, 00008339, 00008340, 00008341",SB-0205,,TRUE,4,1,0,0,0,0,4,4,4,ACTIVE_WITH_PURCHASE_HISTORY,Keep: Has active purchase/return activity,0
86952-B,BOOM JNS PVT LTD,8342,SB-0205,,TRUE,1,1,0,0,0,0,1,1,1,ACTIVE_WITH_PURCHASE_HISTORY,Keep: Has active purchase/return activity,0
86969,BOOM JNS PVT LTD,9590,SB1217/26-27,,TRUE,1,1,0,0,0,0,1,1,1,ACTIVE_WITH_PURCHASE_HISTORY,Keep: Has active purchase/return activity,0
86969-A,BOOM JNS PVT LTD,"00007819, 00007820, 00007821, 00007822",SB-8729/25-26,"INV2627000644, INV2627000913",TRUE,4,1,0,2,2,0,2,4,4,ACTIVE_WITH_PURCHASE_HISTORY,Keep: Has active purchase/return activity,0
86969-B,BOOM JNS PVT LTD,7823,SB-8729/25-26,,TRUE,1,1,0,0,0,0,1,1,1,ACTIVE_WITH_PURCHASE_HISTORY,Keep: Has active purchase/return activity,0
86969-C-A,BOOM JNS PVT LTD,"00007824, 00007825, 00007826, 00007827",SB-8729/25-26,"INV2627000736, INV2627000914",TRUE,4,1,0,2,2,0,2,4,4,ACTIVE_WITH_PURCHASE_HISTORY,Keep: Has active purchase/return activity,0
86969-C-B,BOOM JNS PVT LTD,7828,SB-8729/25-26,,TRUE,1,1,0,0,0,0,1,1,1,ACTIVE_WITH_PURCHASE_HISTORY,Keep: Has active purchase/return activity,0
87112,BOOM JNS PVT LTD,"00002512, 00002513, 00002514, 00002515, 00002516",SB8097/25-26,"INV2026000021, INV2026000027, INV2026000326, INV2026000423, INV2627000049",TRUE,5,1,0,5,5,0,0,5,5,ACTIVE_WITH_PURCHASE_HISTORY,Keep: Has active purchase/return activity,0
87113,BOOM JNS PVT LTD,"00002517, 00002518, 00002519, 00002520, 00002521",SB8097/25-26,"INV2627000049, INV2627000228, INV2627000292, INV2627000690",TRUE,5,1,0,4,4,0,2,5,5,ACTIVE_WITH_PURCHASE_HISTORY,Keep: Has active purchase/return activity,-1
87115,BOOM JNS PVT LTD,"00002522, 00002523, 00002524, 00002525, 00002526",SB8097/25-26,"INV2026000102, INV2026000134, INV2026000270, INV2627000269, INV2627000639, INV2627000644, INV2627000779",TRUE,5,1,0,7,7,0,26,31,5,ACTIVE_WITH_PURCHASE_HISTORY,Keep: Has active purchase/return activity,-28
87115-02,BOOM JNS PVT LTD,"00002527, 00002528, 00002529, 00002530, 00002531",SB8097/25-26,"INV2026000379, INV2627000056, INV2627000125",TRUE,5,1,0,3,3,0,2,5,5,ACTIVE_WITH_PURCHASE_HISTORY,Keep: Has active purchase/return activity,0
87226,BOOM JNS PVT LTD,"00002532, 00002533, 00002534, 00002535, 00002536",SB8097/25-26,"INV2026000099, INV2627000169, INV2627000305",TRUE,5,1,0,3,3,0,2,5,5,ACTIVE_WITH_PURCHASE_HISTORY,Keep: Has active purchase/return activity,0
87230,BOOM JNS PVT LTD,"00002537, 00002538, 00002539, 00002540, 00002541",SB8097/25-26,"INV2026000165, INV2026000234, INV2627000173, INV2627000814",TRUE,5,1,0,4,4,0,1,5,5,ACTIVE_WITH_PURCHASE_HISTORY,Keep: Has active purchase/return activity,0
87230-04,BOOM JNS PVT LTD,"00002542, 00002543, 00002544, 00002545, 00002546",SB8097/25-26,"INV2026000027, INV2026000213, INV2026000368, INV2026000424, INV2627000307",TRUE,5,1,0,5,5,1,1,5,5,ACTIVE_WITH_PURCHASE_HISTORY,Keep: Has active purchase/return activity,0
87239,BOOM JNS PVT LTD,"00002547, 00002548, 00002549, 00002550, 00002551",SB8097/25-26,"INV2026000142, INV2026000266, INV2627000093, INV2627000754",TRUE,5,1,0,5,4,0,0,5,5,ACTIVE_WITH_PURCHASE_HISTORY,Keep: Has active purchase/return activity,0
87239-02,BOOM JNS PVT LTD,"00002552, 00002553, 00002554, 00002555, 00002556",SB8097/25-26,"INV2026000087, INV2627000560, INV2627000900",TRUE,5,1,0,3,3,0,2,5,5,ACTIVE_WITH_PURCHASE_HISTORY,Keep: Has active purchase/return activity,0
87253-BG,BOOM JNS PVT LTD,"00008264, 00008265, 00008266, 00008267, 00008268",SB-0205,,TRUE,5,1,0,0,0,0,5,5,5,ACTIVE_WITH_PURCHASE_HISTORY,Keep: Has active purchase/return activity,0
87253-WH,BOOM JNS PVT LTD,"00008259, 00008260, 00008261, 00008262, 00008263",SB-0205,,TRUE,5,1,0,0,0,0,5,5,5,ACTIVE_WITH_PURCHASE_HISTORY,Keep: Has active purchase/return activity,0
87260,BOOM JNS PVT LTD,"00002557, 00002558, 00002559, 00002560, 00002561, 00009591","SB1217/26-27, SB8097/25-26","INV2026000114, INV2627000100, INV2627000154, INV2627000165, INV2627000351, INV2627000481",TRUE,6,2,0,6,6,1,1,6,6,ACTIVE_WITH_PURCHASE_HISTORY,Keep: Has active purchase/return activity,0
87264,BOOM JNS PVT LTD,"00002562, 00002563, 00002564, 00002565, 00002566",SB8097/25-26,"INV2627000049, INV2627000743, INV2627000763",TRUE,5,1,0,3,3,0,2,5,5,ACTIVE_WITH_PURCHASE_HISTORY,Keep: Has active purchase/return activity,0
8733,V NARBHERAM & CO,1663,234571,,TRUE,4,1,0,0,0,0,4,4,1,ACTIVE_WITH_PURCHASE_HISTORY,Keep: Has active purchase/return activity,0
8738,V NARBHERAM & CO,1660,234571,,TRUE,4,1,0,0,0,0,4,4,1,ACTIVE_WITH_PURCHASE_HISTORY,Keep: Has active purchase/return activity,0
87384-BR,BOOM JNS PVT LTD,"00008274, 00008275, 00008276, 00008277, 00008278",SB-0205,,TRUE,5,1,0,0,0,0,5,5,5,ACTIVE_WITH_PURCHASE_HISTORY,Keep: Has active purchase/return activity,0
87384-WH,BOOM JNS PVT LTD,"00008269, 00008270, 00008271, 00008272, 00008273",SB-0205,,TRUE,5,1,0,0,0,0,5,5,5,ACTIVE_WITH_PURCHASE_HISTORY,Keep: Has active purchase/return activity,0
87385,BOOM JNS PVT LTD,"00002567, 00002568, 00002569, 00002570, 00002571, 00008860","5, SB8097/25-26","INV2026000416, INV2627000009, INV2627000184, INV2627000496, INV2627000644, INV2627000739, INV2627000872",TRUE,6,2,0,7,7,0,0,6,6,ACTIVE_WITH_PURCHASE_HISTORY,Keep: Has active purchase/return activity,-1
87385-02,BOOM JNS PVT LTD,"00002572, 00002573, 00002574, 00002575, 00002576",SB8097/25-26,"INV2026000005, INV2026000015, INV2026000251",TRUE,5,1,0,3,3,0,2,5,5,ACTIVE_WITH_PURCHASE_HISTORY,Keep: Has active purchase/return activity,0
8739,V NARBHERAM & CO,1769,234570,,TRUE,8,1,0,0,0,0,8,8,1,ACTIVE_WITH_PURCHASE_HISTORY,Keep: Has active purchase/return activity,0
8740,V NARBHERAM & CO,1659,234571,,TRUE,4,1,0,0,0,0,4,4,1,ACTIVE_WITH_PURCHASE_HISTORY,Keep: Has active purchase/return activity,0
87424,BOOM JNS PVT LTD,"00008885, 00008886, 00008887, 00008888",SB0667/26-27,,TRUE,4,1,0,0,0,0,4,4,4,ACTIVE_WITH_PURCHASE_HISTORY,Keep: Has active purchase/return activity,0
87424-B,BOOM JNS PVT LTD,8889,SB0667/26-27,,TRUE,1,1,0,0,0,0,1,1,1,ACTIVE_WITH_PURCHASE_HISTORY,Keep: Has active purchase/return activity,0
87432,BOOM JNS PVT LTD,"00002577, 00002578, 00002579, 00002580, 00002581",SB8097/25-26,"INV2026000007, INV2026000012, INV2026000211, INV2026000305, INV2627000156",TRUE,5,1,0,5,5,0,0,5,5,ACTIVE_WITH_PURCHASE_HISTORY,Keep: Has active purchase/return activity,0
87433,BOOM JNS PVT LTD,"00002582, 00002583, 00002584, 00002585, 00002586",SB8097/25-26,"INV2026000209, INV2627000075, INV2627000158, INV2627000644, INV2627000862",TRUE,5,1,0,5,5,0,0,5,5,ACTIVE_WITH_PURCHASE_HISTORY,Keep: Has active purchase/return activity,0
87439,BOOM JNS PVT LTD,"00008905, 00008906, 00008907, 00008908",SB0667/26-27,,TRUE,4,1,0,0,0,0,4,4,4,ACTIVE_WITH_PURCHASE_HISTORY,Keep: Has active purchase/return activity,0
87439-B,BOOM JNS PVT LTD,8909,SB0667/26-27,,TRUE,1,1,0,0,0,0,1,1,1,ACTIVE_WITH_PURCHASE_HISTORY,Keep: Has active purchase/return activity,0
87446-SB,BOOM JNS PVT LTD,"00008284, 00008285, 00008286, 00008287, 00008288",SB-0205,,TRUE,5,1,0,0,0,0,5,5,5,ACTIVE_WITH_PURCHASE_HISTORY,Keep: Has active purchase/return activity,0
87446-WH,BOOM JNS PVT LTD,"00008279, 00008280, 00008281, 00008282, 00008283",SB-0205,,TRUE,5,1,0,0,0,0,5,5,5,ACTIVE_WITH_PURCHASE_HISTORY,Keep: Has active purchase/return activity,0
87447-PK,BOOM JNS PVT LTD,"00008289, 00008290, 00008291, 00008292, 00008293",SB-0205,,TRUE,5,1,0,0,0,0,5,5,5,ACTIVE_WITH_PURCHASE_HISTORY,Keep: Has active purchase/return activity,0
87447-YL,BOOM JNS PVT LTD,"00008294, 00008295, 00008296, 00008297, 00008298",SB-0205,,TRUE,5,1,0,0,0,0,5,5,5,ACTIVE_WITH_PURCHASE_HISTORY,Keep: Has active purchase/return activity,0
87491,BOOM JNS PVT LTD,"00002587, 00002588, 00002589, 00002590, 00002591, 00007710, 00007711, 00007712, 00007713, 00007714",SB8097/25-26,"INV2026000006, INV2026000211, INV2627000731",TRUE,5,1,0,3,3,1,15,18,10,ACTIVE_WITH_PURCHASE_HISTORY,Keep: Has active purchase/return activity,-12
87491-02,BOOM JNS PVT LTD,"00002592, 00002593, 00002594, 00002595, 00002596",SB8097/25-26,"INV2026000191, INV2026000363, INV2627000135, INV2627000821",TRUE,5,1,0,4,4,0,1,5,5,ACTIVE_WITH_PURCHASE_HISTORY,Keep: Has active purchase/return activity,0
87492-A,BOOM JNS PVT LTD,"00007839, 00007840, 00007841, 00007842",SB-8729/25-26,"INV2627000540, INV2627000643, INV2627000653, INV2627000821",TRUE,8,1,0,4,4,0,1,5,4,ACTIVE_WITH_PURCHASE_HISTORY,Keep: Has active purchase/return activity,3
87492-B,BOOM JNS PVT LTD,7843,SB-8729/25-26,,TRUE,2,1,0,0,0,0,2,2,1,ACTIVE_WITH_PURCHASE_HISTORY,Keep: Has active purchase/return activity,0
87493,BOOM JNS PVT LTD,"00005309, 00005310, 00005311, 00005312, 00008890, 00008891, 00008892, 00008893",SB8423/25-26,"INV2627000228, INV2627000361, INV2627001018",TRUE,4,1,0,3,3,0,5,8,8,ACTIVE_WITH_PURCHASE_HISTORY,Keep: Has active purchase/return activity,-4
87493-10,BOOM JNS PVT LTD,5318,SB8423/25-26,,TRUE,1,1,0,0,0,0,1,1,1,ACTIVE_WITH_PURCHASE_HISTORY,Keep: Has active purchase/return activity,0
87493-8,BOOM JNS PVT LTD,5313,SB8423/25-26,,TRUE,1,1,0,0,0,0,1,1,1,ACTIVE_WITH_PURCHASE_HISTORY,Keep: Has active purchase/return activity,0
87493-9,BOOM JNS PVT LTD,"00005314, 00005315, 00005316, 00005317",SB8423/25-26,"INV2627000238, INV2627000292, INV2627000343, INV2627000766",TRUE,4,1,0,4,4,0,0,4,4,ACTIVE_WITH_PURCHASE_HISTORY,Keep: Has active purchase/return activity,0
87493-B,BOOM JNS PVT LTD,8894,,,TRUE,0,0,0,0,0,0,1,1,1,ORPHAN_WITH_STOCK,Audit: Has physical stock/printed barcodes but no purchase record,-1
87498-BR,BOOM JNS PVT LTD,"00008299, 00008300, 00008301, 00008302, 00008303",SB-0205,,TRUE,5,1,0,0,0,0,5,5,5,ACTIVE_WITH_PURCHASE_HISTORY,Keep: Has active purchase/return activity,0
87498-GY,BOOM JNS PVT LTD,"00008304, 00008305, 00008306, 00008307, 00008308",SB-0205,,TRUE,5,1,0,0,0,0,5,5,5,ACTIVE_WITH_PURCHASE_HISTORY,Keep: Has active purchase/return activity,0
87503,BOOM JNS PVT LTD,"00002597, 00002598, 00002599, 00002600, 00002601",SB8097/25-26,"INV2627000007, INV2627000314, INV2627000481",TRUE,5,1,0,3,3,0,2,5,5,ACTIVE_WITH_PURCHASE_HISTORY,Keep: Has active purchase/return activity,0
87503-06,MISSING PARTY ,"00002602, 00002603, 00002604, 00002605, 00002606, 00007497","1, SB8097/25-26","INV2627000049, INV2627000169, INV2627000177, INV2627000343, INV2627000361, INV2627000399",TRUE,6,2,0,6,6,0,0,6,6,ACTIVE_WITH_PURCHASE_HISTORY,Keep: Has active purchase/return activity,0
87504,BOOM JNS PVT LTD,"00002607, 00002608, 00002609, 00002610, 00002611",SB8097/25-26,"INV2026000133, INV2026000320, INV2627000056, INV2627000169",TRUE,5,1,1,4,4,0,1,5,5,ACTIVE_WITH_PURCHASE_HISTORY,Keep: Has active purchase/return activity,-1
87504-04,MISSING PARTY ,"00002612, 00002613, 00002614, 00002615, 00002616, 00007499","2, SB8097/25-26","INV2026000305, INV2627000049, INV2627000177, INV2627000330, INV2627000364",TRUE,6,2,0,5,5,0,1,6,6,ACTIVE_WITH_PURCHASE_HISTORY,Keep: Has active purchase/return activity,0
87521,BOOM JNS PVT LTD,"00008309, 00008310, 00008311, 00008312, 00008313",SB-0205,,TRUE,5,1,0,0,0,0,5,5,5,ACTIVE_WITH_PURCHASE_HISTORY,Keep: Has active purchase/return activity,0
87540,BOOM JNS PVT LTD,"00008895, 00008896, 00008897, 00008898",SB0667/26-27,,TRUE,4,1,0,0,0,0,4,4,4,ACTIVE_WITH_PURCHASE_HISTORY,Keep: Has active purchase/return activity,0
87540-02,BOOM JNS PVT LTD,"00008900, 00008901, 00008902, 00008903",SB0667/26-27,,TRUE,4,1,0,0,0,0,4,4,4,ACTIVE_WITH_PURCHASE_HISTORY,Keep: Has active purchase/return activity,0
87540-02-B,BOOM JNS PVT LTD,8904,SB0667/26-27,,TRUE,1,1,0,0,0,0,1,1,1,ACTIVE_WITH_PURCHASE_HISTORY,Keep: Has active purchase/return activity,0
87540-B,BOOM JNS PVT LTD,8899,SB0667/26-27,,TRUE,1,1,0,0,0,0,1,1,1,ACTIVE_WITH_PURCHASE_HISTORY,Keep: Has active purchase/return activity,0
876,V NARBHERAM & CO,"00001830, 00002717","11942, 234568","INV2026000407, INV2627000581, INV2627000821",TRUE,8,2,0,3,3,0,5,8,2,ACTIVE_WITH_PURCHASE_HISTORY,Keep: Has active purchase/return activity,0
879,V NARBHERAM & CO,1702,234569,INV2026000081,TRUE,1,1,0,1,1,0,0,1,1,ACTIVE_WITH_PURCHASE_HISTORY,Keep: Has active purchase/return activity,0
88,RT VILLA PRIVATE LIMITED,3772,8880,INV2627000186,TRUE,1,1,0,1,1,0,0,1,1,ACTIVE_WITH_PURCHASE_HISTORY,Keep: Has active purchase/return activity,0
8800/3914,MOD STYL DESIGNS PVT LTD,6575,MS(GST)-195/2025-26,"INV2026000035, INV2026000044",TRUE,1,1,0,2,2,4,0,1,1,ACTIVE_WITH_PURCHASE_HISTORY,Keep: Has active purchase/return activity,3
8800/3936,MOD STYL DESIGNS PVT LTD,6577,MS(GST)-195/2025-26,INV2026000135,TRUE,1,1,0,1,1,0,0,1,1,ACTIVE_WITH_PURCHASE_HISTORY,Keep: Has active purchase/return activity,0
8800/3999,MOD STYL DESIGNS PVT LTD,6576,MS(GST)-195/2025-26,,TRUE,1,1,0,0,0,0,1,1,1,ACTIVE_WITH_PURCHASE_HISTORY,Keep: Has active purchase/return activity,0
8800/4039,MOD STYL DESIGNS PVT LTD,6568,MS(GST)-195/2025-26,INV2026000378,TRUE,1,1,0,1,1,0,0,1,1,ACTIVE_WITH_PURCHASE_HISTORY,Keep: Has active purchase/return activity,0
8800/4063,MOD STYL DESIGNS PVT LTD,6573,MS(GST)-195/2025-26,INV2026000130,TRUE,1,1,0,1,1,0,0,1,1,ACTIVE_WITH_PURCHASE_HISTORY,Keep: Has active purchase/return activity,0
8800/4074,MOD STYL DESIGNS PVT LTD,6574,MS(GST)-195/2025-26,,TRUE,1,1,0,0,0,0,1,1,1,ACTIVE_WITH_PURCHASE_HISTORY,Keep: Has active purchase/return activity,0
8800/4077,MOD STYL DESIGNS PVT LTD,6569,MS(GST)-195/2025-26,,TRUE,1,1,0,0,0,0,1,1,1,ACTIVE_WITH_PURCHASE_HISTORY,Keep: Has active purchase/return activity,0
8800/4119,MISSING PARTY ,"00006571, 00009002","011, MS(GST)-195/2025-26",INV2026000237,TRUE,2,2,0,1,1,0,1,2,2,ACTIVE_WITH_PURCHASE_HISTORY,Keep: Has active purchase/return activity,0
8800/4146,MOD STYL DESIGNS PVT LTD,6572,MS(GST)-195/2025-26,INV2026000364,TRUE,1,1,0,1,1,0,0,1,1,ACTIVE_WITH_PURCHASE_HISTORY,Keep: Has active purchase/return activity,0
8800/4224,MOD STYL DESIGNS PVT LTD,6578,MS(GST)-195/2025-26,INV2627000515,TRUE,1,1,0,1,1,0,0,1,1,ACTIVE_WITH_PURCHASE_HISTORY,Keep: Has active purchase/return activity,0
8800/4230,MOD STYL DESIGNS PVT LTD,6570,MS(GST)-195/2025-26,INV2627000443,TRUE,1,1,0,1,1,0,0,1,1,ACTIVE_WITH_PURCHASE_HISTORY,Keep: Has active purchase/return activity,0
8800/4242,MOD STYL DESIGNS PVT LTD,6567,MS(GST)-195/2025-26,INV2627000625,TRUE,1,1,0,1,1,0,0,1,1,ACTIVE_WITH_PURCHASE_HISTORY,Keep: Has active purchase/return activity,0
8852,BHAGWAN HANDLOOM HOUSE,"00001485, 00001486",INV/25-26/5472,INV2026000041,TRUE,2,1,0,1,1,0,1,2,2,ACTIVE_WITH_PURCHASE_HISTORY,Keep: Has active purchase/return activity,0
8919,KANCHANA,1902,KANWS25-26-06600,,TRUE,1,1,0,0,0,0,1,1,1,ACTIVE_WITH_PURCHASE_HISTORY,Keep: Has active purchase/return activity,0
891SU,JDS DESIGN STUDIO PRIVATE LIMITED,2975,JS26-006341,,TRUE,3,1,0,0,0,0,3,3,1,ACTIVE_WITH_PURCHASE_HISTORY,Keep: Has active purchase/return activity,0
894,V NARBHERAM & CO,1600,234564,INV2627000918,TRUE,2,1,0,1,1,0,1,2,1,ACTIVE_WITH_PURCHASE_HISTORY,Keep: Has active purchase/return activity,0
8956,V NARBHERAM & CO,1525,234566,,TRUE,4,1,0,0,0,0,4,4,1,ACTIVE_WITH_PURCHASE_HISTORY,Keep: Has active purchase/return activity,0
8973,KADAMBARI FASHION ,8170,219,INV2627000906,TRUE,1,1,0,1,1,0,0,1,1,ACTIVE_WITH_PURCHASE_HISTORY,Keep: Has active purchase/return activity,0
8973-02,KADAMBARI FASHION ,8171,219,,TRUE,1,1,0,0,0,0,1,1,1,ACTIVE_WITH_PURCHASE_HISTORY,Keep: Has active purchase/return activity,0
8973-03,KADAMBARI FASHION ,8172,219,INV2627001012,TRUE,1,1,0,1,1,0,0,1,1,ACTIVE_WITH_PURCHASE_HISTORY,Keep: Has active purchase/return activity,0
8984,AARI,7117,6216/25-26,,TRUE,1,1,0,0,0,0,1,1,1,ACTIVE_WITH_PURCHASE_HISTORY,Keep: Has active purchase/return activity,0
8984 1,AARI,"00000754, 00000755, 00000756, 00000757",5460/25-26,"INV2627000910, INV2627000937",TRUE,4,1,0,2,2,0,2,4,4,ACTIVE_WITH_PURCHASE_HISTORY,Keep: Has active purchase/return activity,0
8998,KANCHANA,1971,KANWS25-26-06593,,TRUE,1,1,0,0,0,0,1,1,1,ACTIVE_WITH_PURCHASE_HISTORY,Keep: Has active purchase/return activity,0
9,HAST KARIGARI,"00002159, 00002707, 00002801, 00004598, 00004753, 00008477","10, 1100, 305, 489, S786, S790","INV2026000010, INV2026000221, INV2627000498, INV2627000704, INV2627000885",TRUE,20,6,0,5,5,0,15,20,6,ACTIVE_WITH_PURCHASE_HISTORY,Keep: Has active purchase/return activity,0
Sep-15,SUNEETA SAREE EMPORIUM ,5798,1060/25-26,,TRUE,1,1,1,0,0,0,0,1,1,ACTIVE_WITH_PURCHASE_HISTORY,Keep: Has active purchase/return activity,0
9-15169,RUHAANI ARTS,7632,RAD/26-27/000080,,TRUE,1,1,0,0,0,0,1,1,1,ACTIVE_WITH_PURCHASE_HISTORY,Keep: Has active purchase/return activity,0
Sep-04,TANEJA APPARELS P LTD,7404,268,,TRUE,1,1,0,0,0,0,1,1,1,ACTIVE_WITH_PURCHASE_HISTORY,Keep: Has active purchase/return activity,0
9-C,ANJALI TRADERS,4518,AT/1882/25-26,,TRUE,1,1,0,0,0,0,1,1,1,ACTIVE_WITH_PURCHASE_HISTORY,Keep: Has active purchase/return activity,0
09-Jan,SARVADA JAIPUR,"00003846, 00005376, 00008794","1941, 2014, SJ/26-27/188",,TRUE,3,3,1,0,0,0,2,3,3,ACTIVE_WITH_PURCHASE_HISTORY,Keep: Has active purchase/return activity,0
09-01-5675,R.F. CREATIONS ,7184,172-2627,,TRUE,1,1,0,0,0,0,1,1,1,ACTIVE_WITH_PURCHASE_HISTORY,Keep: Has active purchase/return activity,0
9/1-BSABD,OMAANA,6400,548,INV2627000166,TRUE,1,1,0,1,1,0,0,1,1,ACTIVE_WITH_PURCHASE_HISTORY,Keep: Has active purchase/return activity,0
09-Feb,KUTCH BANDHEJ-NX,5337,2011,INV2627000768,TRUE,2,1,0,1,1,0,1,2,1,ACTIVE_WITH_PURCHASE_HISTORY,Keep: Has active purchase/return activity,0
09-02-5675,R.F. CREATIONS ,7185,172-2627,,TRUE,1,1,0,0,0,0,1,1,1,ACTIVE_WITH_PURCHASE_HISTORY,Keep: Has active purchase/return activity,0
09-Mar,KUTCH BANDHEJ-NX,5992,2021,,TRUE,3,1,1,0,0,0,2,3,1,ACTIVE_WITH_PURCHASE_HISTORY,Keep: Has active purchase/return activity,0
09-Apr,M/S ADISHAKTI CREATIONS ,"00005133, 00005243, 00005244, 00005245, 00005246",GST-02054-25-26,INV2627000723,TRUE,4,1,0,1,1,0,4,5,5,ACTIVE_WITH_PURCHASE_HISTORY,Keep: Has active purchase/return activity,-1
9/9-I,KUTCH BANDHEJ-NX,5405,2025,,TRUE,1,1,1,0,0,0,0,1,1,ACTIVE_WITH_PURCHASE_HISTORY,Keep: Has active purchase/return activity,0
90,KRISHNA COLLECTION,"00002106, 00007293","11941, KC/INV/584/25-26","INV2627000574, INV2627000625",TRUE,3,2,0,2,2,0,0,2,2,ACTIVE_WITH_PURCHASE_HISTORY,Keep: Has active purchase/return activity,1
90-BROWN,KRISHNA COLLECTION,"00007303, 00007304",KC/INV/584/25-26,INV2627000630,TRUE,3,1,0,1,1,0,2,3,2,ACTIVE_WITH_PURCHASE_HISTORY,Keep: Has active purchase/return activity,0
90-PINK,KRISHNA COLLECTION,7296,KC/INV/584/25-26,INV2627000833,TRUE,1,1,0,1,1,1,1,1,1,ACTIVE_WITH_PURCHASE_HISTORY,Keep: Has active purchase/return activity,0
90-PURPLE,KRISHNA COLLECTION,7295,KC/INV/584/25-26,INV2627000630,TRUE,1,1,0,1,1,0,0,1,1,ACTIVE_WITH_PURCHASE_HISTORY,Keep: Has active purchase/return activity,0
9000,AARI,"00004207, 00004208, 00004209, 00004210, 00004211, 00004212",5593/25-26,"INV2026000073, INV2627000471",TRUE,6,1,0,2,2,1,4,6,6,ACTIVE_WITH_PURCHASE_HISTORY,Keep: Has active purchase/return activity,1
9001,AARI,"00004630, 00004631, 00004632, 00004633, 00007572, 00007573","5656/25-26, 63","INV2627000111, INV2627000287, INV2627000529, INV2627000715, INV2627000733, INV2627000989, INV2627001048",TRUE,9,2,0,7,7,0,1,8,6,ACTIVE_WITH_PURCHASE_HISTORY,Keep: Has active purchase/return activity,1
9001-B,AARI,"00004634, 00004635",5656/25-26,,TRUE,2,1,0,0,0,0,2,2,2,ACTIVE_WITH_PURCHASE_HISTORY,Keep: Has active purchase/return activity,0
9002,MAHARAJA CLOTHING COMPANY,"00008212, 00008213",110,,TRUE,2,1,0,0,0,0,2,2,2,ACTIVE_WITH_PURCHASE_HISTORY,Keep: Has active purchase/return activity,0
9003,AARI,"00008044, 00008045, 00008046, 00008047",239,,TRUE,8,1,0,0,0,0,6,6,4,ACTIVE_WITH_PURCHASE_HISTORY,Keep: Has active purchase/return activity,2
9003-B,AARI,"00008048, 00008049, 00008050",239,,TRUE,3,1,0,0,0,0,3,3,3,ACTIVE_WITH_PURCHASE_HISTORY,Keep: Has active purchase/return activity,0
9005,KANCHANA,1852,KANWS25-26-06601,,TRUE,1,1,0,0,0,0,1,1,1,ACTIVE_WITH_PURCHASE_HISTORY,Keep: Has active purchase/return activity,0
9006 1,AARI,"00000664, 00000665, 00000666, 00000667, 00000668, 00000669",5462/25-26,INV2627000785,TRUE,6,1,0,1,1,0,5,6,6,ACTIVE_WITH_PURCHASE_HISTORY,Keep: Has active purchase/return activity,0
9009 1,AARI,"00000670, 00000671, 00000672, 00000673, 00000674, 00000675",5462/25-26,"INV2627000940, INV2627000974",TRUE,10,1,0,2,2,0,6,8,6,ACTIVE_WITH_PURCHASE_HISTORY,Keep: Has active purchase/return activity,2
9010 1,AARI,"00000758, 00000759, 00000760, 00000761",5460/25-26,,TRUE,4,1,0,0,0,0,4,4,4,ACTIVE_WITH_PURCHASE_HISTORY,Keep: Has active purchase/return activity,0
9011-A,AARI,"00009244, 00009245, 00009246, 00009247",458,,TRUE,8,1,0,0,0,0,6,6,4,ACTIVE_WITH_PURCHASE_HISTORY,Keep: Has active purchase/return activity,2
9011-B,AARI,"00009248, 00009249",458,,TRUE,2,1,0,0,0,0,2,2,2,ACTIVE_WITH_PURCHASE_HISTORY,Keep: Has active purchase/return activity,0
9012,AARI,"00000762, 00000763, 00000764, 00000765, 00000766",5460/25-26,INV2627000527,TRUE,5,1,0,1,1,0,4,5,5,ACTIVE_WITH_PURCHASE_HISTORY,Keep: Has active purchase/return activity,0
9013,AARI,"00008051, 00008052, 00008053, 00008054",239,,TRUE,8,1,0,0,0,0,6,6,4,ACTIVE_WITH_PURCHASE_HISTORY,Keep: Has active purchase/return activity,2
9013-B,AARI,"00008055, 00008056, 00008057",239,INV2627000999,TRUE,3,1,0,1,1,0,2,3,3,ACTIVE_WITH_PURCHASE_HISTORY,Keep: Has active purchase/return activity,0
9014,AARI,"00008058, 00008059, 00008060, 00008061",239,,TRUE,8,1,0,0,0,0,6,6,4,ACTIVE_WITH_PURCHASE_HISTORY,Keep: Has active purchase/return activity,2
9014-B,AARI,"00008062, 00008063, 00008064",239,INV2627000956,TRUE,3,1,0,1,1,0,2,3,3,ACTIVE_WITH_PURCHASE_HISTORY,Keep: Has active purchase/return activity,0
9015 1,AARI,"00000767, 00000768, 00000769, 00000770, 00000771, 00000772",5460/25-26,"INV2627000391, INV2627000403",TRUE,6,1,0,2,2,0,4,6,6,ACTIVE_WITH_PURCHASE_HISTORY,Keep: Has active purchase/return activity,0
9019,AARI,"00008065, 00008066, 00008067, 00008068",239,,TRUE,8,1,0,0,0,0,6,6,4,ACTIVE_WITH_PURCHASE_HISTORY,Keep: Has active purchase/return activity,2
9019-B,AARI,8069,239,,TRUE,1,1,0,0,0,0,1,1,1,ACTIVE_WITH_PURCHASE_HISTORY,Keep: Has active purchase/return activity,0
907-B,ORIGIN CLOTHING COMPANY (INDIA) PVT.LTD.,"00006698, 00006699, 00006700, 00006701",0249/25-26,INV2627000977,TRUE,4,1,0,1,1,0,3,4,4,ACTIVE_WITH_PURCHASE_HISTORY,Keep: Has active purchase/return activity,0
907-G,ORIGIN CLOTHING COMPANY (INDIA) PVT.LTD.,"00006694, 00006695, 00006696, 00006697",0249/25-26,"INV2627000166, INV2627000643",TRUE,4,1,0,2,2,0,2,4,4,ACTIVE_WITH_PURCHASE_HISTORY,Keep: Has active purchase/return activity,0
9109-A,HOUSE OF RITAS PRIVATE LIMITED,6956,12592,,TRUE,1,1,0,0,0,0,1,1,1,ACTIVE_WITH_PURCHASE_HISTORY,Keep: Has active purchase/return activity,0
921,PARIDHAAN HOUSE OF FASHION PVT LTD,9221,GST/26-27/0116,,TRUE,1,1,0,0,0,0,1,1,1,ACTIVE_WITH_PURCHASE_HISTORY,Keep: Has active purchase/return activity,0
922,SADBHAVANA ENTERPRISES,"00002720, 00002721",11942,"INV2026000407, INV2627000860",TRUE,5,1,0,2,2,0,1,2,2,ACTIVE_WITH_PURCHASE_HISTORY,Keep: Has active purchase/return activity,2
923SU,JDS DESIGN STUDIO PRIVATE LIMITED,4143,JS26-006340,,TRUE,5,1,0,0,0,0,5,5,1,ACTIVE_WITH_PURCHASE_HISTORY,Keep: Has active purchase/return activity,0
925SU,JDS DESIGN STUDIO PRIVATE LIMITED,4144,JS26-006340,,TRUE,2,1,0,0,0,0,2,2,1,ACTIVE_WITH_PURCHASE_HISTORY,Keep: Has active purchase/return activity,0
932SU,JDS DESIGN STUDIO PRIVATE LIMITED,4145,JS26-006340,INV2627000718,TRUE,2,1,0,1,1,0,1,2,1,ACTIVE_WITH_PURCHASE_HISTORY,Keep: Has active purchase/return activity,0
9335-R RD,SWEET LADY,611,T3044/25-26,,TRUE,1,1,0,0,0,0,1,1,1,ACTIVE_WITH_PURCHASE_HISTORY,Keep: Has active purchase/return activity,0
9338-BEIGE,VARIMA FASHIONS PVT LTD,9409,VFPL-0194,,TRUE,1,1,0,0,0,0,1,1,1,ACTIVE_WITH_PURCHASE_HISTORY,Keep: Has active purchase/return activity,0
9338-LAVENDER,VARIMA FASHIONS PVT LTD,9410,VFPL-0194,INV2627000919,TRUE,1,1,0,1,1,0,0,1,1,ACTIVE_WITH_PURCHASE_HISTORY,Keep: Has active purchase/return activity,0
9338-PINK,VARIMA FASHIONS PVT LTD,9411,VFPL-0194,,TRUE,1,1,0,0,0,0,1,1,1,ACTIVE_WITH_PURCHASE_HISTORY,Keep: Has active purchase/return activity,0
9458A,VARIMA FASHIONS PVT LTD,"00007918, 00007920",VFPL-0139,"INV2627000596, INV2627000979",TRUE,2,1,0,2,2,0,0,2,2,ACTIVE_WITH_PURCHASE_HISTORY,Keep: Has active purchase/return activity,0
9480,VARIMA FASHIONS PVT LTD,9408,VFPL-0194,"INV2627000960, INV2627001050",TRUE,3,1,0,2,2,0,1,3,1,ACTIVE_WITH_PURCHASE_HISTORY,Keep: Has active purchase/return activity,0
9492,VARIMA FASHIONS PVT LTD,"00007921, 00007922",VFPL-0139,INV2627000651,TRUE,2,1,0,1,1,0,1,2,2,ACTIVE_WITH_PURCHASE_HISTORY,Keep: Has active purchase/return activity,0
9493,VARIMA FASHIONS PVT LTD,5537,VFPL2369,INV2026000005,TRUE,1,1,0,1,1,0,0,1,1,ACTIVE_WITH_PURCHASE_HISTORY,Keep: Has active purchase/return activity,0
9502,VARIMA FASHIONS PVT LTD,5538,VFPL2369,"INV2627000048, INV2627000463",TRUE,1,1,0,2,2,2,0,1,1,ACTIVE_WITH_PURCHASE_HISTORY,Keep: Has active purchase/return activity,1
9507,VARIMA FASHIONS PVT LTD,5535,VFPL2369,,TRUE,1,1,0,0,0,0,1,1,1,ACTIVE_WITH_PURCHASE_HISTORY,Keep: Has active purchase/return activity,0
9507 P,VARIMA FASHIONS PVT LTD,5536,VFPL2369,INV2627000199,TRUE,1,1,0,1,1,0,0,1,1,ACTIVE_WITH_PURCHASE_HISTORY,Keep: Has active purchase/return activity,0
950CSU,JDS DESIGN STUDIO PRIVATE LIMITED,"00002976, 00004141","JS26-006340, JS26-006341",,TRUE,5,2,0,0,0,0,5,5,2,ACTIVE_WITH_PURCHASE_HISTORY,Keep: Has active purchase/return activity,0
952SU,JDS DESIGN STUDIO PRIVATE LIMITED,4146,JS26-006340,INV2627000715,TRUE,3,1,0,1,1,0,2,3,1,ACTIVE_WITH_PURCHASE_HISTORY,Keep: Has active purchase/return activity,0
9539,SWEET LADY,264,T3004/25-26,,TRUE,1,1,0,0,0,0,1,1,1,ACTIVE_WITH_PURCHASE_HISTORY,Keep: Has active purchase/return activity,0
953SU,JDS DESIGN STUDIO PRIVATE LIMITED,4147,JS26-006340,INV2026000076,TRUE,2,1,0,1,1,0,1,2,1,ACTIVE_WITH_PURCHASE_HISTORY,Keep: Has active purchase/return activity,0
96,SADBHAVANA ENTERPRISES,2093,11941,INV2627000353,TRUE,2,1,0,1,1,0,1,2,1,ACTIVE_WITH_PURCHASE_HISTORY,Keep: Has active purchase/return activity,0
9613,KADAMBARI FASHION ,8163,219,,TRUE,1,1,0,0,0,0,1,1,1,ACTIVE_WITH_PURCHASE_HISTORY,Keep: Has active purchase/return activity,0
961SU,JDS DESIGN STUDIO PRIVATE LIMITED,"00004148, 00004149",JS26-006340,,TRUE,3,1,0,0,0,0,2,2,2,ACTIVE_WITH_PURCHASE_HISTORY,Keep: Has active purchase/return activity,1
962SU,JDS DESIGN STUDIO PRIVATE LIMITED,4142,JS26-006340,INV2026000131,TRUE,3,1,0,1,1,0,2,3,1,ACTIVE_WITH_PURCHASE_HISTORY,Keep: Has active purchase/return activity,0
9638,BHAGWAN HANDLOOM HOUSE,1504,INV/25-26/5474,,TRUE,1,1,0,0,0,0,1,1,1,ACTIVE_WITH_PURCHASE_HISTORY,Keep: Has active purchase/return activity,0
964SU,JDS DESIGN STUDIO PRIVATE LIMITED,"00002980, 00004150","JS26-006340, JS26-006341",INV2026000131,TRUE,6,2,0,1,1,0,5,6,2,ACTIVE_WITH_PURCHASE_HISTORY,Keep: Has active purchase/return activity,0
965SU,JDS DESIGN STUDIO PRIVATE LIMITED,"00002981, 00004151","JS26-006340, JS26-006341",,TRUE,2,2,0,0,0,0,2,2,2,ACTIVE_WITH_PURCHASE_HISTORY,Keep: Has active purchase/return activity,0
9669,SWEET LADY,258,T3004/25-26,,TRUE,1,1,0,0,0,0,1,1,1,ACTIVE_WITH_PURCHASE_HISTORY,Keep: Has active purchase/return activity,0
9678M,ONAYA FASHION PVT LTD,5712,GPOSI25-26/17442,INV2026000164,TRUE,1,1,0,1,1,0,0,1,1,ACTIVE_WITH_PURCHASE_HISTORY,Keep: Has active purchase/return activity,0
97,SADBHAVANA ENTERPRISES,2092,11941,INV2627000013,TRUE,4,1,0,1,1,0,3,4,1,ACTIVE_WITH_PURCHASE_HISTORY,Keep: Has active purchase/return activity,0
9717,V NARBHERAM & CO,"00001601, 00001715","234564, 234569",,TRUE,2,2,0,0,0,0,5,5,2,ACTIVE_WITH_PURCHASE_HISTORY,Keep: Has active purchase/return activity,-3
9718-R,SWEET LADY,276,T3029/25-26,,TRUE,1,1,0,0,0,0,1,1,1,ACTIVE_WITH_PURCHASE_HISTORY,Keep: Has active purchase/return activity,0
9719-R,SWEET LADY,4222,T3064/25-26,,TRUE,1,1,0,0,0,0,1,1,1,ACTIVE_WITH_PURCHASE_HISTORY,Keep: Has active purchase/return activity,0
972ASU,JDS DESIGN STUDIO PRIVATE LIMITED,4416,JS26-006339,,TRUE,3,1,0,0,0,0,3,3,1,ACTIVE_WITH_PURCHASE_HISTORY,Keep: Has active purchase/return activity,0
9733-R,SWEET LADY,278,T3029/25-26,INV2026000204,TRUE,1,1,0,1,1,0,0,1,1,ACTIVE_WITH_PURCHASE_HISTORY,Keep: Has active purchase/return activity,0
9734,SWEET LADY,277,T3029/25-26,,TRUE,1,1,0,0,0,0,1,1,1,ACTIVE_WITH_PURCHASE_HISTORY,Keep: Has active purchase/return activity,0
973ASU,JDS DESIGN STUDIO PRIVATE LIMITED,4417,JS26-006339,,TRUE,2,1,0,0,0,0,2,2,1,ACTIVE_WITH_PURCHASE_HISTORY,Keep: Has active purchase/return activity,0
977A-PNK,AASHIRVAD HERITAGE PVT LTD,1325,AH/008520/25-26,,TRUE,1,1,0,0,0,0,1,1,1,ACTIVE_WITH_PURCHASE_HISTORY,Keep: Has active purchase/return activity,0
98,SADBHAVANA ENTERPRISES,2091,11941,,TRUE,2,1,0,0,0,0,2,2,1,ACTIVE_WITH_PURCHASE_HISTORY,Keep: Has active purchase/return activity,0
9811 RANI,ATULNIYA DESIGNS PRIVATE LIMITED,34,2025-26/13233,INV2627000807,TRUE,1,1,0,1,1,0,0,1,1,ACTIVE_WITH_PURCHASE_HISTORY,Keep: Has active purchase/return activity,0
9813-R,SWEET LADY,6581,T3197/25-26,,TRUE,1,1,0,0,0,0,1,1,1,ACTIVE_WITH_PURCHASE_HISTORY,Keep: Has active purchase/return activity,0
9813 R,SWEET LADY,260,T3004/25-26,,TRUE,1,1,0,0,0,0,1,1,1,ACTIVE_WITH_PURCHASE_HISTORY,Keep: Has active purchase/return activity,0
9821,SWEET LADY,259,T3004/25-26,,TRUE,1,1,0,0,0,0,1,1,1,ACTIVE_WITH_PURCHASE_HISTORY,Keep: Has active purchase/return activity,0
9827-R,SWEET LADY,3940,T3102/25-26,,TRUE,1,1,0,0,0,0,1,1,1,ACTIVE_WITH_PURCHASE_HISTORY,Keep: Has active purchase/return activity,0
9863,KANCHANA,1794,KANWS25-26-06594,,TRUE,1,1,0,0,0,0,1,1,1,ACTIVE_WITH_PURCHASE_HISTORY,Keep: Has active purchase/return activity,0
9867,KANCHANA,"00001972, 00001973",KANWS25-26-06593,,TRUE,2,1,0,0,0,0,2,2,2,ACTIVE_WITH_PURCHASE_HISTORY,Keep: Has active purchase/return activity,0
9872-R,SWEET LADY,4878,T3122/25-26,,TRUE,1,1,0,0,0,0,1,1,1,ACTIVE_WITH_PURCHASE_HISTORY,Keep: Has active purchase/return activity,0
9882,SWEET LADY,261,T3004/25-26,,TRUE,1,1,0,0,0,0,1,1,1,ACTIVE_WITH_PURCHASE_HISTORY,Keep: Has active purchase/return activity,0
9882 R,SWEET LADY,262,T3004/25-26,,TRUE,1,1,1,0,0,0,0,1,1,ACTIVE_WITH_PURCHASE_HISTORY,Keep: Has active purchase/return activity,0
9888-R,SWEET LADY,275,T3029/25-26,,TRUE,1,1,0,0,0,0,1,1,1,ACTIVE_WITH_PURCHASE_HISTORY,Keep: Has active purchase/return activity,0
99,SADBHAVANA ENTERPRISES,"00002089, 00002090",11941,INV2026000261,TRUE,2,1,0,1,1,0,3,4,2,ACTIVE_WITH_PURCHASE_HISTORY,Keep: Has active purchase/return activity,-2
99-1750,REGARDS SAREES PVT LTD,3782,RSP/006252 25-26,INV2026000416,TRUE,1,1,0,1,1,0,0,1,1,ACTIVE_WITH_PURCHASE_HISTORY,Keep: Has active purchase/return activity,0
99-Z02926,REGARDS SAREES PVT LTD,3783,RSP/006252 25-26,INV2026000063,TRUE,1,1,0,1,1,0,0,1,1,ACTIVE_WITH_PURCHASE_HISTORY,Keep: Has active purchase/return activity,0
9948,V NARBHERAM & CO,1607,234564,,TRUE,2,1,0,0,0,0,2,2,1,ACTIVE_WITH_PURCHASE_HISTORY,Keep: Has active purchase/return activity,0
A-1,NARENDRA SAREE EMPORIUM,3732,4226,,TRUE,1,1,0,0,0,0,1,1,1,ACTIVE_WITH_PURCHASE_HISTORY,Keep: Has active purchase/return activity,0
A-1057,RT VILLA PRIVATE LIMITED,5292,9301,,TRUE,1,1,0,0,0,0,1,1,1,ACTIVE_WITH_PURCHASE_HISTORY,Keep: Has active purchase/return activity,0
A-2,NARENDRA SAREE EMPORIUM,3733,4226,,TRUE,1,1,0,0,0,0,1,1,1,ACTIVE_WITH_PURCHASE_HISTORY,Keep: Has active purchase/return activity,0
A-3,NARENDRA SAREE EMPORIUM,3734,4226,,TRUE,1,1,0,0,0,0,1,1,1,ACTIVE_WITH_PURCHASE_HISTORY,Keep: Has active purchase/return activity,0
A-4,NARENDRA SAREE EMPORIUM,3735,4226,,TRUE,1,1,0,0,0,0,1,1,1,ACTIVE_WITH_PURCHASE_HISTORY,Keep: Has active purchase/return activity,0
A1-109-M8/SP01// 12884,AMBIKA FASHION EMPIRES,118,AFE/008669/25-26,,TRUE,1,1,0,0,0,0,1,1,1,ACTIVE_WITH_PURCHASE_HISTORY,Keep: Has active purchase/return activity,0
A1360,SHREE NIKETAN SAREES PVT LTD,"00003346, 00003347",INV100-0005456 (25-26),,TRUE,2,1,0,0,0,0,2,2,2,ACTIVE_WITH_PURCHASE_HISTORY,Keep: Has active purchase/return activity,0
A136127,ONAYA FASHION PVT LTD,171,GPOSI25-25-26/16381,,TRUE,1,1,0,0,0,0,1,1,1,ACTIVE_WITH_PURCHASE_HISTORY,Keep: Has active purchase/return activity,0
A2023-M702/D11/ORZ/SELF// 12885,AMBIKA FASHION EMPIRES,269,AFE/008674/25-26,,TRUE,1,1,0,0,0,0,1,1,1,ACTIVE_WITH_PURCHASE_HISTORY,Keep: Has active purchase/return activity,0
A2024-TS11/TS01// 12883,AMBIKA FASHION EMPIRES,117,AFE/008669/25-26,,TRUE,1,1,0,0,0,0,1,1,1,ACTIVE_WITH_PURCHASE_HISTORY,Keep: Has active purchase/return activity,0
A2027-M94/D1/NET/SELF// 12887,AMBIKA FASHION EMPIRES,119,AFE/008669/25-26,,TRUE,1,1,0,0,0,0,1,1,1,ACTIVE_WITH_PURCHASE_HISTORY,Keep: Has active purchase/return activity,0
A2061-M7/D23,AMBIKA FASHION EMPIRES,3053,AFE/008852/25-26,,TRUE,1,1,0,0,0,0,1,1,1,ACTIVE_WITH_PURCHASE_HISTORY,Keep: Has active purchase/return activity,0
A2122,SHREE NIKETAN SAREES PVT LTD,3349,INV100-0005456 (25-26),INV2026000198,TRUE,1,1,0,1,1,0,0,1,1,ACTIVE_WITH_PURCHASE_HISTORY,Keep: Has active purchase/return activity,0
A2127,SHREE NIKETAN SAREES PVT LTD,"00003352, 00003353",INV100-0005456 (25-26),INV2026000004,TRUE,2,1,0,1,1,0,1,2,2,ACTIVE_WITH_PURCHASE_HISTORY,Keep: Has active purchase/return activity,0
A2338,SHREE NIKETAN SAREES PVT LTD,"00003344, 00003345",INV100-0005456 (25-26),INV2627000801,TRUE,2,1,0,1,1,0,1,2,2,ACTIVE_WITH_PURCHASE_HISTORY,Keep: Has active purchase/return activity,0
A2414,SHREE NIKETAN SAREES PVT LTD,3350,INV100-0005456 (25-26),INV2026000331,TRUE,1,1,0,1,1,0,0,1,1,ACTIVE_WITH_PURCHASE_HISTORY,Keep: Has active purchase/return activity,0
A2418,SHREE NIKETAN SAREES PVT LTD,3351,INV100-0005456 (25-26),INV2026000115,TRUE,1,1,0,1,1,0,0,1,1,ACTIVE_WITH_PURCHASE_HISTORY,Keep: Has active purchase/return activity,0
A2430,SHREE NIKETAN SAREES PVT LTD,3355,INV100-0005456 (25-26),,TRUE,1,1,0,0,0,0,1,1,1,ACTIVE_WITH_PURCHASE_HISTORY,Keep: Has active purchase/return activity,0
A48123,AWESOME FABS,4932,AFGS25-26-003766,INV2627000681,TRUE,1,1,0,1,1,0,0,1,1,ACTIVE_WITH_PURCHASE_HISTORY,Keep: Has active purchase/return activity,0
A7820,SHREE NIKETAN SAREES PVT LTD,"00003358, 00003359, 00003360, 00003361, 00003362, 00003363, 00003364",INV100-0005457 (25-26),,TRUE,7,1,0,0,0,0,7,7,7,ACTIVE_WITH_PURCHASE_HISTORY,Keep: Has active purchase/return activity,0
AA-1006,NIRMAL CREATIONS,"00001256, 00001260",NC/009560/25-26,"INV2026000413, INV2627000597",TRUE,2,1,0,2,2,0,0,2,2,ACTIVE_WITH_PURCHASE_HISTORY,Keep: Has active purchase/return activity,0
AA-1022,NIRMAL CREATIONS,1251,NC/009560/25-26,INV2627000061,TRUE,1,1,0,1,1,0,0,1,1,ACTIVE_WITH_PURCHASE_HISTORY,Keep: Has active purchase/return activity,0
AA-1026,NIRMAL CREATIONS,2895,NC/009561/25-26,INV2627000168,TRUE,1,1,0,1,1,0,0,1,1,ACTIVE_WITH_PURCHASE_HISTORY,Keep: Has active purchase/return activity,0
AA-1277 P,LP TRADE LINKS ,"00006905, 00006906",3091,"INV2627000698, INV2627000876",TRUE,2,1,0,2,2,0,0,2,2,ACTIVE_WITH_PURCHASE_HISTORY,Keep: Has active purchase/return activity,0
AA-1286-G,LP TRADE LINKS ,6902,3091,,TRUE,1,1,0,0,0,0,1,1,1,ACTIVE_WITH_PURCHASE_HISTORY,Keep: Has active purchase/return activity,0
AA-1286-P,LP TRADE LINKS ,6903,3091,,TRUE,1,1,0,0,0,0,1,1,1,ACTIVE_WITH_PURCHASE_HISTORY,Keep: Has active purchase/return activity,0
AA-1286 B,LP TRADE LINKS ,6904,3091,,TRUE,1,1,0,0,0,0,1,1,1,ACTIVE_WITH_PURCHASE_HISTORY,Keep: Has active purchase/return activity,0
AA-1294 F,L P TRADE LINKS,"00003464, 00003465",2818,"INV2026000276, INV2627000420",TRUE,2,1,0,2,2,0,0,2,2,ACTIVE_WITH_PURCHASE_HISTORY,Keep: Has active purchase/return activity,0
AA-434,NIRMAL CREATIONS,"00001369, 00001370",NC/009562/25-26,INV2627000999,TRUE,2,1,0,1,1,0,1,2,2,ACTIVE_WITH_PURCHASE_HISTORY,Keep: Has active purchase/return activity,0
AA-461,NIRMAL CREATIONS,1257,NC/009560/25-26,INV2627000434,TRUE,1,1,0,1,1,0,0,1,1,ACTIVE_WITH_PURCHASE_HISTORY,Keep: Has active purchase/return activity,0
AA-471 GY,NIRMAL CREATIONS,1250,NC/009560/25-26,,TRUE,1,1,0,0,0,0,1,1,1,ACTIVE_WITH_PURCHASE_HISTORY,Keep: Has active purchase/return activity,0
AA-481,NIRMAL CREATIONS,1249,NC/009560/25-26,INV2627000705,TRUE,1,1,0,1,1,0,0,1,1,ACTIVE_WITH_PURCHASE_HISTORY,Keep: Has active purchase/return activity,0
AA-481 PK,NIRMAL CREATIONS,1248,NC/009560/25-26,,TRUE,1,1,0,0,0,0,1,1,1,ACTIVE_WITH_PURCHASE_HISTORY,Keep: Has active purchase/return activity,0
AA-482,NIRMAL CREATIONS,1252,NC/009560/25-26,,TRUE,1,1,0,0,0,0,1,1,1,ACTIVE_WITH_PURCHASE_HISTORY,Keep: Has active purchase/return activity,0
AA-492,NIRMAL CREATIONS,"00001258, 00001259",NC/009560/25-26,INV2026000260,TRUE,2,1,0,1,1,0,1,2,2,ACTIVE_WITH_PURCHASE_HISTORY,Keep: Has active purchase/return activity,0
AA 1304,PAHARI MATA CREATION P LTD ,3099,AA/436/25-26,,TRUE,1,1,0,0,0,0,1,1,1,ACTIVE_WITH_PURCHASE_HISTORY,Keep: Has active purchase/return activity,0
AA 1308,PAHARI MATA CREATION P LTD ,3097,AA/436/25-26,,TRUE,1,1,0,0,0,0,1,1,1,ACTIVE_WITH_PURCHASE_HISTORY,Keep: Has active purchase/return activity,0
AA 1319,PAHARI MATA CREATION P LTD ,3096,AA/436/25-26,,TRUE,1,1,0,0,0,0,1,1,1,ACTIVE_WITH_PURCHASE_HISTORY,Keep: Has active purchase/return activity,0
AA 1341,PAHARI MATA CREATION P LTD ,3095,AA/436/25-26,,TRUE,1,1,0,0,0,0,1,1,1,ACTIVE_WITH_PURCHASE_HISTORY,Keep: Has active purchase/return activity,0
AA 1346,PAHARI MATA CREATION P LTD ,3098,AA/436/25-26,,TRUE,1,1,0,0,0,0,1,1,1,ACTIVE_WITH_PURCHASE_HISTORY,Keep: Has active purchase/return activity,0
AAROHI,KARISHAMA LEGACY LLP,6062,KL/25-26/16915,INV2627000485,TRUE,1,1,0,1,1,0,0,1,1,ACTIVE_WITH_PURCHASE_HISTORY,Keep: Has active purchase/return activity,0
AB/032/24,RITWIKA,6142,121/1851/25-26,,TRUE,1,1,0,0,0,0,1,1,1,ACTIVE_WITH_PURCHASE_HISTORY,Keep: Has active purchase/return activity,0
AB/084/24,RITWIKA,4426,121/1807/25-263,INV2026000147,TRUE,1,1,0,1,1,2,1,1,1,ACTIVE_WITH_PURCHASE_HISTORY,Keep: Has active purchase/return activity,1
AB/092/24,RITWIKA,4428,121/1807/25-263,INV2627000230,TRUE,1,1,0,1,1,1,0,1,1,ACTIVE_WITH_PURCHASE_HISTORY,Keep: Has active purchase/return activity,1
AB/117/24A,RITWIKA,4431,121/1807/25-263,,TRUE,1,1,0,0,0,0,1,1,1,ACTIVE_WITH_PURCHASE_HISTORY,Keep: Has active purchase/return activity,0
AB/139/24A,RITWIKA,4430,121/1807/25-263,,TRUE,1,1,0,0,0,0,1,1,1,ACTIVE_WITH_PURCHASE_HISTORY,Keep: Has active purchase/return activity,0
AB/162/24,RITWIKA,4432,121/1807/25-263,,TRUE,1,1,0,0,0,0,1,1,1,ACTIVE_WITH_PURCHASE_HISTORY,Keep: Has active purchase/return activity,0
AB/163/24,RITWIKA,4427,121/1807/25-263,,TRUE,1,1,0,0,0,0,1,1,1,ACTIVE_WITH_PURCHASE_HISTORY,Keep: Has active purchase/return activity,0
AB/196/24,RITWIKA,4434,121/1807/25-263,INV2627000909,TRUE,1,1,0,1,1,0,0,1,1,ACTIVE_WITH_PURCHASE_HISTORY,Keep: Has active purchase/return activity,0
AB/213/24,RITWIKA,4433,121/1807/25-263,,TRUE,1,1,0,0,0,0,1,1,1,ACTIVE_WITH_PURCHASE_HISTORY,Keep: Has active purchase/return activity,0
AB101,SANGEETA CREATIONS,141,SC/25-26/5509,,TRUE,1,1,0,0,0,0,1,1,1,ACTIVE_WITH_PURCHASE_HISTORY,Keep: Has active purchase/return activity,0
AB103,SANGEETA CREATIONS,140,SC/25-26/5509,,TRUE,1,1,0,0,0,0,1,1,1,ACTIVE_WITH_PURCHASE_HISTORY,Keep: Has active purchase/return activity,0
AE-375,NIRMAL CREATIONS,1253,NC/009560/25-26,INV2627000805,TRUE,1,1,0,1,1,0,0,1,1,ACTIVE_WITH_PURCHASE_HISTORY,Keep: Has active purchase/return activity,0
AE-382,NIRMAL CREATIONS,"00001244, 00001245",NC/009560/25-26,"INV2026000322, INV2627000720",TRUE,2,1,0,2,2,0,0,2,2,ACTIVE_WITH_PURCHASE_HISTORY,Keep: Has active purchase/return activity,0
AF2052-M4/D21/M9/SELF// 12886,AMBIKA FASHION EMPIRES,128,AFE/008752/25-26,,TRUE,1,1,0,0,0,0,1,1,1,ACTIVE_WITH_PURCHASE_HISTORY,Keep: Has active purchase/return activity,0
AG-1890SH-AN,AWESOME FABS,4097,AFGS25-26-003721,,TRUE,1,1,0,0,0,0,1,1,1,ACTIVE_WITH_PURCHASE_HISTORY,Keep: Has active purchase/return activity,0
AG1872,AWESOME FABS,1476,AFGS25-26-003637,,TRUE,1,1,0,0,0,0,1,1,1,ACTIVE_WITH_PURCHASE_HISTORY,Keep: Has active purchase/return activity,0
AGNI,KARISHAMA LEGACY LLP,6063,KL/25-26/16915,,TRUE,1,1,0,0,0,0,1,1,1,ACTIVE_WITH_PURCHASE_HISTORY,Keep: Has active purchase/return activity,0
AGNI-P,KARISHAMA LEGACY LLP,6064,KL/25-26/16915,INV2627000550,TRUE,1,1,0,1,1,0,0,1,1,ACTIVE_WITH_PURCHASE_HISTORY,Keep: Has active purchase/return activity,0
AGNI-R,KARISHAMA LEGACY LLP,6065,KL/25-26/16915,INV2627000877,TRUE,1,1,0,1,1,0,0,1,1,ACTIVE_WITH_PURCHASE_HISTORY,Keep: Has active purchase/return activity,0
AH/UR535/1803,AASHIRVAD HERITAGE PVT LTD,5716,AH/009056/25-26,,TRUE,1,1,0,0,0,0,1,1,1,ACTIVE_WITH_PURCHASE_HISTORY,Keep: Has active purchase/return activity,0
AHFM-19,FABRICMART LLP ,5166,A226-011844,,TRUE,2,1,0,0,0,0,2,2,1,ACTIVE_WITH_PURCHASE_HISTORY,Keep: Has active purchase/return activity,0
AHFM-61,FABRICMART LLP ,5167,A226-011844,,TRUE,2,1,0,0,0,0,2,2,1,ACTIVE_WITH_PURCHASE_HISTORY,Keep: Has active purchase/return activity,0
AHFM-62,FABRICMART LLP ,5168,A226-011844,INV2026000306,TRUE,2,1,0,1,1,0,1,2,1,ACTIVE_WITH_PURCHASE_HISTORY,Keep: Has active purchase/return activity,0
AHFM-78,FABRICMART LLP ,5169,A226-011844,,TRUE,2,1,2,0,0,0,0,2,1,ACTIVE_WITH_PURCHASE_HISTORY,Keep: Has active purchase/return activity,0
AHR-284,JAGADISH DAS & CO.,"00003468, 00003469",HO26/002482,,TRUE,2,1,0,0,0,0,2,2,2,ACTIVE_WITH_PURCHASE_HISTORY,Keep: Has active purchase/return activity,0
AHR-297,JAGADISH DAS & CO.,"00003470, 00003471",HO26/002482,,TRUE,2,1,0,0,0,0,2,2,2,ACTIVE_WITH_PURCHASE_HISTORY,Keep: Has active purchase/return activity,0
AHR-394,JAGADISH DAS & CO.,3595,HO26-002479,,TRUE,1,1,0,0,0,0,1,1,1,ACTIVE_WITH_PURCHASE_HISTORY,Keep: Has active purchase/return activity,0
AHR-407,JAGADISH DAS & CO.,"00003472, 00003473, 00003474",HO26/002482,INV2627000968,TRUE,3,1,0,1,1,1,2,3,3,ACTIVE_WITH_PURCHASE_HISTORY,Keep: Has active purchase/return activity,1
AHR329,JAGADISH DAS & CO.,3586,HO26-002484,,TRUE,1,1,0,0,0,0,1,1,1,ACTIVE_WITH_PURCHASE_HISTORY,Keep: Has active purchase/return activity,0
AHR380,JDS DESIGN STUDIO PRIVATE LIMITED,6416,JS26-006316,,TRUE,1,1,0,0,0,0,1,1,1,ACTIVE_WITH_PURCHASE_HISTORY,Keep: Has active purchase/return activity,0
AHR380-B,JDS DESIGN STUDIO PRIVATE LIMITED,6417,JS26-006316,,TRUE,1,1,0,0,0,0,1,1,1,ACTIVE_WITH_PURCHASE_HISTORY,Keep: Has active purchase/return activity,0
AHR406,JDS DESIGN STUDIO PRIVATE LIMITED,4123,JS26-006287,,TRUE,2,1,0,0,0,0,2,2,1,ACTIVE_WITH_PURCHASE_HISTORY,Keep: Has active purchase/return activity,0
AHR410,JAGADISH DAS & CO.,3585,HO26-002484,,TRUE,1,1,0,0,0,0,1,1,1,ACTIVE_WITH_PURCHASE_HISTORY,Keep: Has active purchase/return activity,0
AJANTA,KARISHAMA LEGACY LLP,6066,KL/25-26/16915,,TRUE,1,1,0,0,0,0,1,1,1,ACTIVE_WITH_PURCHASE_HISTORY,Keep: Has active purchase/return activity,0
AK-W09,ANKITA KHANDELWAL,7138,O2,,TRUE,1,1,1,0,0,0,0,1,1,ACTIVE_WITH_PURCHASE_HISTORY,Keep: Has active purchase/return activity,0
AK-W10,ANKITA KHANDELWAL,7139,O2,,TRUE,1,1,1,0,0,0,0,1,1,ACTIVE_WITH_PURCHASE_HISTORY,Keep: Has active purchase/return activity,0
AK-W11,ANKITA KHANDELWAL,7140,O2,,TRUE,1,1,1,0,0,0,0,1,1,ACTIVE_WITH_PURCHASE_HISTORY,Keep: Has active purchase/return activity,0
AK-W12,ANKITA KHANDELWAL,7141,O2,,TRUE,1,1,1,0,0,0,0,1,1,ACTIVE_WITH_PURCHASE_HISTORY,Keep: Has active purchase/return activity,0
AK-W13,ANKITA KHANDELWAL,7142,O2,,TRUE,1,1,1,0,0,0,0,1,1,ACTIVE_WITH_PURCHASE_HISTORY,Keep: Has active purchase/return activity,0
AK-W14,ANKITA KHANDELWAL,7143,O2,,TRUE,1,1,1,0,0,0,0,1,1,ACTIVE_WITH_PURCHASE_HISTORY,Keep: Has active purchase/return activity,0
AK-W15,ANKITA KHANDELWAL,7144,O2,,TRUE,1,1,1,0,0,0,0,1,1,ACTIVE_WITH_PURCHASE_HISTORY,Keep: Has active purchase/return activity,0
AK-W16,ANKITA KHANDELWAL,7145,O2,,TRUE,1,1,1,0,0,0,0,1,1,ACTIVE_WITH_PURCHASE_HISTORY,Keep: Has active purchase/return activity,0
AK-W17,ANKITA KHANDELWAL,7146,O2,,TRUE,1,1,1,0,0,0,0,1,1,ACTIVE_WITH_PURCHASE_HISTORY,Keep: Has active purchase/return activity,0
AK-W18,ANKITA KHANDELWAL,7147,O2,,TRUE,1,1,1,0,0,0,0,1,1,ACTIVE_WITH_PURCHASE_HISTORY,Keep: Has active purchase/return activity,0
AK-W19,ANKITA KHANDELWAL,7148,O2,,TRUE,1,1,1,0,0,0,0,1,1,ACTIVE_WITH_PURCHASE_HISTORY,Keep: Has active purchase/return activity,0
AKM17-1/3,JDS DESIGN STUDIO PRIVATE LIMITED,4008,006345/25-26,INV2026000122,TRUE,3,1,0,1,1,0,2,3,1,ACTIVE_WITH_PURCHASE_HISTORY,Keep: Has active purchase/return activity,0
AKM17-1/6,JDS DESIGN STUDIO PRIVATE LIMITED,4007,006345/25-26,,TRUE,6,1,0,0,0,0,6,6,1,ACTIVE_WITH_PURCHASE_HISTORY,Keep: Has active purchase/return activity,0
AKR-4193,DEV DARSHAN DESIGNS PVT LTD,1870,DDD/07541/25-26,,TRUE,1,1,0,0,0,0,1,1,1,ACTIVE_WITH_PURCHASE_HISTORY,Keep: Has active purchase/return activity,0
AKR-4284,DEV DARSHAN DESIGNS PVT LTD,"00000987, 00000989",DDD/07542/25-26,,TRUE,3,1,0,0,0,0,2,2,2,ACTIVE_WITH_PURCHASE_HISTORY,Keep: Has active purchase/return activity,1
AKR-4284 ,DEV DARSHAN DESIGNS PVT LTD,988,,,TRUE,0,0,0,0,0,0,2,2,1,ORPHAN_WITH_STOCK,Audit: Has physical stock/printed barcodes but no purchase record,-2
AKR-4383,DEV DARSHAN DESIGNS PVT LTD,"00001001, 00001002",DDD/07542/25-26,INV2026000432,TRUE,2,1,0,1,1,0,1,2,2,ACTIVE_WITH_PURCHASE_HISTORY,Keep: Has active purchase/return activity,0
AKR-4384,DEV DARSHAN DESIGNS PVT LTD,"00001871, 00001872",DDD/07541/25-26,,TRUE,2,1,0,0,0,0,2,2,2,ACTIVE_WITH_PURCHASE_HISTORY,Keep: Has active purchase/return activity,0
AKR-4390,DEV DARSHAN DESIGNS PVT LTD,"00001863, 00001864",DDD/07541/25-26,,TRUE,2,1,0,0,0,0,2,2,2,ACTIVE_WITH_PURCHASE_HISTORY,Keep: Has active purchase/return activity,0
AKR-4462,DEV DARSHAN DESIGNS PVT LTD,4077,DDD/07567/25-26,,TRUE,1,1,0,0,0,0,1,1,1,ACTIVE_WITH_PURCHASE_HISTORY,Keep: Has active purchase/return activity,0
AKR 3999,DEV DARSHAN DESIGNS PVT LTD,1287,DDD/07545/25-26,,TRUE,1,1,0,0,0,0,1,1,1,ACTIVE_WITH_PURCHASE_HISTORY,Keep: Has active purchase/return activity,0
AKR 4202,DEV DARSHAN DESIGNS PVT LTD,1267,DDD/07545/25-26,INV2627000898,TRUE,1,1,0,1,1,0,0,1,1,ACTIVE_WITH_PURCHASE_HISTORY,Keep: Has active purchase/return activity,0
AKR 4278,DEV DARSHAN DESIGNS PVT LTD,"00001265, 00001266",DDD/07545/25-26,,TRUE,2,1,0,0,0,0,2,2,2,ACTIVE_WITH_PURCHASE_HISTORY,Keep: Has active purchase/return activity,0
AKR 4375,DEV DARSHAN DESIGNS PVT LTD,"00001285, 00001286",DDD/07545/25-26,INV2026000373,TRUE,2,1,0,1,1,0,1,2,2,ACTIVE_WITH_PURCHASE_HISTORY,Keep: Has active purchase/return activity,0
AL-442,AASHI DESIGNS,284,5873,,TRUE,1,1,0,0,0,0,1,1,1,ACTIVE_WITH_PURCHASE_HISTORY,Keep: Has active purchase/return activity,0
AL-456,AASHI DESIGNS,280,5873,,TRUE,1,1,0,0,0,0,1,1,1,ACTIVE_WITH_PURCHASE_HISTORY,Keep: Has active purchase/return activity,0
AL-460,AASHI DESIGNS,283,5873,,TRUE,1,1,0,0,0,0,1,1,1,ACTIVE_WITH_PURCHASE_HISTORY,Keep: Has active purchase/return activity,0
AL-468,AASHI DESIGNS,282,5873,,TRUE,1,1,0,0,0,0,1,1,1,ACTIVE_WITH_PURCHASE_HISTORY,Keep: Has active purchase/return activity,0
AL-500,AASHI DESIGNS,279,5873,INV2627000236,TRUE,1,1,0,1,1,0,0,1,1,ACTIVE_WITH_PURCHASE_HISTORY,Keep: Has active purchase/return activity,0
AL-524,AASHI DESIGNS,3128,5914,,TRUE,1,1,0,0,0,0,1,1,1,ACTIVE_WITH_PURCHASE_HISTORY,Keep: Has active purchase/return activity,0
AL-551,AASHI DESIGNS,285,5873,,TRUE,1,1,0,0,0,0,1,1,1,ACTIVE_WITH_PURCHASE_HISTORY,Keep: Has active purchase/return activity,0
AL-554,AASHI DESIGNS,3127,5914,,TRUE,1,1,0,0,0,0,1,1,1,ACTIVE_WITH_PURCHASE_HISTORY,Keep: Has active purchase/return activity,0
AL-555,AASHI DESIGNS,281,5873,INV2627000002,TRUE,1,1,0,1,1,0,0,1,1,ACTIVE_WITH_PURCHASE_HISTORY,Keep: Has active purchase/return activity,0
AL-560,AASHI DESIGNS,286,5873,,TRUE,1,1,0,0,0,0,1,1,1,ACTIVE_WITH_PURCHASE_HISTORY,Keep: Has active purchase/return activity,0
AL-563,AASHI DESIGNS,289,5873,,TRUE,1,1,0,0,0,0,1,1,1,ACTIVE_WITH_PURCHASE_HISTORY,Keep: Has active purchase/return activity,0
ALIA,KARISHAMA LEGACY LLP,6067,KL/25-26/16915,INV2627000322,TRUE,1,1,0,1,1,0,0,1,1,ACTIVE_WITH_PURCHASE_HISTORY,Keep: Has active purchase/return activity,0
AM01,VSB VASTTRAM PVT LTD,219,VSVB/8947/25-26,,TRUE,1,1,0,0,0,0,1,1,1,ACTIVE_WITH_PURCHASE_HISTORY,Keep: Has active purchase/return activity,0
AMRITA,KARISHAMA LEGACY LLP,6068,KL/25-26/16915,,TRUE,1,1,0,0,0,0,1,1,1,ACTIVE_WITH_PURCHASE_HISTORY,Keep: Has active purchase/return activity,0
AND-01,VSB VASTTRAM PVT LTD,5278,VSBV/9364/25-26,,TRUE,1,1,0,0,0,0,1,1,1,ACTIVE_WITH_PURCHASE_HISTORY,Keep: Has active purchase/return activity,0
ANM48,JAGADISH DAS & CO.,3587,HO26-002484,,TRUE,1,1,0,0,0,0,1,1,1,ACTIVE_WITH_PURCHASE_HISTORY,Keep: Has active purchase/return activity,0
ANM62,JAGADISH DAS & CO.,3588,HO26-002484,,TRUE,1,1,0,0,0,0,1,1,1,ACTIVE_WITH_PURCHASE_HISTORY,Keep: Has active purchase/return activity,0
ANM70,JAGADISH DAS & CO.,3589,HO26-002484,,TRUE,1,1,0,0,0,0,1,1,1,ACTIVE_WITH_PURCHASE_HISTORY,Keep: Has active purchase/return activity,0
ANNU,KARISHAMA LEGACY LLP,6070,KL/25-26/16915,INV2627000229,TRUE,1,1,0,1,1,0,0,1,1,ACTIVE_WITH_PURCHASE_HISTORY,Keep: Has active purchase/return activity,0
ANNU-G,KARISHAMA LEGACY LLP,6069,KL/25-26/16915,,TRUE,1,1,0,0,0,0,1,1,1,ACTIVE_WITH_PURCHASE_HISTORY,Keep: Has active purchase/return activity,0
ANV-1845,NILIMA CREATIONS ,"00008600, 00008601, 00008602, 00008603",NCS/004029/25-26,,TRUE,4,1,0,0,0,0,4,4,4,ACTIVE_WITH_PURCHASE_HISTORY,Keep: Has active purchase/return activity,0
ARADHYA,KARISHAMA LEGACY LLP,6071,KL/25-26/16915,,TRUE,1,1,0,0,0,0,1,1,1,ACTIVE_WITH_PURCHASE_HISTORY,Keep: Has active purchase/return activity,0
ARSHIN,KARISHAMA LEGACY LLP,6072,KL/25-26/16915,,TRUE,1,1,0,0,0,0,1,1,1,ACTIVE_WITH_PURCHASE_HISTORY,Keep: Has active purchase/return activity,0
AS-145,AASHI DESIGNS,287,5873,INV2627000282,TRUE,1,1,0,1,1,0,0,1,1,ACTIVE_WITH_PURCHASE_HISTORY,Keep: Has active purchase/return activity,0
AS-228,AASHI DESIGNS,288,5873,INV2627000510,TRUE,1,1,0,1,1,0,0,1,1,ACTIVE_WITH_PURCHASE_HISTORY,Keep: Has active purchase/return activity,0
AS001,VSB VASTTRAM PVT LTD,223,VSBV/8973/25-26,INV2627000288,TRUE,1,1,0,1,1,0,0,1,1,ACTIVE_WITH_PURCHASE_HISTORY,Keep: Has active purchase/return activity,0
AS01,VSB VASTTRAM PVT LTD,,,,TRUE,0,0,0,0,0,0,0,0,0,SAFE_TO_DELETE_IDLE,"Safe to Delete: No purchases, returns, sales, or stock",0
AT-1187,NIRMAL CREATIONS,1254,NC/009560/25-26,,TRUE,1,1,0,0,0,0,1,1,1,ACTIVE_WITH_PURCHASE_HISTORY,Keep: Has active purchase/return activity,0
AT-1212,NIRMAL CREATIONS,2884,NC/009561/25-26,,TRUE,1,1,0,0,0,0,1,1,1,ACTIVE_WITH_PURCHASE_HISTORY,Keep: Has active purchase/return activity,0
AT-1213,NIRMAL CREATIONS,1255,NC/009560/25-26,INV2026000362,TRUE,1,1,0,1,1,0,0,1,1,ACTIVE_WITH_PURCHASE_HISTORY,Keep: Has active purchase/return activity,0
B-1,NARENDRA SAREE EMPORIUM,3736,4226,,TRUE,1,1,0,0,0,0,1,1,1,ACTIVE_WITH_PURCHASE_HISTORY,Keep: Has active purchase/return activity,0
B-1/1,KUTCH BANDHEJ-NX,5329,2011,,TRUE,1,1,1,0,0,0,0,1,1,ACTIVE_WITH_PURCHASE_HISTORY,Keep: Has active purchase/return activity,0
B-10,NARENDRA SAREE EMPORIUM,3745,4226,,TRUE,1,1,0,0,0,0,1,1,1,ACTIVE_WITH_PURCHASE_HISTORY,Keep: Has active purchase/return activity,0
B-11,NARENDRA SAREE EMPORIUM,3746,4226,,TRUE,1,1,0,0,0,0,1,1,1,ACTIVE_WITH_PURCHASE_HISTORY,Keep: Has active purchase/return activity,0
B-12,NARENDRA SAREE EMPORIUM,3747,4226,,TRUE,1,1,0,0,0,0,1,1,1,ACTIVE_WITH_PURCHASE_HISTORY,Keep: Has active purchase/return activity,0
B-13,NARENDRA SAREE EMPORIUM,3748,4226,,TRUE,1,1,1,0,0,0,0,1,1,ACTIVE_WITH_PURCHASE_HISTORY,Keep: Has active purchase/return activity,0
B-14,NARENDRA SAREE EMPORIUM,3749,4226,,TRUE,1,1,0,0,0,0,1,1,1,ACTIVE_WITH_PURCHASE_HISTORY,Keep: Has active purchase/return activity,0
B-2,NARENDRA SAREE EMPORIUM,3737,4226,,TRUE,1,1,1,0,0,0,0,1,1,ACTIVE_WITH_PURCHASE_HISTORY,Keep: Has active purchase/return activity,0
B-3,NARENDRA SAREE EMPORIUM,3738,4226,,TRUE,1,1,0,0,0,0,1,1,1,ACTIVE_WITH_PURCHASE_HISTORY,Keep: Has active purchase/return activity,0
B-4,NARENDRA SAREE EMPORIUM,3739,4226,INV2026000293,TRUE,1,1,0,1,1,0,0,1,1,ACTIVE_WITH_PURCHASE_HISTORY,Keep: Has active purchase/return activity,0
B-5,NARENDRA SAREE EMPORIUM,3740,4226,,TRUE,1,1,0,0,0,0,1,1,1,ACTIVE_WITH_PURCHASE_HISTORY,Keep: Has active purchase/return activity,0
B-6,NARENDRA SAREE EMPORIUM,3741,4226,,TRUE,1,1,0,0,0,0,1,1,1,ACTIVE_WITH_PURCHASE_HISTORY,Keep: Has active purchase/return activity,0
B-7,NARENDRA SAREE EMPORIUM,3742,4226,,TRUE,1,1,0,0,0,0,1,1,1,ACTIVE_WITH_PURCHASE_HISTORY,Keep: Has active purchase/return activity,0
B-8,NARENDRA SAREE EMPORIUM,3743,4226,,TRUE,1,1,0,0,0,0,1,1,1,ACTIVE_WITH_PURCHASE_HISTORY,Keep: Has active purchase/return activity,0
B-9,NARENDRA SAREE EMPORIUM,3744,4226,,TRUE,1,1,0,0,0,0,1,1,1,ACTIVE_WITH_PURCHASE_HISTORY,Keep: Has active purchase/return activity,0
B.B.003080-BX-B,MEHRA SAREE KENDRA ,5518,MSK/2232/2025-26,INV2026000389,TRUE,1,1,0,1,1,0,0,1,1,ACTIVE_WITH_PURCHASE_HISTORY,Keep: Has active purchase/return activity,0
B.B.003080-BX-C,MEHRA SAREE KENDRA ,5521,MSK/2232/2025-26,INV2627000343,TRUE,1,1,0,1,1,0,0,1,1,ACTIVE_WITH_PURCHASE_HISTORY,Keep: Has active purchase/return activity,0
B.B.003080-BX-G,MEHRA SAREE KENDRA ,5519,MSK/2232/2025-26,INV2627000412,TRUE,1,1,0,1,1,0,0,1,1,ACTIVE_WITH_PURCHASE_HISTORY,Keep: Has active purchase/return activity,0
B.B.003080-BX-P,MEHRA SAREE KENDRA ,5522,MSK/2232/2025-26,INV2627000118,TRUE,1,1,0,1,1,0,0,1,1,ACTIVE_WITH_PURCHASE_HISTORY,Keep: Has active purchase/return activity,0
B.B.003080-BX-W,MEHRA SAREE KENDRA ,5520,MSK/2232/2025-26,INV2627000708,TRUE,1,1,0,1,1,0,0,1,1,ACTIVE_WITH_PURCHASE_HISTORY,Keep: Has active purchase/return activity,0
B.B.003095-BX-B,MEHRA SAREE KENDRA ,5524,MSK/2232/2025-26,INV2627000601,TRUE,1,1,0,1,1,0,0,1,1,ACTIVE_WITH_PURCHASE_HISTORY,Keep: Has active purchase/return activity,0
B.B.003095-BX-BG,MEHRA SAREE KENDRA ,5523,MSK/2232/2025-26,,TRUE,1,1,0,0,0,0,1,1,1,ACTIVE_WITH_PURCHASE_HISTORY,Keep: Has active purchase/return activity,0
B.B.003095-BX-L,MEHRA SAREE KENDRA ,5525,MSK/2232/2025-26,,TRUE,1,1,0,0,0,0,1,1,1,ACTIVE_WITH_PURCHASE_HISTORY,Keep: Has active purchase/return activity,0
B.B.003095-BX-Y,MEHRA SAREE KENDRA ,5526,MSK/2232/2025-26,,TRUE,1,1,0,0,0,0,1,1,1,ACTIVE_WITH_PURCHASE_HISTORY,Keep: Has active purchase/return activity,0
B1,BANARAS SILK COUTURE ,3265,273,INV2026000120,TRUE,1,1,0,1,1,0,0,1,1,ACTIVE_WITH_PURCHASE_HISTORY,Keep: Has active purchase/return activity,0
B2,BANARAS SILK COUTURE ,"00003266, 00003267, 00003268, 00003269, 00003270, 00003271, 00003272, 00003273, 00003274, 00003275, 00003276, 00003277, 00003278, 00003279, 00003280, 00003281, 00003282, 00003283, 00003284",273,"INV2026000003, INV2026000384, INV2627000013, INV2627000102, INV2627000114, INV2627000195, INV2627000741, INV2627001055, INV2627001056",TRUE,19,1,0,9,9,0,10,19,19,ACTIVE_WITH_PURCHASE_HISTORY,Keep: Has active purchase/return activity,0
B3,BANARAS SILK COUTURE ,3285,273,,TRUE,1,1,0,0,0,0,1,1,1,ACTIVE_WITH_PURCHASE_HISTORY,Keep: Has active purchase/return activity,0
BD65,RAJ COUTURE PVT LTD,4980,RCPL/006490/2526,,TRUE,3,1,0,0,0,0,3,3,1,ACTIVE_WITH_PURCHASE_HISTORY,Keep: Has active purchase/return activity,0
BDR-161,DEV DARSHAN DESIGNS PVT LTD,"00001859, 00001860",DDD/07541/25-26,,TRUE,2,1,0,0,0,0,2,2,2,ACTIVE_WITH_PURCHASE_HISTORY,Keep: Has active purchase/return activity,0
BDR-296,DEV DARSHAN DESIGNS PVT LTD,"00001008, 00001009",DDD/07542/25-26,INV2627000533,TRUE,2,1,0,1,1,0,1,2,2,ACTIVE_WITH_PURCHASE_HISTORY,Keep: Has active purchase/return activity,0
BDR-301,DEV DARSHAN DESIGNS PVT LTD,"00001857, 00001858",DDD/07541/25-26,INV2026000371,TRUE,2,1,0,1,1,0,1,2,2,ACTIVE_WITH_PURCHASE_HISTORY,Keep: Has active purchase/return activity,0
BDR-305,DEV DARSHAN DESIGNS PVT LTD,"00001855, 00001856",DDD/07541/25-26,INV2627000701,TRUE,2,1,0,1,1,0,1,2,2,ACTIVE_WITH_PURCHASE_HISTORY,Keep: Has active purchase/return activity,0
BDR 269,DEV DARSHAN DESIGNS PVT LTD,"00001281, 00001282",DDD/07545/25-26,,TRUE,2,1,0,0,0,0,2,2,2,ACTIVE_WITH_PURCHASE_HISTORY,Keep: Has active purchase/return activity,0
BDR 306,DEV DARSHAN DESIGNS PVT LTD,1272,DDD/07545/25-26,INV2026000403,TRUE,1,1,0,1,1,0,0,1,1,ACTIVE_WITH_PURCHASE_HISTORY,Keep: Has active purchase/return activity,0
BDR 309,DEV DARSHAN DESIGNS PVT LTD,1275,DDD/07545/25-26,INV2026000248,TRUE,1,1,0,1,1,0,0,1,1,ACTIVE_WITH_PURCHASE_HISTORY,Keep: Has active purchase/return activity,0
BF-1152,NIRMAL CREATIONS,1380,NC/009562/25-26,,TRUE,1,1,0,0,0,0,1,1,1,ACTIVE_WITH_PURCHASE_HISTORY,Keep: Has active purchase/return activity,0
BF-1152L,NIRMAL CREATIONS,1381,NC/009562/25-26,INV2026000295,TRUE,1,1,0,1,1,0,0,1,1,ACTIVE_WITH_PURCHASE_HISTORY,Keep: Has active purchase/return activity,0
BF-1158,NIRMAL CREATIONS,"00001382, 00001414","NC/009562/25-26, NC/009563/25-26","INV2627000224, INV2627001009",TRUE,2,2,0,2,2,0,0,2,2,ACTIVE_WITH_PURCHASE_HISTORY,Keep: Has active purchase/return activity,0
BF-1162,NIRMAL CREATIONS,"00001415, 00001416",NC/009563/25-26,"INV2627000943, INV2627000999",TRUE,2,1,0,2,2,0,0,2,2,ACTIVE_WITH_PURCHASE_HISTORY,Keep: Has active purchase/return activity,0
BF-1752,DEV DARSHAN DESIGNS PVT LTD,"00000998, 00000999",DDD/07542/25-26,,TRUE,2,1,0,0,0,0,2,2,2,ACTIVE_WITH_PURCHASE_HISTORY,Keep: Has active purchase/return activity,0
BF-1755,DEV DARSHAN DESIGNS PVT LTD,"00001868, 00001869",DDD/07541/25-26,"INV2026000432, INV2627000616",TRUE,2,1,0,2,2,0,0,2,2,ACTIVE_WITH_PURCHASE_HISTORY,Keep: Has active purchase/return activity,0
BF-1812,DEV DARSHAN DESIGNS PVT LTD,"00001861, 00001862",DDD/07541/25-26,INV2026000027,TRUE,2,1,0,1,1,0,1,2,2,ACTIVE_WITH_PURCHASE_HISTORY,Keep: Has active purchase/return activity,0
BF-1857,DEV DARSHAN DESIGNS PVT LTD,995,DDD/07542/25-26,,TRUE,1,1,0,0,0,0,1,1,1,ACTIVE_WITH_PURCHASE_HISTORY,Keep: Has active purchase/return activity,0
BF-1861,DEV DARSHAN DESIGNS PVT LTD,4078,DDD/07567/25-26,INV2026000432,TRUE,1,1,0,1,1,0,0,1,1,ACTIVE_WITH_PURCHASE_HISTORY,Keep: Has active purchase/return activity,0
BF-1883,DEV DARSHAN DESIGNS PVT LTD,1865,DDD/07541/25-26,,TRUE,1,1,0,0,0,0,1,1,1,ACTIVE_WITH_PURCHASE_HISTORY,Keep: Has active purchase/return activity,0
BF-1892,DEV DARSHAN DESIGNS PVT LTD,"00001866, 00001867",DDD/07541/25-26,"INV2026000432, INV2627000249",TRUE,2,1,0,2,2,0,0,2,2,ACTIVE_WITH_PURCHASE_HISTORY,Keep: Has active purchase/return activity,0
BF-1913,DEV DARSHAN DESIGNS PVT LTD,991,DDD/07542/25-26,,TRUE,1,1,0,0,0,0,1,1,1,ACTIVE_WITH_PURCHASE_HISTORY,Keep: Has active purchase/return activity,0
BF-1914,DEV DARSHAN DESIGNS PVT LTD,1012,DDD/07542/25-26,INV2026000173,TRUE,1,1,0,1,1,0,0,1,1,ACTIVE_WITH_PURCHASE_HISTORY,Keep: Has active purchase/return activity,0
BF-1915,DEV DARSHAN DESIGNS PVT LTD,1004,DDD/07542/25-26,,TRUE,1,1,0,0,0,0,1,1,1,ACTIVE_WITH_PURCHASE_HISTORY,Keep: Has active purchase/return activity,0
BF-1942,DEV DARSHAN DESIGNS PVT LTD,4083,DDD/07567/25-26,INV2026000377,TRUE,1,1,0,1,1,0,0,1,1,ACTIVE_WITH_PURCHASE_HISTORY,Keep: Has active purchase/return activity,0
BF-1947,DEV DARSHAN DESIGNS PVT LTD,"00001873, 00001874",DDD/07541/25-26,INV2627000565,TRUE,2,1,0,1,1,0,1,2,2,ACTIVE_WITH_PURCHASE_HISTORY,Keep: Has active purchase/return activity,0
BF-1948,DEV DARSHAN DESIGNS PVT LTD,994,DDD/07542/25-26,INV2026000269,TRUE,1,1,0,1,1,0,0,1,1,ACTIVE_WITH_PURCHASE_HISTORY,Keep: Has active purchase/return activity,0
BF 1761,DEV DARSHAN DESIGNS PVT LTD,1278,DDD/07545/25-26,,TRUE,1,1,0,0,0,0,1,1,1,ACTIVE_WITH_PURCHASE_HISTORY,Keep: Has active purchase/return activity,0
BF 1772,DEV DARSHAN DESIGNS PVT LTD,"00001273, 00001323",DDD/07545/25-26,,TRUE,2,1,0,0,0,0,2,2,2,ACTIVE_WITH_PURCHASE_HISTORY,Keep: Has active purchase/return activity,0
BF 1914,DEV DARSHAN DESIGNS PVT LTD,1283,DDD/07545/25-26,,TRUE,1,1,0,0,0,0,1,1,1,ACTIVE_WITH_PURCHASE_HISTORY,Keep: Has active purchase/return activity,0
BF 1918,DEV DARSHAN DESIGNS PVT LTD,1284,DDD/07545/25-26,INV2627000345,TRUE,1,1,0,1,1,0,0,1,1,ACTIVE_WITH_PURCHASE_HISTORY,Keep: Has active purchase/return activity,0
BF 1987,DEV DARSHAN DESIGNS PVT LTD,"00001276, 00001277",DDD/07545/25-26,INV2627000830,TRUE,2,1,0,1,1,0,1,2,2,ACTIVE_WITH_PURCHASE_HISTORY,Keep: Has active purchase/return activity,0
BF1765,DEV DARSHAN DESIGNS PVT LTD,1324,DDD/07545/25-26,INV2627000805,TRUE,1,1,0,1,1,0,0,1,1,ACTIVE_WITH_PURCHASE_HISTORY,Keep: Has active purchase/return activity,0
BG-093,NIRMAL CREATIONS,1246,NC/009560/25-26,INV2026000271,TRUE,1,1,0,1,1,0,0,1,1,ACTIVE_WITH_PURCHASE_HISTORY,Keep: Has active purchase/return activity,0
BG-093 PK,NIRMAL CREATIONS,1247,NC/009560/25-26,INV2026000269,TRUE,1,1,0,1,1,0,0,1,1,ACTIVE_WITH_PURCHASE_HISTORY,Keep: Has active purchase/return activity,0
BG-095 PK,NIRMAL CREATIONS,1243,NC/009560/25-26,INV2627000706,TRUE,1,1,0,1,1,0,0,1,1,ACTIVE_WITH_PURCHASE_HISTORY,Keep: Has active purchase/return activity,0
BG-118,NIRMAL CREATIONS,2893,NC/009561/25-26,,TRUE,1,1,0,0,0,0,1,1,1,ACTIVE_WITH_PURCHASE_HISTORY,Keep: Has active purchase/return activity,0
BI-95A,RAJ COUTURE PVT LTD,4990,RCPL/006490/2526,,TRUE,5,1,0,0,0,0,5,5,1,ACTIVE_WITH_PURCHASE_HISTORY,Keep: Has active purchase/return activity,0
BK-112,DEV DARSHAN DESIGNS PVT LTD,"00001876, 00001877",DDD/07541/25-26,"INV2627000998, INV2627000999",TRUE,2,1,0,2,2,0,0,2,2,ACTIVE_WITH_PURCHASE_HISTORY,Keep: Has active purchase/return activity,0
BK-112-LILAC,DEV DARSHAN DESIGNS PVT LTD,9684,DDD/00707/26-27,,TRUE,1,1,0,0,0,0,1,1,1,ACTIVE_WITH_PURCHASE_HISTORY,Keep: Has active purchase/return activity,0
BK-112-PINK,DEV DARSHAN DESIGNS PVT LTD,9685,DDD/00707/26-27,,TRUE,1,1,0,0,0,0,1,1,1,ACTIVE_WITH_PURCHASE_HISTORY,Keep: Has active purchase/return activity,0
BK-150,DEV DARSHAN DESIGNS PVT LTD,"00001006, 00001007",DDD/07542/25-26,"INV2026000417, INV2026000432, INV2627000533",TRUE,3,1,0,3,3,0,0,3,2,ACTIVE_WITH_PURCHASE_HISTORY,Keep: Has active purchase/return activity,0
BK-271,DEV DARSHAN DESIGNS PVT LTD,4082,DDD/07567/25-26,INV2627000053,TRUE,1,1,0,1,1,0,0,1,1,ACTIVE_WITH_PURCHASE_HISTORY,Keep: Has active purchase/return activity,0
BK-311,DEV DARSHAN DESIGNS PVT LTD,"00004080, 00004081",DDD/07567/25-26,INV2026000432,TRUE,2,1,0,1,1,0,1,2,2,ACTIVE_WITH_PURCHASE_HISTORY,Keep: Has active purchase/return activity,0
BK-315,DEV DARSHAN DESIGNS PVT LTD,1003,DDD/07542/25-26,,TRUE,1,1,0,0,0,0,1,1,1,ACTIVE_WITH_PURCHASE_HISTORY,Keep: Has active purchase/return activity,0
BK 288,DEV DARSHAN DESIGNS PVT LTD,"00001268, 00001269",DDD/07545/25-26,"INV2627000278, INV2627000999",TRUE,2,1,0,2,2,0,0,2,2,ACTIVE_WITH_PURCHASE_HISTORY,Keep: Has active purchase/return activity,0
BK 315,DEV DARSHAN DESIGNS PVT LTD,1289,DDD/07545/25-26,INV2026000256,TRUE,1,1,0,1,1,0,0,1,1,ACTIVE_WITH_PURCHASE_HISTORY,Keep: Has active purchase/return activity,0
BM262G,NIRMAL CREATIONS,1035,NC/009559/25-26,,TRUE,1,1,0,0,0,0,1,1,1,ACTIVE_WITH_PURCHASE_HISTORY,Keep: Has active purchase/return activity,0
BM262N,NIRMAL CREATIONS,1036,NC/009559/25-26,INV2627000304,TRUE,1,1,0,1,1,0,0,1,1,ACTIVE_WITH_PURCHASE_HISTORY,Keep: Has active purchase/return activity,0
BM262P,NIRMAL CREATIONS,1037,NC/009559/25-26,INV2627000407,TRUE,1,1,0,1,1,0,0,1,1,ACTIVE_WITH_PURCHASE_HISTORY,Keep: Has active purchase/return activity,0
BR 1765,DEV DARSHAN DESIGNS PVT LTD,1280,,,TRUE,0,0,0,0,0,0,1,1,1,ORPHAN_WITH_STOCK,Audit: Has physical stock/printed barcodes but no purchase record,-1
BR1772,DEV DARSHAN DESIGNS PVT LTD,1274,,,TRUE,0,0,0,0,0,0,1,1,1,ORPHAN_WITH_STOCK,Audit: Has physical stock/printed barcodes but no purchase record,-1
BS-01,R.F. CREATIONS ,9011,848-2627,,TRUE,1,1,0,0,0,0,1,1,1,ACTIVE_WITH_PURCHASE_HISTORY,Keep: Has active purchase/return activity,0
BS-02,R.F. CREATIONS ,9009,848-2627,,TRUE,1,1,0,0,0,0,1,1,1,ACTIVE_WITH_PURCHASE_HISTORY,Keep: Has active purchase/return activity,0
BS-09,VARIMA FASHIONS PVT LTD,4323,VFPL2277,,TRUE,2,1,0,0,0,0,2,2,1,ACTIVE_WITH_PURCHASE_HISTORY,Keep: Has active purchase/return activity,0
BS-109 EE,NIRMAL CREATIONS,1376,NC/009562/25-26,,TRUE,1,1,0,0,0,0,1,1,1,ACTIVE_WITH_PURCHASE_HISTORY,Keep: Has active purchase/return activity,0
BS-125J,NIRMAL CREATIONS,1375,NC/009562/25-26,INV2627000478,TRUE,1,1,0,1,1,0,0,1,1,ACTIVE_WITH_PURCHASE_HISTORY,Keep: Has active purchase/return activity,0
BS-21,VARIMA FASHIONS PVT LTD,4319,VFPL2277,,TRUE,4,1,0,0,0,0,4,4,1,ACTIVE_WITH_PURCHASE_HISTORY,Keep: Has active purchase/return activity,0
BS-22,VARIMA FASHIONS PVT LTD,4320,VFPL2277,,TRUE,3,1,0,0,0,0,3,3,1,ACTIVE_WITH_PURCHASE_HISTORY,Keep: Has active purchase/return activity,0
BS-229-01,R.F. CREATIONS ,9021,848-2627,,TRUE,1,1,0,0,0,0,1,1,1,ACTIVE_WITH_PURCHASE_HISTORY,Keep: Has active purchase/return activity,0
BS-229-02,R.F. CREATIONS ,9022,848-2627,,TRUE,1,1,0,0,0,0,1,1,1,ACTIVE_WITH_PURCHASE_HISTORY,Keep: Has active purchase/return activity,0
BS-234-01,R.F. CREATIONS ,9018,848-2627,,TRUE,1,1,0,0,0,0,1,1,1,ACTIVE_WITH_PURCHASE_HISTORY,Keep: Has active purchase/return activity,0
BS-234-02,R.F. CREATIONS ,9019,848-2627,,TRUE,1,1,0,0,0,0,1,1,1,ACTIVE_WITH_PURCHASE_HISTORY,Keep: Has active purchase/return activity,0
BS-234-03,R.F. CREATIONS ,9020,848-2627,,TRUE,1,1,0,0,0,0,1,1,1,ACTIVE_WITH_PURCHASE_HISTORY,Keep: Has active purchase/return activity,0
BS-574,NIRMAL CREATIONS,"00001419, 00001420",NC/009563/25-26,,TRUE,2,1,0,0,0,0,2,2,2,ACTIVE_WITH_PURCHASE_HISTORY,Keep: Has active purchase/return activity,0
BS-578,NIRMAL CREATIONS,1421,NC/009563/25-26,INV2627000815,TRUE,1,1,0,1,1,0,0,1,1,ACTIVE_WITH_PURCHASE_HISTORY,Keep: Has active purchase/return activity,0
BW-01,WARIS HOUSE OF FASHION,8468,WH/2025/607,,TRUE,1,1,0,0,0,0,1,1,1,ACTIVE_WITH_PURCHASE_HISTORY,Keep: Has active purchase/return activity,0
C-1,NARENDRA SAREE EMPORIUM,3750,4226,,TRUE,1,1,0,0,0,0,1,1,1,ACTIVE_WITH_PURCHASE_HISTORY,Keep: Has active purchase/return activity,0
C-10,NARENDRA SAREE EMPORIUM,3759,4226,INV2627000077,TRUE,1,1,0,1,1,0,0,1,1,ACTIVE_WITH_PURCHASE_HISTORY,Keep: Has active purchase/return activity,0
C-1001 XL,TULIPS ,4153,25-26/3219,,TRUE,1,1,1,0,0,0,0,1,1,ACTIVE_WITH_PURCHASE_HISTORY,Keep: Has active purchase/return activity,0
C-1001(R),TULIPS ,4152,25-26/3219,INV2026000332,TRUE,1,1,0,1,1,0,0,1,1,ACTIVE_WITH_PURCHASE_HISTORY,Keep: Has active purchase/return activity,0
C-1003,RUCHIKA DESIGN STUDIO,9223,FY26-27/126,,TRUE,1,1,0,0,0,0,1,1,1,ACTIVE_WITH_PURCHASE_HISTORY,Keep: Has active purchase/return activity,0
C-1023,RUCHIKA DESIGN STUDIO,9224,FY26-27/126,,TRUE,1,1,0,0,0,0,1,1,1,ACTIVE_WITH_PURCHASE_HISTORY,Keep: Has active purchase/return activity,0
C-1038,RUCHIKA DESIGN STUDIO,7125,FY26-27/028,,TRUE,1,1,0,0,0,0,1,1,1,ACTIVE_WITH_PURCHASE_HISTORY,Keep: Has active purchase/return activity,0
C-1044,RUCHIKA DESIGN STUDIO,9225,FY26-27/126,,TRUE,1,1,0,0,0,0,1,1,1,ACTIVE_WITH_PURCHASE_HISTORY,Keep: Has active purchase/return activity,0
C-1082,RUCHIKA DESIGN STUDIO,5885,FY25-26/3370,,TRUE,1,1,0,0,0,0,1,1,1,ACTIVE_WITH_PURCHASE_HISTORY,Keep: Has active purchase/return activity,0
C-1087,RUCHIKA DESIGN STUDIO,5886,FY25-26/3370,,TRUE,1,1,0,0,0,0,1,1,1,ACTIVE_WITH_PURCHASE_HISTORY,Keep: Has active purchase/return activity,0
C-11,NARENDRA SAREE EMPORIUM,3760,4226,,TRUE,1,1,0,0,0,0,1,1,1,ACTIVE_WITH_PURCHASE_HISTORY,Keep: Has active purchase/return activity,0
C-2,NARENDRA SAREE EMPORIUM,3751,4226,,TRUE,1,1,0,0,0,0,1,1,1,ACTIVE_WITH_PURCHASE_HISTORY,Keep: Has active purchase/return activity,0
C-3,NARENDRA SAREE EMPORIUM,3752,4226,,TRUE,1,1,0,0,0,0,1,1,1,ACTIVE_WITH_PURCHASE_HISTORY,Keep: Has active purchase/return activity,0
C-4,NARENDRA SAREE EMPORIUM,3753,4226,,TRUE,1,1,0,0,0,0,1,1,1,ACTIVE_WITH_PURCHASE_HISTORY,Keep: Has active purchase/return activity,0
C-4496,L P TRADE LINKS,6671,3129,,TRUE,1,1,0,0,0,0,1,1,1,ACTIVE_WITH_PURCHASE_HISTORY,Keep: Has active purchase/return activity,0
C-5,NARENDRA SAREE EMPORIUM,3754,4226,,TRUE,1,1,0,0,0,0,1,1,1,ACTIVE_WITH_PURCHASE_HISTORY,Keep: Has active purchase/return activity,0
C-6,NARENDRA SAREE EMPORIUM,3755,4226,,TRUE,1,1,1,0,0,0,0,1,1,ACTIVE_WITH_PURCHASE_HISTORY,Keep: Has active purchase/return activity,0
C-7,NARENDRA SAREE EMPORIUM,3756,4226,,TRUE,1,1,0,0,0,0,1,1,1,ACTIVE_WITH_PURCHASE_HISTORY,Keep: Has active purchase/return activity,0
C-8,NARENDRA SAREE EMPORIUM,3757,4226,,TRUE,1,1,0,0,0,0,1,1,1,ACTIVE_WITH_PURCHASE_HISTORY,Keep: Has active purchase/return activity,0
C-893,RUCHIKA DESIGN STUDIO,8849,FY25-26/3244,,TRUE,1,1,0,0,0,0,1,1,1,ACTIVE_WITH_PURCHASE_HISTORY,Keep: Has active purchase/return activity,0
C-9,NARENDRA SAREE EMPORIUM,3758,4226,,TRUE,1,1,1,0,0,0,0,1,1,ACTIVE_WITH_PURCHASE_HISTORY,Keep: Has active purchase/return activity,0
C-967,TULIPS ,4690,25-26/3235,,TRUE,1,1,0,0,0,0,1,1,1,ACTIVE_WITH_PURCHASE_HISTORY,Keep: Has active purchase/return activity,0
C-973,RUCHIKA DESIGN STUDIO,5884,FY25-26/3370,,TRUE,1,1,0,0,0,0,1,1,1,ACTIVE_WITH_PURCHASE_HISTORY,Keep: Has active purchase/return activity,0
C-994,RUCHIKA DESIGN STUDIO,9222,FY26-27/126,,TRUE,1,1,0,0,0,0,1,1,1,ACTIVE_WITH_PURCHASE_HISTORY,Keep: Has active purchase/return activity,0
C-994 R,TULIPS ,4691,25-26/3235,,TRUE,1,1,0,0,0,0,1,1,1,ACTIVE_WITH_PURCHASE_HISTORY,Keep: Has active purchase/return activity,0
C 1074-LC,RUCHIKA DESIGN STUDIO,6510,FY25-26/3531,,TRUE,1,1,0,0,0,0,1,1,1,ACTIVE_WITH_PURCHASE_HISTORY,Keep: Has active purchase/return activity,0
C1093,RUCHIKA DESIGN STUDIO,7654,FY25-26/3544,,TRUE,1,1,0,0,0,0,1,1,1,ACTIVE_WITH_PURCHASE_HISTORY,Keep: Has active purchase/return activity,0
C4,AMIR FABRICS,"00003815, 00003816, 00003817, 00003818",AF/2025-26/1057,"INV2026000296, INV2627000047, INV2627000403, INV2627000699",TRUE,4,1,0,4,4,0,0,4,4,ACTIVE_WITH_PURCHASE_HISTORY,Keep: Has active purchase/return activity,0
C764,RUCHIKA DESIGN STUDIO,313,FY25-26/3244,INV2026000412,TRUE,1,1,0,1,1,0,0,1,1,ACTIVE_WITH_PURCHASE_HISTORY,Keep: Has active purchase/return activity,0
C765,RUCHIKA DESIGN STUDIO,314,FY25-26/3244,,TRUE,1,1,0,0,0,0,1,1,1,ACTIVE_WITH_PURCHASE_HISTORY,Keep: Has active purchase/return activity,0
C771,RUCHIKA DESIGN STUDIO,315,FY25-26/3244,INV2627000619,TRUE,1,1,0,1,1,0,0,1,1,ACTIVE_WITH_PURCHASE_HISTORY,Keep: Has active purchase/return activity,0
C773,RUCHIKA DESIGN STUDIO,370,FY25-26/3244,,TRUE,1,1,0,0,0,0,1,1,1,ACTIVE_WITH_PURCHASE_HISTORY,Keep: Has active purchase/return activity,0
C785,RUCHIKA DESIGN STUDIO,317,FY25-26/3244,,TRUE,1,1,0,0,0,0,1,1,1,ACTIVE_WITH_PURCHASE_HISTORY,Keep: Has active purchase/return activity,0
C816,RUCHIKA DESIGN STUDIO,318,FY25-26/3244,,TRUE,1,1,0,0,0,0,1,1,1,ACTIVE_WITH_PURCHASE_HISTORY,Keep: Has active purchase/return activity,0
C818,RUCHIKA DESIGN STUDIO,319,FY25-26/3244,,TRUE,1,1,0,0,0,0,1,1,1,ACTIVE_WITH_PURCHASE_HISTORY,Keep: Has active purchase/return activity,0
C868,RUCHIKA DESIGN STUDIO,320,FY25-26/3244,,TRUE,1,1,0,0,0,0,1,1,1,ACTIVE_WITH_PURCHASE_HISTORY,Keep: Has active purchase/return activity,0
C871,RUCHIKA DESIGN STUDIO,321,FY25-26/3244,,TRUE,1,1,0,0,0,0,1,1,1,ACTIVE_WITH_PURCHASE_HISTORY,Keep: Has active purchase/return activity,0
C893,RUCHIKA DESIGN STUDIO,368,,,TRUE,0,0,0,0,0,0,1,1,1,ORPHAN_WITH_STOCK,Audit: Has physical stock/printed barcodes but no purchase record,-1
C995 LC,RUCHIKA DESIGN STUDIO,6133,FY25-26/3477,,TRUE,1,1,0,0,0,0,1,1,1,ACTIVE_WITH_PURCHASE_HISTORY,Keep: Has active purchase/return activity,0
CCRS-25/03-B,REYAANS ,6017,TI/25-26/00488,,TRUE,1,1,0,0,0,0,1,1,1,ACTIVE_WITH_PURCHASE_HISTORY,Keep: Has active purchase/return activity,0
CCRS/25/02,REYAANS ,"00006935, 00006936, 00006939",TI/25-26/00529,,TRUE,2,1,2,0,0,0,2,4,3,ACTIVE_WITH_PURCHASE_HISTORY,Keep: Has active purchase/return activity,-2
CCRS/25/03,REYAANS ,"00006010, 00006011",,INV2627000393,TRUE,0,0,0,1,1,0,1,2,2,ORPHAN_WITH_SALES,Audit: Sold but lacks purchase invoice in database,-2
CCRS/25/03-S,REYAANS ,6016,TI/25-26/00488,INV2627000393,TRUE,1,1,0,1,1,0,0,1,1,ACTIVE_WITH_PURCHASE_HISTORY,Keep: Has active purchase/return activity,0
CCRS/25/105,REYAANS ,"00004823, 00004824",TI/25-26/00450,,TRUE,2,1,0,0,0,0,2,2,2,ACTIVE_WITH_PURCHASE_HISTORY,Keep: Has active purchase/return activity,0
CCRS/25/106,REYAANS ,"00006937, 00006938, 00006940",,,TRUE,0,0,0,0,0,0,3,3,3,ORPHAN_WITH_STOCK,Audit: Has physical stock/printed barcodes but no purchase record,-3
CCRS/25/106-B,REYAANS ,7169,TI/25-26/00529,,TRUE,1,1,0,0,0,0,1,1,1,ACTIVE_WITH_PURCHASE_HISTORY,Keep: Has active purchase/return activity,0
CCRS/25/106-S,REYAANS ,7170,TI/25-26/00529,,TRUE,1,1,0,0,0,0,1,1,1,ACTIVE_WITH_PURCHASE_HISTORY,Keep: Has active purchase/return activity,0
CCRS/25/209,REYAANS ,"00004829, 00004830",TI/25-26/00450,,TRUE,2,1,0,0,0,0,2,2,2,ACTIVE_WITH_PURCHASE_HISTORY,Keep: Has active purchase/return activity,0
CCRS/25/210,REYAANS ,"00004827, 00004828",TI/25-26/00450,,TRUE,2,1,2,0,0,0,0,2,2,ACTIVE_WITH_PURCHASE_HISTORY,Keep: Has active purchase/return activity,0
CCRS/25/213,REYAANS ,"00006008, 00006009",,,TRUE,0,0,0,0,0,0,2,2,2,ORPHAN_WITH_STOCK,Audit: Has physical stock/printed barcodes but no purchase record,-2
CCRS/25/213-B,REYAANS ,6015,TI/25-26/00488,INV2627000443,TRUE,1,1,0,1,1,0,0,1,1,ACTIVE_WITH_PURCHASE_HISTORY,Keep: Has active purchase/return activity,0
CCRS/25/213-S,REYAANS ,6014,TI/25-26/00488,INV2627000443,TRUE,1,1,0,1,1,0,0,1,1,ACTIVE_WITH_PURCHASE_HISTORY,Keep: Has active purchase/return activity,0
CCRS/25/65,REYAANS ,"00004825, 00004826",TI/25-26/00450,,TRUE,2,1,1,0,0,0,1,2,2,ACTIVE_WITH_PURCHASE_HISTORY,Keep: Has active purchase/return activity,0
CD5,AASHIRVAD HERITAGE PVT LTD,3074,ED/002853/25-26,"INV2627000479, INV2627000632, INV2627000817, INV2627000981",TRUE,10,1,0,4,4,0,6,10,1,ACTIVE_WITH_PURCHASE_HISTORY,Keep: Has active purchase/return activity,0
CE341,NIRMAL CREATIONS,1043,NC/009559/25-26,INV2627000109,TRUE,1,1,0,1,1,0,0,1,1,ACTIVE_WITH_PURCHASE_HISTORY,Keep: Has active purchase/return activity,0
CHAND FEB,HANDLOOM EMPORIUM TEXT.PRT.LTD,1345,HETPL/2116,"INV2026000321, INV2627000472, INV2627000639",TRUE,35,1,0,3,3,0,32,35,1,ACTIVE_WITH_PURCHASE_HISTORY,Keep: Has active purchase/return activity,0
CL-1401,NIRMAL CREATIONS,2887,NC/009561/25-26,,TRUE,1,1,0,0,0,0,1,1,1,ACTIVE_WITH_PURCHASE_HISTORY,Keep: Has active purchase/return activity,0
CL-428,NIRMAL CREATIONS,2885,NC/009561/25-26,INV2026000247,TRUE,1,1,0,1,1,0,0,1,1,ACTIVE_WITH_PURCHASE_HISTORY,Keep: Has active purchase/return activity,0
CL-433,NIRMAL CREATIONS,2886,NC/009561/25-26,INV2026000349,TRUE,1,1,0,1,1,0,0,1,1,ACTIVE_WITH_PURCHASE_HISTORY,Keep: Has active purchase/return activity,0
CL-443,NIRMAL CREATIONS,1371,NC/009562/25-26,,TRUE,1,1,0,0,0,0,1,1,1,ACTIVE_WITH_PURCHASE_HISTORY,Keep: Has active purchase/return activity,0
CL-453,NIRMAL CREATIONS,1372,NC/009562/25-26,,TRUE,1,1,0,0,0,0,1,1,1,ACTIVE_WITH_PURCHASE_HISTORY,Keep: Has active purchase/return activity,0
COT FEB,HANDLOOM EMPORIUM TEXT.PRT.LTD,1343,HETPL/2116,"INV2026000289, INV2026000306, INV2026000377, INV2026000400, INV2627000193",TRUE,12,1,0,6,5,0,0,6,1,ACTIVE_WITH_PURCHASE_HISTORY,Keep: Has active purchase/return activity,6
COT FEB 2,HANDLOOM EMPORIUM TEXT.PRT.LTD,1344,HETPL/2116,"INV2026000289, INV2627000398, INV2627000612, INV2627000666",TRUE,13,1,0,5,4,0,2,7,1,ACTIVE_WITH_PURCHASE_HISTORY,Keep: Has active purchase/return activity,6
CP13,REGARDS SAREES PVT LTD,3591,RSP/006254/25-26,"INV2026000081, INV2026000141, INV2026000148, INV2026000152, INV2026000429, INV2026000431, INV2627000013, INV2627000053, INV2627000377, INV2627000405, INV2627000555, INV2627000584, INV2627000585, INV2627000943, INV2627000981",TRUE,22,1,0,15,15,0,7,22,1,ACTIVE_WITH_PURCHASE_HISTORY,Keep: Has active purchase/return activity,0
CP8,REGARDS SAREES PVT LTD,3590,RSP/006254/25-26,"INV2026000030, INV2627000896, INV2627000915",TRUE,9,1,0,3,3,0,6,9,1,ACTIVE_WITH_PURCHASE_HISTORY,Keep: Has active purchase/return activity,0
CQ-1076,NIRMAL CREATIONS,2891,NC/009561/25-26,,TRUE,1,1,0,0,0,0,1,1,1,ACTIVE_WITH_PURCHASE_HISTORY,Keep: Has active purchase/return activity,0
CQ1045,NIRMAL CREATIONS,1044,NC/009559/25-26,INV2026000403,TRUE,1,1,0,1,1,0,0,1,1,ACTIVE_WITH_PURCHASE_HISTORY,Keep: Has active purchase/return activity,0
CQ1058,NIRMAL CREATIONS,1045,NC/009559/25-26,INV2627000852,TRUE,1,1,0,1,1,0,0,1,1,ACTIVE_WITH_PURCHASE_HISTORY,Keep: Has active purchase/return activity,0
CS-21-BLACK,VARIMA FASHIONS PVT LTD,9321,VFPL0075,,TRUE,1,1,0,0,0,0,1,1,1,ACTIVE_WITH_PURCHASE_HISTORY,Keep: Has active purchase/return activity,0
CS-22-BACK,VARIMA FASHIONS PVT LTD,9322,VFPL0075,,TRUE,1,1,0,0,0,0,1,1,1,ACTIVE_WITH_PURCHASE_HISTORY,Keep: Has active purchase/return activity,0
CS-23-BLACK,VARIMA FASHIONS PVT LTD,9323,VFPL0075,,TRUE,1,1,0,0,0,0,1,1,1,ACTIVE_WITH_PURCHASE_HISTORY,Keep: Has active purchase/return activity,0
CS-24-BLACK,VARIMA FASHIONS PVT LTD,9324,VFPL0075,,TRUE,1,1,0,0,0,0,1,1,1,ACTIVE_WITH_PURCHASE_HISTORY,Keep: Has active purchase/return activity,0
CS-317,ISHUM DESIGNS,3576,ID/10871/2025-26,INV2026000232,TRUE,2,1,0,1,1,0,1,2,1,ACTIVE_WITH_PURCHASE_HISTORY,Keep: Has active purchase/return activity,0
D-0125,PRATAPSONS HERITAGE HOME PRODUCTION,6600,1,INV2026000064,TRUE,1,1,0,1,1,0,0,1,1,ACTIVE_WITH_PURCHASE_HISTORY,Keep: Has active purchase/return activity,0
D-1,NARENDRA SAREE EMPORIUM,3761,4226,,TRUE,1,1,1,0,0,0,0,1,1,ACTIVE_WITH_PURCHASE_HISTORY,Keep: Has active purchase/return activity,0
D-109,RT VILLA PRIVATE LIMITED,3966,8879,INV2627000242,TRUE,1,1,0,1,1,0,0,1,1,ACTIVE_WITH_PURCHASE_HISTORY,Keep: Has active purchase/return activity,0
D-11,RT VILLA PRIVATE LIMITED,3968,8879,,TRUE,1,1,0,0,0,0,1,1,1,ACTIVE_WITH_PURCHASE_HISTORY,Keep: Has active purchase/return activity,0
D-11284,MILAN ,5744,2025-26/M/0979,INV2627000729,TRUE,1,1,0,1,1,0,0,1,1,ACTIVE_WITH_PURCHASE_HISTORY,Keep: Has active purchase/return activity,0
D-11291,MILAN ,5725,2025-26/M/0979,,TRUE,2,1,0,0,0,0,2,2,1,ACTIVE_WITH_PURCHASE_HISTORY,Keep: Has active purchase/return activity,0
D-11686,MILAN ,"00005748, 00005749",2025-26/M/0979,,TRUE,2,1,0,0,0,0,2,2,2,ACTIVE_WITH_PURCHASE_HISTORY,Keep: Has active purchase/return activity,0
D-11721,MILAN ,"00005732, 00005733",2025-26/M/0979,,TRUE,2,1,0,0,0,0,2,2,2,ACTIVE_WITH_PURCHASE_HISTORY,Keep: Has active purchase/return activity,0
D-1228,GUNJAN BINANI,5932,2191,INV2627000950,TRUE,1,1,0,1,1,0,0,1,1,ACTIVE_WITH_PURCHASE_HISTORY,Keep: Has active purchase/return activity,0
D-12376,MILAN ,"00005724, 00005726, 00005740",2025-26/M/0979,"INV2627000055, INV2627000558",TRUE,14,1,0,2,2,0,3,4,3,ACTIVE_WITH_PURCHASE_HISTORY,Keep: Has active purchase/return activity,9
D-1256,KAIRA COUTURE,5386,GST/2025-26/1067,,TRUE,1,1,0,0,0,0,1,1,1,ACTIVE_WITH_PURCHASE_HISTORY,Keep: Has active purchase/return activity,0
D-13401,MILAN ,5747,2025-26/M/0979,,TRUE,1,1,0,0,0,0,1,1,1,ACTIVE_WITH_PURCHASE_HISTORY,Keep: Has active purchase/return activity,0
D-13594,MILAN ,5745,2025-26/M/0979,,TRUE,1,1,0,0,0,0,1,1,1,ACTIVE_WITH_PURCHASE_HISTORY,Keep: Has active purchase/return activity,0
D-138,RT VILLA PRIVATE LIMITED,3974,8879,INV2627000310,TRUE,1,1,0,1,1,0,0,1,1,ACTIVE_WITH_PURCHASE_HISTORY,Keep: Has active purchase/return activity,0
D-140,RT VILLA PRIVATE LIMITED,"00003972, 00003973",8879,"INV2026000431, INV2627000559",TRUE,2,1,0,2,2,0,0,2,2,ACTIVE_WITH_PURCHASE_HISTORY,Keep: Has active purchase/return activity,0
D-14498,MILAN ,5743,2025-26/M/0979,,TRUE,1,1,0,0,0,0,1,1,1,ACTIVE_WITH_PURCHASE_HISTORY,Keep: Has active purchase/return activity,0
D-147,RT VILLA PRIVATE LIMITED,3971,8879,INV2627000037,TRUE,2,1,0,1,1,0,1,2,1,ACTIVE_WITH_PURCHASE_HISTORY,Keep: Has active purchase/return activity,0
D-149,RT VILLA PRIVATE LIMITED,3976,8879,,TRUE,1,1,0,0,0,0,1,1,1,ACTIVE_WITH_PURCHASE_HISTORY,Keep: Has active purchase/return activity,0
D-158,RT VILLA PRIVATE LIMITED,3963,8879,,TRUE,1,1,0,0,0,0,1,1,1,ACTIVE_WITH_PURCHASE_HISTORY,Keep: Has active purchase/return activity,0
D-15882,MILAN ,5737,2025-26/M/0979,INV2627000683,TRUE,3,1,0,1,1,0,2,3,1,ACTIVE_WITH_PURCHASE_HISTORY,Keep: Has active purchase/return activity,0
D-15914,MILAN ,5723,2025-26/M/0979,,TRUE,2,1,0,0,0,0,2,2,1,ACTIVE_WITH_PURCHASE_HISTORY,Keep: Has active purchase/return activity,0
D-16492,MILAN ,5741,2025-26/M/0979,,TRUE,1,1,0,0,0,0,1,1,1,ACTIVE_WITH_PURCHASE_HISTORY,Keep: Has active purchase/return activity,0
D-16566,MILAN ,5721,2025-26/M/0979,,TRUE,4,1,0,0,0,0,4,4,1,ACTIVE_WITH_PURCHASE_HISTORY,Keep: Has active purchase/return activity,0
D-16580,MILAN ,5722,2025-26/M/0979,,TRUE,2,1,0,0,0,0,2,2,1,ACTIVE_WITH_PURCHASE_HISTORY,Keep: Has active purchase/return activity,0
D-16603,MILAN ,5739,2025-26/M/0979,,TRUE,3,1,0,0,0,0,3,3,1,ACTIVE_WITH_PURCHASE_HISTORY,Keep: Has active purchase/return activity,0
D-16631,MILAN ,5746,2025-26/M/0979,INV2627000385,TRUE,1,1,0,1,1,0,0,1,1,ACTIVE_WITH_PURCHASE_HISTORY,Keep: Has active purchase/return activity,0
D-16756,MILAN ,5738,2025-26/M/0979,,TRUE,3,1,0,0,0,0,3,3,1,ACTIVE_WITH_PURCHASE_HISTORY,Keep: Has active purchase/return activity,0
D-17004,MILAN ,5731,2025-26/M/0979,,TRUE,1,1,0,0,0,0,1,1,1,ACTIVE_WITH_PURCHASE_HISTORY,Keep: Has active purchase/return activity,0
D-171,RT VILLA PRIVATE LIMITED,"00003969, 00003970",8879,,TRUE,2,1,0,0,0,0,2,2,2,ACTIVE_WITH_PURCHASE_HISTORY,Keep: Has active purchase/return activity,0
D-17256,MILAN ,"00005730, 00005734, 00005735, 00005736",2025-26/M/0979,"INV2026000115, INV2026000185",TRUE,5,1,0,2,2,0,3,5,4,ACTIVE_WITH_PURCHASE_HISTORY,Keep: Has active purchase/return activity,0
D-2021,GUNJAN BINANI,"00004895, 00004896, 00004897",2141,"INV2627000415, INV2627000572",TRUE,3,1,0,2,2,0,1,3,3,ACTIVE_WITH_PURCHASE_HISTORY,Keep: Has active purchase/return activity,0
D-2251,GUNJAN BINANI,"00004883, 00004884, 00004885",2141,,TRUE,3,1,3,0,0,0,0,3,3,ACTIVE_WITH_PURCHASE_HISTORY,Keep: Has active purchase/return activity,0
D-226-64-YELLOW,GUNJAN BINANI,7688,47,INV2627000751,TRUE,1,1,0,1,1,0,0,1,1,ACTIVE_WITH_PURCHASE_HISTORY,Keep: Has active purchase/return activity,0
D-2264,GUNJAN BINANI,"00009000, 00009608","129, 189",,TRUE,2,2,0,0,0,0,2,2,2,ACTIVE_WITH_PURCHASE_HISTORY,Keep: Has active purchase/return activity,0
D-2264-BLUE,GUNJAN BINANI,7690,47,INV2627000547,TRUE,1,1,0,1,1,0,0,1,1,ACTIVE_WITH_PURCHASE_HISTORY,Keep: Has active purchase/return activity,0
D-2264-PINK,GUNJAN BINANI,7689,47,INV2627000831,TRUE,1,1,0,1,1,0,0,1,1,ACTIVE_WITH_PURCHASE_HISTORY,Keep: Has active purchase/return activity,0
D-2264-WINE,GUNJAN BINANI,7687,47,INV2627000712,TRUE,1,1,0,1,1,0,0,1,1,ACTIVE_WITH_PURCHASE_HISTORY,Keep: Has active purchase/return activity,0
D-2297,GUNJAN BINANI,"00004893, 00004894",2141,INV2627000685,TRUE,2,1,0,1,1,0,1,2,2,ACTIVE_WITH_PURCHASE_HISTORY,Keep: Has active purchase/return activity,0
D-2327,GUNJAN BINANI,4898,2141,,TRUE,1,1,1,0,0,0,0,1,1,ACTIVE_WITH_PURCHASE_HISTORY,Keep: Has active purchase/return activity,0
D-2334,GUNJAN BINANI,"00004889, 00004890, 00004891, 00004892",2141,,TRUE,4,1,4,0,0,0,0,4,4,ACTIVE_WITH_PURCHASE_HISTORY,Keep: Has active purchase/return activity,0
D-2355,GUNJAN BINANI,5933,2191,,TRUE,1,1,0,0,0,0,1,1,1,ACTIVE_WITH_PURCHASE_HISTORY,Keep: Has active purchase/return activity,0
D-2369-GREEN,GUNJAN BINANI,7658,46,,TRUE,1,1,0,0,0,0,1,1,1,ACTIVE_WITH_PURCHASE_HISTORY,Keep: Has active purchase/return activity,0
D-2369-ORANGE,GUNJAN BINANI,7659,46,INV2627001010,TRUE,1,1,0,1,1,0,0,1,1,ACTIVE_WITH_PURCHASE_HISTORY,Keep: Has active purchase/return activity,0
D-2369-RANI,GUNJAN BINANI,7657,46,,TRUE,1,1,0,0,0,0,1,1,1,ACTIVE_WITH_PURCHASE_HISTORY,Keep: Has active purchase/return activity,0
D-2375-BLUE,GUNJAN BINANI,7656,46,,TRUE,1,1,1,0,0,0,0,1,1,ACTIVE_WITH_PURCHASE_HISTORY,Keep: Has active purchase/return activity,0
D-2375-PINK,GUNJAN BINANI,7655,46,,TRUE,1,1,1,0,0,0,0,1,1,ACTIVE_WITH_PURCHASE_HISTORY,Keep: Has active purchase/return activity,0
D-24,RT VILLA PRIVATE LIMITED,"00003977, 00003978",8879,,TRUE,2,1,0,0,0,0,2,2,2,ACTIVE_WITH_PURCHASE_HISTORY,Keep: Has active purchase/return activity,0
D-25,RT VILLA PRIVATE LIMITED,3975,8879,INV2627000011,TRUE,1,1,0,1,1,0,0,1,1,ACTIVE_WITH_PURCHASE_HISTORY,Keep: Has active purchase/return activity,0
D-38,RT VILLA PRIVATE LIMITED,3967,8879,INV2026000108,TRUE,1,1,0,1,1,1,0,1,1,ACTIVE_WITH_PURCHASE_HISTORY,Keep: Has active purchase/return activity,1
D-52,RT VILLA PRIVATE LIMITED,3965,8879,,TRUE,1,1,0,0,0,0,1,1,1,ACTIVE_WITH_PURCHASE_HISTORY,Keep: Has active purchase/return activity,0
D-74,RT VILLA PRIVATE LIMITED,3964,8879,,TRUE,1,1,0,0,0,0,1,1,1,ACTIVE_WITH_PURCHASE_HISTORY,Keep: Has active purchase/return activity,0
D-799,GUNJAN BINANI,"00004886, 00004887, 00004888, 00004901",2141,"INV2627000020, INV2627000029",TRUE,2,1,0,2,2,0,2,4,4,ACTIVE_WITH_PURCHASE_HISTORY,Keep: Has active purchase/return activity,-2
D-799-A,GUNJAN BINANI,8815,2141,INV2627000904,TRUE,1,1,0,1,1,0,0,1,1,ACTIVE_WITH_PURCHASE_HISTORY,Keep: Has active purchase/return activity,0
D-8402,MILAN ,5742,2025-26/M/0979,,TRUE,1,1,0,0,0,0,1,1,1,ACTIVE_WITH_PURCHASE_HISTORY,Keep: Has active purchase/return activity,0
D-8727,MILAN ,"00005727, 00005729, 00008861",2025-26/M/0979,,TRUE,3,1,0,0,0,0,3,3,3,ACTIVE_WITH_PURCHASE_HISTORY,Keep: Has active purchase/return activity,0
D-8921,MILAN ,5728,2025-26/M/0979,INV2627000752,TRUE,1,1,0,1,1,0,0,1,1,ACTIVE_WITH_PURCHASE_HISTORY,Keep: Has active purchase/return activity,0
D 1,HANDLOOM EMPORIUM TEXT.PRT.LTD,1383,HETPL/2120,"INV2627000181, INV2627000373",TRUE,12,1,0,2,2,0,2,4,1,ACTIVE_WITH_PURCHASE_HISTORY,Keep: Has active purchase/return activity,8
D 10,HANDLOOM EMPORIUM TEXT.PRT.LTD,1392,HETPL/2120,,TRUE,2,1,0,0,0,0,1,1,1,ACTIVE_WITH_PURCHASE_HISTORY,Keep: Has active purchase/return activity,1
D 11,HANDLOOM EMPORIUM TEXT.PRT.LTD,1393,HETPL/2120,,TRUE,3,1,0,0,0,0,2,2,1,ACTIVE_WITH_PURCHASE_HISTORY,Keep: Has active purchase/return activity,1
D 12,HANDLOOM EMPORIUM TEXT.PRT.LTD,1394,HETPL/2120,,TRUE,3,1,0,0,0,0,2,2,1,ACTIVE_WITH_PURCHASE_HISTORY,Keep: Has active purchase/return activity,1
D 13,HANDLOOM EMPORIUM TEXT.PRT.LTD,1395,HETPL/2120,,TRUE,9,1,0,0,0,0,5,5,1,ACTIVE_WITH_PURCHASE_HISTORY,Keep: Has active purchase/return activity,4
D 2,HANDLOOM EMPORIUM TEXT.PRT.LTD,1384,HETPL/2120,,TRUE,4,1,0,0,0,0,4,4,1,ACTIVE_WITH_PURCHASE_HISTORY,Keep: Has active purchase/return activity,0
D 3,HANDLOOM EMPORIUM TEXT.PRT.LTD,1385,HETPL/2120,,TRUE,3,1,0,0,0,0,3,3,1,ACTIVE_WITH_PURCHASE_HISTORY,Keep: Has active purchase/return activity,0
D 4,HANDLOOM EMPORIUM TEXT.PRT.LTD,1386,HETPL/2120,INV2627000306,TRUE,16,1,0,1,1,1,15,16,1,ACTIVE_WITH_PURCHASE_HISTORY,Keep: Has active purchase/return activity,1
D 5,HANDLOOM EMPORIUM TEXT.PRT.LTD,1387,HETPL/2120,,TRUE,2,1,0,0,0,0,2,2,1,ACTIVE_WITH_PURCHASE_HISTORY,Keep: Has active purchase/return activity,0
D 6,HANDLOOM EMPORIUM TEXT.PRT.LTD,1388,HETPL/2120,INV2627000373,TRUE,4,1,0,2,1,0,2,4,1,ACTIVE_WITH_PURCHASE_HISTORY,Keep: Has active purchase/return activity,0
D 7,HANDLOOM EMPORIUM TEXT.PRT.LTD,1389,HETPL/2120,,TRUE,2,1,0,0,0,0,2,2,1,ACTIVE_WITH_PURCHASE_HISTORY,Keep: Has active purchase/return activity,0
D 8,HANDLOOM EMPORIUM TEXT.PRT.LTD,1390,HETPL/2120,"INV2026000223, INV2627000324",TRUE,11,1,0,2,2,0,9,11,1,ACTIVE_WITH_PURCHASE_HISTORY,Keep: Has active purchase/return activity,0
D 9,HANDLOOM EMPORIUM TEXT.PRT.LTD,1391,HETPL/2120,,TRUE,4,1,0,0,0,0,4,4,1,ACTIVE_WITH_PURCHASE_HISTORY,Keep: Has active purchase/return activity,0
D10563,BHAGWAN HANDLOOM HOUSE,3944,INV/25-26/5471,INV2627000923,TRUE,2,1,0,1,1,0,1,2,1,ACTIVE_WITH_PURCHASE_HISTORY,Keep: Has active purchase/return activity,0
D10908,BHAGWAN HANDLOOM HOUSE,3957,INV/25-26/5471,,TRUE,1,1,0,0,0,0,1,1,1,ACTIVE_WITH_PURCHASE_HISTORY,Keep: Has active purchase/return activity,0
D11012,BHAGWAN HANDLOOM HOUSE,3945,INV/25-26/5471,,TRUE,3,1,0,0,0,0,3,3,1,ACTIVE_WITH_PURCHASE_HISTORY,Keep: Has active purchase/return activity,0
D11016,BHAGWAN HANDLOOM HOUSE,4140,INV/25-26/5295,,TRUE,1,1,0,0,0,0,1,1,1,ACTIVE_WITH_PURCHASE_HISTORY,Keep: Has active purchase/return activity,0
D11231,BHAGWAN HANDLOOM HOUSE,3958,INV/25-26/5471,,TRUE,1,1,0,0,0,0,1,1,1,ACTIVE_WITH_PURCHASE_HISTORY,Keep: Has active purchase/return activity,0
D11889,BHAGWAN HANDLOOM HOUSE,"00003946, 00003947, 00003948",INV/25-26/5471,,TRUE,3,1,0,0,0,0,3,3,3,ACTIVE_WITH_PURCHASE_HISTORY,Keep: Has active purchase/return activity,0
D1204,GUNJAN BINANI,4874,2140,"INV2627000625, INV2627000950",TRUE,3,1,0,2,2,0,1,3,1,ACTIVE_WITH_PURCHASE_HISTORY,Keep: Has active purchase/return activity,0
D1300,BHAGWAN HANDLOOM HOUSE,"00003941, 00003942, 00003943",INV/25-26/5471,,TRUE,4,1,0,0,0,0,4,4,3,ACTIVE_WITH_PURCHASE_HISTORY,Keep: Has active purchase/return activity,0
D13111,BHAGWAN HANDLOOM HOUSE,3960,INV/25-26/5471,,TRUE,2,1,0,0,0,0,2,2,1,ACTIVE_WITH_PURCHASE_HISTORY,Keep: Has active purchase/return activity,0
D13953,BHAGWAN HANDLOOM HOUSE,"00003954, 00003955",INV/25-26/5471,,TRUE,3,1,0,0,0,0,2,2,2,ACTIVE_WITH_PURCHASE_HISTORY,Keep: Has active purchase/return activity,1
D14072,BHAGWAN HANDLOOM HOUSE,"00003949, 00003950",INV/25-26/5471,,TRUE,2,1,0,0,0,0,2,2,2,ACTIVE_WITH_PURCHASE_HISTORY,Keep: Has active purchase/return activity,0
D14073,BHAGWAN HANDLOOM HOUSE,3951,INV/25-26/5471,,TRUE,1,1,0,0,0,0,1,1,1,ACTIVE_WITH_PURCHASE_HISTORY,Keep: Has active purchase/return activity,0
D14263,BHAGWAN HANDLOOM HOUSE,3956,INV/25-26/5471,,TRUE,2,1,0,0,0,0,1,1,1,ACTIVE_WITH_PURCHASE_HISTORY,Keep: Has active purchase/return activity,1
D14263-02,BHAGWAN HANDLOOM HOUSE,3959,INV/25-26/5471,,TRUE,1,1,0,0,0,0,1,1,1,ACTIVE_WITH_PURCHASE_HISTORY,Keep: Has active purchase/return activity,0
D14937,BHAGWAN HANDLOOM HOUSE,3961,INV/25-26/5471,,TRUE,2,1,0,0,0,0,2,2,1,ACTIVE_WITH_PURCHASE_HISTORY,Keep: Has active purchase/return activity,0
D15270,BHAGWAN HANDLOOM HOUSE,4137,INV/25-26/5295,INV2627000915,TRUE,1,1,0,1,1,0,0,1,1,ACTIVE_WITH_PURCHASE_HISTORY,Keep: Has active purchase/return activity,0
D15619,BHAGWAN HANDLOOM HOUSE,4138,INV/25-26/5295,INV2627000981,TRUE,1,1,0,1,1,0,0,1,1,ACTIVE_WITH_PURCHASE_HISTORY,Keep: Has active purchase/return activity,0
D15790,BHAGWAN HANDLOOM HOUSE,3953,INV/25-26/5471,,TRUE,1,1,0,0,0,0,1,1,1,ACTIVE_WITH_PURCHASE_HISTORY,Keep: Has active purchase/return activity,0
D2058,GUNJAN BINANI,4870,2140,,TRUE,2,1,2,0,0,0,0,2,1,ACTIVE_WITH_PURCHASE_HISTORY,Keep: Has active purchase/return activity,0
D2209,GUNJAN BINANI,6413,2225,,TRUE,1,1,1,0,0,0,0,1,1,ACTIVE_WITH_PURCHASE_HISTORY,Keep: Has active purchase/return activity,0
D2237,GUNJAN BINANI,4868,2140,,TRUE,2,1,0,0,0,0,2,2,1,ACTIVE_WITH_PURCHASE_HISTORY,Keep: Has active purchase/return activity,0
D2252,GUNJAN BINANI,"00001353, 00001354",2063,"INV2026000059, INV2026000426",TRUE,2,1,0,2,2,0,0,2,2,ACTIVE_WITH_PURCHASE_HISTORY,Keep: Has active purchase/return activity,0
D2262,GUNJAN BINANI,1361,2063,INV2026000157,TRUE,1,1,0,1,1,0,0,1,1,ACTIVE_WITH_PURCHASE_HISTORY,Keep: Has active purchase/return activity,0
D2264,GUNJAN BINANI,"00001355, 00001357, 00001358, 00001359, 00001360",2063,"INV2026000001, INV2026000002, INV2026000060, INV2026000178, INV2026000229, INV2026000316, INV2627000029, INV2627000176",TRUE,5,1,0,8,8,3,0,5,5,ACTIVE_WITH_PURCHASE_HISTORY,Keep: Has active purchase/return activity,0
D2265,GUNJAN BINANI,1356,2063,,TRUE,1,1,0,0,0,0,1,1,1,ACTIVE_WITH_PURCHASE_HISTORY,Keep: Has active purchase/return activity,0
D2304,GUNJAN BINANI,4873,2140,,TRUE,2,1,0,0,0,0,2,2,1,ACTIVE_WITH_PURCHASE_HISTORY,Keep: Has active purchase/return activity,0
D2307,GUNJAN BINANI,4872,2140,,TRUE,2,1,0,0,0,0,2,2,1,ACTIVE_WITH_PURCHASE_HISTORY,Keep: Has active purchase/return activity,0
D2312,GUNJAN BINANI,1364,2063,,TRUE,1,1,0,0,0,0,1,1,1,ACTIVE_WITH_PURCHASE_HISTORY,Keep: Has active purchase/return activity,0
D2329,GUNJAN BINANI,6414,2225,INV2627001040,TRUE,1,1,0,1,1,0,0,1,1,ACTIVE_WITH_PURCHASE_HISTORY,Keep: Has active purchase/return activity,0
D2329-B,GUNJAN BINANI,6415,2225,INV2627000058,TRUE,1,1,0,1,1,0,0,1,1,ACTIVE_WITH_PURCHASE_HISTORY,Keep: Has active purchase/return activity,0
D2330,GUNJAN BINANI,1074,2062,INV2026000285,TRUE,1,1,0,1,1,0,0,1,1,ACTIVE_WITH_PURCHASE_HISTORY,Keep: Has active purchase/return activity,0
D2330 R,GUNJAN BINANI,1075,2062,INV2026000028,TRUE,1,1,0,1,1,0,0,1,1,ACTIVE_WITH_PURCHASE_HISTORY,Keep: Has active purchase/return activity,0
D2340,GUNJAN BINANI,"00001362, 00001363",2063,,TRUE,2,1,2,0,0,0,0,2,2,ACTIVE_WITH_PURCHASE_HISTORY,Keep: Has active purchase/return activity,0
D2344,GUNJAN BINANI,1078,2062,INV2026000303,TRUE,1,1,0,1,1,0,0,1,1,ACTIVE_WITH_PURCHASE_HISTORY,Keep: Has active purchase/return activity,0
D2344 BK,GUNJAN BINANI,1077,2062,INV2026000192,TRUE,1,1,0,1,1,0,0,1,1,ACTIVE_WITH_PURCHASE_HISTORY,Keep: Has active purchase/return activity,0
D2344 PK,GUNJAN BINANI,1076,2062,INV2026000212,TRUE,1,1,0,1,1,0,0,1,1,ACTIVE_WITH_PURCHASE_HISTORY,Keep: Has active purchase/return activity,0
D2344 PUR,GUNJAN BINANI,1079,2062,INV2026000110,TRUE,1,1,0,1,1,0,0,1,1,ACTIVE_WITH_PURCHASE_HISTORY,Keep: Has active purchase/return activity,0
D2344 RD,GUNJAN BINANI,1080,2062,INV2026000027,TRUE,1,1,0,1,1,0,0,1,1,ACTIVE_WITH_PURCHASE_HISTORY,Keep: Has active purchase/return activity,0
D2359,GUNJAN BINANI,4871,2140,,TRUE,2,1,0,0,0,0,2,2,1,ACTIVE_WITH_PURCHASE_HISTORY,Keep: Has active purchase/return activity,0
D406,GUNJAN BINANI,1085,2062,INV2026000325,TRUE,1,1,0,1,1,0,0,1,1,ACTIVE_WITH_PURCHASE_HISTORY,Keep: Has active purchase/return activity,0
D406 RD,GUNJAN BINANI,1086,2062,INV2627000152,TRUE,1,1,0,1,1,0,0,1,1,ACTIVE_WITH_PURCHASE_HISTORY,Keep: Has active purchase/return activity,0
D42,GUNJAN BINANI,4869,2140,,TRUE,2,1,0,0,0,0,2,2,1,ACTIVE_WITH_PURCHASE_HISTORY,Keep: Has active purchase/return activity,0
D619,GUNJAN BINANI,4867,2140,,TRUE,3,1,0,0,0,0,3,3,1,ACTIVE_WITH_PURCHASE_HISTORY,Keep: Has active purchase/return activity,0
D707,GUNJAN BINANI,4875,2140,,TRUE,1,1,0,0,0,0,1,1,1,ACTIVE_WITH_PURCHASE_HISTORY,Keep: Has active purchase/return activity,0
D7463,BHAGWAN HANDLOOM HOUSE,3952,INV/25-26/5471,,TRUE,1,1,0,0,0,0,1,1,1,ACTIVE_WITH_PURCHASE_HISTORY,Keep: Has active purchase/return activity,0
D863,GUNJAN BINANI,1081,2062,INV2026000366,TRUE,1,1,0,1,1,0,0,1,1,ACTIVE_WITH_PURCHASE_HISTORY,Keep: Has active purchase/return activity,0
D863 BK,GUNJAN BINANI,1082,2062,,TRUE,1,1,0,0,0,0,1,1,1,ACTIVE_WITH_PURCHASE_HISTORY,Keep: Has active purchase/return activity,0
D863 BL,GUNJAN BINANI,1083,2062,INV2627000256,TRUE,1,1,0,1,1,0,0,1,1,ACTIVE_WITH_PURCHASE_HISTORY,Keep: Has active purchase/return activity,0
D863 BR 2,GUNJAN BINANI,1084,2062,INV2026000311,TRUE,1,1,0,1,1,0,0,1,1,ACTIVE_WITH_PURCHASE_HISTORY,Keep: Has active purchase/return activity,0
D912,GUNJAN BINANI,1073,2062,"INV2026000296, INV2627000038",TRUE,2,1,0,2,2,0,0,2,1,ACTIVE_WITH_PURCHASE_HISTORY,Keep: Has active purchase/return activity,0
D914904,BHAGWAN HANDLOOM HOUSE,4139,INV/25-26/5295,,TRUE,1,1,0,0,0,0,1,1,1,ACTIVE_WITH_PURCHASE_HISTORY,Keep: Has active purchase/return activity,0
D943 BL,GUNJAN BINANI,1072,2062,INV2026000066,TRUE,1,1,0,1,1,0,0,1,1,ACTIVE_WITH_PURCHASE_HISTORY,Keep: Has active purchase/return activity,0
D943 BR,GUNJAN BINANI,1071,2062,INV2026000021,TRUE,1,1,0,1,1,0,0,1,1,ACTIVE_WITH_PURCHASE_HISTORY,Keep: Has active purchase/return activity,0
DA-1706,RAJ COUTURE PVT LTD,"00005047, 00005048, 00005049",RCPL/006491/25-26,,TRUE,3,1,0,0,0,0,3,3,3,ACTIVE_WITH_PURCHASE_HISTORY,Keep: Has active purchase/return activity,0
DA1451,RAJ COUTURE PVT LTD,4993,RCPL/006490/2526,,TRUE,1,1,0,0,0,0,1,1,1,ACTIVE_WITH_PURCHASE_HISTORY,Keep: Has active purchase/return activity,0
DA1479,RAJ COUTURE PVT LTD,4994,RCPL/006490/2526,INV2627000710,TRUE,1,1,0,1,1,0,0,1,1,ACTIVE_WITH_PURCHASE_HISTORY,Keep: Has active purchase/return activity,0
DBP-02,R.F. CREATIONS ,7154,243-2627,,TRUE,1,1,0,0,0,0,1,1,1,ACTIVE_WITH_PURCHASE_HISTORY,Keep: Has active purchase/return activity,0
DBP-03,R.F. CREATIONS ,7155,243-2627,INV2627000742,TRUE,1,1,0,1,1,0,0,1,1,ACTIVE_WITH_PURCHASE_HISTORY,Keep: Has active purchase/return activity,0
DBP-04,R.F. CREATIONS ,7156,243-2627,INV2627001012,TRUE,1,1,0,1,1,0,0,1,1,ACTIVE_WITH_PURCHASE_HISTORY,Keep: Has active purchase/return activity,0
DBP-05,R.F. CREATIONS ,7157,243-2627,,TRUE,1,1,0,0,0,0,1,1,1,ACTIVE_WITH_PURCHASE_HISTORY,Keep: Has active purchase/return activity,0
DBP-06,R.F. CREATIONS ,7158,243-2627,,TRUE,1,1,0,0,0,0,1,1,1,ACTIVE_WITH_PURCHASE_HISTORY,Keep: Has active purchase/return activity,0
DC-25022,DIYA CREATION,5753,DC/25-26/5542,,TRUE,1,1,0,0,0,0,1,1,1,ACTIVE_WITH_PURCHASE_HISTORY,Keep: Has active purchase/return activity,0
DC-25058,DIYA CREATION,7128,DC/26-27/0032,INV2627001015,TRUE,1,1,0,1,1,0,0,1,1,ACTIVE_WITH_PURCHASE_HISTORY,Keep: Has active purchase/return activity,0
DC-251009,DIYA CREATION,"00006137, 00006144",DC/25-26/5839,,TRUE,1,1,0,0,0,0,2,2,2,ACTIVE_WITH_PURCHASE_HISTORY,Keep: Has active purchase/return activity,-1
DC-251033,DIYA CREATION,6821,DC/25-26/6012,,TRUE,1,1,0,0,0,0,1,1,1,ACTIVE_WITH_PURCHASE_HISTORY,Keep: Has active purchase/return activity,0
DC-251050,DIYA CREATION,6856,DC/25-62/5578,,TRUE,1,1,0,0,0,0,1,1,1,ACTIVE_WITH_PURCHASE_HISTORY,Keep: Has active purchase/return activity,0
DC-25116,DIYA CREATION,6825,DC/25-26/5550,INV2627000563,TRUE,1,1,0,1,1,0,0,1,1,ACTIVE_WITH_PURCHASE_HISTORY,Keep: Has active purchase/return activity,0
DC-251505`,DIYA CREATION,4899,DC/25-26/5583,,TRUE,1,1,0,0,0,0,1,1,1,ACTIVE_WITH_PURCHASE_HISTORY,Keep: Has active purchase/return activity,0
DC-251558,DIYA CREATION,6824,DC/25-26/5866,,TRUE,1,1,0,0,0,0,1,1,1,ACTIVE_WITH_PURCHASE_HISTORY,Keep: Has active purchase/return activity,0
DC-251577,DIYA CREATION,6822,DC/25-26/5878,,TRUE,1,1,0,0,0,0,1,1,1,ACTIVE_WITH_PURCHASE_HISTORY,Keep: Has active purchase/return activity,0
DC-25212,DIYA CREATION,5228,DC/25-26/5579,INV2627000005,TRUE,1,1,0,1,1,1,0,1,1,ACTIVE_WITH_PURCHASE_HISTORY,Keep: Has active purchase/return activity,1
DC-25876,DIYA CREATION,6823,DC/25-26/5580,,TRUE,1,1,0,0,0,0,1,1,1,ACTIVE_WITH_PURCHASE_HISTORY,Keep: Has active purchase/return activity,0
DC 23057,DIYA CREATION,194,DC/25-26/5392,,TRUE,1,1,0,0,0,0,1,1,1,ACTIVE_WITH_PURCHASE_HISTORY,Keep: Has active purchase/return activity,0
DC 23077,DIYA CREATION,220,DC/25-26/5476,,TRUE,1,1,0,0,0,0,1,1,1,ACTIVE_WITH_PURCHASE_HISTORY,Keep: Has active purchase/return activity,0
DC 241046 LC,DIYA CREATION,290,DC/25-26/5424,,TRUE,1,1,0,0,0,0,1,1,1,ACTIVE_WITH_PURCHASE_HISTORY,Keep: Has active purchase/return activity,0
DC 242527,DIYA CREATION,221,DC/25-26/5347,,TRUE,1,1,0,0,0,0,1,1,1,ACTIVE_WITH_PURCHASE_HISTORY,Keep: Has active purchase/return activity,0
DC 24702 LC,DIYA CREATION,218,DC/25-26/5370,,TRUE,1,1,0,0,0,0,1,1,1,ACTIVE_WITH_PURCHASE_HISTORY,Keep: Has active purchase/return activity,0
DC 251560,DIYA CREATION,4006,DC/25-26/5696,,TRUE,1,1,0,0,0,0,1,1,1,ACTIVE_WITH_PURCHASE_HISTORY,Keep: Has active purchase/return activity,0
DC 25214,DIYA CREATION,3910,DC/25-26/5582,,TRUE,1,1,0,0,0,0,1,1,1,ACTIVE_WITH_PURCHASE_HISTORY,Keep: Has active purchase/return activity,0
DC 25219,DIYA CREATION,5227,DC/25-26/5585,,TRUE,1,1,0,0,0,0,1,1,1,ACTIVE_WITH_PURCHASE_HISTORY,Keep: Has active purchase/return activity,0
DC 25220,DIYA CREATION,5720,DC/25-26/5586,,TRUE,1,1,0,0,0,0,1,1,1,ACTIVE_WITH_PURCHASE_HISTORY,Keep: Has active purchase/return activity,0
DC 25892 LC,DIYA CREATION,291,DC/25-26/5424,,TRUE,1,1,0,0,0,0,1,1,1,ACTIVE_WITH_PURCHASE_HISTORY,Keep: Has active purchase/return activity,0
DCP1,AASHIRVAD HERITAGE PVT LTD,"00003068, 00003069, 00003070, 00003071",ED/002853/25-26,"INV2026000258, INV2026000361, INV2026000407, INV2627000458, INV2627000537, INV2627000581",TRUE,14,1,0,8,6,0,1,6,4,ACTIVE_WITH_PURCHASE_HISTORY,Keep: Has active purchase/return activity,5
DES-2764350,M/S ADISHAKTI CREATIONS ,"00003089, 00003090",GST-01979-25-26,,TRUE,2,1,0,0,0,0,2,2,2,ACTIVE_WITH_PURCHASE_HISTORY,Keep: Has active purchase/return activity,0
DES-352,AMAYA EXCLUSIF,3092,AE-1909/2025-26,,TRUE,1,1,0,0,0,0,1,1,1,ACTIVE_WITH_PURCHASE_HISTORY,Keep: Has active purchase/return activity,0
DES-352600700,M/S ADISHAKTI CREATIONS ,"00003085, 00003086",GST-01979-25-26,INV2627000883,TRUE,2,1,0,1,1,0,1,2,2,ACTIVE_WITH_PURCHASE_HISTORY,Keep: Has active purchase/return activity,0
DES-357,AMAYA EXCLUSIF,3093,AE-1909/2025-26,,TRUE,1,1,0,0,0,0,1,1,1,ACTIVE_WITH_PURCHASE_HISTORY,Keep: Has active purchase/return activity,0
DES-36309750,M/S ADISHAKTI CREATIONS ,"00003075, 00003077",GST-01979-25-26,,TRUE,2,1,0,0,0,0,2,2,2,ACTIVE_WITH_PURCHASE_HISTORY,Keep: Has active purchase/return activity,0
DES-39309995,M/S ADISHAKTI CREATIONS ,"00003081, 00003082, 00003083, 00003084",GST-01979-25-26,"INV2026000041, INV2026000107",TRUE,4,1,0,2,2,1,2,4,4,ACTIVE_WITH_PURCHASE_HISTORY,Keep: Has active purchase/return activity,1
DES-4362495,M/S ADISHAKTI CREATIONS ,"00003087, 00003088",GST-01979-25-26,"INV2026000161, INV2627000883",TRUE,2,1,0,2,2,0,0,2,2,ACTIVE_WITH_PURCHASE_HISTORY,Keep: Has active purchase/return activity,0
DES-5601,MAIDENS CREATION,6455,5966,,TRUE,1,1,1,0,0,0,0,1,1,ACTIVE_WITH_PURCHASE_HISTORY,Keep: Has active purchase/return activity,0
DES-5712150,M/S ADISHAKTI CREATIONS ,"00003078, 00003079, 00003080",GST-01979-25-26,,TRUE,3,1,0,0,0,0,3,3,3,ACTIVE_WITH_PURCHASE_HISTORY,Keep: Has active purchase/return activity,0
DES-5901,MAIDENS CREATION,3807,5513,INV2627000285,TRUE,1,1,0,1,1,0,0,1,1,ACTIVE_WITH_PURCHASE_HISTORY,Keep: Has active purchase/return activity,0
DES-5925,MAIDENS CREATION,"00002733, 00002734, 00002735, 00002736",5513,INV2627000758,TRUE,4,1,3,1,1,0,0,4,4,ACTIVE_WITH_PURCHASE_HISTORY,Keep: Has active purchase/return activity,0
DES-5959,MAIDENS CREATION,3814,5513,INV2627000536,TRUE,1,1,0,1,1,0,0,1,1,ACTIVE_WITH_PURCHASE_HISTORY,Keep: Has active purchase/return activity,0
DES-5962,MAIDENS CREATION,"00002737, 00002738",5513,,TRUE,2,1,1,0,0,0,1,2,2,ACTIVE_WITH_PURCHASE_HISTORY,Keep: Has active purchase/return activity,0
DES-6054,MAIDENS CREATION,"00001352, 00007952, 00008391",5084,INV2627000815,TRUE,1,1,1,1,1,0,2,4,3,ACTIVE_WITH_PURCHASE_HISTORY,Keep: Has active purchase/return activity,-3
DES-6054-1,MAIDENS CREATION,8392,5407,,TRUE,2,1,1,0,0,0,1,2,1,ACTIVE_WITH_PURCHASE_HISTORY,Keep: Has active purchase/return activity,0
DES-6056,MAIDENS CREATION,3812,5513,,TRUE,1,1,1,0,0,0,0,1,1,ACTIVE_WITH_PURCHASE_HISTORY,Keep: Has active purchase/return activity,0
DES-6060,MAIDENS CREATION,"00002770, 00002771, 00006128, 00008318","110, 5513, 5949",,TRUE,4,3,3,0,0,0,1,4,4,ACTIVE_WITH_PURCHASE_HISTORY,Keep: Has active purchase/return activity,0
DES-6060-P,MAIDENS CREATION,6129,5949,,TRUE,1,1,1,0,0,0,0,1,1,ACTIVE_WITH_PURCHASE_HISTORY,Keep: Has active purchase/return activity,0
DES-6148,MAIDENS CREATION,"00002739, 00002740",5513,INV2627000506,TRUE,2,1,1,1,1,0,0,2,2,ACTIVE_WITH_PURCHASE_HISTORY,Keep: Has active purchase/return activity,0
DES-6162,MAIDENS CREATION,6294,DC-5958,,TRUE,1,1,1,0,0,0,0,1,1,ACTIVE_WITH_PURCHASE_HISTORY,Keep: Has active purchase/return activity,0
DES-6193,MAIDENS CREATION,"00002218, 00006131, 00008321","110, 5327, 5949",,TRUE,3,3,2,0,0,0,1,3,3,ACTIVE_WITH_PURCHASE_HISTORY,Keep: Has active purchase/return activity,0
DES-6195,MAIDENS CREATION,2783,5513,,TRUE,1,1,0,0,0,0,1,1,1,ACTIVE_WITH_PURCHASE_HISTORY,Keep: Has active purchase/return activity,0
DES-6197,MAIDENS CREATION,"00001396, 00001397, 00001398, 00001399, 00006132, 00006293","5501, 5949, DC-5958",,TRUE,6,3,6,0,0,0,0,6,6,ACTIVE_WITH_PURCHASE_HISTORY,Keep: Has active purchase/return activity,0
DES-6197-B,MAIDENS CREATION,8326,110,INV2627000913,TRUE,1,1,0,1,1,0,0,1,1,ACTIVE_WITH_PURCHASE_HISTORY,Keep: Has active purchase/return activity,0
DES-6197-P,MAIDENS CREATION,8325,110,,TRUE,1,1,0,0,0,0,1,1,1,ACTIVE_WITH_PURCHASE_HISTORY,Keep: Has active purchase/return activity,0
DES-6199,MAIDENS CREATION,2778,5513,,TRUE,1,1,0,0,0,0,1,1,1,ACTIVE_WITH_PURCHASE_HISTORY,Keep: Has active purchase/return activity,0
DES-6200,MAIDENS CREATION,2763,5513,,TRUE,1,1,0,0,0,0,1,1,1,ACTIVE_WITH_PURCHASE_HISTORY,Keep: Has active purchase/return activity,0
DES-6206,MAIDENS CREATION,"00002749, 00002750, 00008317","110, 5513",,TRUE,3,2,2,0,0,0,1,3,3,ACTIVE_WITH_PURCHASE_HISTORY,Keep: Has active purchase/return activity,0
DES-6207,MAIDENS CREATION,6292,DC-5958,,TRUE,1,1,1,0,0,0,0,1,1,ACTIVE_WITH_PURCHASE_HISTORY,Keep: Has active purchase/return activity,0
DES-6214,MAIDENS CREATION,2756,5513,,TRUE,1,1,0,0,0,0,1,1,1,ACTIVE_WITH_PURCHASE_HISTORY,Keep: Has active purchase/return activity,0
DES-6218,MAIDENS CREATION,1350,5084,,TRUE,1,1,1,0,0,0,0,1,1,ACTIVE_WITH_PURCHASE_HISTORY,Keep: Has active purchase/return activity,0
DES-6239,MAIDENS CREATION,2821,5513,,TRUE,1,1,0,0,0,0,1,1,1,ACTIVE_WITH_PURCHASE_HISTORY,Keep: Has active purchase/return activity,0
DES-6265,MAIDENS CREATION,2773,5513,,TRUE,1,1,1,0,0,0,0,1,1,ACTIVE_WITH_PURCHASE_HISTORY,Keep: Has active purchase/return activity,0
DES-6270,MAIDENS CREATION,2762,5513,INV2627000199,TRUE,1,1,0,1,1,0,0,1,1,ACTIVE_WITH_PURCHASE_HISTORY,Keep: Has active purchase/return activity,0
DES-6272,MAIDENS CREATION,"00001351, 00002780","5084, 5513",INV2026000159,TRUE,2,2,1,1,1,0,0,2,2,ACTIVE_WITH_PURCHASE_HISTORY,Keep: Has active purchase/return activity,0
DES-6277,MAIDENS CREATION,"00003808, 00003809, 00003810",5513,"INV2627000794, INV2627000926",TRUE,4,1,0,2,2,0,1,3,3,ACTIVE_WITH_PURCHASE_HISTORY,Keep: Has active purchase/return activity,1
DES-6286,MAIDENS CREATION,2782,5513,,TRUE,1,1,1,0,0,0,0,1,1,ACTIVE_WITH_PURCHASE_HISTORY,Keep: Has active purchase/return activity,0
DES-6298,MAIDENS CREATION,"00002219, 00003813","5327, 5513",,TRUE,2,2,1,0,0,0,1,2,2,ACTIVE_WITH_PURCHASE_HISTORY,Keep: Has active purchase/return activity,0
DES-6299-A,MAIDENS CREATION,8319,110,,TRUE,1,1,0,0,0,0,1,1,1,ACTIVE_WITH_PURCHASE_HISTORY,Keep: Has active purchase/return activity,0
DES-6299-B,MAIDENS CREATION,8320,110,,TRUE,1,1,0,0,0,0,1,1,1,ACTIVE_WITH_PURCHASE_HISTORY,Keep: Has active purchase/return activity,0
DES-6316,MAIDENS CREATION,"00002753, 00002754",5513,,TRUE,2,1,2,0,0,0,0,2,2,ACTIVE_WITH_PURCHASE_HISTORY,Keep: Has active purchase/return activity,0
DES-6322,MAIDENS CREATION,"00001347, 00001348, 00002777","5084, 5513","INV2026000110, INV2026000217",TRUE,3,2,0,2,2,2,2,3,3,ACTIVE_WITH_PURCHASE_HISTORY,Keep: Has active purchase/return activity,1
DES-6324,MAIDENS CREATION,"00002766, 00002767",5513,,TRUE,2,1,1,0,0,0,1,2,2,ACTIVE_WITH_PURCHASE_HISTORY,Keep: Has active purchase/return activity,0
DES-6350,MAIDENS CREATION,"00002744, 00002745",5513,,TRUE,2,1,1,0,0,0,1,2,2,ACTIVE_WITH_PURCHASE_HISTORY,Keep: Has active purchase/return activity,0
DES-6351,MAIDENS CREATION,2772,5513,,TRUE,1,1,1,0,0,0,0,1,1,ACTIVE_WITH_PURCHASE_HISTORY,Keep: Has active purchase/return activity,0
DES-6354,MAIDENS CREATION,"00002764, 00002765, 00006290","5513, DC-5958",,TRUE,3,2,1,0,0,0,2,3,3,ACTIVE_WITH_PURCHASE_HISTORY,Keep: Has active purchase/return activity,0
DES-6355,MAIDENS CREATION,"00002768, 00008322","110, 5513",,TRUE,2,2,1,0,0,0,1,2,2,ACTIVE_WITH_PURCHASE_HISTORY,Keep: Has active purchase/return activity,0
DES-6357,MAIDENS CREATION,"00002757, 00002758, 00002759",5513,,TRUE,3,1,1,0,0,0,2,3,3,ACTIVE_WITH_PURCHASE_HISTORY,Keep: Has active purchase/return activity,0
DES-6358,MAIDENS CREATION,2781,5513,,TRUE,1,1,1,0,0,0,0,1,1,ACTIVE_WITH_PURCHASE_HISTORY,Keep: Has active purchase/return activity,0
DES-6369,MAIDENS CREATION,8327,110,,TRUE,1,1,0,0,0,0,1,1,1,ACTIVE_WITH_PURCHASE_HISTORY,Keep: Has active purchase/return activity,0
DES-6374,MAIDENS CREATION,"00001349, 00002822, 00002823","5084, 5513",,TRUE,3,2,3,0,0,0,0,3,3,ACTIVE_WITH_PURCHASE_HISTORY,Keep: Has active purchase/return activity,0
DES-6374-A,MAIDENS CREATION,8314,110,INV2627000758,TRUE,1,1,0,1,1,0,0,1,1,ACTIVE_WITH_PURCHASE_HISTORY,Keep: Has active purchase/return activity,0
DES-6374-B,MAIDENS CREATION,8315,110,,TRUE,1,1,0,0,0,0,1,1,1,ACTIVE_WITH_PURCHASE_HISTORY,Keep: Has active purchase/return activity,0
DES-6374-C,MAIDENS CREATION,8316,110,INV2627000865,TRUE,1,1,0,1,1,0,0,1,1,ACTIVE_WITH_PURCHASE_HISTORY,Keep: Has active purchase/return activity,0
DES-6375-G,MAIDENS CREATION,8323,110,,TRUE,1,1,0,0,0,0,1,1,1,ACTIVE_WITH_PURCHASE_HISTORY,Keep: Has active purchase/return activity,0
DES-6375-L,MAIDENS CREATION,8324,110,,TRUE,1,1,0,0,0,0,1,1,1,ACTIVE_WITH_PURCHASE_HISTORY,Keep: Has active purchase/return activity,0
DES-6379,MAIDENS CREATION,"00002746, 00002747, 00002748, 00008328","110, 5513",,TRUE,4,2,3,0,0,0,1,4,4,ACTIVE_WITH_PURCHASE_HISTORY,Keep: Has active purchase/return activity,0
DES-6385,MAIDENS CREATION,"00002760, 00002761",5513,INV2627001030,TRUE,2,1,1,1,1,0,0,2,2,ACTIVE_WITH_PURCHASE_HISTORY,Keep: Has active purchase/return activity,0
DES-6386,MAIDENS CREATION,8329,110,,TRUE,1,1,0,0,0,0,1,1,1,ACTIVE_WITH_PURCHASE_HISTORY,Keep: Has active purchase/return activity,0
DES-6391,MAIDENS CREATION,2776,5513,INV2627000145,TRUE,1,1,0,1,1,0,0,1,1,ACTIVE_WITH_PURCHASE_HISTORY,Keep: Has active purchase/return activity,0
DES-6400,MAIDENS CREATION,"00002751, 00002752",5513,,TRUE,2,1,2,0,0,0,0,2,2,ACTIVE_WITH_PURCHASE_HISTORY,Keep: Has active purchase/return activity,0
DES-6408,MAIDENS CREATION,2755,5513,,TRUE,1,1,0,0,0,0,1,1,1,ACTIVE_WITH_PURCHASE_HISTORY,Keep: Has active purchase/return activity,0
DES-6410,MAIDENS CREATION,"00002774, 00002775, 00008332","110, 5513",,TRUE,3,2,2,0,0,0,1,3,3,ACTIVE_WITH_PURCHASE_HISTORY,Keep: Has active purchase/return activity,0
DES-6417,MAIDENS CREATION,"00002741, 00002742, 00002743",5513,,TRUE,3,1,3,0,0,0,0,3,3,ACTIVE_WITH_PURCHASE_HISTORY,Keep: Has active purchase/return activity,0
DES-6417-G,MAIDENS CREATION,8330,110,,TRUE,1,1,0,0,0,0,1,1,1,ACTIVE_WITH_PURCHASE_HISTORY,Keep: Has active purchase/return activity,0
DES-6417-YL,MAIDENS CREATION,8331,110,INV2627000772,TRUE,1,1,0,1,1,1,0,1,1,ACTIVE_WITH_PURCHASE_HISTORY,Keep: Has active purchase/return activity,1
DES-6420,MAIDENS CREATION,"00006130, 00006291","5949, DC-5958",,TRUE,2,2,1,0,0,0,1,2,2,ACTIVE_WITH_PURCHASE_HISTORY,Keep: Has active purchase/return activity,0
DES-6438,MAIDENS CREATION,3811,5513,,TRUE,1,1,0,0,0,0,1,1,1,ACTIVE_WITH_PURCHASE_HISTORY,Keep: Has active purchase/return activity,0
DES-6445,MAIDENS CREATION,"00001346, 00002769","5084, 5513",INV2627000676,TRUE,2,2,1,1,1,0,0,2,2,ACTIVE_WITH_PURCHASE_HISTORY,Keep: Has active purchase/return activity,0
DES-6458,MAIDENS CREATION,8390,5407,,TRUE,1,1,1,0,0,0,0,1,1,ACTIVE_WITH_PURCHASE_HISTORY,Keep: Has active purchase/return activity,0
DES-6461,MAIDENS CREATION,4929,5843,INV2627000333,TRUE,1,1,0,1,1,0,0,1,1,ACTIVE_WITH_PURCHASE_HISTORY,Keep: Has active purchase/return activity,0
DES-6475,MAIDENS CREATION,"00002731, 00002732, 00004927, 00004928","5513, 5843",INV2627000420,TRUE,4,2,2,1,1,0,1,4,4,ACTIVE_WITH_PURCHASE_HISTORY,Keep: Has active purchase/return activity,0
DES-6485,MAIDENS CREATION,2779,5513,,TRUE,1,1,0,0,0,0,1,1,1,ACTIVE_WITH_PURCHASE_HISTORY,Keep: Has active purchase/return activity,0
DES-6492,MAIDENS CREATION,2169,5719,,TRUE,1,1,0,0,0,0,1,1,1,ACTIVE_WITH_PURCHASE_HISTORY,Keep: Has active purchase/return activity,0
DES-6495,MAIDENS CREATION,"00004930, 00004931",5843,INV2026000257,TRUE,2,1,0,1,1,0,1,2,2,ACTIVE_WITH_PURCHASE_HISTORY,Keep: Has active purchase/return activity,0
DES-8036,KAMAKSHI DESIGN STUDIO,6885,25-26/-4743,,TRUE,1,1,0,0,0,0,1,1,1,ACTIVE_WITH_PURCHASE_HISTORY,Keep: Has active purchase/return activity,0
DES-8080,KAMAKSHI DESIGN STUDIO,3158,25-26/-4009,INV2627000217,TRUE,1,1,0,1,1,0,0,1,1,ACTIVE_WITH_PURCHASE_HISTORY,Keep: Has active purchase/return activity,0
DES-8243,KAMAKSHI DESIGN STUDIO,3157,25-26/-4009,,TRUE,1,1,0,0,0,0,1,1,1,ACTIVE_WITH_PURCHASE_HISTORY,Keep: Has active purchase/return activity,0
DES 36309750,M/S ADISHAKTI CREATIONS ,3076,GST-01979-25-26,,TRUE,1,1,0,0,0,0,1,1,1,ACTIVE_WITH_PURCHASE_HISTORY,Keep: Has active purchase/return activity,0
DES 6054,MAIDENS CREATION,"00001156, 00001157, 00001158, 00001207, 00001208",5407,,TRUE,1,1,1,0,0,0,4,5,5,ACTIVE_WITH_PURCHASE_HISTORY,Keep: Has active purchase/return activity,-4
DES 6054-01,MAIDENS CREATION,8430,,,TRUE,0,0,1,0,0,0,0,1,1,ACTIVE_WITH_PURCHASE_HISTORY,Keep: Has active purchase/return activity,-1
DES 6054-02,MAIDENS CREATION,8431,5407,,TRUE,1,1,1,0,0,0,0,1,1,ACTIVE_WITH_PURCHASE_HISTORY,Keep: Has active purchase/return activity,0
DES 6146,MAIDENS CREATION,1219,5407,INV2627000393,TRUE,1,1,0,1,1,0,0,1,1,ACTIVE_WITH_PURCHASE_HISTORY,Keep: Has active purchase/return activity,0
DES 6193,MAIDENS CREATION,"00001212, 00001213",5407,,TRUE,1,1,2,0,0,0,0,2,2,ACTIVE_WITH_PURCHASE_HISTORY,Keep: Has active purchase/return activity,-1
DES 6193-A,MAIDENS CREATION,8351,5407,,TRUE,1,1,1,0,0,0,0,1,1,ACTIVE_WITH_PURCHASE_HISTORY,Keep: Has active purchase/return activity,0
DES 6201,MAIDENS CREATION,"00001216, 00001217",5407,INV2627000033,TRUE,2,1,0,1,1,0,1,2,2,ACTIVE_WITH_PURCHASE_HISTORY,Keep: Has active purchase/return activity,0
DES 6214,MAIDENS CREATION,"00001165, 00001166",5407,INV2026000284,TRUE,2,1,0,1,1,0,1,2,2,ACTIVE_WITH_PURCHASE_HISTORY,Keep: Has active purchase/return activity,0
DES 6218,MAIDENS CREATION,1218,5407,INV2627000142,TRUE,1,1,0,1,1,0,0,1,1,ACTIVE_WITH_PURCHASE_HISTORY,Keep: Has active purchase/return activity,0
DES 6223,MAIDENS CREATION,"00001162, 00001163",5407,INV2026000262,TRUE,2,1,0,1,1,0,1,2,2,ACTIVE_WITH_PURCHASE_HISTORY,Keep: Has active purchase/return activity,0
DES 6244,MAIDENS CREATION,1231,5407,,TRUE,1,1,1,0,0,0,0,1,1,ACTIVE_WITH_PURCHASE_HISTORY,Keep: Has active purchase/return activity,0
DES 6265,MAIDENS CREATION,"00001214, 00001215",5407,,TRUE,2,1,1,0,0,0,1,2,2,ACTIVE_WITH_PURCHASE_HISTORY,Keep: Has active purchase/return activity,0
DES 6272,MAIDENS CREATION,"00001227, 00001228",5407,INV2627000920,TRUE,2,1,1,1,1,0,0,2,2,ACTIVE_WITH_PURCHASE_HISTORY,Keep: Has active purchase/return activity,0
DES 6273,MAIDENS CREATION,"00001153, 00001154, 00001155, 00001204, 00001205, 00001206, 00009232, 00009233",5407,,TRUE,3,1,0,0,0,0,17,17,8,ACTIVE_WITH_PURCHASE_HISTORY,Keep: Has active purchase/return activity,-14
DES 6276,MAIDENS CREATION,"00001152, 00001203",5407,,TRUE,1,1,0,0,0,0,2,2,2,ACTIVE_WITH_PURCHASE_HISTORY,Keep: Has active purchase/return activity,-1
DES 6297,MAIDENS CREATION,"00001133, 00001184",5407,INV2026000096,TRUE,2,1,0,1,1,0,1,2,2,ACTIVE_WITH_PURCHASE_HISTORY,Keep: Has active purchase/return activity,0
DES 6298,MAIDENS CREATION,"00001131, 00001132, 00001182, 00001183",5407,,TRUE,2,1,1,0,0,0,3,4,4,ACTIVE_WITH_PURCHASE_HISTORY,Keep: Has active purchase/return activity,-2
DES 6299,MAIDENS CREATION,"00001229, 00001230",5407,,TRUE,2,1,2,0,0,0,0,2,2,ACTIVE_WITH_PURCHASE_HISTORY,Keep: Has active purchase/return activity,0
DES 6322,MAIDENS CREATION,"00001161, 00001211",5407,,TRUE,1,1,1,0,0,0,1,2,2,ACTIVE_WITH_PURCHASE_HISTORY,Keep: Has active purchase/return activity,-1
DES 6345,MAIDENS CREATION,"00001159, 00001160, 00001209, 00001210",5407,,TRUE,2,1,0,0,0,0,4,4,4,ACTIVE_WITH_PURCHASE_HISTORY,Keep: Has active purchase/return activity,-2
DES 6350,MAIDENS CREATION,1164,5407,,TRUE,1,1,0,0,0,0,1,1,1,ACTIVE_WITH_PURCHASE_HISTORY,Keep: Has active purchase/return activity,0
DES 6352,MAIDENS CREATION,"00001135, 00001136, 00001186, 00001187",5407,,TRUE,1,1,1,0,0,0,3,4,4,ACTIVE_WITH_PURCHASE_HISTORY,Keep: Has active purchase/return activity,-3
DES 6352-1,MAIDENS CREATION,8387,,,TRUE,0,0,1,0,0,0,0,1,1,ACTIVE_WITH_PURCHASE_HISTORY,Keep: Has active purchase/return activity,-1
DES 6352-2,MAIDENS CREATION,8388,5407,,TRUE,1,1,0,0,0,0,1,1,1,ACTIVE_WITH_PURCHASE_HISTORY,Keep: Has active purchase/return activity,0
DES 6369,MAIDENS CREATION,"00001220, 00001221, 00001222, 00001223",5407,,TRUE,3,1,3,0,0,0,1,4,4,ACTIVE_WITH_PURCHASE_HISTORY,Keep: Has active purchase/return activity,-1
DES 6369-A,MAIDENS CREATION,8352,5407,,TRUE,1,1,1,0,0,0,0,1,1,ACTIVE_WITH_PURCHASE_HISTORY,Keep: Has active purchase/return activity,0
DES 6374,MAIDENS CREATION,1167,5407,,TRUE,1,1,1,0,0,0,0,1,1,ACTIVE_WITH_PURCHASE_HISTORY,Keep: Has active purchase/return activity,0
DES 6375,MAIDENS CREATION,"00001137, 00001138, 00001139, 00001188, 00001189, 00001190",5407,,TRUE,3,1,2,0,0,0,4,6,6,ACTIVE_WITH_PURCHASE_HISTORY,Keep: Has active purchase/return activity,-3
DES 6377,MAIDENS CREATION,"00001134, 00001185",,,TRUE,0,0,1,0,0,0,1,2,2,ACTIVE_WITH_PURCHASE_HISTORY,Keep: Has active purchase/return activity,-2
DES 6377-01,MAIDENS CREATION,8415,5407,,TRUE,1,1,1,0,0,0,0,1,1,ACTIVE_WITH_PURCHASE_HISTORY,Keep: Has active purchase/return activity,0
DES 6383,MAIDENS CREATION,1232,5407,,TRUE,1,1,0,0,0,0,1,1,1,ACTIVE_WITH_PURCHASE_HISTORY,Keep: Has active purchase/return activity,0
DES 6386,MAIDENS CREATION,"00001149, 00001150, 00001151, 00001200, 00001201, 00001202",5407,,TRUE,2,1,2,0,0,0,4,6,6,ACTIVE_WITH_PURCHASE_HISTORY,Keep: Has active purchase/return activity,-4
DES 6386-01,MAIDENS CREATION,8432,5407,,TRUE,1,1,1,0,0,0,0,1,1,ACTIVE_WITH_PURCHASE_HISTORY,Keep: Has active purchase/return activity,0
DES 6392,MAIDENS CREATION,"00001148, 00001199",5407,INV2627000142,TRUE,1,1,0,1,1,0,1,2,2,ACTIVE_WITH_PURCHASE_HISTORY,Keep: Has active purchase/return activity,-1
DES 6400,MAIDENS CREATION,"00001140, 00001141, 00001142, 00001191, 00001192, 00001193",5407,INV2627000053,TRUE,3,1,2,1,1,0,3,6,6,ACTIVE_WITH_PURCHASE_HISTORY,Keep: Has active purchase/return activity,-3
DES 6404,MAIDENS CREATION,"00001145, 00001146, 00001147, 00001196, 00001197, 00001198",5407,,TRUE,4,1,3,0,0,0,4,7,6,ACTIVE_WITH_PURCHASE_HISTORY,Keep: Has active purchase/return activity,-3
DES 6431,MAIDENS CREATION,"00001224, 00001225, 00001226",5407,INV2026000065,TRUE,3,1,1,1,1,0,1,3,3,ACTIVE_WITH_PURCHASE_HISTORY,Keep: Has active purchase/return activity,0
DES 6435,MAIDENS CREATION,1233,5407,,TRUE,1,1,0,0,0,0,1,1,1,ACTIVE_WITH_PURCHASE_HISTORY,Keep: Has active purchase/return activity,0
DES 6444,MAIDENS CREATION,"00001234, 00001235",5407,INV2026000264,TRUE,2,1,1,1,1,0,0,2,2,ACTIVE_WITH_PURCHASE_HISTORY,Keep: Has active purchase/return activity,0
DES 6458,MAIDENS CREATION,"00001143, 00001144, 00001194, 00001195",5407,,TRUE,1,1,1,0,0,0,3,4,4,ACTIVE_WITH_PURCHASE_HISTORY,Keep: Has active purchase/return activity,-3
DES 6498 BR,MAIDENS CREATION,"00001120, 00001179",,,TRUE,0,0,1,0,0,0,1,2,2,ACTIVE_WITH_PURCHASE_HISTORY,Keep: Has active purchase/return activity,-2
DES 6498 BR-1,MAIDENS CREATION,8389,5407,,TRUE,1,1,1,0,0,0,0,1,1,ACTIVE_WITH_PURCHASE_HISTORY,Keep: Has active purchase/return activity,0
DES 6498 GR,MAIDENS CREATION,"00001122, 00001181",,,TRUE,0,0,1,0,0,0,1,2,2,ACTIVE_WITH_PURCHASE_HISTORY,Keep: Has active purchase/return activity,-2
DES 6498 GR-1,MAIDENS CREATION,8417,5407,,TRUE,1,1,1,0,0,0,0,1,1,ACTIVE_WITH_PURCHASE_HISTORY,Keep: Has active purchase/return activity,0
DES 6498 PK,MAIDENS CREATION,"00001121, 00001180",,,TRUE,0,0,1,0,0,0,1,2,2,ACTIVE_WITH_PURCHASE_HISTORY,Keep: Has active purchase/return activity,-2
DES 6498 PK-1,MAIDENS CREATION,8385,5407,,TRUE,1,1,1,0,0,0,0,1,1,ACTIVE_WITH_PURCHASE_HISTORY,Keep: Has active purchase/return activity,0
DF-2434,SAHIB TEXTILES PRIVATE LIMITED,5895,25-26/21401,INV2627000289,TRUE,2,1,0,1,1,0,1,2,1,ACTIVE_WITH_PURCHASE_HISTORY,Keep: Has active purchase/return activity,0
DF-2452,SAHIB TEXTILES PRIVATE LIMITED,5908,25-26/21401,"INV2026000013, INV2026000111, INV2627000473",TRUE,3,1,0,3,3,0,0,3,1,ACTIVE_WITH_PURCHASE_HISTORY,Keep: Has active purchase/return activity,0
DF-2545,SAHIB TEXTILES PRIVATE LIMITED,5905,25-26/21401,"INV2627000880, INV2627000928",TRUE,3,1,0,2,2,0,1,3,1,ACTIVE_WITH_PURCHASE_HISTORY,Keep: Has active purchase/return activity,0
DF-2547,SAHIB TEXTILES PRIVATE LIMITED,5892,25-26/21401,INV2627000708,TRUE,2,1,0,1,1,0,1,2,1,ACTIVE_WITH_PURCHASE_HISTORY,Keep: Has active purchase/return activity,0
DF-2575,SAHIB TEXTILES PRIVATE LIMITED,5897,25-26/21401,"INV2026000013, INV2026000223",TRUE,2,1,0,2,2,0,0,2,1,ACTIVE_WITH_PURCHASE_HISTORY,Keep: Has active purchase/return activity,0
DF-2578,SAHIB TEXTILES PRIVATE LIMITED,5893,25-26/21401,INV2627000385,TRUE,2,1,0,1,1,0,1,2,1,ACTIVE_WITH_PURCHASE_HISTORY,Keep: Has active purchase/return activity,0
DF-2586,SAHIB TEXTILES PRIVATE LIMITED,5907,25-26/21401,"INV2627000535, INV2627000708, INV2627000987",TRUE,2,1,0,3,3,2,0,2,1,ACTIVE_WITH_PURCHASE_HISTORY,Keep: Has active purchase/return activity,1
DF-2587,SAHIB TEXTILES PRIVATE LIMITED,5906,25-26/21401,INV2627000472,TRUE,2,1,0,1,1,0,1,2,1,ACTIVE_WITH_PURCHASE_HISTORY,Keep: Has active purchase/return activity,0
DF-2594,SAHIB TEXTILES PRIVATE LIMITED,5902,25-26/21401,"INV2026000041, INV2627000718, INV2627000786",TRUE,3,1,0,3,3,0,0,3,1,ACTIVE_WITH_PURCHASE_HISTORY,Keep: Has active purchase/return activity,0
DF-2605,SAHIB TEXTILES PRIVATE LIMITED,5896,25-26/21401,INV2627000203,TRUE,1,1,0,1,1,0,0,1,1,ACTIVE_WITH_PURCHASE_HISTORY,Keep: Has active purchase/return activity,0
DF-2625,SAHIB TEXTILES PRIVATE LIMITED,5901,25-26/21401,INV2627000306,TRUE,2,1,0,1,1,0,1,2,1,ACTIVE_WITH_PURCHASE_HISTORY,Keep: Has active purchase/return activity,0
DF-2627,SAHIB TEXTILES PRIVATE LIMITED,5903,25-26/21401,"INV2026000013, INV2026000183",TRUE,2,1,0,2,2,0,0,2,1,ACTIVE_WITH_PURCHASE_HISTORY,Keep: Has active purchase/return activity,0
DF-2630,SAHIB TEXTILES PRIVATE LIMITED,5904,25-26/21401,,TRUE,2,1,0,0,0,0,2,2,1,ACTIVE_WITH_PURCHASE_HISTORY,Keep: Has active purchase/return activity,0
DF-2639,SAHIB TEXTILES PRIVATE LIMITED,5894,25-26/21401,,TRUE,2,1,0,0,0,0,2,2,1,ACTIVE_WITH_PURCHASE_HISTORY,Keep: Has active purchase/return activity,0
DF-2651,SAHIB TEXTILES PRIVATE LIMITED,5900,25-26/21401,"INV2627000398, INV2627000472",TRUE,2,1,0,2,2,0,0,2,1,ACTIVE_WITH_PURCHASE_HISTORY,Keep: Has active purchase/return activity,0
DF-2657,SAHIB TEXTILES PRIVATE LIMITED,5898,25-26/21401,,TRUE,2,1,0,0,0,0,2,2,1,ACTIVE_WITH_PURCHASE_HISTORY,Keep: Has active purchase/return activity,0
DF-2663,SAHIB TEXTILES PRIVATE LIMITED,5899,25-26/21401,,TRUE,2,1,0,0,0,0,2,2,1,ACTIVE_WITH_PURCHASE_HISTORY,Keep: Has active purchase/return activity,0
DG-4910,SHAH NARAYAN DAS & CO.,4066,RC/2526/02/00678,,TRUE,2,1,0,0,0,0,2,2,1,ACTIVE_WITH_PURCHASE_HISTORY,Keep: Has active purchase/return activity,0
DG-503,NIRMAL CREATIONS,"00001423, 00001424",NC/009563/25-26,INV2627000624,TRUE,2,1,0,1,1,0,1,2,2,ACTIVE_WITH_PURCHASE_HISTORY,Keep: Has active purchase/return activity,0
DG-536,NIRMAL CREATIONS,1422,NC/009563/25-26,,TRUE,1,1,0,0,0,0,1,1,1,ACTIVE_WITH_PURCHASE_HISTORY,Keep: Has active purchase/return activity,0
DH-1784,AASHIRVAD HERITAGE PVT LTD,7040,AH/009290/25-26,,TRUE,1,1,0,0,0,0,1,1,1,ACTIVE_WITH_PURCHASE_HISTORY,Keep: Has active purchase/return activity,0
DH/PG-590/1685,AASHIRVAD HERITAGE PVT LTD,7961,AH/000429/26-27,INV2627000722,TRUE,1,1,0,1,1,0,0,1,1,ACTIVE_WITH_PURCHASE_HISTORY,Keep: Has active purchase/return activity,0
DIS34,RUPDARSHI DESIGNS PRIVATE LIMITED,"00004351, 00004352",RDS/006479/25-26,"INV2026000243, INV2627000590",TRUE,3,1,0,2,2,0,0,2,2,ACTIVE_WITH_PURCHASE_HISTORY,Keep: Has active purchase/return activity,1
DIS41,RUPDARSHI DESIGNS PRIVATE LIMITED,"00004349, 00004350",RDS/006479/25-26,INV2627000525,TRUE,2,1,0,1,1,0,1,2,2,ACTIVE_WITH_PURCHASE_HISTORY,Keep: Has active purchase/return activity,0
DIS74,RUPDARSHI DESIGNS PRIVATE LIMITED,"00004346, 00004347, 00004348",RDS/006479/25-26,"INV2026000125, INV2627000631",TRUE,3,1,0,2,2,0,1,3,3,ACTIVE_WITH_PURCHASE_HISTORY,Keep: Has active purchase/return activity,0
DIS97,RUPDARSHI DESIGNS PRIVATE LIMITED,"00004354, 00004355, 00004356",RDS/006479/25-26,"INV2026000125, INV2026000172",TRUE,3,1,0,2,2,0,1,3,3,ACTIVE_WITH_PURCHASE_HISTORY,Keep: Has active purchase/return activity,0
DITYA,KARISHAMA LEGACY LLP,6073,KL/25-26/16915,,TRUE,1,1,0,0,0,0,1,1,1,ACTIVE_WITH_PURCHASE_HISTORY,Keep: Has active purchase/return activity,0
DM-100,AMAYA EXCLUSIF,5750,AE-1954/2025-26,,TRUE,1,1,0,0,0,0,1,1,1,ACTIVE_WITH_PURCHASE_HISTORY,Keep: Has active purchase/return activity,0
DM-47,AMAYA EXCLUSIF,4902,AE-1920/2025-26,,TRUE,1,1,0,0,0,0,1,1,1,ACTIVE_WITH_PURCHASE_HISTORY,Keep: Has active purchase/return activity,0
DN-132-S,RT VILLA PRIVATE LIMITED,4220,GST/25/09200,,TRUE,1,1,0,0,0,0,1,1,1,ACTIVE_WITH_PURCHASE_HISTORY,Keep: Has active purchase/return activity,0
DN-134-S,RT VILLA PRIVATE LIMITED,4218,GST/25/09200,INV2627000771,TRUE,1,1,0,1,1,0,0,1,1,ACTIVE_WITH_PURCHASE_HISTORY,Keep: Has active purchase/return activity,0
DN-161-S,RT VILLA PRIVATE LIMITED,4219,GST/25/09200,INV2627000410,TRUE,1,1,0,1,1,1,0,1,1,ACTIVE_WITH_PURCHASE_HISTORY,Keep: Has active purchase/return activity,1
DN-56D,RT VILLA PRIVATE LIMITED,4221,GST/25/09200,,TRUE,1,1,0,0,0,0,1,1,1,ACTIVE_WITH_PURCHASE_HISTORY,Keep: Has active purchase/return activity,0
DP-1520,AMAYA EXCLUSIF,7124,AE-10/2026-27,,TRUE,1,1,0,0,0,0,1,1,1,ACTIVE_WITH_PURCHASE_HISTORY,Keep: Has active purchase/return activity,0
DP-1587,AMAYA EXCLUSIF,4903,AE-1920/2025-26,,TRUE,1,1,0,0,0,0,1,1,1,ACTIVE_WITH_PURCHASE_HISTORY,Keep: Has active purchase/return activity,0
DP-1592,AMAYA EXCLUSIF,6300,AE-1969/2025-26,,TRUE,1,1,0,0,0,0,1,1,1,ACTIVE_WITH_PURCHASE_HISTORY,Keep: Has active purchase/return activity,0
DS-0416,AMAYA EXCLUSIF,6301,AE-1958/2025-26,,TRUE,1,1,0,0,0,0,1,1,1,ACTIVE_WITH_PURCHASE_HISTORY,Keep: Has active purchase/return activity,0
DS-075,R.F. CREATIONS ,9010,848-2627,,TRUE,1,1,0,0,0,0,1,1,1,ACTIVE_WITH_PURCHASE_HISTORY,Keep: Has active purchase/return activity,0
DS-1068,ONAYA FASHION PVT LTD,8113,GPOSI26-27/01123,,TRUE,1,1,0,0,0,0,1,1,1,ACTIVE_WITH_PURCHASE_HISTORY,Keep: Has active purchase/return activity,0
DS-1128,ONAYA FASHION PVT LTD,7042,GPOSI25-26/18182,INV2627000382,TRUE,1,1,0,1,1,1,0,1,1,ACTIVE_WITH_PURCHASE_HISTORY,Keep: Has active purchase/return activity,1
DS-1147,ONAYA FASHION PVT LTD,4794,GPOSI25-26/16623,INV2627000241,TRUE,1,1,0,1,1,0,0,1,1,ACTIVE_WITH_PURCHASE_HISTORY,Keep: Has active purchase/return activity,0
DS-1149,ONAYA FASHION PVT LTD,7060,17886,,TRUE,1,1,0,0,0,0,1,1,1,ACTIVE_WITH_PURCHASE_HISTORY,Keep: Has active purchase/return activity,0
DS-1155,ONAYA FASHION PVT LTD,9676,,,TRUE,0,0,0,0,0,0,1,1,1,ORPHAN_WITH_STOCK,Audit: Has physical stock/printed barcodes but no purchase record,-1
DS-1166,ONAYA FASHION PVT LTD,7043,GPOSI25-26/18182,,TRUE,1,1,0,0,0,0,1,1,1,ACTIVE_WITH_PURCHASE_HISTORY,Keep: Has active purchase/return activity,0
DS-1170,ONAYA FASHION PVT LTD,7044,GPOSI25-26/18182,,TRUE,1,1,0,0,0,0,1,1,1,ACTIVE_WITH_PURCHASE_HISTORY,Keep: Has active purchase/return activity,0
DS-19,AASHI DESIGNS,3130,5914,,TRUE,1,1,0,0,0,0,1,1,1,ACTIVE_WITH_PURCHASE_HISTORY,Keep: Has active purchase/return activity,0
DS-22,AASHI DESIGNS,3129,5914,,TRUE,1,1,0,0,0,0,1,1,1,ACTIVE_WITH_PURCHASE_HISTORY,Keep: Has active purchase/return activity,0
DS-322,AMAYA EXCLUSIF,6299,AE-1969/2025-26,,TRUE,1,1,0,0,0,0,1,1,1,ACTIVE_WITH_PURCHASE_HISTORY,Keep: Has active purchase/return activity,0
DS-358,AMAYA EXCLUSIF,6297,AE-1966/2025-26,INV2627001032,TRUE,1,1,0,1,1,0,0,1,1,ACTIVE_WITH_PURCHASE_HISTORY,Keep: Has active purchase/return activity,0
DS-359,AMAYA EXCLUSIF,6298,AE-1966/2025-26,,TRUE,1,1,0,0,0,0,1,1,1,ACTIVE_WITH_PURCHASE_HISTORY,Keep: Has active purchase/return activity,0
DS-418,AMAYA EXCLUSIF,7072,AE-2/2026-27,,TRUE,1,1,0,0,0,0,1,1,1,ACTIVE_WITH_PURCHASE_HISTORY,Keep: Has active purchase/return activity,0
DS-42,ONAYA FASHION PVT LTD,5544,GPOSI25-26/17357,INV2627000758,TRUE,1,1,0,1,1,0,0,1,1,ACTIVE_WITH_PURCHASE_HISTORY,Keep: Has active purchase/return activity,0
DS-601,ESSENCE COLLECTION PVT LTD,"00000855, 00000856, 00000857",698,"INV2627000816, INV2627000847",TRUE,3,1,0,2,2,0,1,3,3,ACTIVE_WITH_PURCHASE_HISTORY,Keep: Has active purchase/return activity,0
DS-601 PK,ESSENCE COLLECTION PVT LTD,,,,TRUE,0,0,0,0,0,0,0,0,0,SAFE_TO_DELETE_IDLE,"Safe to Delete: No purchases, returns, sales, or stock",0
DS-601 YL,ESSENCE COLLECTION PVT LTD,"00000452, 00000453",698,,TRUE,2,1,0,0,0,0,3,3,2,ACTIVE_WITH_PURCHASE_HISTORY,Keep: Has active purchase/return activity,-1
DS-611 BR,ESSENCE COLLECTION PVT LTD,"00000834, 00000846, 00000847, 00000848, 00000849",698,"INV2627000174, INV2627000629, INV2627000958",TRUE,5,1,0,3,3,0,2,5,5,ACTIVE_WITH_PURCHASE_HISTORY,Keep: Has active purchase/return activity,0
DS-611 YE,ESSENCE COLLECTION PVT LTD,"00000850, 00000851, 00000852, 00000853, 00000854",698,"INV2026000310, INV2026000388",TRUE,5,1,0,2,2,0,3,5,5,ACTIVE_WITH_PURCHASE_HISTORY,Keep: Has active purchase/return activity,0
DS 104,DEV DARSHAN DESIGNS PVT LTD,1264,DDD/07545/25-26,,TRUE,1,1,0,0,0,0,1,1,1,ACTIVE_WITH_PURCHASE_HISTORY,Keep: Has active purchase/return activity,0
DS104,DEV DARSHAN DESIGNS PVT LTD,1263,DDD/07545/25-26,,TRUE,1,1,0,0,0,0,1,1,1,ACTIVE_WITH_PURCHASE_HISTORY,Keep: Has active purchase/return activity,0
DS1066,ONAYA FASHION PVT LTD,104,GPOSI25-26/16336,INV2026000285,TRUE,1,1,0,1,1,0,0,1,1,ACTIVE_WITH_PURCHASE_HISTORY,Keep: Has active purchase/return activity,0
DS1068,ONAYA FASHION PVT LTD,120,GPOSI25-26/16342,INV2627000382,TRUE,1,1,0,1,1,1,0,1,1,ACTIVE_WITH_PURCHASE_HISTORY,Keep: Has active purchase/return activity,1
DS1069,ONAYA FASHION PVT LTD,121,GPOSI25-26/16342,,TRUE,1,1,0,0,0,0,1,1,1,ACTIVE_WITH_PURCHASE_HISTORY,Keep: Has active purchase/return activity,0
DS1071,ONAYA FASHION PVT LTD,122,GPOSI25-26/16342,INV2627000758,TRUE,1,1,0,1,1,0,0,1,1,ACTIVE_WITH_PURCHASE_HISTORY,Keep: Has active purchase/return activity,0
DS1085,ONAYA FASHION PVT LTD,3900,GPOSI25-26/16341,,TRUE,1,1,0,0,0,0,1,1,1,ACTIVE_WITH_PURCHASE_HISTORY,Keep: Has active purchase/return activity,0
DS1104,ONAYA FASHION PVT LTD,105,GPOSI25-26/16336,,TRUE,1,1,0,0,0,0,1,1,1,ACTIVE_WITH_PURCHASE_HISTORY,Keep: Has active purchase/return activity,0
DS1107,ONAYA FASHION PVT LTD,3901,GPOSI25-26/16341,INV2627000168,TRUE,1,1,0,1,1,0,0,1,1,ACTIVE_WITH_PURCHASE_HISTORY,Keep: Has active purchase/return activity,0
DS1110,ONAYA FASHION PVT LTD,123,GPOSI25-26/16342,INV2627000660,TRUE,1,1,0,1,1,0,0,1,1,ACTIVE_WITH_PURCHASE_HISTORY,Keep: Has active purchase/return activity,0
DS1115,ONAYA FASHION PVT LTD,4051,GPOSI25-26/17161,INV2627000168,TRUE,1,1,0,1,1,0,0,1,1,ACTIVE_WITH_PURCHASE_HISTORY,Keep: Has active purchase/return activity,0
DS1128,ONAYA FASHION PVT LTD,3902,GPOSI25-26/16341,,TRUE,1,1,0,0,0,0,1,1,1,ACTIVE_WITH_PURCHASE_HISTORY,Keep: Has active purchase/return activity,0
DS1131,ONAYA FASHION PVT LTD,106,GPOSI25-26/16336,,TRUE,1,1,0,0,0,0,1,1,1,ACTIVE_WITH_PURCHASE_HISTORY,Keep: Has active purchase/return activity,0
DS1145,ONAYA FASHION PVT LTD,3903,GPOSI25-26/16341,,TRUE,1,1,0,0,0,0,1,1,1,ACTIVE_WITH_PURCHASE_HISTORY,Keep: Has active purchase/return activity,0
DS1155,ONAYA FASHION PVT LTD,3904,GPOSI25-26/16341,,TRUE,1,1,0,0,0,0,1,1,1,ACTIVE_WITH_PURCHASE_HISTORY,Keep: Has active purchase/return activity,0
DS1171,ONAYA FASHION PVT LTD,124,GPOSI25-26/16342,INV2627000784,TRUE,1,1,0,1,1,0,0,1,1,ACTIVE_WITH_PURCHASE_HISTORY,Keep: Has active purchase/return activity,0
DS1181,ONAYA FASHION PVT LTD,3905,GPOSI25-26/16341,INV2026000105,TRUE,1,1,0,1,1,0,0,1,1,ACTIVE_WITH_PURCHASE_HISTORY,Keep: Has active purchase/return activity,0
DS1201,ONAYA FASHION PVT LTD,3906,GPOSI25-26/16341,,TRUE,1,1,0,0,0,0,1,1,1,ACTIVE_WITH_PURCHASE_HISTORY,Keep: Has active purchase/return activity,0
DS1203,ONAYA FASHION PVT LTD,125,GPOSI25-26/16342,INV2627000735,TRUE,1,1,0,1,1,0,0,1,1,ACTIVE_WITH_PURCHASE_HISTORY,Keep: Has active purchase/return activity,0
DS997,ONAYA FASHION PVT LTD,126,GPOSI25-26/16342,,TRUE,1,1,0,0,0,0,1,1,1,ACTIVE_WITH_PURCHASE_HISTORY,Keep: Has active purchase/return activity,0
DT149,SWASTIK CREATIONS -(2025-26),5118,GST/02607/25-26,,TRUE,3,1,0,0,0,0,3,3,1,ACTIVE_WITH_PURCHASE_HISTORY,Keep: Has active purchase/return activity,0
DUR-E-NAYAB-102,HARSHRINGAR,6192,HS/25-26/552,,TRUE,1,1,0,0,0,0,1,1,1,ACTIVE_WITH_PURCHASE_HISTORY,Keep: Has active purchase/return activity,0
DUR-E-NAYAB-103,HARSHRINGAR,6208,HS/25-26/552,,TRUE,1,1,0,0,0,0,1,1,1,ACTIVE_WITH_PURCHASE_HISTORY,Keep: Has active purchase/return activity,0
DUR-E-NAYAB-104,HARSHRINGAR,6193,HS/25-26/552,INV2627000196,TRUE,1,1,0,1,1,0,0,1,1,ACTIVE_WITH_PURCHASE_HISTORY,Keep: Has active purchase/return activity,0
DYEF16357,SND DYEING AND PROCESSING COMPANY PRIVATE LIMITED,3611,T125A/1810,,TRUE,1,1,0,0,0,0,1,1,1,ACTIVE_WITH_PURCHASE_HISTORY,Keep: Has active purchase/return activity,0
DYEG12730,SND DYEING AND PROCESSING COMPANY PRIVATE LIMITED,"00003616, 00003617",T125A/1810,,TRUE,2,1,0,0,0,0,2,2,2,ACTIVE_WITH_PURCHASE_HISTORY,Keep: Has active purchase/return activity,0
DYEG13445,SND DYEING AND PROCESSING COMPANY PRIVATE LIMITED,3619,T125A/1810,,TRUE,1,1,0,0,0,0,1,1,1,ACTIVE_WITH_PURCHASE_HISTORY,Keep: Has active purchase/return activity,0
DYEG13771,SND DYEING AND PROCESSING COMPANY PRIVATE LIMITED,3620,T125A/1810,,TRUE,1,1,0,0,0,0,1,1,1,ACTIVE_WITH_PURCHASE_HISTORY,Keep: Has active purchase/return activity,0
DYEG15534,SND DYEING AND PROCESSING COMPANY PRIVATE LIMITED,"00003614, 00003615",T125A/1810,,TRUE,2,1,0,0,0,0,2,2,2,ACTIVE_WITH_PURCHASE_HISTORY,Keep: Has active purchase/return activity,0
DYEG15890,SND DYEING AND PROCESSING COMPANY PRIVATE LIMITED,3621,T125A/1810,,TRUE,1,1,0,0,0,0,1,1,1,ACTIVE_WITH_PURCHASE_HISTORY,Keep: Has active purchase/return activity,0
DYEG16060,SND DYEING AND PROCESSING COMPANY PRIVATE LIMITED,"00003612, 00003613",T125A/1810,,TRUE,2,1,0,0,0,0,2,2,2,ACTIVE_WITH_PURCHASE_HISTORY,Keep: Has active purchase/return activity,0
DYEG16357,SND DYEING AND PROCESSING COMPANY PRIVATE LIMITED,3610,T125A/1810,,TRUE,1,1,0,0,0,0,1,1,1,ACTIVE_WITH_PURCHASE_HISTORY,Keep: Has active purchase/return activity,0
DYEG16358,SND DYEING AND PROCESSING COMPANY PRIVATE LIMITED,"00003607, 00003608",T125A/1810,,TRUE,2,1,0,0,0,0,2,2,2,ACTIVE_WITH_PURCHASE_HISTORY,Keep: Has active purchase/return activity,0
E-01,TULIPS ,"00008009, 00008010, 00008011, 00008012, 00008013",3698,,TRUE,5,1,0,0,0,0,5,5,5,ACTIVE_WITH_PURCHASE_HISTORY,Keep: Has active purchase/return activity,0
E-02,TULIPS ,"00007202, 00007203, 00007204, 00007205, 00007206, 00009636","S/0036, S/0327","INV2627000374, INV2627000922",TRUE,6,2,0,2,2,1,4,6,6,ACTIVE_WITH_PURCHASE_HISTORY,Keep: Has active purchase/return activity,1
E-02-B,TULIPS ,"00009637, 00009638",S/0327,,TRUE,2,1,0,0,0,0,2,2,2,ACTIVE_WITH_PURCHASE_HISTORY,Keep: Has active purchase/return activity,0
E-03,TULIPS ,"00006176, 00006177, 00006178",25-26/3613,INV2627000343,TRUE,3,1,0,1,1,0,2,3,3,ACTIVE_WITH_PURCHASE_HISTORY,Keep: Has active purchase/return activity,0
E-03 B,TULIPS ,"00006179, 00006180",25-26/3613,INV2627000425,TRUE,2,1,0,1,1,0,1,2,2,ACTIVE_WITH_PURCHASE_HISTORY,Keep: Has active purchase/return activity,0
E-05,TULIPS ,"00005692, 00005693, 00005694, 00005695, 00005696, 00007197, 00007198, 00007199, 00007200, 00007201, 00009632, 00009633, 00009634","25-26/3430, S/0036, S/0327","INV2026000027, INV2026000071, INV2026000244, INV2026000297, INV2026000351, INV2627000340, INV2627000374, INV2627000900",TRUE,13,3,0,8,8,2,7,13,13,ACTIVE_WITH_PURCHASE_HISTORY,Keep: Has active purchase/return activity,0
E-05-B,TULIPS ,9635,S/0327,,TRUE,1,1,0,0,0,0,1,1,1,ACTIVE_WITH_PURCHASE_HISTORY,Keep: Has active purchase/return activity,0
E-06,TULIPS ,"00007537, 00007538, 00007539, 00009639","25-26/3723, S/0327",,TRUE,4,2,0,0,0,0,4,4,4,ACTIVE_WITH_PURCHASE_HISTORY,Keep: Has active purchase/return activity,0
E-06-B,TULIPS ,"00007540, 00007541, 00009640","25-26/3723, S/0327",,TRUE,3,2,0,0,0,0,3,3,3,ACTIVE_WITH_PURCHASE_HISTORY,Keep: Has active purchase/return activity,0
E-1,NARENDRA SAREE EMPORIUM,3762,4226,INV2627000896,TRUE,1,1,0,1,1,0,0,1,1,ACTIVE_WITH_PURCHASE_HISTORY,Keep: Has active purchase/return activity,0
E-104,TULIPS ,"00005697, 00005698, 00005699, 00005700, 00005701, 00005707, 00005708, 00005709",25-26/3430,"INV2026000356, INV2627000376, INV2627000425",TRUE,5,1,0,3,3,0,6,9,8,ACTIVE_WITH_PURCHASE_HISTORY,Keep: Has active purchase/return activity,-4
E-107,TULIPS ,"00005702, 00005703, 00005704, 00005705, 00005706",25-26/3430,"INV2026000011, INV2026000416, INV2627000348, INV2627000425, INV2627000562",TRUE,5,1,0,5,5,1,1,5,5,ACTIVE_WITH_PURCHASE_HISTORY,Keep: Has active purchase/return activity,0
E-118,TULIPS ,"00007528, 00007529, 00007530",25-26/3723,,TRUE,3,1,0,0,0,0,3,3,3,ACTIVE_WITH_PURCHASE_HISTORY,Keep: Has active purchase/return activity,0
E-118-B,TULIPS ,7531,25-26/3723,,TRUE,1,1,0,0,0,0,1,1,1,ACTIVE_WITH_PURCHASE_HISTORY,Keep: Has active purchase/return activity,0
E-122-1,TULIPS ,9620,S/0330,,TRUE,1,1,0,0,0,0,1,1,1,ACTIVE_WITH_PURCHASE_HISTORY,Keep: Has active purchase/return activity,0
E-122-2,TULIPS ,9621,S/0330,,TRUE,1,1,0,0,0,0,1,1,1,ACTIVE_WITH_PURCHASE_HISTORY,Keep: Has active purchase/return activity,0
E-122-3,TULIPS ,9622,S/0330,,TRUE,1,1,0,0,0,0,1,1,1,ACTIVE_WITH_PURCHASE_HISTORY,Keep: Has active purchase/return activity,0
E-122-4,TULIPS ,9623,S/0330,,TRUE,1,1,0,0,0,0,1,1,1,ACTIVE_WITH_PURCHASE_HISTORY,Keep: Has active purchase/return activity,0
E-122-5,TULIPS ,9624,S/0330,,TRUE,1,1,0,0,0,0,1,1,1,ACTIVE_WITH_PURCHASE_HISTORY,Keep: Has active purchase/return activity,0
E-122-6,TULIPS ,9625,S/0330,,TRUE,1,1,0,0,0,0,1,1,1,ACTIVE_WITH_PURCHASE_HISTORY,Keep: Has active purchase/return activity,0
E-125,TULIPS ,"00008952, 00008953",S/0163,,TRUE,2,1,0,0,0,0,2,2,2,ACTIVE_WITH_PURCHASE_HISTORY,Keep: Has active purchase/return activity,0
E-126-R,TULIPS ,"00008007, 00008019",3698,,TRUE,2,1,0,0,0,0,2,2,2,ACTIVE_WITH_PURCHASE_HISTORY,Keep: Has active purchase/return activity,0
E-126-Y,TULIPS ,"00008008, 00008020",3698,,TRUE,2,1,0,0,0,0,2,2,2,ACTIVE_WITH_PURCHASE_HISTORY,Keep: Has active purchase/return activity,0
E-129,PRATAPSONS HERITAGE HOME PRODUCTION,"00009528, 00009529, 00009530, 00009531, 00009536","1444, S/0012",,TRUE,5,2,0,0,0,0,5,5,5,ACTIVE_WITH_PURCHASE_HISTORY,Keep: Has active purchase/return activity,0
E-133,TULIPS ,"00008182, 00008439, 00008957, 00008958","S/0163, S/0214, S/0234",INV2627001044,TRUE,4,3,0,1,1,0,3,4,4,ACTIVE_WITH_PURCHASE_HISTORY,Keep: Has active purchase/return activity,0
E-133-02,TULIPS ,"00008959, 00008960",S/0163,,TRUE,2,1,0,0,0,0,2,2,2,ACTIVE_WITH_PURCHASE_HISTORY,Keep: Has active purchase/return activity,0
E-138-01,TULIPS ,8948,S/0163,INV2627000930,TRUE,1,1,0,1,1,0,0,1,1,ACTIVE_WITH_PURCHASE_HISTORY,Keep: Has active purchase/return activity,0
E-138-02,TULIPS ,8949,S/0163,,TRUE,1,1,0,0,0,0,1,1,1,ACTIVE_WITH_PURCHASE_HISTORY,Keep: Has active purchase/return activity,0
E-138-03,TULIPS ,8950,S/0163,,TRUE,1,1,0,0,0,0,1,1,1,ACTIVE_WITH_PURCHASE_HISTORY,Keep: Has active purchase/return activity,0
E-138-04,TULIPS ,8951,S/0163,INV2627000927,TRUE,1,1,0,1,1,0,0,1,1,ACTIVE_WITH_PURCHASE_HISTORY,Keep: Has active purchase/return activity,0
E-143,TULIPS ,"00008961, 00008962",S/0163,,TRUE,2,1,0,0,0,0,2,2,2,ACTIVE_WITH_PURCHASE_HISTORY,Keep: Has active purchase/return activity,0
E-143-02,TULIPS ,"00008963, 00008964",S/0163,,TRUE,2,1,0,0,0,0,2,2,2,ACTIVE_WITH_PURCHASE_HISTORY,Keep: Has active purchase/return activity,0
E-19,TULIPS ,"00008645, 00008646, 00008647",S/0182,,TRUE,3,1,0,0,0,0,3,3,3,ACTIVE_WITH_PURCHASE_HISTORY,Keep: Has active purchase/return activity,0
E-19-02,TULIPS ,"00008648, 00008649",S/0182,,TRUE,2,1,0,0,0,0,2,2,2,ACTIVE_WITH_PURCHASE_HISTORY,Keep: Has active purchase/return activity,0
E-196-BLUE,TULIPS ,"00007536, 00007556",25-26/3723,,TRUE,2,1,0,0,0,0,2,2,2,ACTIVE_WITH_PURCHASE_HISTORY,Keep: Has active purchase/return activity,0
E-196-YELLOW,TULIPS ,"00007535, 00007555",25-26/3723,,TRUE,2,1,0,0,0,0,2,2,2,ACTIVE_WITH_PURCHASE_HISTORY,Keep: Has active purchase/return activity,0
E-198-P,TULIPS ,6908,25-26/3673,,TRUE,1,1,0,0,0,0,1,1,1,ACTIVE_WITH_PURCHASE_HISTORY,Keep: Has active purchase/return activity,0
E-198 G,TULIPS ,"00006910, 00006911",25-26/3673,INV2627000883,TRUE,2,1,1,1,1,0,0,2,2,ACTIVE_WITH_PURCHASE_HISTORY,Keep: Has active purchase/return activity,0
E-198 P,TULIPS ,6909,25-26/3673,INV2627000471,TRUE,1,1,0,1,1,1,0,1,1,ACTIVE_WITH_PURCHASE_HISTORY,Keep: Has active purchase/return activity,1
E-199,TULIPS ,8650,S/0182,,TRUE,2,1,0,0,0,0,2,2,1,ACTIVE_WITH_PURCHASE_HISTORY,Keep: Has active purchase/return activity,0
E-199-B,TULIPS ,8651,S/0182,INV2627000883,TRUE,1,1,0,1,1,0,0,1,1,ACTIVE_WITH_PURCHASE_HISTORY,Keep: Has active purchase/return activity,0
E-199-C,TULIPS ,8652,S/0182,,TRUE,1,1,0,0,0,0,1,1,1,ACTIVE_WITH_PURCHASE_HISTORY,Keep: Has active purchase/return activity,0
E-2,NARENDRA SAREE EMPORIUM,3763,4226,,TRUE,1,1,0,0,0,0,1,1,1,ACTIVE_WITH_PURCHASE_HISTORY,Keep: Has active purchase/return activity,0
E-201-G,TULIPS ,9533,S/0012,,TRUE,1,1,0,0,0,0,1,1,1,ACTIVE_WITH_PURCHASE_HISTORY,Keep: Has active purchase/return activity,0
E-201-GY,TULIPS ,9534,S/0012,,TRUE,1,1,0,0,0,0,1,1,1,ACTIVE_WITH_PURCHASE_HISTORY,Keep: Has active purchase/return activity,0
E-201-P,TULIPS ,9535,S/0012,,TRUE,1,1,0,0,0,0,1,1,1,ACTIVE_WITH_PURCHASE_HISTORY,Keep: Has active purchase/return activity,0
E-201-R,TULIPS ,9532,S/0012,,TRUE,1,1,0,0,0,0,1,1,1,ACTIVE_WITH_PURCHASE_HISTORY,Keep: Has active purchase/return activity,0
E-202,TULIPS ,8954,S/0163,,TRUE,1,1,0,0,0,0,1,1,1,ACTIVE_WITH_PURCHASE_HISTORY,Keep: Has active purchase/return activity,0
E-202-02,TULIPS ,"00008955, 00008956",S/0163,INV2627000937,TRUE,2,1,0,1,1,0,1,2,2,ACTIVE_WITH_PURCHASE_HISTORY,Keep: Has active purchase/return activity,0
E-215-01,TULIPS ,8965,S/0163,,TRUE,1,1,0,0,0,0,1,1,1,ACTIVE_WITH_PURCHASE_HISTORY,Keep: Has active purchase/return activity,0
E-215-02,TULIPS ,8966,S/0163,,TRUE,1,1,0,0,0,0,1,1,1,ACTIVE_WITH_PURCHASE_HISTORY,Keep: Has active purchase/return activity,0
E-215-03,TULIPS ,8967,S/0163,,TRUE,1,1,0,0,0,0,1,1,1,ACTIVE_WITH_PURCHASE_HISTORY,Keep: Has active purchase/return activity,0
E-215-04,TULIPS ,8968,S/0163,INV2627000836,TRUE,1,1,0,1,1,0,0,1,1,ACTIVE_WITH_PURCHASE_HISTORY,Keep: Has active purchase/return activity,0
E-216-1,TULIPS ,9695,S/0277,,TRUE,1,1,0,0,0,0,1,1,1,ACTIVE_WITH_PURCHASE_HISTORY,Keep: Has active purchase/return activity,0
E-216-2,TULIPS ,9696,S/0277,,TRUE,1,1,0,0,0,0,1,1,1,ACTIVE_WITH_PURCHASE_HISTORY,Keep: Has active purchase/return activity,0
E-216-3,TULIPS ,9697,S/0277,,TRUE,1,1,0,0,0,0,1,1,1,ACTIVE_WITH_PURCHASE_HISTORY,Keep: Has active purchase/return activity,0
E-216-4,TULIPS ,9698,S/0277,,TRUE,1,1,0,0,0,0,1,1,1,ACTIVE_WITH_PURCHASE_HISTORY,Keep: Has active purchase/return activity,0
E-218-1,TULIPS ,9691,S/0277,,TRUE,1,1,0,0,0,0,1,1,1,ACTIVE_WITH_PURCHASE_HISTORY,Keep: Has active purchase/return activity,0
E-218-2,TULIPS ,9692,S/0277,,TRUE,1,1,0,0,0,0,1,1,1,ACTIVE_WITH_PURCHASE_HISTORY,Keep: Has active purchase/return activity,0
E-218-3,TULIPS ,9693,S/0277,,TRUE,1,1,0,0,0,0,1,1,1,ACTIVE_WITH_PURCHASE_HISTORY,Keep: Has active purchase/return activity,0
E-218-4,TULIPS ,9694,S/0277,,TRUE,1,1,0,0,0,0,1,1,1,ACTIVE_WITH_PURCHASE_HISTORY,Keep: Has active purchase/return activity,0
E-221-01,TULIPS ,9045,S/0259,INV2627000930,TRUE,1,1,0,1,1,0,0,1,1,ACTIVE_WITH_PURCHASE_HISTORY,Keep: Has active purchase/return activity,0
E-221-02,TULIPS ,9046,S/0259,,TRUE,1,1,0,0,0,0,1,1,1,ACTIVE_WITH_PURCHASE_HISTORY,Keep: Has active purchase/return activity,0
E-221-03,TULIPS ,"00009047, 00009048",S/0259,,TRUE,2,1,0,0,0,0,2,2,2,ACTIVE_WITH_PURCHASE_HISTORY,Keep: Has active purchase/return activity,0
E-222,TULIPS ,"00008797, 00008798",S/0242,INV2627000885,TRUE,2,1,0,1,1,0,1,2,2,ACTIVE_WITH_PURCHASE_HISTORY,Keep: Has active purchase/return activity,0
E-24,TULIPS ,"00009627, 00009628, 00009629",S/0327,,TRUE,3,1,0,0,0,0,3,3,3,ACTIVE_WITH_PURCHASE_HISTORY,Keep: Has active purchase/return activity,0
E-24-B,TULIPS ,"00009630, 00009631",S/0327,,TRUE,2,1,0,0,0,0,2,2,2,ACTIVE_WITH_PURCHASE_HISTORY,Keep: Has active purchase/return activity,0
E-25,TULIPS ,"00008560, 00008561",S/0219,INV2627000847,TRUE,2,1,0,1,1,0,1,2,2,ACTIVE_WITH_PURCHASE_HISTORY,Keep: Has active purchase/return activity,0
E-25-02,TULIPS ,"00008562, 00008563",S/0219,,TRUE,1,1,0,0,0,0,2,2,2,ACTIVE_WITH_PURCHASE_HISTORY,Keep: Has active purchase/return activity,-1
E-25-03,TULIPS ,8569,S/0219,,TRUE,1,1,0,0,0,0,1,1,1,ACTIVE_WITH_PURCHASE_HISTORY,Keep: Has active purchase/return activity,0
E-2631,RAJ COUTURE PVT LTD,4991,RCPL/006490/2526,,TRUE,2,1,0,0,0,0,2,2,1,ACTIVE_WITH_PURCHASE_HISTORY,Keep: Has active purchase/return activity,0
E-305,ORIGIN CLOTHING COMPANY (INDIA) PVT.LTD.,"00008120, 00008121, 00008122, 00008123",0026/26-27,INV2627000701,TRUE,4,1,0,1,1,0,3,4,4,ACTIVE_WITH_PURCHASE_HISTORY,Keep: Has active purchase/return activity,0
E-39,TULIPS ,"00007524, 00007525, 00007526",25-26/3723,,TRUE,3,1,0,0,0,0,3,3,3,ACTIVE_WITH_PURCHASE_HISTORY,Keep: Has active purchase/return activity,0
E-39-B,TULIPS ,7527,25-26/3723,,TRUE,1,1,0,0,0,0,1,1,1,ACTIVE_WITH_PURCHASE_HISTORY,Keep: Has active purchase/return activity,0
E-49,TULIPS ,"00006511, 00006512, 00006513, 00006514, 00006515",25-26/3649,INV2627000847,TRUE,5,1,0,1,1,0,4,5,5,ACTIVE_WITH_PURCHASE_HISTORY,Keep: Has active purchase/return activity,0
E-52,TULIPS ,"00009686, 00009687, 00009688",S/0277,,TRUE,3,1,0,0,0,0,3,3,3,ACTIVE_WITH_PURCHASE_HISTORY,Keep: Has active purchase/return activity,0
E-52-B,TULIPS ,"00009689, 00009690",S/0277,,TRUE,2,1,0,0,0,0,2,2,2,ACTIVE_WITH_PURCHASE_HISTORY,Keep: Has active purchase/return activity,0
E-53,TULIPS ,"00008564, 00008565, 00008566",S/0219,"INV2627000700, INV2627000801",TRUE,3,1,0,2,2,0,1,3,3,ACTIVE_WITH_PURCHASE_HISTORY,Keep: Has active purchase/return activity,0
E-53-02,TULIPS ,"00008567, 00008568",S/0219,,TRUE,2,1,0,0,0,0,2,2,2,ACTIVE_WITH_PURCHASE_HISTORY,Keep: Has active purchase/return activity,0
E-612,ORIGIN CLOTHING COMPANY (INDIA) PVT.LTD.,"00008126, 00008127, 00008128, 00008129",0024/26-27,INV2627000701,TRUE,4,1,0,1,1,0,3,4,4,ACTIVE_WITH_PURCHASE_HISTORY,Keep: Has active purchase/return activity,0
E-623,ORIGIN CLOTHING COMPANY (INDIA) PVT.LTD.,"00008130, 00008131, 00008132, 00008133",0024/26-27,,TRUE,4,1,0,0,0,0,4,4,4,ACTIVE_WITH_PURCHASE_HISTORY,Keep: Has active purchase/return activity,0
E-66,TULIPS ,"00006516, 00006517, 00006518, 00006519, 00006520",25-26/3649,INV2627000847,TRUE,5,1,0,1,1,0,4,5,5,ACTIVE_WITH_PURCHASE_HISTORY,Keep: Has active purchase/return activity,0
E-69,TULIPS ,"00008014, 00008015, 00008016, 00008017, 00008018",3698,,TRUE,5,1,0,0,0,0,5,5,5,ACTIVE_WITH_PURCHASE_HISTORY,Keep: Has active purchase/return activity,0
E-84,TULIPS ,"00006918, 00006919, 00006920, 00006921, 00006922",25-26/3715,"INV2627000212, INV2627000754",TRUE,5,1,0,2,2,0,3,5,5,ACTIVE_WITH_PURCHASE_HISTORY,Keep: Has active purchase/return activity,0
E-88,TULIPS ,"00005646, 00005647, 00005648, 00005649, 00005650",25-26/3481,"INV2026000369, INV2627000311, INV2627000358, INV2627000743",TRUE,5,1,0,4,4,0,3,7,5,ACTIVE_WITH_PURCHASE_HISTORY,Keep: Has active purchase/return activity,-2
E-89,TULIPS ,"00005651, 00005652, 00005653, 00005654, 00005655",25-26/3481,"INV2026000300, INV2627000437, INV2627000592",TRUE,3,1,0,3,3,0,2,5,5,ACTIVE_WITH_PURCHASE_HISTORY,Keep: Has active purchase/return activity,-2
E-89-A,TULIPS ,"00008847, 00008848",25-26/3481,,TRUE,2,1,0,0,0,0,2,2,2,ACTIVE_WITH_PURCHASE_HISTORY,Keep: Has active purchase/return activity,0
E-90,TULIPS ,"00008653, 00008654, 00008655",S/0207,,TRUE,3,1,0,0,0,0,3,3,3,ACTIVE_WITH_PURCHASE_HISTORY,Keep: Has active purchase/return activity,0
E-90-B,TULIPS ,"00008656, 00008657",S/0207,,TRUE,2,1,0,0,0,0,2,2,2,ACTIVE_WITH_PURCHASE_HISTORY,Keep: Has active purchase/return activity,0
E-96,TULIPS ,"00007532, 00007533",25-26/3723,,TRUE,2,1,0,0,0,0,2,2,2,ACTIVE_WITH_PURCHASE_HISTORY,Keep: Has active purchase/return activity,0
E-96-B,TULIPS ,7534,25-26/3723,,TRUE,1,1,0,0,0,0,1,1,1,ACTIVE_WITH_PURCHASE_HISTORY,Keep: Has active purchase/return activity,0
E 1,HANDLOOM EMPORIUM TEXT.PRT.LTD,1400,HETPL/2114,,TRUE,10,1,0,0,0,0,10,10,1,ACTIVE_WITH_PURCHASE_HISTORY,Keep: Has active purchase/return activity,0
E 2,HANDLOOM EMPORIUM TEXT.PRT.LTD,1401,HETPL/2114,"INV2627000134, INV2627000316, INV2627000982",TRUE,23,1,0,3,3,0,20,23,1,ACTIVE_WITH_PURCHASE_HISTORY,Keep: Has active purchase/return activity,0
E 3,HANDLOOM EMPORIUM TEXT.PRT.LTD,1402,HETPL/2114,"INV2627000664, INV2627000982",TRUE,4,1,0,2,2,0,2,4,1,ACTIVE_WITH_PURCHASE_HISTORY,Keep: Has active purchase/return activity,0
E 5,HANDLOOM EMPORIUM TEXT.PRT.LTD,1403,HETPL/2114,"INV2026000158, INV2026000401, INV2627000276",TRUE,22,1,0,3,3,0,19,22,1,ACTIVE_WITH_PURCHASE_HISTORY,Keep: Has active purchase/return activity,0
E221-04,TULIPS ,9049,S/0259,,TRUE,1,1,0,0,0,0,1,1,1,ACTIVE_WITH_PURCHASE_HISTORY,Keep: Has active purchase/return activity,0
EC13-2/2,JDS DESIGN STUDIO PRIVATE LIMITED,4011,006345/25-26,INV2627000715,TRUE,2,1,0,1,1,0,1,2,1,ACTIVE_WITH_PURCHASE_HISTORY,Keep: Has active purchase/return activity,0
EC13-2/3,JDS DESIGN STUDIO PRIVATE LIMITED,"00004010, 00004012, 00004013",006345/25-26,INV2627000715,TRUE,9,1,0,1,1,0,2,3,3,ACTIVE_WITH_PURCHASE_HISTORY,Keep: Has active purchase/return activity,6
EC13-2/9,JDS DESIGN STUDIO PRIVATE LIMITED,4009,006345/25-26,INV2627000715,TRUE,9,1,0,1,1,0,8,9,1,ACTIVE_WITH_PURCHASE_HISTORY,Keep: Has active purchase/return activity,0
EC17,JDS DESIGN STUDIO PRIVATE LIMITED,"00002987, 00002988, 00002989, 00002990",JS26-006341,,TRUE,8,1,0,0,0,0,6,6,4,ACTIVE_WITH_PURCHASE_HISTORY,Keep: Has active purchase/return activity,2
EH1533 PK,AWESOME FABS,697,AFGS25-26-003527,,TRUE,1,1,0,0,0,0,1,1,1,ACTIVE_WITH_PURCHASE_HISTORY,Keep: Has active purchase/return activity,0
EL-IW9,ONAYA FASHION PVT LTD,7061,17886,INV2627000873,TRUE,1,1,0,1,1,0,0,1,1,ACTIVE_WITH_PURCHASE_HISTORY,Keep: Has active purchase/return activity,0
ELS-02,ESSENCE COLLECTION PVT LTD,6102,748,INV2026000100,TRUE,1,1,0,1,1,0,0,1,1,ACTIVE_WITH_PURCHASE_HISTORY,Keep: Has active purchase/return activity,0
ELS-02-2,ESSENCE COLLECTION PVT LTD,6103,748,INV2627000458,TRUE,1,1,0,1,1,0,0,1,1,ACTIVE_WITH_PURCHASE_HISTORY,Keep: Has active purchase/return activity,0
ELS-02/B,ESSENCE COLLECTION PVT LTD,6104,748,,TRUE,1,1,0,0,0,0,1,1,1,ACTIVE_WITH_PURCHASE_HISTORY,Keep: Has active purchase/return activity,0
ELS-02/B-2,ESSENCE COLLECTION PVT LTD,6105,748,,TRUE,1,1,0,0,0,0,1,1,1,ACTIVE_WITH_PURCHASE_HISTORY,Keep: Has active purchase/return activity,0
ELS-13,ESSENCE COLLECTION PVT LTD,6100,748,INV2627000704,TRUE,1,1,0,1,1,0,0,1,1,ACTIVE_WITH_PURCHASE_HISTORY,Keep: Has active purchase/return activity,0
ELS-13-2,ESSENCE COLLECTION PVT LTD,6101,748,INV2627000456,TRUE,1,1,0,1,1,0,0,1,1,ACTIVE_WITH_PURCHASE_HISTORY,Keep: Has active purchase/return activity,0
EMB-108,ESSENCE COLLECTION PVT LTD,8859,,,TRUE,0,0,0,0,0,0,1,1,1,ORPHAN_WITH_STOCK,Audit: Has physical stock/printed barcodes but no purchase record,-1
ET M-1-P,RAYSA FABRICS PRIVATE LIMITED,7344,50/26-27,INV2627000949,TRUE,1,1,0,1,1,0,0,1,1,ACTIVE_WITH_PURCHASE_HISTORY,Keep: Has active purchase/return activity,0
ET M-1-Y,RAYSA FABRICS PRIVATE LIMITED,7343,50/26-27,,TRUE,1,1,0,0,0,0,1,1,1,ACTIVE_WITH_PURCHASE_HISTORY,Keep: Has active purchase/return activity,0
ET M-9-A,RAYSA FABRICS PRIVATE LIMITED,7340,50/26-27,,TRUE,1,1,0,0,0,0,1,1,1,ACTIVE_WITH_PURCHASE_HISTORY,Keep: Has active purchase/return activity,0
ET M-9-B,RAYSA FABRICS PRIVATE LIMITED,7341,50/26-27,,TRUE,1,1,0,0,0,0,1,1,1,ACTIVE_WITH_PURCHASE_HISTORY,Keep: Has active purchase/return activity,0
ET M-9-C,RAYSA FABRICS PRIVATE LIMITED,7342,50/26-27,,TRUE,1,1,0,0,0,0,1,1,1,ACTIVE_WITH_PURCHASE_HISTORY,Keep: Has active purchase/return activity,0
EV-D-67,M/S ETHNIIC VOGUE,"00001236, 00002371","EV/2025-26/4502, EV/2025-26/4549","INV2026000035, INV2026000044, INV2026000339",TRUE,2,2,0,3,3,4,0,2,2,ACTIVE_WITH_PURCHASE_HISTORY,Keep: Has active purchase/return activity,3
EV-D-79,M/S ETHNIIC VOGUE,1124,EV/2025-26/4057,INV2627000548,TRUE,1,1,0,1,1,0,0,1,1,ACTIVE_WITH_PURCHASE_HISTORY,Keep: Has active purchase/return activity,0
EV-G-06,M/S ETHNIIC VOGUE,1123,EV/2025-26/4057,INV2627000803,TRUE,1,1,0,1,1,0,0,1,1,ACTIVE_WITH_PURCHASE_HISTORY,Keep: Has active purchase/return activity,0
F-1127,RUPDARSHI HERITAGE PVT LTD,1581,RD/009159/25-26,INV2627000465,TRUE,3,1,0,1,1,0,2,3,1,ACTIVE_WITH_PURCHASE_HISTORY,Keep: Has active purchase/return activity,0
F-1876,RUPDARSHI HERITAGE PVT LTD,1580,RD/009159/25-26,INV2627000556,TRUE,1,1,0,1,1,0,0,1,1,ACTIVE_WITH_PURCHASE_HISTORY,Keep: Has active purchase/return activity,0
F-1893,RUPDARSHI HERITAGE PVT LTD,1578,RD/009159/25-26,,TRUE,1,1,0,0,0,0,1,1,1,ACTIVE_WITH_PURCHASE_HISTORY,Keep: Has active purchase/return activity,0
F-1894,RUPDARSHI HERITAGE PVT LTD,1577,RD/009159/25-26,,TRUE,1,1,0,0,0,0,1,1,1,ACTIVE_WITH_PURCHASE_HISTORY,Keep: Has active purchase/return activity,0
FC-003,LA VESTA ,"00004110, 00004111, 00004112, 00004113",LV/009865/25-26,,TRUE,4,1,0,0,0,0,4,4,4,ACTIVE_WITH_PURCHASE_HISTORY,Keep: Has active purchase/return activity,0
FC-007-BLUE,LA VESTA ,7224,LV/010600/25-26,,TRUE,1,1,0,0,0,0,1,1,1,ACTIVE_WITH_PURCHASE_HISTORY,Keep: Has active purchase/return activity,0
FC-007-BROWN,LA VESTA ,7226,LV/010600/25-26,,TRUE,1,1,0,0,0,0,1,1,1,ACTIVE_WITH_PURCHASE_HISTORY,Keep: Has active purchase/return activity,0
FC-007-PEACH,LA VESTA ,7227,LV/010600/25-26,,TRUE,1,1,0,0,0,0,1,1,1,ACTIVE_WITH_PURCHASE_HISTORY,Keep: Has active purchase/return activity,0
FC-007 CREAM,LA VESTA ,7225,LV/010600/25-26,,TRUE,1,1,0,0,0,0,1,1,1,ACTIVE_WITH_PURCHASE_HISTORY,Keep: Has active purchase/return activity,0
FC104,SWASTIK CREATIONS -(2025-26),5112,GST/02607/25-26,,TRUE,3,1,0,0,0,0,3,3,1,ACTIVE_WITH_PURCHASE_HISTORY,Keep: Has active purchase/return activity,0
FC107,SWASTIK CREATIONS -(2025-26),5111,GST/02607/25-26,"INV2627000036, INV2627000385",TRUE,3,1,0,2,2,0,1,3,1,ACTIVE_WITH_PURCHASE_HISTORY,Keep: Has active purchase/return activity,0
FC111,SWASTIK CREATIONS -(2025-26),5117,GST/02607/25-26,"INV2026000273, INV2627000591, INV2627000706",TRUE,3,1,0,3,3,0,0,3,1,ACTIVE_WITH_PURCHASE_HISTORY,Keep: Has active purchase/return activity,0
FC122,SWASTIK CREATIONS -(2025-26),5110,GST/02607/25-26,,TRUE,3,1,0,0,0,0,3,3,1,ACTIVE_WITH_PURCHASE_HISTORY,Keep: Has active purchase/return activity,0
FC129,SWASTIK CREATIONS -(2025-26),5113,GST/02607/25-26,,TRUE,3,1,0,0,0,0,3,3,1,ACTIVE_WITH_PURCHASE_HISTORY,Keep: Has active purchase/return activity,0
FC138,SWASTIK CREATIONS -(2025-26),5109,GST/02607/25-26,,TRUE,3,1,0,0,0,0,3,3,1,ACTIVE_WITH_PURCHASE_HISTORY,Keep: Has active purchase/return activity,0
FC139,SWASTIK CREATIONS -(2025-26),5108,GST/02607/25-26,,TRUE,3,1,0,0,0,0,3,3,1,ACTIVE_WITH_PURCHASE_HISTORY,Keep: Has active purchase/return activity,0
FC81405,SWASTIK CREATIONS -(2025-26),5107,GST/02607/25-26,"INV2026000068, INV2026000161, INV2627000299",TRUE,3,1,0,3,3,0,0,3,1,ACTIVE_WITH_PURCHASE_HISTORY,Keep: Has active purchase/return activity,0
FF-1341,AASHIRVAD HERITAGE PVT LTD,4027,AH/008527/25-26,,TRUE,4,1,0,0,0,0,4,4,1,ACTIVE_WITH_PURCHASE_HISTORY,Keep: Has active purchase/return activity,0
FF-1796,PRATAPSONS HERITAGE HOME PRODUCTION,6604,145,INV2026000275,TRUE,1,1,0,1,1,0,0,1,1,ACTIVE_WITH_PURCHASE_HISTORY,Keep: Has active purchase/return activity,0
FF-1959,AASHIRVAD HERITAGE PVT LTD,4026,AH/008527/25-26,,TRUE,4,1,0,0,0,0,4,4,1,ACTIVE_WITH_PURCHASE_HISTORY,Keep: Has active purchase/return activity,0
FF-2012,AASHIRVAD HERITAGE PVT LTD,4025,AH/008527/25-26,"INV2627000525, INV2627000708",TRUE,6,1,0,3,2,0,3,6,1,ACTIVE_WITH_PURCHASE_HISTORY,Keep: Has active purchase/return activity,0
FF-2022,AASHIRVAD HERITAGE PVT LTD,4029,AH/008527/25-26,INV2026000223,TRUE,5,1,0,1,1,0,4,5,1,ACTIVE_WITH_PURCHASE_HISTORY,Keep: Has active purchase/return activity,0
FF-2027,AASHIRVAD HERITAGE PVT LTD,4024,AH/008527/25-26,,TRUE,5,1,0,0,0,0,5,5,1,ACTIVE_WITH_PURCHASE_HISTORY,Keep: Has active purchase/return activity,0
FF-7250,AASHIRVAD HERITAGE PVT LTD,4028,AH/008527/25-26,,TRUE,5,1,0,0,0,0,5,5,1,ACTIVE_WITH_PURCHASE_HISTORY,Keep: Has active purchase/return activity,0
FF/112D/67,AASHIRVAD HERITAGE PVT LTD,"00002631, 00002632, 00002633, 00002634",AH/008529/25-26,"INV2026000075, INV2026000216, INV2627000203",TRUE,4,1,0,4,3,0,0,4,4,ACTIVE_WITH_PURCHASE_HISTORY,Keep: Has active purchase/return activity,0
FF/112L/02E,AASHIRVAD HERITAGE PVT LTD,"00002623, 00002624, 00002625, 00002626",AH/008529/25-26,"INV2026000075, INV2026000216",TRUE,4,1,0,4,2,0,0,4,4,ACTIVE_WITH_PURCHASE_HISTORY,Keep: Has active purchase/return activity,0
FF/335/1900,AASHIRVAD HERITAGE PVT LTD,"00001106, 00001107, 00001108, 00001109, 00001110, 00001111",AH/008528/25-26,,TRUE,6,1,0,0,0,0,6,6,6,ACTIVE_WITH_PURCHASE_HISTORY,Keep: Has active purchase/return activity,0
FF/335/1915,AASHIRVAD HERITAGE PVT LTD,"00002627, 00002628, 00002629, 00002630",AH/008529/25-26,INV2026000220,TRUE,4,1,0,1,1,0,3,4,4,ACTIVE_WITH_PURCHASE_HISTORY,Keep: Has active purchase/return activity,0
FF/335/1994,AASHIRVAD HERITAGE PVT LTD,"00002644, 00002645, 00002646, 00002647",AH/008529/25-26,"INV2026000252, INV2026000285, INV2627000708",TRUE,4,1,0,3,3,0,1,4,4,ACTIVE_WITH_PURCHASE_HISTORY,Keep: Has active purchase/return activity,0
FF/335/2006,AASHIRVAD HERITAGE PVT LTD,"00001117, 00001118, 00001119",AH/008528/25-26,,TRUE,3,1,0,0,0,0,3,3,3,ACTIVE_WITH_PURCHASE_HISTORY,Keep: Has active purchase/return activity,0
FF/335/2014,AASHIRVAD HERITAGE PVT LTD,"00002638, 00002639, 00002640, 00002641, 00002642, 00002643",AH/008529/25-26,INV2026000154,TRUE,6,1,0,1,1,0,5,6,6,ACTIVE_WITH_PURCHASE_HISTORY,Keep: Has active purchase/return activity,0
FF/335/2036,AASHIRVAD HERITAGE PVT LTD,"00001092, 00001093, 00001094, 00001095",AH/008528/25-26,,TRUE,5,1,0,0,0,0,4,4,4,ACTIVE_WITH_PURCHASE_HISTORY,Keep: Has active purchase/return activity,1
FF/335/2055,AASHIRVAD HERITAGE PVT LTD,"00002618, 00002619, 00002620, 00002621, 00002622",AH/008529/25-26,INV2627000558,TRUE,5,1,0,1,1,0,4,5,5,ACTIVE_WITH_PURCHASE_HISTORY,Keep: Has active purchase/return activity,0
FF/335/2056,AASHIRVAD HERITAGE PVT LTD,"00001101, 00001102, 00001103, 00001104, 00001105",AH/008528/25-26,,TRUE,5,1,0,0,0,0,5,5,5,ACTIVE_WITH_PURCHASE_HISTORY,Keep: Has active purchase/return activity,0
FF/335/2057,AASHIRVAD HERITAGE PVT LTD,"00001087, 00001088, 00001089, 00001090, 00001091",AH/008528/25-26,,TRUE,5,1,0,0,0,0,5,5,5,ACTIVE_WITH_PURCHASE_HISTORY,Keep: Has active purchase/return activity,0
FF/335/7248,AASHIRVAD HERITAGE PVT LTD,"00001112, 00001113, 00001114, 00001115, 00001116",AH/008528/25-26,,TRUE,5,1,0,0,0,0,5,5,5,ACTIVE_WITH_PURCHASE_HISTORY,Keep: Has active purchase/return activity,0
FF/335/7249,AASHIRVAD HERITAGE PVT LTD,"00001096, 00001097, 00001098, 00001099, 00001100",AH/008528/25-26,,TRUE,5,1,0,0,0,0,5,5,5,ACTIVE_WITH_PURCHASE_HISTORY,Keep: Has active purchase/return activity,0
FF/395/0009,AASHIRVAD HERITAGE PVT LTD,"00002648, 00002649, 00002650, 00002651",AH/008529/25-26,INV2026000345,TRUE,4,1,0,1,1,0,3,4,4,ACTIVE_WITH_PURCHASE_HISTORY,Keep: Has active purchase/return activity,0
FF/670/1796,AASHIRVAD HERITAGE PVT LTD,"00002635, 00002636, 00002637",AH/008529/25-26,"INV2026000223, INV2627000098",TRUE,3,1,0,2,2,0,1,3,3,ACTIVE_WITH_PURCHASE_HISTORY,Keep: Has active purchase/return activity,0
FF/FANCY,AASHIRVAD HERITAGE PVT LTD,4276,AH/008639/25-26,,TRUE,1,1,0,0,0,0,1,1,1,ACTIVE_WITH_PURCHASE_HISTORY,Keep: Has active purchase/return activity,0
FGH,LA VESTA ,5357,,,TRUE,0,0,0,0,0,0,1,1,1,ORPHAN_WITH_STOCK,Audit: Has physical stock/printed barcodes but no purchase record,-1
FMAN-01,FABRICMART LLP ,5170,A226-011844,,TRUE,2,1,2,0,0,0,0,2,1,ACTIVE_WITH_PURCHASE_HISTORY,Keep: Has active purchase/return activity,0
FMAS-3499,FABRICMART LLP ,5171,A226-011844,,TRUE,2,1,2,0,0,0,0,2,1,ACTIVE_WITH_PURCHASE_HISTORY,Keep: Has active purchase/return activity,0
FMBKS-293-I,FABRICMART LLP ,5172,A226-011844,,TRUE,2,1,0,0,0,0,2,2,1,ACTIVE_WITH_PURCHASE_HISTORY,Keep: Has active purchase/return activity,0
FMBKS-293-J,FABRICMART LLP ,5173,A226-011844,,TRUE,2,1,2,0,0,0,0,2,1,ACTIVE_WITH_PURCHASE_HISTORY,Keep: Has active purchase/return activity,0
FMBKS-761,FABRICMART LLP ,5174,A226-011844,,TRUE,2,1,2,0,0,0,0,2,1,ACTIVE_WITH_PURCHASE_HISTORY,Keep: Has active purchase/return activity,0
FMDE-1077,FABRICMART LLP ,5175,A226-011844,,TRUE,2,1,2,0,0,0,0,2,1,ACTIVE_WITH_PURCHASE_HISTORY,Keep: Has active purchase/return activity,0
FMDE-1078,FABRICMART LLP ,5176,A226-011844,,TRUE,2,1,2,0,0,0,0,2,1,ACTIVE_WITH_PURCHASE_HISTORY,Keep: Has active purchase/return activity,0
FMDE-1080,FABRICMART LLP ,5177,A226-011844,,TRUE,2,1,2,0,0,0,0,2,1,ACTIVE_WITH_PURCHASE_HISTORY,Keep: Has active purchase/return activity,0
FMDE-1100,FABRICMART LLP ,5178,A226-011844,,TRUE,1,1,0,0,0,0,1,1,1,ACTIVE_WITH_PURCHASE_HISTORY,Keep: Has active purchase/return activity,0
FMDE-1106,FABRICMART LLP ,5179,A226-011844,,TRUE,1,1,0,0,0,0,1,1,1,ACTIVE_WITH_PURCHASE_HISTORY,Keep: Has active purchase/return activity,0
FMDE-1112,FABRICMART LLP ,5180,A226-011844,,TRUE,1,1,0,0,0,0,1,1,1,ACTIVE_WITH_PURCHASE_HISTORY,Keep: Has active purchase/return activity,0
FMDE-1115,FABRICMART LLP ,5181,A226-011844,,TRUE,1,1,0,0,0,0,1,1,1,ACTIVE_WITH_PURCHASE_HISTORY,Keep: Has active purchase/return activity,0
FMDE-1117,FABRICMART LLP ,5182,A226-011844,,TRUE,1,1,0,0,0,0,1,1,1,ACTIVE_WITH_PURCHASE_HISTORY,Keep: Has active purchase/return activity,0
FMDE-1118,FABRICMART LLP ,5183,A226-011844,"INV2026000068, INV2627000300",TRUE,2,1,0,2,2,0,0,2,1,ACTIVE_WITH_PURCHASE_HISTORY,Keep: Has active purchase/return activity,0
FMDE-1119,FABRICMART LLP ,5184,A226-011844,INV2627000799,TRUE,1,1,0,1,1,0,0,1,1,ACTIVE_WITH_PURCHASE_HISTORY,Keep: Has active purchase/return activity,0
FMDE-328,FABRICMART LLP ,5185,A226-011844,,TRUE,2,1,2,0,0,0,0,2,1,ACTIVE_WITH_PURCHASE_HISTORY,Keep: Has active purchase/return activity,0
FMDE-331,FABRICMART LLP ,5186,A226-011844,"INV2627000276, INV2627000289",TRUE,2,1,0,2,2,0,0,2,1,ACTIVE_WITH_PURCHASE_HISTORY,Keep: Has active purchase/return activity,0
FMDE-543,FABRICMART LLP ,5187,A226-011844,,TRUE,3,1,3,0,0,0,0,3,1,ACTIVE_WITH_PURCHASE_HISTORY,Keep: Has active purchase/return activity,0
FMDE-771,FABRICMART LLP ,5188,A226-011844,INV2026000282,TRUE,2,1,0,1,1,0,1,2,1,ACTIVE_WITH_PURCHASE_HISTORY,Keep: Has active purchase/return activity,0
FMDE-844,FABRICMART LLP ,5189,A226-011844,,TRUE,1,1,0,0,0,0,1,1,1,ACTIVE_WITH_PURCHASE_HISTORY,Keep: Has active purchase/return activity,0
FMDE-846,FABRICMART LLP ,5190,A226-011844,,TRUE,2,1,2,0,0,0,0,2,1,ACTIVE_WITH_PURCHASE_HISTORY,Keep: Has active purchase/return activity,0
FMDE-860,FABRICMART LLP ,5191,A226-011844,,TRUE,2,1,2,0,0,0,0,2,1,ACTIVE_WITH_PURCHASE_HISTORY,Keep: Has active purchase/return activity,0
FMDE-864,FABRICMART LLP ,5192,A226-011844,,TRUE,2,1,2,0,0,0,0,2,1,ACTIVE_WITH_PURCHASE_HISTORY,Keep: Has active purchase/return activity,0
FMDE-871,FABRICMART LLP ,5193,A226-011844,,TRUE,1,1,0,0,0,0,1,1,1,ACTIVE_WITH_PURCHASE_HISTORY,Keep: Has active purchase/return activity,0
FMDE-902,FABRICMART LLP ,5194,A226-011844,,TRUE,2,1,2,0,0,0,0,2,1,ACTIVE_WITH_PURCHASE_HISTORY,Keep: Has active purchase/return activity,0
FMDE-903,FABRICMART LLP ,5195,A226-011844,,TRUE,2,1,2,0,0,0,0,2,1,ACTIVE_WITH_PURCHASE_HISTORY,Keep: Has active purchase/return activity,0
FMGDC-184,FABRICMART LLP ,5196,A226-011844,"INV2026000018, INV2627000299",TRUE,2,1,0,2,2,0,0,2,1,ACTIVE_WITH_PURCHASE_HISTORY,Keep: Has active purchase/return activity,0
FMGDC-94,FABRICMART LLP ,5197,A226-011844,,TRUE,2,1,2,0,0,0,0,2,1,ACTIVE_WITH_PURCHASE_HISTORY,Keep: Has active purchase/return activity,0
FMHA-286 B,FABRICMART LLP ,5198,A226-011844,,TRUE,2,1,0,0,0,0,2,2,1,ACTIVE_WITH_PURCHASE_HISTORY,Keep: Has active purchase/return activity,0
FMHJK-01,FABRICMART LLP ,5199,A226-011844,INV2627000793,TRUE,2,1,0,1,1,0,1,2,1,ACTIVE_WITH_PURCHASE_HISTORY,Keep: Has active purchase/return activity,0
FMNK-SBFA,FABRICMART LLP ,5201,A226-011844,"INV2627000042, INV2627000055",TRUE,2,1,0,2,2,0,0,2,1,ACTIVE_WITH_PURCHASE_HISTORY,Keep: Has active purchase/return activity,0
FMNKP-7005,FABRICMART LLP ,5200,A226-011844,,TRUE,2,1,0,0,0,0,2,2,1,ACTIVE_WITH_PURCHASE_HISTORY,Keep: Has active purchase/return activity,0
FMOFVK-86,FABRICMART LLP ,5202,A226-011844,,TRUE,2,1,0,0,0,0,2,2,1,ACTIVE_WITH_PURCHASE_HISTORY,Keep: Has active purchase/return activity,0
FMPFF-88,FABRICMART LLP ,5203,A226-011844,INV2627000504,TRUE,2,1,0,1,1,0,1,2,1,ACTIVE_WITH_PURCHASE_HISTORY,Keep: Has active purchase/return activity,0
FMPFVK-84,FABRICMART LLP ,5204,A226-011844,"INV2026000383, INV2026000390",TRUE,2,1,0,2,2,0,0,2,1,ACTIVE_WITH_PURCHASE_HISTORY,Keep: Has active purchase/return activity,0
FMPRC-284,FABRICMART LLP ,5205,A226-011844,,TRUE,2,1,0,0,0,0,2,2,1,ACTIVE_WITH_PURCHASE_HISTORY,Keep: Has active purchase/return activity,0
FMPRC-28A,FABRICMART LLP ,5206,A226-011844,INV2627000706,TRUE,2,1,0,1,1,0,1,2,1,ACTIVE_WITH_PURCHASE_HISTORY,Keep: Has active purchase/return activity,0
FMPS-2724,FABRICMART LLP ,5207,A226-011844,,TRUE,2,1,2,0,0,0,0,2,1,ACTIVE_WITH_PURCHASE_HISTORY,Keep: Has active purchase/return activity,0
FMRSG-3719,FABRICMART LLP ,5208,A226-011844,"INV2026000223, INV2627000346",TRUE,2,1,0,2,2,0,0,2,1,ACTIVE_WITH_PURCHASE_HISTORY,Keep: Has active purchase/return activity,0
FMSFVK-57,FABRICMART LLP ,5209,A226-011844,,TRUE,2,1,0,0,0,0,2,2,1,ACTIVE_WITH_PURCHASE_HISTORY,Keep: Has active purchase/return activity,0
FY-008,NIRMAL CREATIONS,1038,,,TRUE,0,0,0,0,0,0,1,1,1,ORPHAN_WITH_STOCK,Audit: Has physical stock/printed barcodes but no purchase record,-1
FY-008-A,NIRMAL CREATIONS,8854,NC/009559/25-26,,TRUE,1,1,0,0,0,0,1,1,1,ACTIVE_WITH_PURCHASE_HISTORY,Keep: Has active purchase/return activity,0
G-125D,S.S CLOTHING CO,"00007378, 00007379, 00007380, 00007381",S0068/26-27,"INV2627000523, INV2627000686, INV2627000846",TRUE,4,1,0,3,3,0,1,4,4,ACTIVE_WITH_PURCHASE_HISTORY,Keep: Has active purchase/return activity,0
G-2884DR,S.S CLOTHING CO,"00007382, 00007383",S0068/26-27,,TRUE,2,1,0,0,0,0,2,2,2,ACTIVE_WITH_PURCHASE_HISTORY,Keep: Has active purchase/return activity,0
G-2894DR,S.S CLOTHING CO,"00007384, 00007385",S0068/26-27,INV2627000749,TRUE,2,1,0,1,1,0,1,2,2,ACTIVE_WITH_PURCHASE_HISTORY,Keep: Has active purchase/return activity,0
G-2896DR,S.S CLOTHING CO,"00007386, 00007387",S0068/26-27,INV2627000677,TRUE,2,1,0,1,1,1,1,2,2,ACTIVE_WITH_PURCHASE_HISTORY,Keep: Has active purchase/return activity,1
G-2901,S.S CLOTHING CO,"00007364, 00007365",S0068/26-27,,TRUE,2,1,0,0,0,0,2,2,2,ACTIVE_WITH_PURCHASE_HISTORY,Keep: Has active purchase/return activity,0
G-2913D,S.S CLOTHING CO,"00007366, 00007367, 00007368, 00007369",S0068/26-27,"INV2627000524, INV2627000786, INV2627000801",TRUE,4,1,0,3,3,0,1,4,4,ACTIVE_WITH_PURCHASE_HISTORY,Keep: Has active purchase/return activity,0
G-2920D,S.S CLOTHING CO,"00007374, 00007375, 00007376, 00007377",S0068/26-27,INV2627000922,TRUE,4,1,0,1,1,1,3,4,4,ACTIVE_WITH_PURCHASE_HISTORY,Keep: Has active purchase/return activity,1
G-3058D,S.S CLOTHING CO,"00007370, 00007371, 00007372, 00007373",S0068/26-27,INV2627000846,TRUE,4,1,0,1,1,0,3,4,4,ACTIVE_WITH_PURCHASE_HISTORY,Keep: Has active purchase/return activity,0
G-3132D,S.S CLOTHING CO,"00008937, 00008938, 00008939, 00008940",S0463/26-27,INV2627000957,TRUE,4,1,0,1,1,0,3,4,4,ACTIVE_WITH_PURCHASE_HISTORY,Keep: Has active purchase/return activity,0
G-3273D,S.S CLOTHING CO,"00008933, 00008934, 00008935, 00008936",S0463/26-27,INV2627000993,TRUE,4,1,0,1,1,1,3,4,4,ACTIVE_WITH_PURCHASE_HISTORY,Keep: Has active purchase/return activity,1
G/S/1/266,PALKI FASHION PVT. LTD. ,4023,WS/003069/25-26,INV2627000315,TRUE,1,1,0,1,1,1,0,1,1,ACTIVE_WITH_PURCHASE_HISTORY,Keep: Has active purchase/return activity,1
G/S/1/270,PALKI FASHION PVT. LTD. ,4033,WS/003075/25-26,,TRUE,1,1,0,0,0,0,1,1,1,ACTIVE_WITH_PURCHASE_HISTORY,Keep: Has active purchase/return activity,0
G839,ONAYA FASHION PVT LTD,100,GPOSI25-26/16334,INV2627000790,TRUE,1,1,0,1,1,0,0,1,1,ACTIVE_WITH_PURCHASE_HISTORY,Keep: Has active purchase/return activity,0
G870,ONAYA FASHION PVT LTD,94,GPOSI25-26/16340,,TRUE,1,1,0,0,0,0,1,1,1,ACTIVE_WITH_PURCHASE_HISTORY,Keep: Has active purchase/return activity,0
G884,ONAYA FASHION PVT LTD,87,GPOSI25-26/16337,,TRUE,1,1,0,0,0,0,1,1,1,ACTIVE_WITH_PURCHASE_HISTORY,Keep: Has active purchase/return activity,0
G885,ONAYA FASHION PVT LTD,3911,GPOSI25-26/16512,INV2627001054,TRUE,1,1,0,1,1,0,0,1,1,ACTIVE_WITH_PURCHASE_HISTORY,Keep: Has active purchase/return activity,0
G886,ONAYA FASHION PVT LTD,101,GPOSI25-26/16334,INV2026000144,TRUE,1,1,0,1,1,0,0,1,1,ACTIVE_WITH_PURCHASE_HISTORY,Keep: Has active purchase/return activity,0
GBPL-0093,GFIVE DESIGNERS COUTURE PVT.LTD.,5931,2110,INV2627000342,TRUE,1,1,0,1,1,0,0,1,1,ACTIVE_WITH_PURCHASE_HISTORY,Keep: Has active purchase/return activity,0
GD-2577,SANGEETA CREATIONS,7680,SC/26-27/074,,TRUE,1,1,0,0,0,0,1,1,1,ACTIVE_WITH_PURCHASE_HISTORY,Keep: Has active purchase/return activity,0
GD2516,SANGEETA CREATIONS,130,SC/25-26/5590,,TRUE,1,1,0,0,0,0,1,1,1,ACTIVE_WITH_PURCHASE_HISTORY,Keep: Has active purchase/return activity,0
GD2561,SANGEETA CREATIONS,1128,SC/25-26/5662,,TRUE,1,1,0,0,0,0,1,1,1,ACTIVE_WITH_PURCHASE_HISTORY,Keep: Has active purchase/return activity,0
GD2566,SANGEETA CREATIONS,1129,SC/25-26/5662,,TRUE,1,1,0,0,0,0,1,1,1,ACTIVE_WITH_PURCHASE_HISTORY,Keep: Has active purchase/return activity,0
GD2571,SANGEETA CREATIONS,138,SC/25-26/5509,,TRUE,1,1,0,0,0,0,1,1,1,ACTIVE_WITH_PURCHASE_HISTORY,Keep: Has active purchase/return activity,0
GDA-80,WARIS HOUSE OF FASHION,8475,WH/2025-26/003,,TRUE,1,1,0,0,0,0,1,1,1,ACTIVE_WITH_PURCHASE_HISTORY,Keep: Has active purchase/return activity,0
GF-138,SWASTIK CREATIONS -(2025-26),"00003262, 00003263, 00003264",GST/02510/25-26,,TRUE,3,1,0,0,0,0,3,3,3,ACTIVE_WITH_PURCHASE_HISTORY,Keep: Has active purchase/return activity,0
GH-315,ISHUM DESIGNS,3574,ID/10871/2025-26,,TRUE,2,1,0,0,0,0,2,2,1,ACTIVE_WITH_PURCHASE_HISTORY,Keep: Has active purchase/return activity,0
GH 1088,M/S KASTURI,180,1579,,TRUE,1,1,0,0,0,0,1,1,1,ACTIVE_WITH_PURCHASE_HISTORY,Keep: Has active purchase/return activity,0
GH 1134,M/S KASTURI,187,1579,,TRUE,1,1,0,0,0,0,1,1,1,ACTIVE_WITH_PURCHASE_HISTORY,Keep: Has active purchase/return activity,0
GH 1140,M/S KASTURI,188,1579,,TRUE,1,1,0,0,0,0,1,1,1,ACTIVE_WITH_PURCHASE_HISTORY,Keep: Has active purchase/return activity,0
GH 1177,M/S KASTURI,185,1579,,TRUE,1,1,0,0,0,0,1,1,1,ACTIVE_WITH_PURCHASE_HISTORY,Keep: Has active purchase/return activity,0
GH 1178,M/S KASTURI,181,1579,,TRUE,1,1,0,0,0,0,1,1,1,ACTIVE_WITH_PURCHASE_HISTORY,Keep: Has active purchase/return activity,0
GH 1182,M/S KASTURI,189,1579,,TRUE,1,1,0,0,0,0,1,1,1,ACTIVE_WITH_PURCHASE_HISTORY,Keep: Has active purchase/return activity,0
GH 1189,M/S KASTURI,183,1579,,TRUE,1,1,0,0,0,0,1,1,1,ACTIVE_WITH_PURCHASE_HISTORY,Keep: Has active purchase/return activity,0
GH 1190,M/S KASTURI,186,1579,,TRUE,1,1,0,0,0,0,1,1,1,ACTIVE_WITH_PURCHASE_HISTORY,Keep: Has active purchase/return activity,0
GH 1212,M/S KASTURI,182,1579,,TRUE,1,1,0,0,0,0,1,1,1,ACTIVE_WITH_PURCHASE_HISTORY,Keep: Has active purchase/return activity,0
GH 978,M/S KASTURI,184,1579,,TRUE,1,1,0,0,0,0,1,1,1,ACTIVE_WITH_PURCHASE_HISTORY,Keep: Has active purchase/return activity,0
GH/SC/00040,PALKI FASHION PVT. LTD. ,3051,WS/003100/25-26,,TRUE,1,1,0,0,0,0,1,1,1,ACTIVE_WITH_PURCHASE_HISTORY,Keep: Has active purchase/return activity,0
GH/SC/10/00111,PALKI FASHION PVT. LTD. ,4031,WS/003075/25-26,,TRUE,1,1,0,0,0,0,1,1,1,ACTIVE_WITH_PURCHASE_HISTORY,Keep: Has active purchase/return activity,0
GH/SC/16/183,PALKI FASHION PVT. LTD. ,4032,WS/003075/25-26,,TRUE,1,1,0,0,0,0,1,1,1,ACTIVE_WITH_PURCHASE_HISTORY,Keep: Has active purchase/return activity,0
GI-189,RAJ COUTURE PVT LTD,4984,RCPL/006490/2526,,TRUE,3,1,0,0,0,0,3,3,1,ACTIVE_WITH_PURCHASE_HISTORY,Keep: Has active purchase/return activity,0
GKDG-142,SADBHAVANA ENTERPRISES,3502,11793,,TRUE,1,1,0,0,0,0,1,1,1,ACTIVE_WITH_PURCHASE_HISTORY,Keep: Has active purchase/return activity,0
GKDG-144,SADBHAVANA ENTERPRISES,3503,11793,,TRUE,1,1,0,0,0,0,1,1,1,ACTIVE_WITH_PURCHASE_HISTORY,Keep: Has active purchase/return activity,0
GLA-141,WARIS HOUSE OF FASHION,8487,WH/2025/609,,TRUE,1,1,0,0,0,0,1,1,1,ACTIVE_WITH_PURCHASE_HISTORY,Keep: Has active purchase/return activity,0
GLA-149,WARIS HOUSE OF FASHION,8486,WH/2025/609,,TRUE,1,1,0,0,0,0,1,1,1,ACTIVE_WITH_PURCHASE_HISTORY,Keep: Has active purchase/return activity,0
GLA-40,WARIS HOUSE OF FASHION,8504,WH/2025-26/608,,TRUE,1,1,0,0,0,0,1,1,1,ACTIVE_WITH_PURCHASE_HISTORY,Keep: Has active purchase/return activity,0
GLC-22,WARIS HOUSE OF FASHION,8485,WH/2025/609,,TRUE,1,1,0,0,0,0,1,1,1,ACTIVE_WITH_PURCHASE_HISTORY,Keep: Has active purchase/return activity,0
GLR-03,JAGADISH DAS & CO.,3475,HO26/002482,,TRUE,1,1,0,0,0,0,1,1,1,ACTIVE_WITH_PURCHASE_HISTORY,Keep: Has active purchase/return activity,0
GLR-117,JAGADISH DAS & CO.,3476,HO26/002482,,TRUE,1,1,0,0,0,0,1,1,1,ACTIVE_WITH_PURCHASE_HISTORY,Keep: Has active purchase/return activity,0
GLR-226,JAGADISH DAS & CO.,"00003477, 00003478",HO26/002482,,TRUE,2,1,0,0,0,0,2,2,2,ACTIVE_WITH_PURCHASE_HISTORY,Keep: Has active purchase/return activity,0
GP-01,SHAH NARAYAN DAS & CO.,4068,RC/2526/02/00678,,TRUE,1,1,0,0,0,0,1,1,1,ACTIVE_WITH_PURCHASE_HISTORY,Keep: Has active purchase/return activity,0
GP-01-10,SHAH NARAYAN DAS & CO.,4069,RC/2526/02/00678,,TRUE,3,1,0,0,0,0,2,2,1,ACTIVE_WITH_PURCHASE_HISTORY,Keep: Has active purchase/return activity,1
GP-01-11,SHAH NARAYAN DAS & CO.,4070,RC/2526/02/00678,,TRUE,1,1,0,0,0,0,1,1,1,ACTIVE_WITH_PURCHASE_HISTORY,Keep: Has active purchase/return activity,0
GP-01-12,SHAH NARAYAN DAS & CO.,4071,RC/2526/02/00678,,TRUE,1,1,0,0,0,0,1,1,1,ACTIVE_WITH_PURCHASE_HISTORY,Keep: Has active purchase/return activity,0
GP-21,SHAH NARAYAN DAS & CO.,"00004060, 00004061",RC/2526/02/00678,,TRUE,2,1,0,0,0,0,2,2,2,ACTIVE_WITH_PURCHASE_HISTORY,Keep: Has active purchase/return activity,0
GP-22,SHAH NARAYAN DAS & CO.,4062,RC/2526/02/00678,,TRUE,1,1,0,0,0,0,1,1,1,ACTIVE_WITH_PURCHASE_HISTORY,Keep: Has active purchase/return activity,0
GUS-305,RUPDARSHI HERITAGE PVT LTD,"00001591, 00001592",RD/009159/25-26,,TRUE,2,1,0,0,0,0,2,2,2,ACTIVE_WITH_PURCHASE_HISTORY,Keep: Has active purchase/return activity,0
GUS-328,RUPDARSHI HERITAGE PVT LTD,1590,RD/009159/25-26,,TRUE,3,1,0,0,0,0,3,3,1,ACTIVE_WITH_PURCHASE_HISTORY,Keep: Has active purchase/return activity,0
GW28,RAJ COUTURE PVT LTD,4983,RCPL/006490/2526,,TRUE,4,1,0,0,0,0,4,4,1,ACTIVE_WITH_PURCHASE_HISTORY,Keep: Has active purchase/return activity,0
GW39,RAJ COUTURE PVT LTD,4981,RCPL/006490/2526,,TRUE,2,1,0,0,0,0,2,2,1,ACTIVE_WITH_PURCHASE_HISTORY,Keep: Has active purchase/return activity,0
GW40,RAJ COUTURE PVT LTD,4992,RCPL/006490/2526,"INV2627000890, INV2627000893, INV2627000896",TRUE,4,1,0,3,3,0,1,4,1,ACTIVE_WITH_PURCHASE_HISTORY,Keep: Has active purchase/return activity,0
GW42,RAJ COUTURE PVT LTD,4989,RCPL/006490/2526,INV2627000811,TRUE,4,1,0,1,1,0,3,4,1,ACTIVE_WITH_PURCHASE_HISTORY,Keep: Has active purchase/return activity,0
HA-2078,VIRA ENTERPRISES,5997,VE1789/25-26,,TRUE,1,1,0,0,0,0,1,1,1,ACTIVE_WITH_PURCHASE_HISTORY,Keep: Has active purchase/return activity,0
HA-3007,VIRA ENTERPRISES,"00006669, 00006670",VE-1815,INV2627000623,TRUE,2,1,0,1,1,0,1,2,2,ACTIVE_WITH_PURCHASE_HISTORY,Keep: Has active purchase/return activity,0
HA-3007-P,VIRA ENTERPRISES,"00006667, 00006668",VE-1815,"INV2627000501, INV2627000503",TRUE,2,1,0,2,2,0,0,2,2,ACTIVE_WITH_PURCHASE_HISTORY,Keep: Has active purchase/return activity,0
HA-5018,VIRA ENTERPRISES,"00009192, 00009193",VE-0163/26-27,,TRUE,2,1,0,0,0,0,2,2,2,ACTIVE_WITH_PURCHASE_HISTORY,Keep: Has active purchase/return activity,0
HA-6023,VIRA ENTERPRISES,8181,VE-1845/25-26,,TRUE,1,1,0,0,0,0,1,1,1,ACTIVE_WITH_PURCHASE_HISTORY,Keep: Has active purchase/return activity,0
HA-6059-A,VIRA ENTERPRISES,9207,VE-0163/26-27,,TRUE,1,1,0,0,0,0,1,1,1,ACTIVE_WITH_PURCHASE_HISTORY,Keep: Has active purchase/return activity,0
HA-6059-B,VIRA ENTERPRISES,9208,VE-0163/26-27,,TRUE,1,1,0,0,0,0,1,1,1,ACTIVE_WITH_PURCHASE_HISTORY,Keep: Has active purchase/return activity,0
HA-6081,VIRA ENTERPRISES,"00005998, 00006007, 00009194","VE-0163/26-27, VE1789/25-26",INV2627000152,TRUE,2,2,0,1,1,0,2,3,3,ACTIVE_WITH_PURCHASE_HISTORY,Keep: Has active purchase/return activity,-1
HA-6095,VIRA ENTERPRISES,5999,VE1789/25-26,,TRUE,1,1,0,0,0,0,1,1,1,ACTIVE_WITH_PURCHASE_HISTORY,Keep: Has active purchase/return activity,0
HA-7009,VIRA ENTERPRISES,"00006000, 00006001, 00006002, 00006003",VE1789/25-26,,TRUE,4,1,0,0,0,0,4,4,4,ACTIVE_WITH_PURCHASE_HISTORY,Keep: Has active purchase/return activity,0
HA-7022,VIRA ENTERPRISES,7041,VE-1836/25-26,INV2627000573,TRUE,1,1,0,1,1,0,0,1,1,ACTIVE_WITH_PURCHASE_HISTORY,Keep: Has active purchase/return activity,0
HA-7023,VIRA ENTERPRISES,9195,VE-0163/26-27,,TRUE,1,1,0,0,0,0,1,1,1,ACTIVE_WITH_PURCHASE_HISTORY,Keep: Has active purchase/return activity,0
HA-7061,VIRA ENTERPRISES,"00009209, 00009210",VE-0163/26-27,,TRUE,2,1,0,0,0,0,2,2,2,ACTIVE_WITH_PURCHASE_HISTORY,Keep: Has active purchase/return activity,0
HA-7090,VIRA ENTERPRISES,7075,1831,,TRUE,1,1,0,0,0,0,1,1,1,ACTIVE_WITH_PURCHASE_HISTORY,Keep: Has active purchase/return activity,0
HAPN16024,SND DYEING AND PROCESSING COMPANY PRIVATE LIMITED,3618,T125A/1810,,TRUE,1,1,0,0,0,0,1,1,1,ACTIVE_WITH_PURCHASE_HISTORY,Keep: Has active purchase/return activity,0
HAPN16374,SND DYEING AND PROCESSING COMPANY PRIVATE LIMITED,3609,T125A/1810,INV2627000436,TRUE,2,1,0,1,1,0,1,2,1,ACTIVE_WITH_PURCHASE_HISTORY,Keep: Has active purchase/return activity,0
HB-1003,VIRA ENTERPRISES,"00007647, 00007648",VE-1846,,TRUE,2,1,0,0,0,0,2,2,2,ACTIVE_WITH_PURCHASE_HISTORY,Keep: Has active purchase/return activity,0
HB-1017,VIRA ENTERPRISES,"00007649, 00007650, 00007651",VE-1846,,TRUE,3,1,0,0,0,0,3,3,3,ACTIVE_WITH_PURCHASE_HISTORY,Keep: Has active purchase/return activity,0
HB-1036,VIRA ENTERPRISES,"00006004, 00006005, 00006006",VE1789/25-26,INV2627000820,TRUE,3,1,0,1,1,0,2,3,3,ACTIVE_WITH_PURCHASE_HISTORY,Keep: Has active purchase/return activity,0
HB-1046-G,VIRA ENTERPRISES,"00006665, 00006666",VE-1815,INV2627000205,TRUE,2,1,0,1,1,0,1,2,2,ACTIVE_WITH_PURCHASE_HISTORY,Keep: Has active purchase/return activity,0
HB-1046-GY,VIRA ENTERPRISES,"00009198, 00009199",VE-0163/26-27,INV2627001024,TRUE,2,1,0,1,1,0,1,2,2,ACTIVE_WITH_PURCHASE_HISTORY,Keep: Has active purchase/return activity,0
HB-1046-ON,VIRA ENTERPRISES,"00009196, 00009197",VE-0163/26-27,"INV2627001024, INV2627001029",TRUE,2,1,0,2,2,0,0,2,2,ACTIVE_WITH_PURCHASE_HISTORY,Keep: Has active purchase/return activity,0
HB-1046-P,VIRA ENTERPRISES,"00006663, 00006664",VE-1815,INV2627000420,TRUE,2,1,0,1,1,0,1,2,2,ACTIVE_WITH_PURCHASE_HISTORY,Keep: Has active purchase/return activity,0
HB-1051,VIRA ENTERPRISES,"00009200, 00009201",VE-0163/26-27,,TRUE,2,1,0,0,0,0,2,2,2,ACTIVE_WITH_PURCHASE_HISTORY,Keep: Has active purchase/return activity,0
HB-1052,VIRA ENTERPRISES,7966,VE-0113/26-27,,TRUE,1,1,0,0,0,0,1,1,1,ACTIVE_WITH_PURCHASE_HISTORY,Keep: Has active purchase/return activity,0
HBP-01,R.F. CREATIONS ,7153,243-2627,,TRUE,1,1,0,0,0,0,1,1,1,ACTIVE_WITH_PURCHASE_HISTORY,Keep: Has active purchase/return activity,0
HD-21,RAJ COUTURE PVT LTD,"00005038, 00005039, 00005040",RCPL/006491/25-26,"INV2627000289, INV2627000705",TRUE,3,1,0,2,2,0,1,3,3,ACTIVE_WITH_PURCHASE_HISTORY,Keep: Has active purchase/return activity,0
HD-28,RAJ COUTURE PVT LTD,"00005041, 00005042",RCPL/006491/25-26,INV2627000602,TRUE,2,1,0,1,1,0,1,2,2,ACTIVE_WITH_PURCHASE_HISTORY,Keep: Has active purchase/return activity,0
HES-4714,ONAYA FASHION PVT LTD,7047,GPOSI25-26/18089,,TRUE,1,1,0,0,0,0,1,1,1,ACTIVE_WITH_PURCHASE_HISTORY,Keep: Has active purchase/return activity,0
HF-327,RAJ COUTURE PVT LTD,"00005064, 00005065, 00005066",RCPL/006491/25-26,,TRUE,3,1,0,0,0,0,3,3,3,ACTIVE_WITH_PURCHASE_HISTORY,Keep: Has active purchase/return activity,0
HF-346,RAJ COUTURE PVT LTD,5067,RCPL/006491/25-26,,TRUE,1,1,0,0,0,0,1,1,1,ACTIVE_WITH_PURCHASE_HISTORY,Keep: Has active purchase/return activity,0
HF-4,RAJ COUTURE PVT LTD,"00005058, 00005059, 00005060, 00005061, 00005062, 00005063",RCPL/006491/25-26,,TRUE,6,1,0,0,0,0,6,6,6,ACTIVE_WITH_PURCHASE_HISTORY,Keep: Has active purchase/return activity,0
HF346,RAJ COUTURE PVT LTD,4988,RCPL/006490/2526,,TRUE,5,1,0,0,0,0,5,5,1,ACTIVE_WITH_PURCHASE_HISTORY,Keep: Has active purchase/return activity,0
HF420,RAJ COUTURE PVT LTD,4982,RCPL/006490/2526,"INV2026000185, INV2627000189",TRUE,2,1,0,2,2,0,0,2,1,ACTIVE_WITH_PURCHASE_HISTORY,Keep: Has active purchase/return activity,0
HG37,RAJ COUTURE PVT LTD,4986,RCPL/006490/2526,,TRUE,3,1,0,0,0,0,3,3,1,ACTIVE_WITH_PURCHASE_HISTORY,Keep: Has active purchase/return activity,0
HJA65,RUPDARSHI DESIGNS PRIVATE LIMITED,4353,RDS/006479/25-26,INV2627000632,TRUE,1,1,0,1,1,0,0,1,1,ACTIVE_WITH_PURCHASE_HISTORY,Keep: Has active purchase/return activity,0
HKD-189,SADBHAVANA ENTERPRISES,"00003484, 00003485",11793,"INV2026000324, INV2627000384",TRUE,3,1,0,2,2,0,0,2,2,ACTIVE_WITH_PURCHASE_HISTORY,Keep: Has active purchase/return activity,1
HKD-192,SADBHAVANA ENTERPRISES,3490,11793,INV2627000008,TRUE,1,1,0,1,1,0,0,1,1,ACTIVE_WITH_PURCHASE_HISTORY,Keep: Has active purchase/return activity,0
HKD-196,SADBHAVANA ENTERPRISES,"00003494, 00003495",11793,,TRUE,2,1,0,0,0,0,2,2,2,ACTIVE_WITH_PURCHASE_HISTORY,Keep: Has active purchase/return activity,0
HKD-212,SADBHAVANA ENTERPRISES,3491,11793,,TRUE,1,1,0,0,0,0,1,1,1,ACTIVE_WITH_PURCHASE_HISTORY,Keep: Has active purchase/return activity,0
HKD-218,SADBHAVANA ENTERPRISES,3493,11793,,TRUE,1,1,0,0,0,0,1,1,1,ACTIVE_WITH_PURCHASE_HISTORY,Keep: Has active purchase/return activity,0
HKD-228,SADBHAVANA ENTERPRISES,"00003488, 00003489",11793,INV2627000895,TRUE,2,1,0,1,1,0,1,2,2,ACTIVE_WITH_PURCHASE_HISTORY,Keep: Has active purchase/return activity,0
HKD-235,SADBHAVANA ENTERPRISES,"00003486, 00003487",11793,"INV2026000324, INV2627000384",TRUE,2,1,0,2,2,0,0,2,2,ACTIVE_WITH_PURCHASE_HISTORY,Keep: Has active purchase/return activity,0
HKD-245,SADBHAVANA ENTERPRISES,"00003496, 00003497",11793,,TRUE,2,1,0,0,0,0,2,2,2,ACTIVE_WITH_PURCHASE_HISTORY,Keep: Has active purchase/return activity,0
HL-082A,RUPDARSHI HERITAGE PVT LTD,4170,RD/009158/25-26,INV2627000041,TRUE,5,1,0,2,1,0,3,5,1,ACTIVE_WITH_PURCHASE_HISTORY,Keep: Has active purchase/return activity,0
HL-083E,RUPDARSHI HERITAGE PVT LTD,1584,RD/009159/25-26,INV2627000297,TRUE,3,1,0,1,1,0,2,3,1,ACTIVE_WITH_PURCHASE_HISTORY,Keep: Has active purchase/return activity,0
HL-105,RUPDARSHI HERITAGE PVT LTD,1588,RD/009159/25-26,INV2627000542,TRUE,3,1,0,1,1,0,2,3,1,ACTIVE_WITH_PURCHASE_HISTORY,Keep: Has active purchase/return activity,0
HL-107,RUPDARSHI HERITAGE PVT LTD,1587,RD/009159/25-26,"INV2026000030, INV2627000898",TRUE,6,1,0,2,2,0,4,6,1,ACTIVE_WITH_PURCHASE_HISTORY,Keep: Has active purchase/return activity,0
HM85,RAJ COUTURE PVT LTD,4979,RCPL/006490/2526,,TRUE,3,1,0,0,0,0,3,3,1,ACTIVE_WITH_PURCHASE_HISTORY,Keep: Has active purchase/return activity,0
HP-101,RUPDARSHI HERITAGE PVT LTD,1589,RD/009159/25-26,INV2627000598,TRUE,3,1,0,1,1,0,2,3,1,ACTIVE_WITH_PURCHASE_HISTORY,Keep: Has active purchase/return activity,0
HP-156,RUPDARSHI HERITAGE PVT LTD,1586,RD/009159/25-26,INV2627000106,TRUE,5,1,0,1,1,0,4,5,1,ACTIVE_WITH_PURCHASE_HISTORY,Keep: Has active purchase/return activity,0
HP-202,RUPDARSHI HERITAGE PVT LTD,1576,RD/009159/25-26,INV2627000446,TRUE,4,1,0,1,1,0,3,4,1,ACTIVE_WITH_PURCHASE_HISTORY,Keep: Has active purchase/return activity,0
HP-212,RUPDARSHI HERITAGE PVT LTD,1583,RD/009159/25-26,"INV2026000315, INV2627000194",TRUE,3,1,0,2,2,1,0,1,1,ACTIVE_WITH_PURCHASE_HISTORY,Keep: Has active purchase/return activity,2
HP-212E,RUPDARSHI HERITAGE PVT LTD,1582,RD/009159/25-26,"INV2026000104, INV2627000099",TRUE,4,1,0,2,2,0,0,2,1,ACTIVE_WITH_PURCHASE_HISTORY,Keep: Has active purchase/return activity,2
HP-415A,RUPDARSHI HERITAGE PVT LTD,"00004167, 00004168, 00004169",RD/009158/25-26,INV2627000339,TRUE,3,1,0,1,1,0,2,3,3,ACTIVE_WITH_PURCHASE_HISTORY,Keep: Has active purchase/return activity,0
HP-415E,RUPDARSHI HERITAGE PVT LTD,"00004164, 00004165, 00004166",RD/009158/25-26,,TRUE,3,1,0,0,0,0,3,3,3,ACTIVE_WITH_PURCHASE_HISTORY,Keep: Has active purchase/return activity,0
HP-739,RUPDARSHI HERITAGE PVT LTD,1575,RD/009159/25-26,INV2026000416,TRUE,2,1,1,1,1,0,0,2,1,ACTIVE_WITH_PURCHASE_HISTORY,Keep: Has active purchase/return activity,0
HP-901,RUPDARSHI HERITAGE PVT LTD,1585,RD/009159/25-26,INV2627000390,TRUE,9,1,1,1,1,0,7,9,1,ACTIVE_WITH_PURCHASE_HISTORY,Keep: Has active purchase/return activity,0
HT-13,SADBHAVANA ENTERPRISES,"00003499, 00003500, 00003501",11793,,TRUE,5,1,0,0,0,0,4,4,3,ACTIVE_WITH_PURCHASE_HISTORY,Keep: Has active purchase/return activity,1
HT-40,SADBHAVANA ENTERPRISES,3498,11793,,TRUE,1,1,0,0,0,0,1,1,1,ACTIVE_WITH_PURCHASE_HISTORY,Keep: Has active purchase/return activity,0
I 10045,ISHIKA CREATION,78,GST/25-26/4088,,TRUE,1,1,0,0,0,0,1,1,1,ACTIVE_WITH_PURCHASE_HISTORY,Keep: Has active purchase/return activity,0
I 10067,ISHIKA CREATION,,,,TRUE,0,0,0,0,0,0,0,0,0,SAFE_TO_DELETE_IDLE,"Safe to Delete: No purchases, returns, sales, or stock",0
IA-1,SHAH NARAYAN DAS & CO.,"00004058, 00004059",RC/2526/02/00678,,TRUE,2,1,0,0,0,0,2,2,2,ACTIVE_WITH_PURCHASE_HISTORY,Keep: Has active purchase/return activity,0
IA-1-5,SHAH NARAYAN DAS & CO.,"00004063, 00004064",RC/2526/02/00678,,TRUE,2,1,0,0,0,0,3,3,2,ACTIVE_WITH_PURCHASE_HISTORY,Keep: Has active purchase/return activity,-1
IA-1-6,SHAH NARAYAN DAS & CO.,4065,RC/2526/02/00678,,TRUE,1,1,0,0,0,0,1,1,1,ACTIVE_WITH_PURCHASE_HISTORY,Keep: Has active purchase/return activity,0
IG-119,V.M. DESIGNER,6662,5284,,TRUE,1,1,0,0,0,0,1,1,1,ACTIVE_WITH_PURCHASE_HISTORY,Keep: Has active purchase/return activity,0
IG-124,V.M. DESIGNER,6657,5284,INV2627000059,TRUE,1,1,0,1,1,0,0,1,1,ACTIVE_WITH_PURCHASE_HISTORY,Keep: Has active purchase/return activity,0
IK-192,DEV DARSHAN DESIGNS PVT LTD,1342,DDD/07593/25-26,,TRUE,1,1,0,0,0,0,1,1,1,ACTIVE_WITH_PURCHASE_HISTORY,Keep: Has active purchase/return activity,0
IK-276,DEV DARSHAN DESIGNS PVT LTD,1341,DDD/07593/25-26,,TRUE,1,1,0,0,0,0,1,1,1,ACTIVE_WITH_PURCHASE_HISTORY,Keep: Has active purchase/return activity,0
IK-79,ISHUM DESIGNS,"00004719, 00004720",ID/10236/2025-26,INV2627000688,TRUE,2,1,0,1,1,0,1,2,2,ACTIVE_WITH_PURCHASE_HISTORY,Keep: Has active purchase/return activity,0
IK-83,ISHUM DESIGNS,"00004329, 00004330, 00004331, 00004332",ID/11062/2025-26,"INV2627000175, INV2627000180, INV2627000327, INV2627000455, INV2627000651",TRUE,6,1,0,5,5,0,1,5,4,ACTIVE_WITH_PURCHASE_HISTORY,Keep: Has active purchase/return activity,0
IK 307,DEV DARSHAN DESIGNS PVT LTD,1270,DDD/07545/25-26,,TRUE,1,1,0,0,0,0,1,1,1,ACTIVE_WITH_PURCHASE_HISTORY,Keep: Has active purchase/return activity,0
IQ-181,JAGADISH DAS & CO.,3566,H026-002483,,TRUE,1,1,0,0,0,0,1,1,1,ACTIVE_WITH_PURCHASE_HISTORY,Keep: Has active purchase/return activity,0
IQ-199,JAGADISH DAS & CO.,3567,H026-002483,INV2627000249,TRUE,1,1,0,1,1,0,0,1,1,ACTIVE_WITH_PURCHASE_HISTORY,Keep: Has active purchase/return activity,0
IQ-212,JAGADISH DAS & CO.,3568,H026-002483,,TRUE,1,1,0,0,0,0,1,1,1,ACTIVE_WITH_PURCHASE_HISTORY,Keep: Has active purchase/return activity,0
IQ-217,JAGADISH DAS & CO.,"00003569, 00003570",H026-002483,,TRUE,2,1,0,0,0,0,2,2,2,ACTIVE_WITH_PURCHASE_HISTORY,Keep: Has active purchase/return activity,0
IQ-227,JAGADISH DAS & CO.,3571,H026-002483,,TRUE,1,1,0,0,0,0,1,1,1,ACTIVE_WITH_PURCHASE_HISTORY,Keep: Has active purchase/return activity,0
IRT-278,ISHUM DESIGNS,4939,ID/11448/2025-26,INV2627000225,TRUE,1,1,0,1,1,0,0,1,1,ACTIVE_WITH_PURCHASE_HISTORY,Keep: Has active purchase/return activity,0
IRT-DR-278,ISHUM DESIGNS,4938,ID/11448/2025-26,INV2627000321,TRUE,1,1,0,1,1,0,0,1,1,ACTIVE_WITH_PURCHASE_HISTORY,Keep: Has active purchase/return activity,0
IRT/CW/321,ISHUM DESIGNS,"00001733, 00001734, 00001735",ID/10993/2025-26,,TRUE,3,1,0,0,0,0,3,3,3,ACTIVE_WITH_PURCHASE_HISTORY,Keep: Has active purchase/return activity,0
IRT/CW/322,ISHUM DESIGNS,"00001736, 00001737, 00001738, 00001739, 00001740, 00001741",ID/10993/2025-26,"INV2026000167, INV2627000197, INV2627000520",TRUE,9,1,0,3,3,0,6,9,6,ACTIVE_WITH_PURCHASE_HISTORY,Keep: Has active purchase/return activity,0
IRT/DR/278,ISHUM DESIGNS,4771,ID/10767/2025-26,INV2026000032,TRUE,1,1,0,1,1,0,0,1,1,ACTIVE_WITH_PURCHASE_HISTORY,Keep: Has active purchase/return activity,0
IRT/KC/324,ISHUM DESIGNS,"00004774, 00004775",ID/10767/2025-26,INV2026000147,TRUE,6,1,0,1,1,0,1,2,2,ACTIVE_WITH_PURCHASE_HISTORY,Keep: Has active purchase/return activity,4
IRT/KC/327,ISHUM DESIGNS,"00004769, 00004770",ID/10767/2025-26,,TRUE,3,1,0,0,0,0,2,2,2,ACTIVE_WITH_PURCHASE_HISTORY,Keep: Has active purchase/return activity,1
IRT/KC/328,ISHUM DESIGNS,"00004767, 00004768",ID/10767/2025-26,INV2026000147,TRUE,3,1,0,1,1,0,1,2,2,ACTIVE_WITH_PURCHASE_HISTORY,Keep: Has active purchase/return activity,1
IRT/KC/332,ISHUM DESIGNS,"00004772, 00004773",ID/10767/2025-26,INV2627000214,TRUE,3,1,0,1,1,0,1,2,2,ACTIVE_WITH_PURCHASE_HISTORY,Keep: Has active purchase/return activity,1
IRT/KR/354,ISHUM DESIGNS,6352,ID/11976/2025-26,,TRUE,1,1,0,0,0,0,1,1,1,ACTIVE_WITH_PURCHASE_HISTORY,Keep: Has active purchase/return activity,0
IRT/KR/355,ISHUM DESIGNS,6351,ID/11976/2025-26,,TRUE,1,1,0,0,0,0,1,1,1,ACTIVE_WITH_PURCHASE_HISTORY,Keep: Has active purchase/return activity,0
IRT/KR/358,ISHUM DESIGNS,6353,ID/11976/2025-26,,TRUE,1,1,0,0,0,0,1,1,1,ACTIVE_WITH_PURCHASE_HISTORY,Keep: Has active purchase/return activity,0
ISH 652,ISHUM DESIGNS,"00000386, 00000387",ID/10238/2025-26,INV2627000847,TRUE,3,1,0,1,1,0,1,2,2,ACTIVE_WITH_PURCHASE_HISTORY,Keep: Has active purchase/return activity,1
ISH 652 B,ISHUM DESIGNS,"00000388, 00000389",ID/10238/2025-26,INV2627000847,TRUE,3,1,0,1,1,0,2,3,2,ACTIVE_WITH_PURCHASE_HISTORY,Keep: Has active purchase/return activity,0
ISH 652 W,ISHUM DESIGNS,,,,TRUE,0,0,0,0,0,0,0,0,0,SAFE_TO_DELETE_IDLE,"Safe to Delete: No purchases, returns, sales, or stock",0
ISH 652B,ISHUM DESIGNS,,,,TRUE,0,0,0,0,0,0,0,0,0,SAFE_TO_DELETE_IDLE,"Safe to Delete: No purchases, returns, sales, or stock",0
ISH 654,ISHUM DESIGNS,"00000382, 00000383",ID/10399/2025-26,,TRUE,3,1,0,0,0,0,3,3,2,ACTIVE_WITH_PURCHASE_HISTORY,Keep: Has active purchase/return activity,0
ISH 654 1,ISHUM DESIGNS,"00000384, 00000385",ID/10399/2025-26,,TRUE,3,1,0,0,0,0,2,2,2,ACTIVE_WITH_PURCHASE_HISTORY,Keep: Has active purchase/return activity,1
ITU-3-C,ISHUM DESIGNS,7880,ID/521/2026-27,,TRUE,1,1,0,0,0,0,1,1,1,ACTIVE_WITH_PURCHASE_HISTORY,Keep: Has active purchase/return activity,0
ITU-3-G,ISHUM DESIGNS,7879,ID/521/2026-27,,TRUE,1,1,0,0,0,0,1,1,1,ACTIVE_WITH_PURCHASE_HISTORY,Keep: Has active purchase/return activity,0
ITU-6,ISHUM DESIGNS,7881,ID/521/2026-27,,TRUE,2,1,0,0,0,0,2,2,1,ACTIVE_WITH_PURCHASE_HISTORY,Keep: Has active purchase/return activity,0
IW-1164,ONAYA FASHION PVT LTD,7073,18290,INV2627000406,TRUE,1,1,0,1,1,0,0,1,1,ACTIVE_WITH_PURCHASE_HISTORY,Keep: Has active purchase/return activity,0
IW-1184A,ONAYA FASHION PVT LTD,"00007045, 00008114","GPOSI25-26/18182, GPOSI26-27/01123",INV2627000331,TRUE,2,2,0,1,1,0,1,2,2,ACTIVE_WITH_PURCHASE_HISTORY,Keep: Has active purchase/return activity,0
IW-1185,ONAYA FASHION PVT LTD,8115,GPOSI26-27/01123,,TRUE,1,1,0,0,0,0,1,1,1,ACTIVE_WITH_PURCHASE_HISTORY,Keep: Has active purchase/return activity,0
IW-1189,ONAYA FASHION PVT LTD,7048,GPOSI25-26/18089,INV2627000577,TRUE,1,1,0,1,1,0,0,1,1,ACTIVE_WITH_PURCHASE_HISTORY,Keep: Has active purchase/return activity,0
IW-1206,ONAYA FASHION PVT LTD,"00007074, 00007943","18290, GPOSI26-27/00832",INV2627000233,TRUE,2,2,0,1,1,0,1,2,2,ACTIVE_WITH_PURCHASE_HISTORY,Keep: Has active purchase/return activity,0
IW-1234,ONAYA FASHION PVT LTD,8116,GPOSI26-27/01123,INV2627000732,TRUE,1,1,0,1,1,0,0,1,1,ACTIVE_WITH_PURCHASE_HISTORY,Keep: Has active purchase/return activity,0
IW-1251,ONAYA FASHION PVT LTD,"00007049, 00009003","GPOSI/26-27/01268, GPOSI25-26/18089",INV2627000268,TRUE,2,2,0,1,1,0,1,2,2,ACTIVE_WITH_PURCHASE_HISTORY,Keep: Has active purchase/return activity,0
IW-1276,ONAYA FASHION PVT LTD,8433,GPOSI26-27/01246,,TRUE,1,1,0,0,0,0,1,1,1,ACTIVE_WITH_PURCHASE_HISTORY,Keep: Has active purchase/return activity,0
IW-1280,ONAYA FASHION PVT LTD,"00007050, 00007424","GPOSI25-26/18089, GPOSI26-27/00358",INV2627000736,TRUE,2,2,0,1,1,0,1,2,2,ACTIVE_WITH_PURCHASE_HISTORY,Keep: Has active purchase/return activity,0
IW-1294,ONAYA FASHION PVT LTD,3897,GPOSI25-26/16898,INV2026000409,TRUE,1,1,0,1,1,0,0,1,1,ACTIVE_WITH_PURCHASE_HISTORY,Keep: Has active purchase/return activity,0
IW-1309,ONAYA FASHION PVT LTD,7451,GPOSI26-27/00577,INV2627000833,TRUE,1,1,0,1,1,1,1,1,1,ACTIVE_WITH_PURCHASE_HISTORY,Keep: Has active purchase/return activity,0
IW-1310,ONAYA FASHION PVT LTD,4795,GPOSI25-26/16623,,TRUE,1,1,0,0,0,0,1,1,1,ACTIVE_WITH_PURCHASE_HISTORY,Keep: Has active purchase/return activity,0
IW-1358R,ONAYA FASHION PVT LTD,7062,17886,,TRUE,1,1,0,0,0,0,1,1,1,ACTIVE_WITH_PURCHASE_HISTORY,Keep: Has active purchase/return activity,0
IW-1362,ONAYA FASHION PVT LTD,4796,GPOSI25-26/16623,INV2026000072,TRUE,1,1,0,1,1,0,0,1,1,ACTIVE_WITH_PURCHASE_HISTORY,Keep: Has active purchase/return activity,0
IW-1384X,ONAYA FASHION PVT LTD,4797,GPOSI25-26/16623,INV2627000515,TRUE,1,1,0,1,1,0,0,1,1,ACTIVE_WITH_PURCHASE_HISTORY,Keep: Has active purchase/return activity,0
IW1166,ONAYA FASHION PVT LTD,107,GPOSI25-26/16336,INV2627000946,TRUE,1,1,0,1,1,0,0,1,1,ACTIVE_WITH_PURCHASE_HISTORY,Keep: Has active purchase/return activity,0
IW1182A,ONAYA FASHION PVT LTD,108,GPOSI25-26/16336,,TRUE,1,1,0,0,0,0,1,1,1,ACTIVE_WITH_PURCHASE_HISTORY,Keep: Has active purchase/return activity,0
IW1185,ONAYA FASHION PVT LTD,109,GPOSI25-26/16336,INV2627000278,TRUE,1,1,0,1,1,0,0,1,1,ACTIVE_WITH_PURCHASE_HISTORY,Keep: Has active purchase/return activity,0
IW1229,ONAYA FASHION PVT LTD,97,GPOSI25-26/16339,,TRUE,1,1,0,0,0,0,1,1,1,ACTIVE_WITH_PURCHASE_HISTORY,Keep: Has active purchase/return activity,0
IW1239,ONAYA FASHION PVT LTD,81,GPOSI25-26/16335,,TRUE,1,1,0,0,0,0,1,1,1,ACTIVE_WITH_PURCHASE_HISTORY,Keep: Has active purchase/return activity,0
IW1313,ONAYA FASHION PVT LTD,3912,GPOSI25-26/16512,,TRUE,1,1,0,0,0,0,1,1,1,ACTIVE_WITH_PURCHASE_HISTORY,Keep: Has active purchase/return activity,0
IW1337A,ONAYA FASHION PVT LTD,110,GPOSI25-26/16336,,TRUE,1,1,0,0,0,0,1,1,1,ACTIVE_WITH_PURCHASE_HISTORY,Keep: Has active purchase/return activity,0
IW1346,ONAYA FASHION PVT LTD,127,GPOSI25-26/16342,,TRUE,1,1,0,0,0,0,1,1,1,ACTIVE_WITH_PURCHASE_HISTORY,Keep: Has active purchase/return activity,0
IW1348,ONAYA FASHION PVT LTD,111,GPOSI25-26/16336,,TRUE,1,1,0,0,0,0,1,1,1,ACTIVE_WITH_PURCHASE_HISTORY,Keep: Has active purchase/return activity,0
J1,JAMIL BANDHEJ SAREE,816,2025-2026/786,"INV2627000475, INV2627000905",TRUE,28,1,0,2,2,0,26,28,1,ACTIVE_WITH_PURCHASE_HISTORY,Keep: Has active purchase/return activity,0
J2,JAMIL BANDHEJ SAREE,817,2025-2026/786,"INV2627000297, INV2627000905",TRUE,8,1,0,2,2,0,6,8,1,ACTIVE_WITH_PURCHASE_HISTORY,Keep: Has active purchase/return activity,0
JAN-26-01,ONAYA FASHION PVT LTD,7909,GPOSI26-27/00784,INV2627000950,TRUE,1,1,0,1,1,0,0,1,1,ACTIVE_WITH_PURCHASE_HISTORY,Keep: Has active purchase/return activity,0
JG-109,NIRMAL CREATIONS,1042,NC/009559/25-26,,TRUE,1,1,0,0,0,0,1,1,1,ACTIVE_WITH_PURCHASE_HISTORY,Keep: Has active purchase/return activity,0
JI-181J,NIRMAL CREATIONS,1039,NC/009559/25-26,INV2627000308,TRUE,1,1,0,1,1,0,0,1,1,ACTIVE_WITH_PURCHASE_HISTORY,Keep: Has active purchase/return activity,0
JK-662,NILIMA CREATIONS ,"00008513, 00008514, 00008515, 00008516",NCS/004030/25-26,,TRUE,4,1,0,0,0,0,4,4,4,ACTIVE_WITH_PURCHASE_HISTORY,Keep: Has active purchase/return activity,0
JK-671,NILIMA CREATIONS ,"00006381, 00006382, 00006383, 00006384",NCS/004088/25-26,INV2627000675,TRUE,4,1,0,1,1,0,3,4,4,ACTIVE_WITH_PURCHASE_HISTORY,Keep: Has active purchase/return activity,0
JK-675,NILIMA CREATIONS ,"00008509, 00008510, 00008511, 00008512",NCS/004030/25-26,,TRUE,4,1,0,0,0,0,4,4,4,ACTIVE_WITH_PURCHASE_HISTORY,Keep: Has active purchase/return activity,0
JK-687,NILIMA CREATIONS ,"00008505, 00008506, 00008507, 00008508",NCS/004030/25-26,,TRUE,4,1,0,0,0,0,4,4,4,ACTIVE_WITH_PURCHASE_HISTORY,Keep: Has active purchase/return activity,0
JK-689,NILIMA CREATIONS ,"00008517, 00008518, 00008519, 00008520",NCS/004030/25-26,,TRUE,4,1,0,0,0,0,4,4,4,ACTIVE_WITH_PURCHASE_HISTORY,Keep: Has active purchase/return activity,0
JK-697,NILIMA CREATIONS ,"00008521, 00008522, 00008523, 00008524, 00008525, 00008526, 00008527, 00008528",,,TRUE,0,0,0,0,0,0,8,8,8,ORPHAN_WITH_STOCK,Audit: Has physical stock/printed barcodes but no purchase record,-8
JK-697-,NILIMA CREATIONS ,"00008624, 00008625, 00008626, 00008627",,,TRUE,0,0,0,0,0,0,4,4,4,ORPHAN_WITH_STOCK,Audit: Has physical stock/printed barcodes but no purchase record,-4
JK-697-BEIGE,NILIMA CREATIONS ,"00008628, 00008629, 00008630, 00008631",NCS/004029/25-26,,TRUE,4,1,0,0,0,0,4,4,4,ACTIVE_WITH_PURCHASE_HISTORY,Keep: Has active purchase/return activity,0
JLM92,JDS DESIGN STUDIO PRIVATE LIMITED,4423,JS26-006339,,TRUE,1,1,0,0,0,0,1,1,1,ACTIVE_WITH_PURCHASE_HISTORY,Keep: Has active purchase/return activity,0
JLM94,JDS DESIGN STUDIO PRIVATE LIMITED,4425,JS26-006339,,TRUE,2,1,0,0,0,0,2,2,1,ACTIVE_WITH_PURCHASE_HISTORY,Keep: Has active purchase/return activity,0
JLM95,JDS DESIGN STUDIO PRIVATE LIMITED,4424,JS26-006339,,TRUE,1,1,0,0,0,0,1,1,1,ACTIVE_WITH_PURCHASE_HISTORY,Keep: Has active purchase/return activity,0
JLM96,JDS DESIGN STUDIO PRIVATE LIMITED,4412,JS26-006339,,TRUE,2,1,0,0,0,0,2,2,1,ACTIVE_WITH_PURCHASE_HISTORY,Keep: Has active purchase/return activity,0
JS438718,JDS DESIGN STUDIO PRIVATE LIMITED,974,JS26-006344,,TRUE,1,1,0,0,0,0,1,1,1,ACTIVE_WITH_PURCHASE_HISTORY,Keep: Has active purchase/return activity,0
JS438720,JDS DESIGN STUDIO PRIVATE LIMITED,975,JS26-006344,,TRUE,1,1,0,0,0,0,1,1,1,ACTIVE_WITH_PURCHASE_HISTORY,Keep: Has active purchase/return activity,0
JS438723,JDS DESIGN STUDIO PRIVATE LIMITED,976,JS26-006344,,TRUE,1,1,0,0,0,0,1,1,1,ACTIVE_WITH_PURCHASE_HISTORY,Keep: Has active purchase/return activity,0
JS438726,JDS DESIGN STUDIO PRIVATE LIMITED,977,JS26-006344,,TRUE,1,1,0,0,0,0,1,1,1,ACTIVE_WITH_PURCHASE_HISTORY,Keep: Has active purchase/return activity,0
JS438729,JDS DESIGN STUDIO PRIVATE LIMITED,978,JS26-006344,,TRUE,1,1,0,0,0,0,1,1,1,ACTIVE_WITH_PURCHASE_HISTORY,Keep: Has active purchase/return activity,0
JS439840,JDS DESIGN STUDIO PRIVATE LIMITED,957,JS26-006344,INV2627000480,TRUE,1,1,0,1,1,0,0,1,1,ACTIVE_WITH_PURCHASE_HISTORY,Keep: Has active purchase/return activity,0
JS439842,JDS DESIGN STUDIO PRIVATE LIMITED,958,JS26-006344,,TRUE,1,1,0,0,0,0,1,1,1,ACTIVE_WITH_PURCHASE_HISTORY,Keep: Has active purchase/return activity,0
JS439844,JDS DESIGN STUDIO PRIVATE LIMITED,959,JS26-006344,,TRUE,1,1,0,0,0,0,1,1,1,ACTIVE_WITH_PURCHASE_HISTORY,Keep: Has active purchase/return activity,0
JS439847,JDS DESIGN STUDIO PRIVATE LIMITED,960,JS26-006344,,TRUE,1,1,0,0,0,0,1,1,1,ACTIVE_WITH_PURCHASE_HISTORY,Keep: Has active purchase/return activity,0
JS439850,JDS DESIGN STUDIO PRIVATE LIMITED,962,JS26-006344,,TRUE,1,1,0,0,0,0,1,1,1,ACTIVE_WITH_PURCHASE_HISTORY,Keep: Has active purchase/return activity,0
JS439861,JDS DESIGN STUDIO PRIVATE LIMITED,963,JS26-006344,,TRUE,1,1,0,0,0,0,1,1,1,ACTIVE_WITH_PURCHASE_HISTORY,Keep: Has active purchase/return activity,0
JS439863,JDS DESIGN STUDIO PRIVATE LIMITED,964,JS26-006344,,TRUE,1,1,0,0,0,0,1,1,1,ACTIVE_WITH_PURCHASE_HISTORY,Keep: Has active purchase/return activity,0
JS439865,JDS DESIGN STUDIO PRIVATE LIMITED,965,JS26-006344,,TRUE,1,1,0,0,0,0,1,1,1,ACTIVE_WITH_PURCHASE_HISTORY,Keep: Has active purchase/return activity,0
JS439866,JDS DESIGN STUDIO PRIVATE LIMITED,1070,JS26-006344,,TRUE,2,1,0,0,0,0,1,1,1,ACTIVE_WITH_PURCHASE_HISTORY,Keep: Has active purchase/return activity,1
JS439872,JDS DESIGN STUDIO PRIVATE LIMITED,966,JS26-006344,,TRUE,1,1,0,0,0,0,1,1,1,ACTIVE_WITH_PURCHASE_HISTORY,Keep: Has active purchase/return activity,0
JS439875,JDS DESIGN STUDIO PRIVATE LIMITED,967,JS26-006344,,TRUE,1,1,0,0,0,0,1,1,1,ACTIVE_WITH_PURCHASE_HISTORY,Keep: Has active purchase/return activity,0
JS439876,JDS DESIGN STUDIO PRIVATE LIMITED,968,JS26-006344,,TRUE,1,1,0,0,0,0,1,1,1,ACTIVE_WITH_PURCHASE_HISTORY,Keep: Has active purchase/return activity,0
JS439877,JDS DESIGN STUDIO PRIVATE LIMITED,969,JS26-006344,,TRUE,1,1,0,0,0,0,1,1,1,ACTIVE_WITH_PURCHASE_HISTORY,Keep: Has active purchase/return activity,0
JS439878,JDS DESIGN STUDIO PRIVATE LIMITED,970,JS26-006344,,TRUE,1,1,0,0,0,0,1,1,1,ACTIVE_WITH_PURCHASE_HISTORY,Keep: Has active purchase/return activity,0
JS439880,JDS DESIGN STUDIO PRIVATE LIMITED,971,JS26-006344,,TRUE,1,1,0,0,0,0,1,1,1,ACTIVE_WITH_PURCHASE_HISTORY,Keep: Has active purchase/return activity,0
JS439886,JDS DESIGN STUDIO PRIVATE LIMITED,972,JS26-006344,,TRUE,1,1,0,0,0,0,1,1,1,ACTIVE_WITH_PURCHASE_HISTORY,Keep: Has active purchase/return activity,0
JS439887,JDS DESIGN STUDIO PRIVATE LIMITED,973,JS26-006344,,TRUE,1,1,0,0,0,0,1,1,1,ACTIVE_WITH_PURCHASE_HISTORY,Keep: Has active purchase/return activity,0
JS4398948,JDS DESIGN STUDIO PRIVATE LIMITED,961,JS26-006344,,TRUE,1,1,0,0,0,0,1,1,1,ACTIVE_WITH_PURCHASE_HISTORY,Keep: Has active purchase/return activity,0
JS440066,JDS DESIGN STUDIO PRIVATE LIMITED,982,,,TRUE,0,0,0,0,0,0,1,1,1,ORPHAN_WITH_STOCK,Audit: Has physical stock/printed barcodes but no purchase record,-1
JS440072,JDS DESIGN STUDIO PRIVATE LIMITED,983,JS26-006344,,TRUE,1,1,0,0,0,0,1,1,1,ACTIVE_WITH_PURCHASE_HISTORY,Keep: Has active purchase/return activity,0
JS440073,JDS DESIGN STUDIO PRIVATE LIMITED,984,JS26-006344,,TRUE,1,1,0,0,0,0,1,1,1,ACTIVE_WITH_PURCHASE_HISTORY,Keep: Has active purchase/return activity,0
JS440086,JDS DESIGN STUDIO PRIVATE LIMITED,985,JS26-006344,,TRUE,1,1,0,0,0,0,1,1,1,ACTIVE_WITH_PURCHASE_HISTORY,Keep: Has active purchase/return activity,0
JS440529,JDS DESIGN STUDIO PRIVATE LIMITED,979,JS26-006344,,TRUE,1,1,0,0,0,0,1,1,1,ACTIVE_WITH_PURCHASE_HISTORY,Keep: Has active purchase/return activity,0
JS440530,JDS DESIGN STUDIO PRIVATE LIMITED,980,JS26-006344,,TRUE,1,1,0,0,0,0,1,1,1,ACTIVE_WITH_PURCHASE_HISTORY,Keep: Has active purchase/return activity,0
JS440532,JDS DESIGN STUDIO PRIVATE LIMITED,981,JS26-006344,,TRUE,1,1,0,0,0,0,1,1,1,ACTIVE_WITH_PURCHASE_HISTORY,Keep: Has active purchase/return activity,0
JY-473,NIRMAL CREATIONS,1041,NC/009559/25-26,INV2627000066,TRUE,1,1,0,1,1,0,0,1,1,ACTIVE_WITH_PURCHASE_HISTORY,Keep: Has active purchase/return activity,0
K-0356 1,AARI,"00000676, 00000677, 00000678, 00000679, 00000680, 00000681, 00000682",5462/25-26,"INV2026000142, INV2627000694",TRUE,7,1,0,2,2,0,5,7,7,ACTIVE_WITH_PURCHASE_HISTORY,Keep: Has active purchase/return activity,0
K-0651,AARI,"00006492, 00006493, 00006494",6050/25-26,INV2627000564,TRUE,3,1,0,1,1,0,2,3,3,ACTIVE_WITH_PURCHASE_HISTORY,Keep: Has active purchase/return activity,0
K-0651-B,AARI,6495,6050/25-26,INV2026000309,TRUE,1,1,0,1,1,0,0,1,1,ACTIVE_WITH_PURCHASE_HISTORY,Keep: Has active purchase/return activity,0
K-070C,RUPDARSHI HERITAGE PVT LTD,"00004121, 00004122, 00004135, 00004136",RD/009158/25-26,INV2627000704,TRUE,5,1,0,1,1,0,4,5,4,ACTIVE_WITH_PURCHASE_HISTORY,Keep: Has active purchase/return activity,0
K-070R,RUPDARSHI HERITAGE PVT LTD,"00004118, 00004119, 00004120",RD/009158/25-26,,TRUE,3,1,0,0,0,0,3,3,3,ACTIVE_WITH_PURCHASE_HISTORY,Keep: Has active purchase/return activity,0
K-0807,AARI,"00009118, 00009119, 00009120, 00009121",63/26-27,,TRUE,4,1,0,0,0,0,4,4,4,ACTIVE_WITH_PURCHASE_HISTORY,Keep: Has active purchase/return activity,0
K-0807-B,AARI,"00009122, 00009123, 00009124",63/26-27,,TRUE,3,1,0,0,0,0,3,3,3,ACTIVE_WITH_PURCHASE_HISTORY,Keep: Has active purchase/return activity,0
K-0878,AARI,"00009125, 00009126, 00009127, 00009128",63/26-27,,TRUE,8,1,0,0,0,0,6,6,4,ACTIVE_WITH_PURCHASE_HISTORY,Keep: Has active purchase/return activity,2
K-0878-B,AARI,"00009129, 00009130, 00009131",63/26-27,,TRUE,3,1,0,0,0,0,3,3,3,ACTIVE_WITH_PURCHASE_HISTORY,Keep: Has active purchase/return activity,0
K-1007,AARI,"00006496, 00006497, 00006498, 00006499",6050/25-26,"INV2026000253, INV2026000428, INV2627000087, INV2627000090, INV2627000258, INV2627000267, INV2627000423, INV2627000759",TRUE,8,1,0,8,8,0,0,7,4,ACTIVE_WITH_PURCHASE_HISTORY,Keep: Has active purchase/return activity,0
K-1007-B,AARI,"00006500, 00006501, 00006502",6050/25-26,"INV2627000374, INV2627000417",TRUE,4,1,0,2,2,3,3,4,3,ACTIVE_WITH_PURCHASE_HISTORY,Keep: Has active purchase/return activity,2
K-1007-WB,AARI,"00006507, 00006508, 00006509",6050/25-26,"INV2627000201, INV2627000295",TRUE,3,1,0,2,2,0,1,3,3,ACTIVE_WITH_PURCHASE_HISTORY,Keep: Has active purchase/return activity,0
K-1007 -W,AARI,"00006503, 00006504, 00006505, 00006506",6050/25-26,"INV2026000296, INV2026000336, INV2627000222, INV2627000541",TRUE,4,1,0,4,4,0,0,4,4,ACTIVE_WITH_PURCHASE_HISTORY,Keep: Has active purchase/return activity,0
K-1025-A,AARI,"00007118, 00007119, 00007120, 00007121",6216/25-26,,TRUE,7,1,0,0,0,0,6,6,4,ACTIVE_WITH_PURCHASE_HISTORY,Keep: Has active purchase/return activity,1
K-1025-B,AARI,"00007122, 00007123",6216/25-26,INV2627000914,TRUE,2,1,0,1,1,0,1,2,2,ACTIVE_WITH_PURCHASE_HISTORY,Keep: Has active purchase/return activity,0
K-1026,AARI,"00009132, 00009133, 00009134, 00009135",63/26-27,,TRUE,8,1,0,0,0,0,6,6,4,ACTIVE_WITH_PURCHASE_HISTORY,Keep: Has active purchase/return activity,2
K-1026-B,AARI,"00009136, 00009137, 00009138",63/26-27,INV2627000999,TRUE,3,1,0,1,1,0,2,3,3,ACTIVE_WITH_PURCHASE_HISTORY,Keep: Has active purchase/return activity,0
K-2711,RAJ COUTURE PVT LTD,"00005035, 00005036, 00005037",RCPL/006491/25-26,INV2026000420,TRUE,3,1,0,1,1,0,2,3,3,ACTIVE_WITH_PURCHASE_HISTORY,Keep: Has active purchase/return activity,0
K-2919,RAJ COUTURE PVT LTD,"00005026, 00005027, 00005028",RCPL/006491/25-26,"INV2627000299, INV2627000929",TRUE,3,1,0,2,2,0,1,3,3,ACTIVE_WITH_PURCHASE_HISTORY,Keep: Has active purchase/return activity,0
K-2941,RAJ COUTURE PVT LTD,"00005043, 00005044, 00005045, 00005046",RCPL/006491/25-26,"INV2026000320, INV2627000325",TRUE,4,1,0,2,2,0,2,4,4,ACTIVE_WITH_PURCHASE_HISTORY,Keep: Has active purchase/return activity,0
K-2978,RAJ COUTURE PVT LTD,"00005050, 00005051, 00005052",RCPL/006491/25-26,,TRUE,3,1,0,0,0,0,3,3,3,ACTIVE_WITH_PURCHASE_HISTORY,Keep: Has active purchase/return activity,0
K-3007,RAJ COUTURE PVT LTD,"00005032, 00005033, 00005034",RCPL/006491/25-26,,TRUE,3,1,0,0,0,0,3,3,3,ACTIVE_WITH_PURCHASE_HISTORY,Keep: Has active purchase/return activity,0
K-3008,RAJ COUTURE PVT LTD,"00005029, 00005030, 00005031",RCPL/006491/25-26,,TRUE,3,1,0,0,0,0,3,3,3,ACTIVE_WITH_PURCHASE_HISTORY,Keep: Has active purchase/return activity,0
K-3822,KADAMBARI FASHION ,6826,3783,INV2627000153,TRUE,1,1,0,1,1,0,0,1,1,ACTIVE_WITH_PURCHASE_HISTORY,Keep: Has active purchase/return activity,0
K-3874,KADAMBARI FASHION ,6827,3783,,TRUE,1,1,0,0,0,0,1,1,1,ACTIVE_WITH_PURCHASE_HISTORY,Keep: Has active purchase/return activity,0
K-3884,KADAMBARI FASHION ,8347,218,INV2627000965,TRUE,1,1,0,1,1,0,0,1,1,ACTIVE_WITH_PURCHASE_HISTORY,Keep: Has active purchase/return activity,0
K-38880,KADAMBARI FASHION ,8345,218,INV2627000724,TRUE,1,1,0,1,1,0,0,1,1,ACTIVE_WITH_PURCHASE_HISTORY,Keep: Has active purchase/return activity,0
K-3946,KADAMBARI FASHION ,8346,218,,TRUE,1,1,0,0,0,0,1,1,1,ACTIVE_WITH_PURCHASE_HISTORY,Keep: Has active purchase/return activity,0
K-6761 1,AARI,"00000683, 00000684, 00000685, 00000686, 00000687, 00000688, 00000689",5462/25-26,INV2627000492,TRUE,7,1,0,1,1,0,6,7,7,ACTIVE_WITH_PURCHASE_HISTORY,Keep: Has active purchase/return activity,0
K-6762 1,AARI,"00000690, 00000691, 00000692, 00000693, 00000694, 00000695, 00000696",5462/25-26,"INV2627000812, INV2627001048",TRUE,7,1,0,2,2,0,5,7,7,ACTIVE_WITH_PURCHASE_HISTORY,Keep: Has active purchase/return activity,0
K03SR,JDS DESIGN STUDIO PRIVATE LIMITED,4124,JS26-006287,,TRUE,1,1,0,0,0,0,1,1,1,ACTIVE_WITH_PURCHASE_HISTORY,Keep: Has active purchase/return activity,0
K2002-M7//,AMBIKA FASHION EMPIRES,115,AFE/008669/25-26,,TRUE,1,1,0,0,0,0,1,1,1,ACTIVE_WITH_PURCHASE_HISTORY,Keep: Has active purchase/return activity,0
K2076-M7// 12879,AMBIKA FASHION EMPIRES,266,AFE/008674/25-26,,TRUE,1,1,0,0,0,0,1,1,1,ACTIVE_WITH_PURCHASE_HISTORY,Keep: Has active purchase/return activity,0
K2121-M08// 12877,AMBIKA FASHION EMPIRES,265,AFE/008674/25-26,,TRUE,1,1,0,0,0,0,1,1,1,ACTIVE_WITH_PURCHASE_HISTORY,Keep: Has active purchase/return activity,0
K2124-TSC/C107//,AMBIKA FASHION EMPIRES,116,AFE/008669/25-26,,TRUE,1,1,0,0,0,0,1,1,1,ACTIVE_WITH_PURCHASE_HISTORY,Keep: Has active purchase/return activity,0
K2126-TS/C128// 12881,AMBIKA FASHION EMPIRES,268,AFE/008674/25-26,,TRUE,1,1,0,0,0,0,1,1,1,ACTIVE_WITH_PURCHASE_HISTORY,Keep: Has active purchase/return activity,0
K2128-M7// 12880,AMBIKA FASHION EMPIRES,267,AFE/008674/25-26,,TRUE,1,1,0,0,0,0,1,1,1,ACTIVE_WITH_PURCHASE_HISTORY,Keep: Has active purchase/return activity,0
K2985,RAJ COUTURE PVT LTD,4985,RCPL/006490/2526,INV2627000004,TRUE,3,1,0,1,1,0,2,3,1,ACTIVE_WITH_PURCHASE_HISTORY,Keep: Has active purchase/return activity,0
K2989,RAJ COUTURE PVT LTD,4987,RCPL/006490/2526,,TRUE,3,1,0,0,0,0,3,3,1,ACTIVE_WITH_PURCHASE_HISTORY,Keep: Has active purchase/return activity,0
K9270,ENVWOMEN FASHIONS LLP,"00008721, 00008722, 00008723",G007461/25-26,"INV2627000810, INV2627000995",TRUE,3,1,0,2,2,0,1,3,3,ACTIVE_WITH_PURCHASE_HISTORY,Keep: Has active purchase/return activity,0
K9270-B,ENVWOMEN FASHIONS LLP,8724,G007461/25-26,,TRUE,1,1,0,0,0,0,1,1,1,ACTIVE_WITH_PURCHASE_HISTORY,Keep: Has active purchase/return activity,0
K9270-C,ENVWOMEN FASHIONS LLP,8725,G007461/25-26,,TRUE,1,1,0,0,0,0,1,1,1,ACTIVE_WITH_PURCHASE_HISTORY,Keep: Has active purchase/return activity,0
K9270-D,ENVWOMEN FASHIONS LLP,8726,G007461/25-26,,TRUE,1,1,0,0,0,0,1,1,1,ACTIVE_WITH_PURCHASE_HISTORY,Keep: Has active purchase/return activity,0
K9271T,ENVWOMEN FASHIONS LLP,"00008727, 00008728, 00008729",G007461/25-26,"INV2627000782, INV2627000994",TRUE,3,1,0,3,2,0,0,3,3,ACTIVE_WITH_PURCHASE_HISTORY,Keep: Has active purchase/return activity,0
K9271T-B,ENVWOMEN FASHIONS LLP,8730,G007461/25-26,,TRUE,1,1,0,0,0,0,1,1,1,ACTIVE_WITH_PURCHASE_HISTORY,Keep: Has active purchase/return activity,0
K9271T-C,ENVWOMEN FASHIONS LLP,8731,G007461/25-26,,TRUE,1,1,0,0,0,0,1,1,1,ACTIVE_WITH_PURCHASE_HISTORY,Keep: Has active purchase/return activity,0
K9271T-D,ENVWOMEN FASHIONS LLP,8732,G007461/25-26,,TRUE,1,1,0,0,0,0,1,1,1,ACTIVE_WITH_PURCHASE_HISTORY,Keep: Has active purchase/return activity,0
K9274,ENVWOMEN FASHIONS LLP,"00008733, 00008734, 00008735",G007461/25-26,"INV2627000836, INV2627001021",TRUE,3,1,0,2,2,0,1,3,3,ACTIVE_WITH_PURCHASE_HISTORY,Keep: Has active purchase/return activity,0
K9274-B,ENVWOMEN FASHIONS LLP,8736,G007461/25-26,,TRUE,1,1,0,0,0,0,1,1,1,ACTIVE_WITH_PURCHASE_HISTORY,Keep: Has active purchase/return activity,0
K9274-C,ENVWOMEN FASHIONS LLP,8737,G007461/25-26,,TRUE,1,1,0,0,0,0,1,1,1,ACTIVE_WITH_PURCHASE_HISTORY,Keep: Has active purchase/return activity,0
K9274-D,ENVWOMEN FASHIONS LLP,8738,G007461/25-26,,TRUE,1,1,0,0,0,0,1,1,1,ACTIVE_WITH_PURCHASE_HISTORY,Keep: Has active purchase/return activity,0
KA025,MOI CREATION,"00003024, 00003025, 00003026, 00003027, 00003028",711,INV2026000092,TRUE,5,1,0,1,1,0,4,5,5,ACTIVE_WITH_PURCHASE_HISTORY,Keep: Has active purchase/return activity,0
KA027,MOI CREATION,"00003034, 00003035, 00003036, 00003037, 00003038",711,"INV2026000033, INV2627000017",TRUE,5,1,0,2,2,0,3,5,5,ACTIVE_WITH_PURCHASE_HISTORY,Keep: Has active purchase/return activity,0
KAN11043,KANCHANA NEXT,163,KCNS25-26-000801,,TRUE,1,1,0,0,0,0,1,1,1,ACTIVE_WITH_PURCHASE_HISTORY,Keep: Has active purchase/return activity,0
KAN11626,KANCHANA NEXT,168,KCNS25-26-000801,,TRUE,1,1,0,0,0,0,1,1,1,ACTIVE_WITH_PURCHASE_HISTORY,Keep: Has active purchase/return activity,0
KAN12682,KANCHANA NEXT,150,KCNS25-26-000801,INV2627000711,TRUE,1,1,0,1,1,0,0,1,1,ACTIVE_WITH_PURCHASE_HISTORY,Keep: Has active purchase/return activity,0
KAN12683,KANCHANA NEXT,151,KCNS25-26-000801,,TRUE,1,1,0,0,0,0,1,1,1,ACTIVE_WITH_PURCHASE_HISTORY,Keep: Has active purchase/return activity,0
KAN1273,KANCHANA NEXT,,,,TRUE,0,0,0,0,0,0,0,0,0,SAFE_TO_DELETE_IDLE,"Safe to Delete: No purchases, returns, sales, or stock",0
KAN12733,KANCHANA NEXT,152,KCNS25-26-000801,,TRUE,2,1,0,0,0,0,1,1,1,ACTIVE_WITH_PURCHASE_HISTORY,Keep: Has active purchase/return activity,1
KAN13620,KANCHANA NEXT,3856,KCNS25,,TRUE,1,1,0,0,0,0,1,1,1,ACTIVE_WITH_PURCHASE_HISTORY,Keep: Has active purchase/return activity,0
KAN15335,KANCHANA NEXT,153,KCNS25-26-000801,,TRUE,1,1,0,0,0,0,1,1,1,ACTIVE_WITH_PURCHASE_HISTORY,Keep: Has active purchase/return activity,0
KAN18182,KANCHANA NEXT,154,KCNS25-26-000801,,TRUE,1,1,0,0,0,0,1,1,1,ACTIVE_WITH_PURCHASE_HISTORY,Keep: Has active purchase/return activity,0
KAN18202,KANCHANA NEXT,155,KCNS25-26-000801,,TRUE,1,1,0,0,0,0,1,1,1,ACTIVE_WITH_PURCHASE_HISTORY,Keep: Has active purchase/return activity,0
KAN18449,KANCHANA NEXT,159,KCNS25-26-000801,,TRUE,1,1,0,0,0,0,1,1,1,ACTIVE_WITH_PURCHASE_HISTORY,Keep: Has active purchase/return activity,0
KAN18663,KANCHANA NEXT,156,KCNS25-26-000801,,TRUE,1,1,0,0,0,0,1,1,1,ACTIVE_WITH_PURCHASE_HISTORY,Keep: Has active purchase/return activity,0
KAN19000,KANCHANA NEXT,169,KCNS25-26-000801,,TRUE,1,1,0,0,0,0,1,1,1,ACTIVE_WITH_PURCHASE_HISTORY,Keep: Has active purchase/return activity,0
KAN19248,KANCHANA NEXT,160,KCNS25-26-000801,INV2026000327,TRUE,1,1,0,1,1,0,0,1,1,ACTIVE_WITH_PURCHASE_HISTORY,Keep: Has active purchase/return activity,0
KAN19271,KANCHANA NEXT,157,KCNS25-26-000801,,TRUE,1,1,0,0,0,0,1,1,1,ACTIVE_WITH_PURCHASE_HISTORY,Keep: Has active purchase/return activity,0
KAN19398,KANCHANA NEXT,164,KCNS25-26-000801,,TRUE,1,1,0,0,0,0,1,1,1,ACTIVE_WITH_PURCHASE_HISTORY,Keep: Has active purchase/return activity,0
KAN19965,KANCHANA NEXT,162,KCNS25-26-000801,,TRUE,1,1,0,0,0,0,1,1,1,ACTIVE_WITH_PURCHASE_HISTORY,Keep: Has active purchase/return activity,0
KAN20606,KANCHANA NEXT,165,KCNS25-26-000801,,TRUE,1,1,0,0,0,0,1,1,1,ACTIVE_WITH_PURCHASE_HISTORY,Keep: Has active purchase/return activity,0
KAN6105,KANCHANA NEXT,158,KCNS25-26-000801,,TRUE,1,1,0,0,0,0,1,1,1,ACTIVE_WITH_PURCHASE_HISTORY,Keep: Has active purchase/return activity,0
KAN8264,KANCHANA NEXT,166,KCNS25-26-000801,,TRUE,1,1,0,0,0,0,1,1,1,ACTIVE_WITH_PURCHASE_HISTORY,Keep: Has active purchase/return activity,0
KAN8763,KANCHANA NEXT,161,KCNS25-26-000801,,TRUE,1,1,0,0,0,0,1,1,1,ACTIVE_WITH_PURCHASE_HISTORY,Keep: Has active purchase/return activity,0
KAN9280,KANCHANA NEXT,170,KCNS25-26-000801,,TRUE,1,1,0,0,0,0,1,1,1,ACTIVE_WITH_PURCHASE_HISTORY,Keep: Has active purchase/return activity,0
KAN9967,KANCHANA NEXT,167,KCNS25-26-000801,INV2627000908,TRUE,1,1,0,1,1,0,0,1,1,ACTIVE_WITH_PURCHASE_HISTORY,Keep: Has active purchase/return activity,0
KASHISH-5001-B,HARSHRINGAR,6255,HS/25-26/552,,TRUE,1,1,0,0,0,0,1,1,1,ACTIVE_WITH_PURCHASE_HISTORY,Keep: Has active purchase/return activity,0
KASHISH-5001-P,HARSHRINGAR,6254,HS/25-26/552,INV2627000640,TRUE,1,1,0,1,1,0,0,1,1,ACTIVE_WITH_PURCHASE_HISTORY,Keep: Has active purchase/return activity,0
KASHISH-5002-C,HARSHRINGAR,6259,HS/25-26/552,,TRUE,1,1,0,0,0,0,1,1,1,ACTIVE_WITH_PURCHASE_HISTORY,Keep: Has active purchase/return activity,0
KASHISH-5002-Y,HARSHRINGAR,6258,HS/25-26/552,,TRUE,1,1,0,0,0,0,1,1,1,ACTIVE_WITH_PURCHASE_HISTORY,Keep: Has active purchase/return activity,0
KDS-25/112,KANYA ,2829,25-26/5625,,TRUE,1,1,0,0,0,0,1,1,1,ACTIVE_WITH_PURCHASE_HISTORY,Keep: Has active purchase/return activity,0
KDS-25/140,KANYA ,1320,5638,INV2627000247,TRUE,1,1,0,1,1,0,0,1,1,ACTIVE_WITH_PURCHASE_HISTORY,Keep: Has active purchase/return activity,0
KDS-25/167,KANYA ,2968,25-26/5584,INV2627000204,TRUE,1,1,0,1,1,0,0,1,1,ACTIVE_WITH_PURCHASE_HISTORY,Keep: Has active purchase/return activity,0
KDS-25/170,KANYA ,2972,25-26/5584,,TRUE,1,1,0,0,0,0,1,1,1,ACTIVE_WITH_PURCHASE_HISTORY,Keep: Has active purchase/return activity,0
KDS-25/174,KANYA ,2971,25-26/5584,,TRUE,1,1,0,0,0,0,1,1,1,ACTIVE_WITH_PURCHASE_HISTORY,Keep: Has active purchase/return activity,0
KDS-26/04,KANYA ,2970,25-26/5584,INV2627000088,TRUE,1,1,0,1,1,0,0,1,1,ACTIVE_WITH_PURCHASE_HISTORY,Keep: Has active purchase/return activity,0
KDS-26/07,KANYA ,2828,25-26/5625,,TRUE,1,1,0,0,0,0,1,1,1,ACTIVE_WITH_PURCHASE_HISTORY,Keep: Has active purchase/return activity,0
KFS-102,RUPDARSHI HERITAGE PVT LTD,"00002786, 00006343",RDS/006474/25-26,"INV2026000181, INV2026000324, INV2026000355, INV2026000357",TRUE,4,1,0,4,4,0,2,4,2,ACTIVE_WITH_PURCHASE_HISTORY,Keep: Has active purchase/return activity,-2
KFS-113,RUPDARSHI HERITAGE PVT LTD,"00002788, 00006345",RDS/006474/25-26,"INV2026000223, INV2026000285, INV2026000421, INV2627000042",TRUE,4,1,0,4,4,0,2,4,2,ACTIVE_WITH_PURCHASE_HISTORY,Keep: Has active purchase/return activity,-2
KFS-92,RUPDARSHI DESIGNS PRIVATE LIMITED,"00002787, 00006344",RDS/006474/25-26,,TRUE,3,1,0,0,0,0,3,3,2,ACTIVE_WITH_PURCHASE_HISTORY,Keep: Has active purchase/return activity,0
KFS105,RUPDARSHI HERITAGE PVT LTD,"00003047, 00006315",RDS/006475/25-26,,TRUE,3,1,0,0,0,0,3,3,2,ACTIVE_WITH_PURCHASE_HISTORY,Keep: Has active purchase/return activity,0
KFS115,RUPDARSHI HERITAGE PVT LTD,"00003050, 00006318",RDS/006475/25-26,,TRUE,2,1,0,0,0,0,2,2,2,ACTIVE_WITH_PURCHASE_HISTORY,Keep: Has active purchase/return activity,0
KFS120,RUPDARSHI HERITAGE PVT LTD,"00003046, 00006314",RDS/006475/25-26,,TRUE,4,1,0,0,0,0,4,4,2,ACTIVE_WITH_PURCHASE_HISTORY,Keep: Has active purchase/return activity,0
KFS55,RUPDARSHI HERITAGE PVT LTD,"00003045, 00006313",RDS/006475/25-26,,TRUE,3,1,0,0,0,0,3,3,2,ACTIVE_WITH_PURCHASE_HISTORY,Keep: Has active purchase/return activity,0
KFS58,RUPDARSHI DESIGNS PRIVATE LIMITED,"00002943, 00002944, 00006321, 00006322",RDS/006476/25-26,"INV2026000268, INV2627000160",TRUE,3,1,0,2,2,0,3,5,4,ACTIVE_WITH_PURCHASE_HISTORY,Keep: Has active purchase/return activity,-2
KFS95,RUPDARSHI DESIGNS PRIVATE LIMITED,"00003048, 00006316",RDS/006475/25-26,,TRUE,3,1,0,0,0,0,3,3,2,ACTIVE_WITH_PURCHASE_HISTORY,Keep: Has active purchase/return activity,0
KI-25/315,KANYA ,2969,25-26/5584,,TRUE,1,1,0,0,0,0,1,1,1,ACTIVE_WITH_PURCHASE_HISTORY,Keep: Has active purchase/return activity,0
KJ-091,NIRMAL CREATIONS,2889,NC/009561/25-26,,TRUE,1,1,0,0,0,0,1,1,1,ACTIVE_WITH_PURCHASE_HISTORY,Keep: Has active purchase/return activity,0
KKK-531-KL,HARSHRINGAR,6191,HS/25-26/552,,TRUE,1,1,0,0,0,0,1,1,1,ACTIVE_WITH_PURCHASE_HISTORY,Keep: Has active purchase/return activity,0
KKK-531-P,HARSHRINGAR,6190,HS/25-26/552,,TRUE,1,1,0,0,0,0,1,1,1,ACTIVE_WITH_PURCHASE_HISTORY,Keep: Has active purchase/return activity,0
KKK-531-Y,HARSHRINGAR,6189,HS/25-26/552,,TRUE,1,1,0,0,0,0,1,1,1,ACTIVE_WITH_PURCHASE_HISTORY,Keep: Has active purchase/return activity,0
KKK-601-G,HARSHRINGAR,6230,HS/25-26/552,,TRUE,1,1,0,0,0,0,1,1,1,ACTIVE_WITH_PURCHASE_HISTORY,Keep: Has active purchase/return activity,0
KKK-601-P,HARSHRINGAR,"00006228, 00006229",HS/25-26/552,,TRUE,2,1,0,0,0,0,2,2,2,ACTIVE_WITH_PURCHASE_HISTORY,Keep: Has active purchase/return activity,0
KKK-610-W,HARSHRINGAR,6204,HS/25-26/552,,TRUE,4,1,0,0,0,0,4,4,1,ACTIVE_WITH_PURCHASE_HISTORY,Keep: Has active purchase/return activity,0
KKK-615-G,HARSHRINGAR,6238,HS/25-26/552,,TRUE,1,1,0,0,0,0,1,1,1,ACTIVE_WITH_PURCHASE_HISTORY,Keep: Has active purchase/return activity,0
KKK-615-P,HARSHRINGAR,6239,HS/25-26/552,INV2627000216,TRUE,1,1,0,1,1,0,0,1,1,ACTIVE_WITH_PURCHASE_HISTORY,Keep: Has active purchase/return activity,0
KKK-615-Y,HARSHRINGAR,6237,HS/25-26/552,,TRUE,1,1,0,0,0,0,1,1,1,ACTIVE_WITH_PURCHASE_HISTORY,Keep: Has active purchase/return activity,0
KKK-617-G,HARSHRINGAR,6244,HS/25-26/552,,TRUE,1,1,0,0,0,0,1,1,1,ACTIVE_WITH_PURCHASE_HISTORY,Keep: Has active purchase/return activity,0
KKK-617-P,HARSHRINGAR,6245,HS/25-26/552,,TRUE,1,1,0,0,0,0,1,1,1,ACTIVE_WITH_PURCHASE_HISTORY,Keep: Has active purchase/return activity,0
KKK-617-Y,HARSHRINGAR,6243,HS/25-26/552,,TRUE,1,1,0,0,0,0,1,1,1,ACTIVE_WITH_PURCHASE_HISTORY,Keep: Has active purchase/return activity,0
KKK-618-G,HARSHRINGAR,6241,HS/25-26/552,INV2627000578,TRUE,1,1,0,1,1,0,0,1,1,ACTIVE_WITH_PURCHASE_HISTORY,Keep: Has active purchase/return activity,0
KKK-618-P,HARSHRINGAR,6242,HS/25-26/552,INV2627000343,TRUE,1,1,0,1,1,0,0,1,1,ACTIVE_WITH_PURCHASE_HISTORY,Keep: Has active purchase/return activity,0
KKK-618-Y,HARSHRINGAR,6240,HS/25-26/552,,TRUE,1,1,0,0,0,0,1,1,1,ACTIVE_WITH_PURCHASE_HISTORY,Keep: Has active purchase/return activity,0
KKK-628-B,HARSHRINGAR,6200,HS/25-26/552,INV2026000359,TRUE,1,1,0,1,1,0,0,1,1,ACTIVE_WITH_PURCHASE_HISTORY,Keep: Has active purchase/return activity,0
KKK-628-P,HARSHRINGAR,6201,HS/25-26/552,,TRUE,1,1,0,0,0,0,1,1,1,ACTIVE_WITH_PURCHASE_HISTORY,Keep: Has active purchase/return activity,0
KKK-628-R,HARSHRINGAR,6203,HS/25-26/552,INV2627000553,TRUE,1,1,0,1,1,0,0,1,1,ACTIVE_WITH_PURCHASE_HISTORY,Keep: Has active purchase/return activity,0
KKK-628-Y,HARSHRINGAR,6202,HS/25-26/552,INV2627000299,TRUE,1,1,0,1,1,0,0,1,1,ACTIVE_WITH_PURCHASE_HISTORY,Keep: Has active purchase/return activity,0
KO2523937,S.N.D DESIGNERS STUDIO,"00001470, 00001472",RC/2526/02/03754,,TRUE,2,1,0,0,0,0,2,2,2,ACTIVE_WITH_PURCHASE_HISTORY,Keep: Has active purchase/return activity,0
KO2524456,S.N.D DESIGNERS STUDIO,1471,RC/2526/02/03754,,TRUE,1,1,0,0,0,0,1,1,1,ACTIVE_WITH_PURCHASE_HISTORY,Keep: Has active purchase/return activity,0
KOHINOOR-001-G,HARSHRINGAR,6248,HS/25-26/552,INV2627000683,TRUE,1,1,0,1,1,0,0,1,1,ACTIVE_WITH_PURCHASE_HISTORY,Keep: Has active purchase/return activity,0
KOHINOOR-001-P,HARSHRINGAR,6246,HS/25-26/552,,TRUE,1,1,0,0,0,0,1,1,1,ACTIVE_WITH_PURCHASE_HISTORY,Keep: Has active purchase/return activity,0
KOHINOOR-001-W,HARSHRINGAR,6247,HS/25-26/552,INV2627000385,TRUE,1,1,0,1,1,0,0,1,1,ACTIVE_WITH_PURCHASE_HISTORY,Keep: Has active purchase/return activity,0
KOHINOOR-003-B,HARSHRINGAR,6196,HS/25-26/552,,TRUE,1,1,0,0,0,0,1,1,1,ACTIVE_WITH_PURCHASE_HISTORY,Keep: Has active purchase/return activity,0
KOHINOOR-003-G,HARSHRINGAR,6195,HS/25-26/552,,TRUE,1,1,0,0,0,0,1,1,1,ACTIVE_WITH_PURCHASE_HISTORY,Keep: Has active purchase/return activity,0
KOHINOOR-003-P,HARSHRINGAR,6194,HS/25-26/552,,TRUE,1,1,0,0,0,0,1,1,1,ACTIVE_WITH_PURCHASE_HISTORY,Keep: Has active purchase/return activity,0
KOHINOOR-014-B,HARSHRINGAR,6219,HS/25-26/552,,TRUE,1,1,0,0,0,0,1,1,1,ACTIVE_WITH_PURCHASE_HISTORY,Keep: Has active purchase/return activity,0
KOHINOOR-014-C,HARSHRINGAR,6218,HS/25-26/552,,TRUE,1,1,0,0,0,0,1,1,1,ACTIVE_WITH_PURCHASE_HISTORY,Keep: Has active purchase/return activity,0
KOHINOOR-014-G,HARSHRINGAR,6217,HS/25-26/552,,TRUE,1,1,0,0,0,0,1,1,1,ACTIVE_WITH_PURCHASE_HISTORY,Keep: Has active purchase/return activity,0
KOHINOOR-014-P,HARSHRINGAR,6216,HS/25-26/552,,TRUE,1,1,0,0,0,0,1,1,1,ACTIVE_WITH_PURCHASE_HISTORY,Keep: Has active purchase/return activity,0
KOHINOOR-015-B,HARSHRINGAR,6220,HS/25-26/552,,TRUE,1,1,0,0,0,0,1,1,1,ACTIVE_WITH_PURCHASE_HISTORY,Keep: Has active purchase/return activity,0
KOHINOOR-015-C,HARSHRINGAR,6222,HS/25-26/552,,TRUE,1,1,0,0,0,0,1,1,1,ACTIVE_WITH_PURCHASE_HISTORY,Keep: Has active purchase/return activity,0
KOHINOOR-015-G,HARSHRINGAR,6221,HS/25-26/552,,TRUE,1,1,0,0,0,0,1,1,1,ACTIVE_WITH_PURCHASE_HISTORY,Keep: Has active purchase/return activity,0
KOHINOOR-024-G,HARSHRINGAR,6223,HS/25-26/552,,TRUE,3,1,0,0,0,0,3,3,1,ACTIVE_WITH_PURCHASE_HISTORY,Keep: Has active purchase/return activity,0
KOHINOOR-028-C,HARSHRINGAR,6198,HS/25-26/552,INV2026000421,TRUE,1,1,0,1,1,0,0,1,1,ACTIVE_WITH_PURCHASE_HISTORY,Keep: Has active purchase/return activity,0
KOHINOOR-028-P,HARSHRINGAR,6197,HS/25-26/552,INV2627000530,TRUE,1,1,0,1,1,0,0,1,1,ACTIVE_WITH_PURCHASE_HISTORY,Keep: Has active purchase/return activity,0
KOHINOOR-028-Y,HARSHRINGAR,6199,HS/25-26/552,INV2026000377,TRUE,1,1,0,1,1,0,0,1,1,ACTIVE_WITH_PURCHASE_HISTORY,Keep: Has active purchase/return activity,0
KOHINOOR-029-G,HARSHRINGAR,6225,HS/25-26/552,INV2026000150,TRUE,1,1,0,1,1,0,0,1,1,ACTIVE_WITH_PURCHASE_HISTORY,Keep: Has active purchase/return activity,0
KOHINOOR-029-L,HARSHRINGAR,6227,HS/25-26/552,INV2627000183,TRUE,1,1,0,1,1,0,0,1,1,ACTIVE_WITH_PURCHASE_HISTORY,Keep: Has active purchase/return activity,0
KOHINOOR-029-W,HARSHRINGAR,6226,HS/25-26/552,,TRUE,1,1,0,0,0,0,1,1,1,ACTIVE_WITH_PURCHASE_HISTORY,Keep: Has active purchase/return activity,0
KOHINOOR-029-Y,HARSHRINGAR,6224,HS/25-26/552,,TRUE,1,1,0,0,0,0,1,1,1,ACTIVE_WITH_PURCHASE_HISTORY,Keep: Has active purchase/return activity,0
KP-153,OJAS COUTURE LLP,"00007667, 00007668, 00007669",56/26-27,"INV2627000605, INV2627000802",TRUE,3,1,0,2,2,0,1,3,3,ACTIVE_WITH_PURCHASE_HISTORY,Keep: Has active purchase/return activity,0
KP-174,OJAS COUTURE LLP,"00003365, 00003366, 00003367",1722/25-26,"INV2026000088, INV2026000117, INV2026000142, INV2627000489",TRUE,3,1,0,4,4,1,0,3,3,ACTIVE_WITH_PURCHASE_HISTORY,Keep: Has active purchase/return activity,0
KP-206,OJAS COUTURE LLP,"00003374, 00003375, 00003376",1722/25-26,"INV2026000273, INV2627000054, INV2627000067",TRUE,3,1,0,3,3,0,0,3,3,ACTIVE_WITH_PURCHASE_HISTORY,Keep: Has active purchase/return activity,0
KP-266,OJAS COUTURE LLP,"00007989, 00007990, 00007991, 00009401","199/26-27, 340/26-27","INV2627000782, INV2627000786, INV2627001014",TRUE,4,2,0,3,3,0,1,4,4,ACTIVE_WITH_PURCHASE_HISTORY,Keep: Has active purchase/return activity,0
KP-270,OJAS COUTURE LLP,"00007737, 00007738, 00007739",109/26-27,INV2627000832,TRUE,3,1,0,1,1,0,2,3,3,ACTIVE_WITH_PURCHASE_HISTORY,Keep: Has active purchase/return activity,0
KP-273,OJAS COUTURE LLP,"00003371, 00003372, 00003373",1722/25-26,"INV2026000162, INV2026000284, INV2627000217",TRUE,3,1,0,3,3,0,0,3,3,ACTIVE_WITH_PURCHASE_HISTORY,Keep: Has active purchase/return activity,0
KP-285,OJAS COUTURE LLP,"00006154, 00006155, 00006156",1803/25-26,INV2627000039,TRUE,3,1,0,1,1,0,2,3,3,ACTIVE_WITH_PURCHASE_HISTORY,Keep: Has active purchase/return activity,0
KP-360,OJAS COUTURE LLP,"00007734, 00007735, 00007736",91/26-27,INV2627000781,TRUE,3,1,0,1,1,0,2,3,3,ACTIVE_WITH_PURCHASE_HISTORY,Keep: Has active purchase/return activity,0
KP-361,OJAS COUTURE LLP,"00007080, 00007081, 00007082",1874/25-26,INV2627000497,TRUE,3,1,0,1,1,0,2,3,3,ACTIVE_WITH_PURCHASE_HISTORY,Keep: Has active purchase/return activity,0
KP-363,OJAS COUTURE LLP,"00007083, 00007084, 00007085",1874/25-26,INV2627000665,TRUE,3,1,0,1,1,0,2,3,3,ACTIVE_WITH_PURCHASE_HISTORY,Keep: Has active purchase/return activity,0
KP-364,OJAS COUTURE LLP,"00009186, 00009187, 00009188",293/26-27,,TRUE,3,1,0,0,0,0,3,3,3,ACTIVE_WITH_PURCHASE_HISTORY,Keep: Has active purchase/return activity,0
KP-365,OJAS COUTURE LLP,"00007740, 00007741, 00007742",109/26-27,"INV2627000505, INV2627000870",TRUE,3,1,0,2,2,0,1,3,3,ACTIVE_WITH_PURCHASE_HISTORY,Keep: Has active purchase/return activity,0
KP-372,OJAS COUTURE LLP,"00009189, 00009190, 00009191",328/26-27,,TRUE,3,1,0,0,0,0,3,3,3,ACTIVE_WITH_PURCHASE_HISTORY,Keep: Has active purchase/return activity,0
KP-395,OJAS COUTURE LLP,"00009451, 00009452, 00009453",341/26-27,,TRUE,3,1,0,0,0,0,3,3,3,ACTIVE_WITH_PURCHASE_HISTORY,Keep: Has active purchase/return activity,0
KP-402,OJAS COUTURE LLP,"00003377, 00003378, 00003379, 00007210, 00007211, 00007212","1722/25-26, 1904/25-26","INV2026000093, INV2026000128, INV2026000273, INV2627000512",TRUE,6,2,0,4,4,0,2,6,6,ACTIVE_WITH_PURCHASE_HISTORY,Keep: Has active purchase/return activity,0
KP-415,OJAS COUTURE LLP,"00006672, 00006673, 00006674",1864/25-26,"INV2627000185, INV2627000211, INV2627000753",TRUE,3,1,0,3,3,0,0,3,3,ACTIVE_WITH_PURCHASE_HISTORY,Keep: Has active purchase/return activity,0
KP-419,OJAS COUTURE LLP,"00007213, 00007214, 00007215",1904/25-26,INV2627000868,TRUE,3,1,0,1,1,0,2,3,3,ACTIVE_WITH_PURCHASE_HISTORY,Keep: Has active purchase/return activity,0
KP-428,OJAS COUTURE LLP,"00007207, 00007208, 00007209",1904/25-26,"INV2627000374, INV2627000449",TRUE,3,1,0,2,2,0,1,3,3,ACTIVE_WITH_PURCHASE_HISTORY,Keep: Has active purchase/return activity,0
KP272,OJAS COUTURE LLP,"00003449, 00003450, 00003451",1640/25-26,INV2026000402,TRUE,3,1,0,1,1,0,2,3,3,ACTIVE_WITH_PURCHASE_HISTORY,Keep: Has active purchase/return activity,0
KP321,OJAS COUTURE LLP,"00003434, 00003435, 00003436",1640/25-26,"INV2627000649, INV2627000702, INV2627000725, INV2627000959",TRUE,3,1,0,4,4,1,1,5,3,ACTIVE_WITH_PURCHASE_HISTORY,Keep: Has active purchase/return activity,-1
KP327,OJAS COUTURE LLP,"00003437, 00003438, 00003439",1640/25-26,"INV2026000273, INV2026000287, INV2627000939",TRUE,3,1,0,3,3,0,2,5,3,ACTIVE_WITH_PURCHASE_HISTORY,Keep: Has active purchase/return activity,-2
KP3602,OJAS COUTURE LLP,"00003461, 00003462, 00003463",1640/25-26,INV2627000383,TRUE,3,1,0,1,1,0,2,3,3,ACTIVE_WITH_PURCHASE_HISTORY,Keep: Has active purchase/return activity,0
KP3607,OJAS COUTURE LLP,"00003446, 00003447, 00003448",1640/25-26,,TRUE,3,1,0,0,0,0,3,3,3,ACTIVE_WITH_PURCHASE_HISTORY,Keep: Has active purchase/return activity,0
KP380,OJAS COUTURE LLP,"00003431, 00003432, 00003433",1640/25-26,"INV2026000273, INV2026000287, INV2627000237",TRUE,3,1,0,3,3,0,2,5,3,ACTIVE_WITH_PURCHASE_HISTORY,Keep: Has active purchase/return activity,-2
KR-314,ISHUM DESIGNS,3577,ID/10871/2025-26,INV2026000098,TRUE,2,1,0,1,1,0,1,2,1,ACTIVE_WITH_PURCHASE_HISTORY,Keep: Has active purchase/return activity,0
KRKD-75,SADBHAVANA ENTERPRISES,3492,11793,,TRUE,1,1,0,0,0,0,1,1,1,ACTIVE_WITH_PURCHASE_HISTORY,Keep: Has active purchase/return activity,0
KRUPA-G,KARISHAMA LEGACY LLP,6075,KL/25-26/16915,INV2627000336,TRUE,1,1,0,1,1,0,0,1,1,ACTIVE_WITH_PURCHASE_HISTORY,Keep: Has active purchase/return activity,0
KRUPA-P,KARISHAMA LEGACY LLP,6074,KL/25-26/16915,,TRUE,1,1,0,0,0,0,1,1,1,ACTIVE_WITH_PURCHASE_HISTORY,Keep: Has active purchase/return activity,0
KRUPA-R,KARISHAMA LEGACY LLP,6076,KL/25-26/16915,,TRUE,1,1,0,0,0,0,1,1,1,ACTIVE_WITH_PURCHASE_HISTORY,Keep: Has active purchase/return activity,0
KS,VSB VASTTRAM PVT LTD,7646,VSBV/9661/25-26,INV2627000994,TRUE,1,1,0,1,1,0,0,1,1,ACTIVE_WITH_PURCHASE_HISTORY,Keep: Has active purchase/return activity,0
KS-526 W,ESSENCE COLLECTION PVT LTD,"00000467, 00000868, 00000869, 00000870, 00000871",698,"INV2026000161, INV2026000202, INV2627000741",TRUE,5,1,0,3,3,0,2,5,5,ACTIVE_WITH_PURCHASE_HISTORY,Keep: Has active purchase/return activity,0
KS-602 BR,ESSENCE COLLECTION PVT LTD,"00000459, 00000460, 00000461, 00000866, 00000867",698,"INV2026000127, INV2026000352, INV2026000356, INV2627000629",TRUE,5,1,0,4,4,0,5,9,5,ACTIVE_WITH_PURCHASE_HISTORY,Keep: Has active purchase/return activity,-4
KS-602 WH,ESSENCE COLLECTION PVT LTD,"00000462, 00000463, 00000863, 00000864, 00000865",698,"INV2026000161, INV2026000318, INV2026000400",TRUE,5,1,0,3,3,0,6,9,5,ACTIVE_WITH_PURCHASE_HISTORY,Keep: Has active purchase/return activity,-4
KS-610,ESSENCE COLLECTION PVT LTD,"00007675, 00007676, 00007677",2,,TRUE,3,1,0,0,0,0,3,3,3,ACTIVE_WITH_PURCHASE_HISTORY,Keep: Has active purchase/return activity,0
KS-610-B,ESSENCE COLLECTION PVT LTD,"00007678, 00007679",2,,TRUE,2,1,0,0,0,0,2,2,2,ACTIVE_WITH_PURCHASE_HISTORY,Keep: Has active purchase/return activity,0
KS-611 BR,ESSENCE COLLECTION PVT LTD,"00000429, 00000430, 00000431, 00000818, 00000819",698,INV2627000016,TRUE,5,1,0,1,1,0,4,5,5,ACTIVE_WITH_PURCHASE_HISTORY,Keep: Has active purchase/return activity,0
KS-611 YL,ESSENCE COLLECTION PVT LTD,"00000432, 00000433, 00000820, 00000821, 00000822",698,"INV2627000077, INV2627000847",TRUE,5,1,0,2,2,0,7,9,5,ACTIVE_WITH_PURCHASE_HISTORY,Keep: Has active purchase/return activity,-4
KS-623 BR,ESSENCE COLLECTION PVT LTD,"00000434, 00000435, 00000436, 00000823, 00000824",698,"INV2026000116, INV2026000127, INV2026000199, INV2627000672, INV2627000934",TRUE,5,1,0,5,5,0,0,5,5,ACTIVE_WITH_PURCHASE_HISTORY,Keep: Has active purchase/return activity,0
KS-631,ESSENCE COLLECTION PVT LTD,8858,77,INV2627000755,TRUE,1,1,0,1,1,0,0,1,1,ACTIVE_WITH_PURCHASE_HISTORY,Keep: Has active purchase/return activity,0
KS-631 PK,ESSENCE COLLECTION PVT LTD,"00000444, 00000445, 00000446, 00000825, 00000826",698,"INV2026000139, INV2026000274, INV2026000310, INV2627000054",TRUE,5,1,0,4,4,0,3,7,5,ACTIVE_WITH_PURCHASE_HISTORY,Keep: Has active purchase/return activity,-2
KS-631 YL,ESSENCE COLLECTION PVT LTD,"00000447, 00000448, 00000827, 00000828, 00000829",698,"INV2026000113, INV2026000274, INV2627000975",TRUE,5,1,0,3,3,0,4,7,5,ACTIVE_WITH_PURCHASE_HISTORY,Keep: Has active purchase/return activity,-2
KS-639 P,ESSENCE COLLECTION PVT LTD,"00000437, 00000438, 00000874, 00000875, 00000876",698,"INV2627000312, INV2627000343, INV2627000975, INV2627000976",TRUE,5,1,0,4,4,0,1,5,5,ACTIVE_WITH_PURCHASE_HISTORY,Keep: Has active purchase/return activity,0
KS138,OJAS COUTURE LLP,"00003452, 00003453, 00003454",1640/25-26,INV2627000149,TRUE,3,1,0,1,1,0,2,3,3,ACTIVE_WITH_PURCHASE_HISTORY,Keep: Has active purchase/return activity,0
KSD-12-GREEN,VARIMA FASHIONS PVT LTD,9307,VFPL0075,,TRUE,1,1,0,0,0,0,1,1,1,ACTIVE_WITH_PURCHASE_HISTORY,Keep: Has active purchase/return activity,0
KSD-12-GREY,VARIMA FASHIONS PVT LTD,9304,VFPL0075,,TRUE,1,1,0,0,0,0,1,1,1,ACTIVE_WITH_PURCHASE_HISTORY,Keep: Has active purchase/return activity,0
KSD-12-PINK,VARIMA FASHIONS PVT LTD,9306,VFPL0075,,TRUE,1,1,0,0,0,0,1,1,1,ACTIVE_WITH_PURCHASE_HISTORY,Keep: Has active purchase/return activity,0
KSD-12-YELLOW,VARIMA FASHIONS PVT LTD,9305,VFPL0075,,TRUE,1,1,0,0,0,0,1,1,1,ACTIVE_WITH_PURCHASE_HISTORY,Keep: Has active purchase/return activity,0
KSD-19-GREEN,VARIMA FASHIONS PVT LTD,9308,VFPL0075,,TRUE,1,1,0,0,0,0,1,1,1,ACTIVE_WITH_PURCHASE_HISTORY,Keep: Has active purchase/return activity,0
KSD-19-GREY,VARIMA FASHIONS PVT LTD,9309,VFPL0075,,TRUE,1,1,0,0,0,0,1,1,1,ACTIVE_WITH_PURCHASE_HISTORY,Keep: Has active purchase/return activity,0
KSD-19-PEACH,VARIMA FASHIONS PVT LTD,9311,VFPL0075,,TRUE,1,1,0,0,0,0,1,1,1,ACTIVE_WITH_PURCHASE_HISTORY,Keep: Has active purchase/return activity,0
KSD-19-YELLOW,VARIMA FASHIONS PVT LTD,9310,VFPL0075,,TRUE,1,1,0,0,0,0,1,1,1,ACTIVE_WITH_PURCHASE_HISTORY,Keep: Has active purchase/return activity,0
KSS-132,JAGADISH DAS & CO.,3602,HO26-002479,,TRUE,1,1,0,0,0,0,1,1,1,ACTIVE_WITH_PURCHASE_HISTORY,Keep: Has active purchase/return activity,0
KSS-137,JAGADISH DAS & CO.,3603,HO26-002479,,TRUE,1,1,0,0,0,0,1,1,1,ACTIVE_WITH_PURCHASE_HISTORY,Keep: Has active purchase/return activity,0
KSS-165,JAGADISH DAS & CO.,3604,HO26-002479,,TRUE,1,1,0,0,0,0,1,1,1,ACTIVE_WITH_PURCHASE_HISTORY,Keep: Has active purchase/return activity,0
KSS-301,JAGADISH DAS & CO.,3572,H026-002483,,TRUE,1,1,0,0,0,0,1,1,1,ACTIVE_WITH_PURCHASE_HISTORY,Keep: Has active purchase/return activity,0
KSW-2108  GY,ESSENCE COLLECTION PVT LTD,882,698,,TRUE,1,1,0,0,0,0,1,1,1,ACTIVE_WITH_PURCHASE_HISTORY,Keep: Has active purchase/return activity,0
KSW-2108 BR,ESSENCE COLLECTION PVT LTD,880,698,,TRUE,1,1,0,0,0,0,1,1,1,ACTIVE_WITH_PURCHASE_HISTORY,Keep: Has active purchase/return activity,0
KSW-2108 GD,ESSENCE COLLECTION PVT LTD,878,698,INV2627000843,TRUE,1,1,0,1,1,0,0,1,1,ACTIVE_WITH_PURCHASE_HISTORY,Keep: Has active purchase/return activity,0
KSW-2108 GR,ESSENCE COLLECTION PVT LTD,883,698,,TRUE,1,1,0,0,0,0,1,1,1,ACTIVE_WITH_PURCHASE_HISTORY,Keep: Has active purchase/return activity,0
KT-18-A,ESSENCE COLLECTION PVT LTD,8855,,,TRUE,0,0,0,0,0,0,1,1,1,ORPHAN_WITH_STOCK,Audit: Has physical stock/printed barcodes but no purchase record,-1
KT-18-A-B,ESSENCE COLLECTION PVT LTD,"00008856, 00008857",,,TRUE,0,0,0,0,0,0,1,1,2,ORPHAN_WITH_STOCK,Audit: Has physical stock/printed barcodes but no purchase record,-1
KU-119F,NIRMAL CREATIONS,1049,NC/009559/25-26,,TRUE,1,1,0,0,0,0,1,1,1,ACTIVE_WITH_PURCHASE_HISTORY,Keep: Has active purchase/return activity,0
KU-177,NIRMAL CREATIONS,1373,NC/009562/25-26,,TRUE,1,1,0,0,0,0,1,1,1,ACTIVE_WITH_PURCHASE_HISTORY,Keep: Has active purchase/return activity,0
KU-248C,NIRMAL CREATIONS,1057,NC/009559/25-26,,TRUE,1,1,0,0,0,0,1,1,1,ACTIVE_WITH_PURCHASE_HISTORY,Keep: Has active purchase/return activity,0
KU-248F,NIRMAL CREATIONS,1056,NC/009559/25-26,,TRUE,1,1,0,0,0,0,1,1,1,ACTIVE_WITH_PURCHASE_HISTORY,Keep: Has active purchase/return activity,0
KU-253,NIRMAL CREATIONS,1053,NC/009559/25-26,,TRUE,1,1,0,0,0,0,1,1,1,ACTIVE_WITH_PURCHASE_HISTORY,Keep: Has active purchase/return activity,0
KU-253 2,NIRMAL CREATIONS,1054,NC/009559/25-26,,TRUE,1,1,0,0,0,0,1,1,1,ACTIVE_WITH_PURCHASE_HISTORY,Keep: Has active purchase/return activity,0
KU-253 3,NIRMAL CREATIONS,1055,NC/009559/25-26,INV2026000027,TRUE,1,1,0,1,1,0,0,1,1,ACTIVE_WITH_PURCHASE_HISTORY,Keep: Has active purchase/return activity,0
KU-302 i,NIRMAL CREATIONS,1052,NC/009559/25-26,INV2627000811,TRUE,1,1,0,1,1,0,0,1,1,ACTIVE_WITH_PURCHASE_HISTORY,Keep: Has active purchase/return activity,0
KU-302A,NIRMAL CREATIONS,1051,NC/009559/25-26,INV2026000105,TRUE,1,1,0,1,1,0,0,1,1,ACTIVE_WITH_PURCHASE_HISTORY,Keep: Has active purchase/return activity,0
KU-319G,NIRMAL CREATIONS,1050,NC/009559/25-26,INV2026000247,TRUE,1,1,0,1,1,0,0,1,1,ACTIVE_WITH_PURCHASE_HISTORY,Keep: Has active purchase/return activity,0
KW-2511-PL P,ESSENCE COLLECTION PVT LTD,"00000457, 00000458, 00000860, 00000861, 00000862",698,"INV2026000386, INV2627000280, INV2627000746, INV2627000914",TRUE,5,1,0,5,4,0,2,7,5,ACTIVE_WITH_PURCHASE_HISTORY,Keep: Has active purchase/return activity,-2
KW-2511/PL B,ESSENCE COLLECTION PVT LTD,"00000454, 00000455, 00000456, 00000858, 00000859",698,"INV2026000338, INV2627000461, INV2627000842, INV2627000910",TRUE,5,1,0,4,4,0,1,5,5,ACTIVE_WITH_PURCHASE_HISTORY,Keep: Has active purchase/return activity,0
KW-639 G,ESSENCE COLLECTION PVT LTD,"00000464, 00000465, 00000466, 00000872, 00000873",698,"INV2026000130, INV2026000346, INV2026000356, INV2026000400",TRUE,5,1,0,4,4,0,3,7,5,ACTIVE_WITH_PURCHASE_HISTORY,Keep: Has active purchase/return activity,-2
KX-304J,NIRMAL CREATIONS,1365,NC/009562/25-26,,TRUE,1,1,0,0,0,0,1,1,1,ACTIVE_WITH_PURCHASE_HISTORY,Keep: Has active purchase/return activity,0
KX-304P,NIRMAL CREATIONS,1368,NC/009562/25-26,INV2627000730,TRUE,1,1,0,1,1,0,0,1,1,ACTIVE_WITH_PURCHASE_HISTORY,Keep: Has active purchase/return activity,0
KX-312EE,NIRMAL CREATIONS,1366,NC/009562/25-26,INV2627000434,TRUE,1,1,0,1,1,0,0,1,1,ACTIVE_WITH_PURCHASE_HISTORY,Keep: Has active purchase/return activity,0
KX-312P,NIRMAL CREATIONS,1367,NC/009562/25-26,,TRUE,1,1,0,0,0,0,1,1,1,ACTIVE_WITH_PURCHASE_HISTORY,Keep: Has active purchase/return activity,0
L-22D,VAANII,,,,TRUE,0,0,0,0,0,0,0,0,0,SAFE_TO_DELETE_IDLE,"Safe to Delete: No purchases, returns, sales, or stock",0
L-922D,VAANII,"00000143, 00000149",VI/000895/25-26,,TRUE,1,1,0,0,0,0,2,2,2,ACTIVE_WITH_PURCHASE_HISTORY,Keep: Has active purchase/return activity,-1
L-926,VAANII,144,VI/000895/25-26,,TRUE,1,1,0,0,0,0,1,1,1,ACTIVE_WITH_PURCHASE_HISTORY,Keep: Has active purchase/return activity,0
L-927,VAANII,145,VI/000895/25-26,,TRUE,1,1,0,0,0,0,1,1,1,ACTIVE_WITH_PURCHASE_HISTORY,Keep: Has active purchase/return activity,0
L-939,VAANII,146,VI/000895/25-26,INV2627000190,TRUE,1,1,0,1,1,0,0,1,1,ACTIVE_WITH_PURCHASE_HISTORY,Keep: Has active purchase/return activity,0
L-947,VAANII,147,VI/000895/25-26,,TRUE,1,1,0,0,0,0,1,1,1,ACTIVE_WITH_PURCHASE_HISTORY,Keep: Has active purchase/return activity,0
L01,ROSHANS SAREE PALACE PVT LTD,235,HORSP-000601,INV2026000394,TRUE,1,1,0,1,1,0,0,1,1,ACTIVE_WITH_PURCHASE_HISTORY,Keep: Has active purchase/return activity,0
L02,ROSHANS SAREE PALACE PVT LTD,236,HORSP-000601,INV2627000609,TRUE,1,1,0,1,1,0,0,1,1,ACTIVE_WITH_PURCHASE_HISTORY,Keep: Has active purchase/return activity,0
L03,ROSHANS SAREE PALACE PVT LTD,237,HORSP-000601,INV2026000094,TRUE,1,1,0,1,1,0,0,1,1,ACTIVE_WITH_PURCHASE_HISTORY,Keep: Has active purchase/return activity,0
L04,ROSHANS SAREE PALACE PVT LTD,238,HORSP-000601,INV2026000394,TRUE,1,1,0,1,1,0,0,1,1,ACTIVE_WITH_PURCHASE_HISTORY,Keep: Has active purchase/return activity,0
L05,ROSHANS SAREE PALACE PVT LTD,239,HORSP-000601,,TRUE,1,1,0,0,0,0,1,1,1,ACTIVE_WITH_PURCHASE_HISTORY,Keep: Has active purchase/return activity,0
L06,ROSHANS SAREE PALACE PVT LTD,240,HORSP-000601,,TRUE,1,1,0,0,0,0,1,1,1,ACTIVE_WITH_PURCHASE_HISTORY,Keep: Has active purchase/return activity,0
LCS-044,SATYA DESIGNS PVT. LTD.,"00008780, 00008781, 00008782, 00008783, 00008784",ST0097,,TRUE,5,1,0,0,0,0,5,5,5,ACTIVE_WITH_PURCHASE_HISTORY,Keep: Has active purchase/return activity,0
LFD-025,SATYA DESIGNS PVT. LTD.,"00002341, 00002342, 00002343, 00002344, 00002345, 00002346",SS1999,"INV2026000052, INV2026000155, INV2627000049, INV2627000561",TRUE,6,1,0,4,4,0,2,6,6,ACTIVE_WITH_PURCHASE_HISTORY,Keep: Has active purchase/return activity,0
LFD-027,SATYA DESIGNS PVT. LTD.,"00002347, 00002348, 00002349, 00002350, 00002351",SS1999,"INV2026000011, INV2026000020, INV2026000108, INV2627000186, INV2627000217, INV2627000629",TRUE,5,1,0,6,6,1,0,5,5,ACTIVE_WITH_PURCHASE_HISTORY,Keep: Has active purchase/return activity,0
LGB-01-BLUE,VARIMA FASHIONS PVT LTD,9301,VFPL0075,,TRUE,1,1,0,0,0,0,1,1,1,ACTIVE_WITH_PURCHASE_HISTORY,Keep: Has active purchase/return activity,0
LGB-01-GREEN,VARIMA FASHIONS PVT LTD,9299,VFPL0075,,TRUE,1,1,0,0,0,0,1,1,1,ACTIVE_WITH_PURCHASE_HISTORY,Keep: Has active purchase/return activity,0
LGB-01-GREY,VARIMA FASHIONS PVT LTD,9302,VFPL0075,,TRUE,1,1,0,0,0,0,1,1,1,ACTIVE_WITH_PURCHASE_HISTORY,Keep: Has active purchase/return activity,0
LGB-01-LAVENDER,VARIMA FASHIONS PVT LTD,9303,VFPL0075,,TRUE,1,1,0,0,0,0,1,1,1,ACTIVE_WITH_PURCHASE_HISTORY,Keep: Has active purchase/return activity,0
LGB-01-PINK,VARIMA FASHIONS PVT LTD,9300,VFPL0075,,TRUE,1,1,0,0,0,0,1,1,1,ACTIVE_WITH_PURCHASE_HISTORY,Keep: Has active purchase/return activity,0
LGN-376,ANTYA ,5974,4974,INV2026000235,TRUE,1,1,0,1,1,0,0,1,1,ACTIVE_WITH_PURCHASE_HISTORY,Keep: Has active purchase/return activity,0
LGN-406,ANTYA ,5385,4821,INV2627000947,TRUE,1,1,0,1,1,0,0,1,1,ACTIVE_WITH_PURCHASE_HISTORY,Keep: Has active purchase/return activity,0
LH 3106,AGASTYAS (F.Y.-25-26),6432,GST/25-26/1782,,TRUE,1,1,0,0,0,0,1,1,1,ACTIVE_WITH_PURCHASE_HISTORY,Keep: Has active purchase/return activity,0
LH 3113,AGASTYAS (F.Y.-25-26),6437,GST/25-26/1782,,TRUE,1,1,0,0,0,0,1,1,1,ACTIVE_WITH_PURCHASE_HISTORY,Keep: Has active purchase/return activity,0
LH 3115,AGASTYAS (F.Y.-25-26),6433,GST/25-26/1782,,TRUE,1,1,0,0,0,0,1,1,1,ACTIVE_WITH_PURCHASE_HISTORY,Keep: Has active purchase/return activity,0
LH 3117,AGASTYAS (F.Y.-25-26),6430,GST/25-26/1782,,TRUE,1,1,0,0,0,0,1,1,1,ACTIVE_WITH_PURCHASE_HISTORY,Keep: Has active purchase/return activity,0
LH 3121,AGASTYAS (F.Y.-25-26),6431,GST/25-26/1782,INV2026000082,TRUE,1,1,0,1,1,0,0,1,1,ACTIVE_WITH_PURCHASE_HISTORY,Keep: Has active purchase/return activity,0
LH 3163,AGASTYAS (F.Y.-25-26),6436,GST/25-26/1782,,TRUE,1,1,0,0,0,0,1,1,1,ACTIVE_WITH_PURCHASE_HISTORY,Keep: Has active purchase/return activity,0
LH 5219,AGASTYAS (F.Y.-25-26),6429,GST/25-26/1782,,TRUE,1,1,0,0,0,0,1,1,1,ACTIVE_WITH_PURCHASE_HISTORY,Keep: Has active purchase/return activity,0
LH 5254,AGASTYAS (F.Y.-25-26),6438,GST/25-26/1782,,TRUE,1,1,0,0,0,0,1,1,1,ACTIVE_WITH_PURCHASE_HISTORY,Keep: Has active purchase/return activity,0
LH 5266,AGASTYAS (F.Y.-25-26),6439,,,TRUE,0,0,1,0,0,0,0,1,1,ACTIVE_WITH_PURCHASE_HISTORY,Keep: Has active purchase/return activity,-1
LH 5266-A,AGASTYAS (F.Y.-25-26),8850,GST/25-26/1782,,TRUE,1,1,0,0,0,0,1,1,1,ACTIVE_WITH_PURCHASE_HISTORY,Keep: Has active purchase/return activity,0
LH 5272,AGASTYAS (F.Y.-25-26),6435,GST/25-26/1782,,TRUE,1,1,0,0,0,0,1,1,1,ACTIVE_WITH_PURCHASE_HISTORY,Keep: Has active purchase/return activity,0
LH 905,AGASTYAS (F.Y.-25-26),6434,GST/25-26/1782,,TRUE,1,1,0,0,0,0,1,1,1,ACTIVE_WITH_PURCHASE_HISTORY,Keep: Has active purchase/return activity,0
LILY-3003,MAHARAJA CLOTHING COMPANY,"00001903, 00001904, 00001905, 00001906, 00001907",588,"INV2026000165, INV2026000208, INV2026000416, INV2627000375",TRUE,5,1,0,4,4,0,1,5,5,ACTIVE_WITH_PURCHASE_HISTORY,Keep: Has active purchase/return activity,0
LILY-3009,MAHARAJA CLOTHING COMPANY,"00001927, 00001928, 00001929, 00001930, 00001931",588,"INV2026000121, INV2026000183, INV2627000528, INV2627000884, INV2627000896",TRUE,5,1,0,5,5,0,0,5,5,ACTIVE_WITH_PURCHASE_HISTORY,Keep: Has active purchase/return activity,0
LJ171A,JDS DESIGN STUDIO PRIVATE LIMITED,4132,JS26-006287,,TRUE,1,1,0,0,0,0,1,1,1,ACTIVE_WITH_PURCHASE_HISTORY,Keep: Has active purchase/return activity,0
LJ29A,JDS DESIGN STUDIO PRIVATE LIMITED,4133,JS26-006287,INV2627000294,TRUE,2,1,0,1,1,0,1,2,1,ACTIVE_WITH_PURCHASE_HISTORY,Keep: Has active purchase/return activity,0
LJ44A,JDS DESIGN STUDIO PRIVATE LIMITED,4125,JS26-006287,,TRUE,2,1,0,0,0,0,2,2,1,ACTIVE_WITH_PURCHASE_HISTORY,Keep: Has active purchase/return activity,0
LK153,STYLUXE APPAREL,"00004650, 00004651, 00004652, 00004653, 00004654",634,,TRUE,5,1,0,0,0,0,5,5,5,ACTIVE_WITH_PURCHASE_HISTORY,Keep: Has active purchase/return activity,0
LK165,STYLUXE APPAREL,"00004655, 00004656, 00004657, 00004658, 00004659, 00004660, 00004661, 00004662, 00004721, 00004722, 00004723",634,,TRUE,9,1,0,0,0,0,17,17,11,ACTIVE_WITH_PURCHASE_HISTORY,Keep: Has active purchase/return activity,-8
LKS-014K,SATYA DESIGNS PVT. LTD.,"00002322, 00002323, 00002324, 00002325, 00002326, 00002327",SS1999,"INV2026000095, INV2627000827, INV2627000973",TRUE,6,1,0,3,3,0,15,18,6,ACTIVE_WITH_PURCHASE_HISTORY,Keep: Has active purchase/return activity,-12
LM-113,DEV DARSHAN DESIGNS PVT LTD,"00004073, 00004074, 00004075, 00004076, 00008997","DDD/00475/26-27, DDD/07567/25-26","INV2026000188, INV2627000315, INV2627000657, INV2627000762",TRUE,5,2,0,4,4,1,2,5,5,ACTIVE_WITH_PURCHASE_HISTORY,Keep: Has active purchase/return activity,0
LM-254,DEV DARSHAN DESIGNS PVT LTD,"00000992, 00000993",DDD/07542/25-26,INV2627000138,TRUE,2,1,0,1,1,0,1,2,2,ACTIVE_WITH_PURCHASE_HISTORY,Keep: Has active purchase/return activity,0
LM-257,DEV DARSHAN DESIGNS PVT LTD,"00000996, 00000997",DDD/07542/25-26,,TRUE,2,1,0,0,0,0,2,2,2,ACTIVE_WITH_PURCHASE_HISTORY,Keep: Has active purchase/return activity,0
LS-503,TULIPS ,"00008667, 00008668, 00008669, 00008670",S/0207,,TRUE,4,1,0,0,0,0,4,4,4,ACTIVE_WITH_PURCHASE_HISTORY,Keep: Has active purchase/return activity,0
LS-505,TULIPS ,"00008663, 00008664",S/0207,,TRUE,2,1,0,0,0,0,2,2,2,ACTIVE_WITH_PURCHASE_HISTORY,Keep: Has active purchase/return activity,0
LS-505-B,TULIPS ,"00008665, 00008666",S/0207,,TRUE,2,1,0,0,0,0,2,2,2,ACTIVE_WITH_PURCHASE_HISTORY,Keep: Has active purchase/return activity,0
LS-506-01,TULIPS ,"00009050, 00009051, 00009052",S/0259,,TRUE,3,1,0,0,0,0,3,3,3,ACTIVE_WITH_PURCHASE_HISTORY,Keep: Has active purchase/return activity,0
LS-506-02,TULIPS ,9053,S/0259,,TRUE,1,1,0,0,0,0,1,1,1,ACTIVE_WITH_PURCHASE_HISTORY,Keep: Has active purchase/return activity,0
LS-531,TULIPS ,"00008658, 00008659, 00008660",S/0207,,TRUE,3,1,0,0,0,0,3,3,3,ACTIVE_WITH_PURCHASE_HISTORY,Keep: Has active purchase/return activity,0
LS-531-B,TULIPS ,"00008661, 00008662",S/0207,,TRUE,2,1,0,0,0,0,2,2,2,ACTIVE_WITH_PURCHASE_HISTORY,Keep: Has active purchase/return activity,0
LS-538,TULIPS ,"00009641, 00009642, 00009643",S/0327,,TRUE,3,1,0,0,0,0,3,3,3,ACTIVE_WITH_PURCHASE_HISTORY,Keep: Has active purchase/return activity,0
LS-538-B,TULIPS ,"00009644, 00009645",S/0327,,TRUE,2,1,0,0,0,0,2,2,2,ACTIVE_WITH_PURCHASE_HISTORY,Keep: Has active purchase/return activity,0
LST-020,SATYA DESIGNS PVT. LTD.,"00002357, 00002358, 00002359, 00002360, 00002361",SS1999,"INV2026000266, INV2026000298, INV2026000369, INV2627000397, INV2627000869",TRUE,5,1,0,5,5,0,0,5,5,ACTIVE_WITH_PURCHASE_HISTORY,Keep: Has active purchase/return activity,0
LST-021,SATYA DESIGNS PVT. LTD.,"00002362, 00002363, 00002364, 00002365, 00002366",SS1999,"INV2627000099, INV2627000327, INV2627000372, INV2627000768",TRUE,5,1,0,4,4,0,1,5,5,ACTIVE_WITH_PURCHASE_HISTORY,Keep: Has active purchase/return activity,0
LST-022,SATYA DESIGNS PVT. LTD.,8785,ST0097,,TRUE,1,1,0,0,0,0,1,1,1,ACTIVE_WITH_PURCHASE_HISTORY,Keep: Has active purchase/return activity,0
LST-023-A,SATYA DESIGNS PVT. LTD.,"00009373, 00009374, 00009375",ST-0210,,TRUE,3,1,0,0,0,0,3,3,3,ACTIVE_WITH_PURCHASE_HISTORY,Keep: Has active purchase/return activity,0
LST-023-B,SATYA DESIGNS PVT. LTD.,"00009376, 00009377",ST-0210,,TRUE,2,1,0,0,0,0,2,2,2,ACTIVE_WITH_PURCHASE_HISTORY,Keep: Has active purchase/return activity,0
LV-CT 11426,LA VESTA ,"00004108, 00004109",LV/009865/25-26,,TRUE,2,1,0,0,0,0,2,2,2,ACTIVE_WITH_PURCHASE_HISTORY,Keep: Has active purchase/return activity,0
LV-CT 7734,LA VESTA ,2903,LV/009845/25-26,,TRUE,3,1,0,0,0,0,3,3,1,ACTIVE_WITH_PURCHASE_HISTORY,Keep: Has active purchase/return activity,0
LV-CT 8494,LA VESTA ,2902,LV/009845/25-26,,TRUE,2,1,0,0,0,0,2,2,1,ACTIVE_WITH_PURCHASE_HISTORY,Keep: Has active purchase/return activity,0
LV-CT 8909,LA VESTA ,2899,LV/009845/25-26,,TRUE,2,1,0,0,0,0,2,2,1,ACTIVE_WITH_PURCHASE_HISTORY,Keep: Has active purchase/return activity,0
LV-CT 9548,LA VESTA ,"00004099, 00004100",LV/009865/25-26,,TRUE,2,1,0,0,0,0,2,2,2,ACTIVE_WITH_PURCHASE_HISTORY,Keep: Has active purchase/return activity,0
LV-CT 9569,LA VESTA ,2906,LV/009845/25-26,,TRUE,3,1,0,0,0,0,3,3,1,ACTIVE_WITH_PURCHASE_HISTORY,Keep: Has active purchase/return activity,0
LV-CT 9656,LA VESTA ,2898,LV/009845/25-26,,TRUE,2,1,0,0,0,0,2,2,1,ACTIVE_WITH_PURCHASE_HISTORY,Keep: Has active purchase/return activity,0
LV-CT 9671,LA VESTA ,"00004105, 00004106, 00004107",LV/009865/25-26,,TRUE,3,1,0,0,0,0,3,3,3,ACTIVE_WITH_PURCHASE_HISTORY,Keep: Has active purchase/return activity,0
LV-US-7714-B,LA VESTA ,5980,LV/010492/25-26,,TRUE,1,1,0,0,0,0,1,1,1,ACTIVE_WITH_PURCHASE_HISTORY,Keep: Has active purchase/return activity,0
LV-US-7714-G,LA VESTA ,"00005979, 00005981",LV/010492/25-26,,TRUE,3,1,0,0,0,0,2,2,2,ACTIVE_WITH_PURCHASE_HISTORY,Keep: Has active purchase/return activity,1
LV-US-7714-P,LA VESTA ,5982,LV/010492/25-26,,TRUE,1,1,0,0,0,0,1,1,1,ACTIVE_WITH_PURCHASE_HISTORY,Keep: Has active purchase/return activity,0
LV-US3715,LA VESTA ,2873,LV/009844/25-26,"INV2026000355, INV2627000276",TRUE,8,1,0,2,2,0,6,8,1,ACTIVE_WITH_PURCHASE_HISTORY,Keep: Has active purchase/return activity,0
LV-US7556S,LA VESTA ,2908,LV/009845/25-26,INV2627000194,TRUE,1,1,0,1,1,0,0,1,1,ACTIVE_WITH_PURCHASE_HISTORY,Keep: Has active purchase/return activity,0
M-502,Manvi &Manik,2242,25-26/1392,,TRUE,1,1,0,0,0,0,1,1,1,ACTIVE_WITH_PURCHASE_HISTORY,Keep: Has active purchase/return activity,0
M-515,Manvi &Manik,4134,25-26/1419,,TRUE,1,1,0,0,0,0,1,1,1,ACTIVE_WITH_PURCHASE_HISTORY,Keep: Has active purchase/return activity,0
M-568 B,Manvi &Manik,950,25-26/1388,,TRUE,1,1,0,0,0,0,1,1,1,ACTIVE_WITH_PURCHASE_HISTORY,Keep: Has active purchase/return activity,0
M-748,Manvi &Manik,,25-26/1388,,FALSE,1,1,0,0,0,0,0,0,0,ACTIVE_WITH_PURCHASE_HISTORY,Keep: Has active purchase/return activity,1
M-748 ,Manvi &Manik,946,,,TRUE,0,0,0,0,0,0,1,1,1,ORPHAN_WITH_STOCK,Audit: Has physical stock/printed barcodes but no purchase record,-1
M-772,Manvi &Manik,,25-26/1388,,FALSE,1,1,0,0,0,0,0,0,0,ACTIVE_WITH_PURCHASE_HISTORY,Keep: Has active purchase/return activity,1
M-772 ,Manvi &Manik,949,,,TRUE,0,0,0,0,0,0,1,1,1,ORPHAN_WITH_STOCK,Audit: Has physical stock/printed barcodes but no purchase record,-1
M-781 BR,Manvi &Manik,947,25-26/1388,,TRUE,1,1,0,0,0,0,1,1,1,ACTIVE_WITH_PURCHASE_HISTORY,Keep: Has active purchase/return activity,0
M-819,Manvi &Manik,2243,25-26/1392,,TRUE,1,1,0,0,0,0,1,1,1,ACTIVE_WITH_PURCHASE_HISTORY,Keep: Has active purchase/return activity,0
M-824,Manvi &Manik,5528,25-26/1456,,TRUE,1,1,0,0,0,0,1,1,1,ACTIVE_WITH_PURCHASE_HISTORY,Keep: Has active purchase/return activity,0
M-842,Manvi &Manik,948,25-26/1388,,TRUE,1,1,0,0,0,0,1,1,1,ACTIVE_WITH_PURCHASE_HISTORY,Keep: Has active purchase/return activity,0
M-851,Manvi &Manik,7034,26-27/0005,INV2627000855,TRUE,1,1,0,1,1,0,0,1,1,ACTIVE_WITH_PURCHASE_HISTORY,Keep: Has active purchase/return activity,0
M-8881,SAJJAN APPARELS PVT LTD NOIDA,6951,SAPLN/3427,,TRUE,1,1,0,0,0,0,1,1,1,ACTIVE_WITH_PURCHASE_HISTORY,Keep: Has active purchase/return activity,0
M-9122,SAJJAN APPARELS PVT LTD NOIDA,4905,SAPLN/3260/25-26,,TRUE,1,1,0,0,0,0,1,1,1,ACTIVE_WITH_PURCHASE_HISTORY,Keep: Has active purchase/return activity,0
M-9125,SAJJAN APPARELS PVT LTD NOIDA,4906,SAPLN/3260/25-26,,TRUE,1,1,0,0,0,0,1,1,1,ACTIVE_WITH_PURCHASE_HISTORY,Keep: Has active purchase/return activity,0
MARIGOLD-1023,MAHARAJA CLOTHING COMPANY,"00001948, 00001949, 00001950, 00001951, 00001952, 00001953, 00001954, 00001955, 00001956",588,"INV2026000079, INV2026000080, INV2026000242, INV2026000333, INV2627000122, INV2627000560, INV2627000738",TRUE,9,1,0,8,7,0,1,9,9,ACTIVE_WITH_PURCHASE_HISTORY,Keep: Has active purchase/return activity,0
MARIGOLD-1037,MAHARAJA CLOTHING COMPANY,"00001932, 00001933, 00001934, 00001935",588,"INV2026000027, INV2026000045, INV2627000011",TRUE,4,1,0,3,3,1,1,4,4,ACTIVE_WITH_PURCHASE_HISTORY,Keep: Has active purchase/return activity,1
MARIGOLD-1052,MAHARAJA CLOTHING COMPANY,"00001936, 00001937, 00001938, 00001939",588,"INV2026000127, INV2026000191, INV2026000351, INV2026000369",TRUE,4,1,0,4,4,0,0,4,4,ACTIVE_WITH_PURCHASE_HISTORY,Keep: Has active purchase/return activity,0
MARIGOLD-1074-A,MAHARAJA CLOTHING COMPANY,"00009388, 00009389, 00009390",146,INV2627000969,TRUE,3,1,0,1,1,0,2,3,3,ACTIVE_WITH_PURCHASE_HISTORY,Keep: Has active purchase/return activity,0
MARIGOLD-1074-B,MAHARAJA CLOTHING COMPANY,"00009391, 00009392",146,,TRUE,2,1,0,0,0,0,2,2,2,ACTIVE_WITH_PURCHASE_HISTORY,Keep: Has active purchase/return activity,0
MARIGOLD-2009,MAHARAJA CLOTHING COMPANY,"00001916, 00001917, 00001918, 00001919",588,"INV2026000208, INV2026000232, INV2627000186, INV2627000225",TRUE,4,1,0,4,4,1,0,4,4,ACTIVE_WITH_PURCHASE_HISTORY,Keep: Has active purchase/return activity,1
MARIGOLD-2028-A,MAHARAJA CLOTHING COMPANY,"00009393, 00009394, 00009395",146,,TRUE,3,1,0,0,0,0,3,3,3,ACTIVE_WITH_PURCHASE_HISTORY,Keep: Has active purchase/return activity,0
MARIGOLD-2028-B,MAHARAJA CLOTHING COMPANY,"00009396, 00009397",146,INV2627001000,TRUE,2,1,0,1,1,0,1,2,2,ACTIVE_WITH_PURCHASE_HISTORY,Keep: Has active purchase/return activity,0
MARIGOLD-3039,MAHARAJA CLOTHING COMPANY,"00001908, 00001909, 00001910, 00001911, 00001912, 00001913, 00001914, 00001915",588,"INV2026000012, INV2026000027, INV2026000062, INV2026000193, INV2026000333, INV2026000335, INV2026000351, INV2026000352, INV2026000420, INV2627000165",TRUE,8,1,0,10,10,3,0,8,8,ACTIVE_WITH_PURCHASE_HISTORY,Keep: Has active purchase/return activity,1
MARIGOLD-3072,MAHARAJA CLOTHING COMPANY,"00001920, 00001921, 00001922, 00007716, 00007717, 00007718",588,"INV2026000102, INV2627000343, INV2627000782",TRUE,3,1,0,3,3,1,6,8,6,ACTIVE_WITH_PURCHASE_HISTORY,Keep: Has active purchase/return activity,-5
MARIGOLD-3122,MAHARAJA CLOTHING COMPANY,"00001923, 00001924, 00001925, 00001926",588,"INV2026000139, INV2026000318",TRUE,4,1,0,2,2,0,2,4,4,ACTIVE_WITH_PURCHASE_HISTORY,Keep: Has active purchase/return activity,0
MARIGOLD-3137,MAHARAJA CLOTHING COMPANY,"00001944, 00001945, 00001946, 00001947",588,"INV2026000075, INV2026000088, INV2026000123, INV2026000155, INV2627000690",TRUE,4,1,0,5,5,1,0,4,4,ACTIVE_WITH_PURCHASE_HISTORY,Keep: Has active purchase/return activity,0
MARIGOLD-3159,MAHARAJA CLOTHING COMPANY,"00001940, 00001941, 00001942, 00001943",588,"INV2026000058, INV2026000425, INV2627000244, INV2627000481, INV2627000814",TRUE,4,1,0,5,5,2,0,4,4,ACTIVE_WITH_PURCHASE_HISTORY,Keep: Has active purchase/return activity,1
MARIGOLD-6016,MAHARAJA CLOTHING COMPANY,"00009398, 00009399, 00009400",146,INV2627000914,TRUE,3,1,0,1,1,0,2,3,3,ACTIVE_WITH_PURCHASE_HISTORY,Keep: Has active purchase/return activity,0
MARIGOLD 3072,MISSING PARTY ,8976,6,INV2627000776,TRUE,1,1,0,1,1,0,0,1,1,ACTIVE_WITH_PURCHASE_HISTORY,Keep: Has active purchase/return activity,0
MASABA SUIT-2,VSB VASTTRAM PVT LTD,1130,VSBV/9111/25-26,,TRUE,1,1,0,0,0,0,1,1,1,ACTIVE_WITH_PURCHASE_HISTORY,Keep: Has active purchase/return activity,0
MB-396,DEV DARSHAN DESIGNS PVT LTD,1875,DDD/07541/25-26,INV2026000371,TRUE,1,1,0,1,1,0,0,1,1,ACTIVE_WITH_PURCHASE_HISTORY,Keep: Has active purchase/return activity,0
MB 396,DEV DARSHAN DESIGNS PVT LTD,1288,DDD/07545/25-26,INV2627000061,TRUE,1,1,0,1,1,0,0,1,1,ACTIVE_WITH_PURCHASE_HISTORY,Keep: Has active purchase/return activity,0
MCWLS-25038-8389,MEENAKSHI CREATIONS PVT LTD,3890,SJ750/25-26,,TRUE,1,1,0,0,0,0,1,1,1,ACTIVE_WITH_PURCHASE_HISTORY,Keep: Has active purchase/return activity,0
MCWLS-25129-8389,MEENAKSHI CREATIONS PVT LTD,3891,SJ750/25-26,,TRUE,1,1,0,0,0,0,1,1,1,ACTIVE_WITH_PURCHASE_HISTORY,Keep: Has active purchase/return activity,0
ME-01,Manvi &Manik,945,25-26/1388,,TRUE,1,1,0,0,0,0,1,1,1,ACTIVE_WITH_PURCHASE_HISTORY,Keep: Has active purchase/return activity,0
ME-6007,SWASTIK CREATIONS -(2025-26),"00003259, 00003260, 00003261",GST/02510/25-26,,TRUE,3,1,0,0,0,0,3,3,3,ACTIVE_WITH_PURCHASE_HISTORY,Keep: Has active purchase/return activity,0
MEGHA,KARISHAMA LEGACY LLP,6077,KL/25-26/16915,,TRUE,1,1,0,0,0,0,1,1,1,ACTIVE_WITH_PURCHASE_HISTORY,Keep: Has active purchase/return activity,0
MG-8834,SAJJAN APPARELS PVT LTD NOIDA,5789,SAPLN/3326/25-26,INV2627000191,TRUE,1,1,0,1,1,0,0,1,1,ACTIVE_WITH_PURCHASE_HISTORY,Keep: Has active purchase/return activity,0
MHA-247,JAGADISH DAS & CO.,3561,H026-002483,,TRUE,1,1,0,0,0,0,1,1,1,ACTIVE_WITH_PURCHASE_HISTORY,Keep: Has active purchase/return activity,0
MHA-324,JAGADISH DAS & CO.,3562,H026-002483,,TRUE,1,1,0,0,0,0,1,1,1,ACTIVE_WITH_PURCHASE_HISTORY,Keep: Has active purchase/return activity,0
MHA-325,JAGADISH DAS & CO.,3563,H026-002483,,TRUE,1,1,0,0,0,0,1,1,1,ACTIVE_WITH_PURCHASE_HISTORY,Keep: Has active purchase/return activity,0
MHA-326,JAGADISH DAS & CO.,3564,H026-002483,,TRUE,1,1,0,0,0,0,1,1,1,ACTIVE_WITH_PURCHASE_HISTORY,Keep: Has active purchase/return activity,0
MHA210,JAGADISH DAS & CO.,"00003931, 00003932, 00003933, 00003934, 00003935",H026-002481,INV2627000867,TRUE,5,1,0,1,1,0,4,5,5,ACTIVE_WITH_PURCHASE_HISTORY,Keep: Has active purchase/return activity,0
MIS-B,MOLLY DESIGN,"00007217, 00007229","MD/WH/2627/01, MD/WH/2627/02","INV2627000347, INV2627000421, INV2627000528, INV2627000532, INV2627000602, INV2627000644, INV2627000672, INV2627000736, INV2627000754, INV2627000779, INV2627000798",TRUE,18,2,0,11,11,0,7,18,2,ACTIVE_WITH_PURCHASE_HISTORY,Keep: Has active purchase/return activity,0
MIS-P,MOLLY DESIGN,7228,MD/WH/2627/02,"INV2627000291, INV2627000666, INV2627000825, INV2627000986",TRUE,9,1,0,4,4,0,5,9,1,ACTIVE_WITH_PURCHASE_HISTORY,Keep: Has active purchase/return activity,0
MIS-Y,MOLLY DESIGN,7216,MD/WH/2627/01,"INV2627000347, INV2627000404, INV2627000666, INV2627000706, INV2627000737, INV2627000741, INV2627000746, INV2627000764, INV2627000810, INV2627000812",TRUE,10,1,0,10,10,0,0,10,1,ACTIVE_WITH_PURCHASE_HISTORY,Keep: Has active purchase/return activity,0
MK01,VSB VASTTRAM PVT LTD,178,VSBV/8999/25-26,,TRUE,1,1,0,0,0,0,1,1,1,ACTIVE_WITH_PURCHASE_HISTORY,Keep: Has active purchase/return activity,0
MMK01,VSB VASTTRAM PVT LTD,174,VSBV/8947/25-26,,TRUE,1,1,0,0,0,0,1,1,1,ACTIVE_WITH_PURCHASE_HISTORY,Keep: Has active purchase/return activity,0
MNM-237,OJAS COUTURE LLP,"00003368, 00003369, 00003370",1722/25-26,"INV2026000162, INV2026000238",TRUE,3,1,1,2,2,0,0,3,3,ACTIVE_WITH_PURCHASE_HISTORY,Keep: Has active purchase/return activity,0
MNM-282,OJAS COUTURE LLP,"00008930, 00008931, 00008932",288/26-27,,TRUE,3,1,0,0,0,0,3,3,3,ACTIVE_WITH_PURCHASE_HISTORY,Keep: Has active purchase/return activity,0
MNM-328,OJAS COUTURE LLP,"00006890, 00006891, 00006892",1925/25-26,INV2627000383,TRUE,3,1,0,1,1,0,2,3,3,ACTIVE_WITH_PURCHASE_HISTORY,Keep: Has active purchase/return activity,0
MNM-377,OJAS COUTURE LLP,"00006521, 00006522, 00006523, 00006852, 00007743","109/26-27, 1830/25-26, 8/25-27","INV2627000082, INV2627000161, INV2627000854, INV2627001017",TRUE,5,3,0,4,4,0,1,5,5,ACTIVE_WITH_PURCHASE_HISTORY,Keep: Has active purchase/return activity,0
MNM-387,OJAS COUTURE LLP,"00007992, 00007993, 00007994",199/26-27,,TRUE,3,1,0,0,0,0,3,3,3,ACTIVE_WITH_PURCHASE_HISTORY,Keep: Has active purchase/return activity,0
MNM111,OJAS COUTURE LLP,"00003455, 00003456, 00003457",1640/25-26,"INV2026000154, INV2026000176, INV2026000343",TRUE,3,1,0,3,3,0,0,3,3,ACTIVE_WITH_PURCHASE_HISTORY,Keep: Has active purchase/return activity,0
MNM130,OJAS COUTURE LLP,"00003443, 00003444, 00003445",1640/25-26,,TRUE,3,1,0,0,0,0,4,4,3,ACTIVE_WITH_PURCHASE_HISTORY,Keep: Has active purchase/return activity,-1
MNM162,OJAS COUTURE LLP,"00003440, 00003441, 00003442",1640/25-26,,TRUE,3,1,0,0,0,0,5,5,3,ACTIVE_WITH_PURCHASE_HISTORY,Keep: Has active purchase/return activity,-2
MP1037,SWASTIK CREATIONS -(2025-26),5116,GST/02607/25-26,,TRUE,4,1,0,0,0,0,4,4,1,ACTIVE_WITH_PURCHASE_HISTORY,Keep: Has active purchase/return activity,0
MR-13,SHAH NARAYAN DAS & CO.,"00004055, 00004056, 00004057",RC/2526/02/00678,,TRUE,3,1,0,0,0,0,3,3,3,ACTIVE_WITH_PURCHASE_HISTORY,Keep: Has active purchase/return activity,0
MS-4223,MEHRA SAREE KENDRA ,6941,MSK/6/2026-27,,TRUE,3,1,3,0,0,0,0,3,1,ACTIVE_WITH_PURCHASE_HISTORY,Keep: Has active purchase/return activity,0
MS-4224,MEHRA SAREE KENDRA ,"00006942, 00006943",MSK/6/2026-27,,TRUE,2,1,2,0,0,0,0,2,2,ACTIVE_WITH_PURCHASE_HISTORY,Keep: Has active purchase/return activity,0
MS-4452,MEHRA SAREE KENDRA ,7665,MSK/93/2026-27,INV2627000473,TRUE,1,1,0,1,1,0,0,1,1,ACTIVE_WITH_PURCHASE_HISTORY,Keep: Has active purchase/return activity,0
MS-4454,MEHRA SAREE KENDRA ,7664,MSK/93/2026-27,INV2627000472,TRUE,1,1,0,1,1,0,0,1,1,ACTIVE_WITH_PURCHASE_HISTORY,Keep: Has active purchase/return activity,0
MS-4492-2/1,MEHRA SAREE KENDRA ,7231,MSK/2364/2025-26,,TRUE,1,1,0,0,0,0,1,1,1,ACTIVE_WITH_PURCHASE_HISTORY,Keep: Has active purchase/return activity,0
MS-4492-2/2,MEHRA SAREE KENDRA ,7232,MSK/2364/2025-26,,TRUE,1,1,0,0,0,0,1,1,1,ACTIVE_WITH_PURCHASE_HISTORY,Keep: Has active purchase/return activity,0
MS-4492-2/3,MEHRA SAREE KENDRA ,7233,MSK/2364/2025-26,,TRUE,1,1,0,0,0,0,1,1,1,ACTIVE_WITH_PURCHASE_HISTORY,Keep: Has active purchase/return activity,0
MS-4492-2/4,MEHRA SAREE KENDRA ,7234,MSK/2364/2025-26,INV2627000381,TRUE,1,1,0,1,1,0,0,1,1,ACTIVE_WITH_PURCHASE_HISTORY,Keep: Has active purchase/return activity,0
MS-453-Y,MEHRA SAREE KENDRA ,6945,MSK/6/2026-27,,TRUE,2,1,2,0,0,0,0,2,1,ACTIVE_WITH_PURCHASE_HISTORY,Keep: Has active purchase/return activity,0
MS-4534,MEHRA SAREE KENDRA ,6944,MSK/6/2026-27,,TRUE,5,1,5,0,0,0,0,5,1,ACTIVE_WITH_PURCHASE_HISTORY,Keep: Has active purchase/return activity,0
MSA-49,JAGADISH DAS & CO.,3565,H026-002483,,TRUE,1,1,0,0,0,0,1,1,1,ACTIVE_WITH_PURCHASE_HISTORY,Keep: Has active purchase/return activity,0
MSD-4805-3/1,MEHRA SAREE KENDRA ,7235,MSK/2364/2025-26,,TRUE,1,1,0,0,0,0,1,1,1,ACTIVE_WITH_PURCHASE_HISTORY,Keep: Has active purchase/return activity,0
MSD-4805-3/2,MEHRA SAREE KENDRA ,7236,MSK/2364/2025-26,,TRUE,1,1,0,0,0,0,1,1,1,ACTIVE_WITH_PURCHASE_HISTORY,Keep: Has active purchase/return activity,0
MSD-4805-3/3,MEHRA SAREE KENDRA ,7237,MSK/2364/2025-26,,TRUE,1,1,0,0,0,0,1,1,1,ACTIVE_WITH_PURCHASE_HISTORY,Keep: Has active purchase/return activity,0
MSD-4805-3/4,MEHRA SAREE KENDRA ,7238,MSK/2364/2025-26,,TRUE,1,1,0,0,0,0,1,1,1,ACTIVE_WITH_PURCHASE_HISTORY,Keep: Has active purchase/return activity,0
MSD-4805-3/5,MEHRA SAREE KENDRA ,7239,MSK/2364/2025-26,INV2627000729,TRUE,1,1,0,1,1,0,0,1,1,ACTIVE_WITH_PURCHASE_HISTORY,Keep: Has active purchase/return activity,0
MSD-4840,MEHRA SAREE KENDRA ,7230,MSK/2364/2025-26,,TRUE,1,1,0,0,0,0,1,1,1,ACTIVE_WITH_PURCHASE_HISTORY,Keep: Has active purchase/return activity,0
MSQ-018N,NIRMAL CREATIONS,1374,NC/009562/25-26,,TRUE,1,1,0,0,0,0,1,1,1,ACTIVE_WITH_PURCHASE_HISTORY,Keep: Has active purchase/return activity,0
MTF1326,ONAYA FASHION PVT LTD,3913,GPOSI25-26/16512,INV2627000525,TRUE,1,1,0,1,1,0,0,1,1,ACTIVE_WITH_PURCHASE_HISTORY,Keep: Has active purchase/return activity,0
MTPUS-327,ONAYA FASHION PVT LTD,1440,GPOSI25-26/16510,INV2026000174,TRUE,1,1,0,1,1,0,0,1,1,ACTIVE_WITH_PURCHASE_HISTORY,Keep: Has active purchase/return activity,0
N-577,NIRMAL CREATIONS,"00001427, 00001428",NC/009563/25-26,,TRUE,2,1,0,0,0,0,2,2,2,ACTIVE_WITH_PURCHASE_HISTORY,Keep: Has active purchase/return activity,0
N-580,NIRMAL CREATIONS,"00001425, 00001426",NC/009563/25-26,,TRUE,2,1,0,0,0,0,2,2,2,ACTIVE_WITH_PURCHASE_HISTORY,Keep: Has active purchase/return activity,0
N-581,NIRMAL CREATIONS,"00001417, 00001418",NC/009563/25-26,,TRUE,2,1,0,0,0,0,2,2,2,ACTIVE_WITH_PURCHASE_HISTORY,Keep: Has active purchase/return activity,0
NA-8,SHAH NARAYAN DAS & CO.,4067,RC/2526/02/00678,,TRUE,1,1,0,0,0,0,1,1,1,ACTIVE_WITH_PURCHASE_HISTORY,Keep: Has active purchase/return activity,0
NB-10402,SREE NAVKAR BOUTIQUE PVT LTD,,,,TRUE,0,0,0,0,0,0,0,0,0,SAFE_TO_DELETE_IDLE,"Safe to Delete: No purchases, returns, sales, or stock",0
NB-10486,SREE NAVKAR BOUTIQUE PVT LTD,,,,TRUE,0,0,0,0,0,0,0,0,0,SAFE_TO_DELETE_IDLE,"Safe to Delete: No purchases, returns, sales, or stock",0
NB-10490,SREE NAVKAR BOUTIQUE PVT LTD,,,,TRUE,0,0,0,0,0,0,0,0,0,SAFE_TO_DELETE_IDLE,"Safe to Delete: No purchases, returns, sales, or stock",0
NB-10504,SREE NAVKAR BOUTIQUE PVT LTD,,,,TRUE,0,0,0,0,0,0,0,0,0,SAFE_TO_DELETE_IDLE,"Safe to Delete: No purchases, returns, sales, or stock",0
NB-10564,SREE NAVKAR BOUTIQUE PVT LTD,,,,TRUE,0,0,0,0,0,0,0,0,0,SAFE_TO_DELETE_IDLE,"Safe to Delete: No purchases, returns, sales, or stock",0
NB-10568,SREE NAVKAR BOUTIQUE PVT LTD,,,,TRUE,0,0,0,0,0,0,0,0,0,SAFE_TO_DELETE_IDLE,"Safe to Delete: No purchases, returns, sales, or stock",0
NB10493,SREE NAVKAR BOUTIQUE PVT LTD,,,,TRUE,0,0,0,0,0,0,0,0,0,SAFE_TO_DELETE_IDLE,"Safe to Delete: No purchases, returns, sales, or stock",0
NB10504,SREE NAVKAR BOUTIQUE PVT LTD,,,,TRUE,0,0,0,0,0,0,0,0,0,SAFE_TO_DELETE_IDLE,"Safe to Delete: No purchases, returns, sales, or stock",0
NB10510,SREE NAVKAR BOUTIQUE PVT LTD,,,,TRUE,0,0,0,0,0,0,0,0,0,SAFE_TO_DELETE_IDLE,"Safe to Delete: No purchases, returns, sales, or stock",0
NB10580,SREE NAVKAR BOUTIQUE PVT LTD,,,,TRUE,0,0,0,0,0,0,0,0,0,SAFE_TO_DELETE_IDLE,"Safe to Delete: No purchases, returns, sales, or stock",0
NB10581,SREE NAVKAR BOUTIQUE PVT LTD,,,,TRUE,0,0,0,0,0,0,0,0,0,SAFE_TO_DELETE_IDLE,"Safe to Delete: No purchases, returns, sales, or stock",0
NB10607,SREE NAVKAR BOUTIQUE PVT LTD,,,,TRUE,0,0,0,0,0,0,0,0,0,SAFE_TO_DELETE_IDLE,"Safe to Delete: No purchases, returns, sales, or stock",0
NDDS-08,ONAYA FASHION PVT LTD,4798,GPOSI25-26/16623,,TRUE,1,1,0,0,0,0,1,1,1,ACTIVE_WITH_PURCHASE_HISTORY,Keep: Has active purchase/return activity,0
NDDS NOV 03,ONAYA FASHION PVT LTD,102,GPOSI25-26/16334,INV2627000088,TRUE,1,1,0,1,1,0,0,1,1,ACTIVE_WITH_PURCHASE_HISTORY,Keep: Has active purchase/return activity,0
NEHAL,KARISHAMA LEGACY LLP,6078,KL/25-26/16915,,TRUE,1,1,0,0,0,0,1,1,1,ACTIVE_WITH_PURCHASE_HISTORY,Keep: Has active purchase/return activity,0
NH-329,NILIMA CREATIONS ,"00006385, 00006386, 00006387, 00006388",NCS/004088/25-26,,TRUE,4,1,0,0,0,0,4,4,4,ACTIVE_WITH_PURCHASE_HISTORY,Keep: Has active purchase/return activity,0
NO-046,NIRMAL CREATIONS,1377,NC/009562/25-26,,TRUE,1,1,0,0,0,0,1,1,1,ACTIVE_WITH_PURCHASE_HISTORY,Keep: Has active purchase/return activity,0
NO-046L,NIRMAL CREATIONS,1378,NC/009562/25-26,,TRUE,1,1,0,0,0,0,1,1,1,ACTIVE_WITH_PURCHASE_HISTORY,Keep: Has active purchase/return activity,0
NO-048,NIRMAL CREATIONS,1379,NC/009562/25-26,INV2627000588,TRUE,1,1,0,1,1,0,0,1,1,ACTIVE_WITH_PURCHASE_HISTORY,Keep: Has active purchase/return activity,0
NO-082,NIRMAL CREATIONS,2882,NC/009561/25-26,INV2627000998,TRUE,1,1,0,1,1,0,0,1,1,ACTIVE_WITH_PURCHASE_HISTORY,Keep: Has active purchase/return activity,0
NO-082-P,NIRMAL CREATIONS,2883,NC/009561/25-26,INV2627000997,TRUE,1,1,0,1,1,0,0,1,1,ACTIVE_WITH_PURCHASE_HISTORY,Keep: Has active purchase/return activity,0
NO-096,NIRMAL CREATIONS,1262,NC/009560/25-26,,TRUE,1,1,0,0,0,0,1,1,1,ACTIVE_WITH_PURCHASE_HISTORY,Keep: Has active purchase/return activity,0
NO-097,NIRMAL CREATIONS,2879,NC/009561/25-26,,TRUE,1,1,0,0,0,0,1,1,1,ACTIVE_WITH_PURCHASE_HISTORY,Keep: Has active purchase/return activity,0
NO-100,NIRMAL CREATIONS,1261,NC/009560/25-26,INV2026000319,TRUE,1,1,0,1,1,0,0,1,1,ACTIVE_WITH_PURCHASE_HISTORY,Keep: Has active purchase/return activity,0
NO-8250,RAJNIGANDDHA ,"00006916, 00006917",2026-27/0025,INV2627000625,TRUE,1,1,0,1,1,0,1,2,2,ACTIVE_WITH_PURCHASE_HISTORY,Keep: Has active purchase/return activity,-1
NRSM-02,JAGADISH DAS & CO.,3605,HO26-002479,,TRUE,1,1,0,0,0,0,1,1,1,ACTIVE_WITH_PURCHASE_HISTORY,Keep: Has active purchase/return activity,0
NS130,SWASTIK CREATIONS -(2025-26),5115,GST/02607/25-26,,TRUE,3,1,0,0,0,0,3,3,1,ACTIVE_WITH_PURCHASE_HISTORY,Keep: Has active purchase/return activity,0
NSM-03,JAGADISH DAS & CO.,3596,HO26-002479,,TRUE,1,1,0,0,0,0,1,1,1,ACTIVE_WITH_PURCHASE_HISTORY,Keep: Has active purchase/return activity,0
NSM-146,JAGADISH DAS & CO.,3597,HO26-002479,,TRUE,1,1,0,0,0,0,1,1,1,ACTIVE_WITH_PURCHASE_HISTORY,Keep: Has active purchase/return activity,0
NSM-167,JAGADISH DAS & CO.,3598,HO26-002479,INV2627000127,TRUE,1,1,0,1,1,0,0,1,1,ACTIVE_WITH_PURCHASE_HISTORY,Keep: Has active purchase/return activity,0
NSM-178,JAGADISH DAS & CO.,3599,HO26-002479,,TRUE,1,1,0,0,0,0,1,1,1,ACTIVE_WITH_PURCHASE_HISTORY,Keep: Has active purchase/return activity,0
NSM-196,JAGADISH DAS & CO.,3606,HO26-002479,,TRUE,1,1,0,0,0,0,1,1,1,ACTIVE_WITH_PURCHASE_HISTORY,Keep: Has active purchase/return activity,0
NSM-26,JAGADISH DAS & CO.,"00003600, 00003601",HO26-002479,,TRUE,2,1,0,0,0,0,2,2,2,ACTIVE_WITH_PURCHASE_HISTORY,Keep: Has active purchase/return activity,0
NYR-17,JAGADISH DAS & CO.,3592,HO26-002479,,TRUE,1,1,0,0,0,0,1,1,1,ACTIVE_WITH_PURCHASE_HISTORY,Keep: Has active purchase/return activity,0
NYR-20,JAGADISH DAS & CO.,"00003593, 00003594",HO26-002479,,TRUE,2,1,0,0,0,0,2,2,2,ACTIVE_WITH_PURCHASE_HISTORY,Keep: Has active purchase/return activity,0
OD-011,VSB VASTTRAM PVT LTD,7976,VSBV/0288/26-27,,TRUE,1,1,0,0,0,0,1,1,1,ACTIVE_WITH_PURCHASE_HISTORY,Keep: Has active purchase/return activity,0
OD2768,VSB VASTTRAM PVT LTD,173,VSBV/8946/25-26`,,TRUE,1,1,0,0,0,0,1,1,1,ACTIVE_WITH_PURCHASE_HISTORY,Keep: Has active purchase/return activity,0
OF-04,VARIMA FASHIONS PVT LTD,4325,VFPL2277,,TRUE,1,1,0,0,0,0,1,1,1,ACTIVE_WITH_PURCHASE_HISTORY,Keep: Has active purchase/return activity,0
OMKDS-36,ONAYA FASHION PVT LTD,7038,GPOSI25-26/18277,,TRUE,1,1,0,0,0,0,1,1,1,ACTIVE_WITH_PURCHASE_HISTORY,Keep: Has active purchase/return activity,0
OMKL 176,ONAYA FASHION PVT LTD,88,GPOSI25-26/16337,,TRUE,1,1,0,0,0,0,1,1,1,ACTIVE_WITH_PURCHASE_HISTORY,Keep: Has active purchase/return activity,0
OMKL125,ONAYA FASHION PVT LTD,82,GPOSI25-26/16335,,TRUE,1,1,0,0,0,0,1,1,1,ACTIVE_WITH_PURCHASE_HISTORY,Keep: Has active purchase/return activity,0
OMKS-82,ONAYA FASHION PVT LTD,7051,GPOSI25-26/18089,,TRUE,1,1,0,0,0,0,1,1,1,ACTIVE_WITH_PURCHASE_HISTORY,Keep: Has active purchase/return activity,0
OR--006--4FLOOR,SWEET LADY,8162,T84/26-27,,TRUE,1,1,0,0,0,0,1,1,1,ACTIVE_WITH_PURCHASE_HISTORY,Keep: Has active purchase/return activity,0
OR-002-4TH-FLOOR,SWEET LADY,"00008441, 00008844","SC/26-27/239, T94/2-27",,TRUE,2,2,0,0,0,0,2,2,2,ACTIVE_WITH_PURCHASE_HISTORY,Keep: Has active purchase/return activity,0
OR-002-GROUND-FLOOR,RT VILLA PRIVATE LIMITED,8436,94,,TRUE,1,1,0,0,0,0,1,1,1,ACTIVE_WITH_PURCHASE_HISTORY,Keep: Has active purchase/return activity,0
OR-003-4TH-FLOOR,ANVAY BRIDAL COUTURE,9544,ANV/000208/26-27,,TRUE,1,1,0,0,0,0,1,1,1,ACTIVE_WITH_PURCHASE_HISTORY,Keep: Has active purchase/return activity,0
OR-005,RUCHIKA DESIGN STUDIO,9139,FY26-27/175,,TRUE,1,1,0,0,0,0,1,1,1,ACTIVE_WITH_PURCHASE_HISTORY,Keep: Has active purchase/return activity,0
OR-005-4TH-FLOOR,SHAH STUDIO,8845,SS/26-27/018,,TRUE,1,1,0,0,0,0,1,1,1,ACTIVE_WITH_PURCHASE_HISTORY,Keep: Has active purchase/return activity,0
OR-006,VANNIKAA MALIK,"00008159, 00009463",VM-0249/2026-27,INV2627000901,TRUE,1,1,0,1,1,0,1,2,2,ACTIVE_WITH_PURCHASE_HISTORY,Keep: Has active purchase/return activity,-1
OR-006-4FLOOR,SWEET LADY,8161,,,TRUE,0,0,0,0,0,0,1,1,1,ORPHAN_WITH_STOCK,Audit: Has physical stock/printed barcodes but no purchase record,-1
OR-007,TANEJA APPARELS P LTD,7969,TA/26-27/614,INV2627000586,TRUE,1,1,0,1,1,0,0,1,1,ACTIVE_WITH_PURCHASE_HISTORY,Keep: Has active purchase/return activity,0
OR-008-3RD-FLOOR,SHAH STUDIO,9541,SS/26-27/028,,TRUE,1,1,0,0,0,0,1,1,1,ACTIVE_WITH_PURCHASE_HISTORY,Keep: Has active purchase/return activity,0
OR-011,KAIRA,9140,235/2026-27,INV2627000944,TRUE,1,1,0,1,1,0,0,1,1,ACTIVE_WITH_PURCHASE_HISTORY,Keep: Has active purchase/return activity,0
OR-012-4TH-FLOOR,VSB VASTTRAM PVT LTD,9543,VSBV/0586/26-27,,TRUE,1,1,0,0,0,0,1,1,1,ACTIVE_WITH_PURCHASE_HISTORY,Keep: Has active purchase/return activity,0
OR-013,TANEJA APPARELS P LTD,"00009144, 00009610",AFE/000281/26-27,,TRUE,1,1,0,0,0,0,2,2,2,ACTIVE_WITH_PURCHASE_HISTORY,Keep: Has active purchase/return activity,-1
OR-013-GROUND-FLOOR,MYST DESIGNS,9682,026/MYMH/26-27,INV2627001042,TRUE,1,1,0,1,1,0,0,1,1,ACTIVE_WITH_PURCHASE_HISTORY,Keep: Has active purchase/return activity,0
OR-013-THIRD FLOOR,TANEJA APPARELS P LTD,9612,TA/26-27/988,,TRUE,1,1,0,0,0,0,1,1,1,ACTIVE_WITH_PURCHASE_HISTORY,Keep: Has active purchase/return activity,0
OR-019,RAJNIGANDDHA ,"00009454, 00009459","2026-27/0117, 6039",,TRUE,2,2,0,0,0,0,2,2,2,ACTIVE_WITH_PURCHASE_HISTORY,Keep: Has active purchase/return activity,0
OR-020-3RD-FLOOR,M/S KASTURI,9542,123,,TRUE,1,1,0,0,0,0,1,1,1,ACTIVE_WITH_PURCHASE_HISTORY,Keep: Has active purchase/return activity,0
OR-024,SRISHTI FASHION,"00009455, 00009456",16,,TRUE,1,1,0,0,0,0,1,1,2,ACTIVE_WITH_PURCHASE_HISTORY,Keep: Has active purchase/return activity,0
OR-024-B,SRISHTI FASHION,9457,,,TRUE,0,0,0,0,0,0,1,1,1,ORPHAN_WITH_STOCK,Audit: Has physical stock/printed barcodes but no purchase record,-1
OR-026,SWEET LADY,9609,,,TRUE,0,0,0,0,0,0,1,1,1,ORPHAN_WITH_STOCK,Audit: Has physical stock/printed barcodes but no purchase record,-1
OR-026-THIRD FLOOR,SWEET LADY,9613,330/26-27,,TRUE,1,1,0,0,0,0,1,1,1,ACTIVE_WITH_PURCHASE_HISTORY,Keep: Has active purchase/return activity,0
OR-027,SRISHTI FASHION,9538,16,,TRUE,1,1,0,0,0,0,1,1,1,ACTIVE_WITH_PURCHASE_HISTORY,Keep: Has active purchase/return activity,0
OR-027 3RD FLOOR,TANEJA APPARELS P LTD,9680,TA/26-27/1015,,TRUE,1,1,0,0,0,0,1,1,1,ACTIVE_WITH_PURCHASE_HISTORY,Keep: Has active purchase/return activity,0
OR-029-THIRD FLOOR,KAIRA COUTURE,9611,GST/26-27/055,,TRUE,1,1,0,0,0,0,1,1,1,ACTIVE_WITH_PURCHASE_HISTORY,Keep: Has active purchase/return activity,0
OR-032 3RD FLOOR,SANGEETA CREATIONS,9681,SC/26-27/397,,TRUE,1,1,0,0,0,0,1,1,1,ACTIVE_WITH_PURCHASE_HISTORY,Keep: Has active purchase/return activity,0
OR-035-4TH-FLOOR,VSB VASTTRAM PVT LTD,9540,VSBV/0585/26-27,,TRUE,1,1,0,0,0,0,1,1,1,ACTIVE_WITH_PURCHASE_HISTORY,Keep: Has active purchase/return activity,0
OR-038,ISHIKA CREATION,9460,GST/26-27/185,,TRUE,1,1,0,0,0,0,1,1,1,ACTIVE_WITH_PURCHASE_HISTORY,Keep: Has active purchase/return activity,0
OR-105591,WARIS HOUSE OF FASHION,8484,WH/2025/609,,TRUE,1,1,0,0,0,0,1,1,1,ACTIVE_WITH_PURCHASE_HISTORY,Keep: Has active purchase/return activity,0
OR-15,SHAH STUDIO,9464,SS/26-27/026,,TRUE,1,1,0,0,0,0,1,1,1,ACTIVE_WITH_PURCHASE_HISTORY,Keep: Has active purchase/return activity,0
OR-23-3TH FLOOR,SHAH STUDIO,9106,SS/26-27/020,,TRUE,1,1,0,0,0,0,1,1,1,ACTIVE_WITH_PURCHASE_HISTORY,Keep: Has active purchase/return activity,0
OR-23-4TH FLOOR,SHAH STUDIO,9058,,,TRUE,0,0,0,0,0,0,1,1,1,ORPHAN_WITH_STOCK,Audit: Has physical stock/printed barcodes but no purchase record,-1
OR-25-3TH-FLOOR,ANTYA ,9143,347,INV2627000948,TRUE,1,1,0,1,1,0,0,1,1,ACTIVE_WITH_PURCHASE_HISTORY,Keep: Has active purchase/return activity,0
OR-301,TANKHI DESIGNS 1 PVT LTD,8158,,,TRUE,0,0,0,0,0,0,1,1,1,ORPHAN_WITH_STOCK,Audit: Has physical stock/printed barcodes but no purchase record,-1
OR-301-1-FLOOR,TANKHI DESIGNS 1 PVT LTD,8160,TN/26-27/0214,INV2627000726,TRUE,1,1,0,1,1,0,0,1,1,ACTIVE_WITH_PURCHASE_HISTORY,Keep: Has active purchase/return activity,0
OR-306,SHAASHVAT DESIGN STUDIO,7351,37/26-27,INV2627001045,TRUE,1,1,0,1,1,0,0,1,1,ACTIVE_WITH_PURCHASE_HISTORY,Keep: Has active purchase/return activity,0
OR-307,SONA AGRAWAL,7862,SA/26-27/0024,,TRUE,1,1,0,0,0,0,1,1,1,ACTIVE_WITH_PURCHASE_HISTORY,Keep: Has active purchase/return activity,0
OR-308 1ST FLOOR,TULIPS ,8529,S/0250,INV2627000778,TRUE,1,1,0,1,1,0,0,1,1,ACTIVE_WITH_PURCHASE_HISTORY,Keep: Has active purchase/return activity,0
OR-310-1ST FLOOR,ONAYA FASHION PVT LTD,9679,GPOSI2-27/01799,,TRUE,1,1,0,0,0,0,1,1,1,ACTIVE_WITH_PURCHASE_HISTORY,Keep: Has active purchase/return activity,0
OR-311-1ST-FLOOR-B,RAJNIGANDDHA ,9148,,,TRUE,0,0,0,0,0,0,1,1,1,ORPHAN_WITH_STOCK,Audit: Has physical stock/printed barcodes but no purchase record,-1
OR-311-1ST-FLOOR-G,RAJNIGANDDHA ,9147,2026-27/0109,,TRUE,1,1,0,0,0,0,1,1,1,ACTIVE_WITH_PURCHASE_HISTORY,Keep: Has active purchase/return activity,0
OR-315,ISHUM DESIGNS,"00007289, 00007290",ID/10236/2025-26,INV2627000491,TRUE,3,1,0,1,1,1,1,2,2,ACTIVE_WITH_PURCHASE_HISTORY,Keep: Has active purchase/return activity,2
OR-322-1ST-FLOOR-B,RAJNIGANDDHA ,9176,2026-27/0109,,TRUE,1,1,0,0,0,0,1,1,1,ACTIVE_WITH_PURCHASE_HISTORY,Keep: Has active purchase/return activity,0
OR-323,TULIPS ,8438,S/0214,,TRUE,1,1,0,0,0,0,1,1,1,ACTIVE_WITH_PURCHASE_HISTORY,Keep: Has active purchase/return activity,0
OR-325-1ST FLOOR,GUNJAN BINANI,9036,151,,TRUE,1,1,0,0,0,0,1,1,1,ACTIVE_WITH_PURCHASE_HISTORY,Keep: Has active purchase/return activity,0
OR-326,SHANAYA FASHION ,9683,SF/25-26/1047,,TRUE,1,1,0,0,0,0,1,1,1,ACTIVE_WITH_PURCHASE_HISTORY,Keep: Has active purchase/return activity,0
OR-330-1ST-FLOOR,VIRA ENTERPRISES,9588,VE-0194/26-27,,TRUE,1,1,0,0,0,0,1,1,1,ACTIVE_WITH_PURCHASE_HISTORY,Keep: Has active purchase/return activity,0
OR-35-4TH-FLOOR,VSB VASTTRAM PVT LTD,9539,,,TRUE,0,0,0,0,0,0,1,1,1,ORPHAN_WITH_STOCK,Audit: Has physical stock/printed barcodes but no purchase record,-1
OR-810-1ST FLOOR,ONAYA FASHION PVT LTD,9677,,,TRUE,0,0,0,0,0,0,1,1,1,ORPHAN_WITH_STOCK,Audit: Has physical stock/printed barcodes but no purchase record,-1
ORT-133,ANANTA EXPORTS,"00008969, 00008970, 00008971, 00008972, 00008973, 00008974",AO/26-27/206,,TRUE,6,1,0,0,0,0,6,6,6,ACTIVE_WITH_PURCHASE_HISTORY,Keep: Has active purchase/return activity,0
ORT-133-G,ANANTA EXPORTS,"00008001, 00008002, 00008003, 00008004, 00008005, 00008006",AO/26-27/168,,TRUE,6,1,0,0,0,0,6,6,6,ACTIVE_WITH_PURCHASE_HISTORY,Keep: Has active purchase/return activity,0
ORT-183,ANANTA EXPORTS,"00002389, 00002390",A01165,,TRUE,2,1,0,0,0,0,2,2,2,ACTIVE_WITH_PURCHASE_HISTORY,Keep: Has active purchase/return activity,0
ORT-184-L,ANANTA EXPORTS,"00007983, 00007984, 00007985, 00007986, 00007987, 00007988",AO/26-27/056,,TRUE,6,1,0,0,0,0,6,6,6,ACTIVE_WITH_PURCHASE_HISTORY,Keep: Has active purchase/return activity,0
ORT-184-P,ANANTA EXPORTS,"00007977, 00007978, 00007979, 00007980, 00007981, 00007982",AO/26-27/056,,TRUE,6,1,0,0,0,0,6,6,6,ACTIVE_WITH_PURCHASE_HISTORY,Keep: Has active purchase/return activity,0
ORT-192,ANANTA EXPORTS,"00007870, 00007871, 00007872, 00007873, 00007874, 00007875",AO/26-27/141,,TRUE,6,1,0,0,0,0,6,6,6,ACTIVE_WITH_PURCHASE_HISTORY,Keep: Has active purchase/return activity,0
ORT-192-C,ANANTA EXPORTS,"00007995, 00007996, 00007997, 00007998, 00007999, 00008000",AO/26-27/168,,TRUE,6,1,0,0,0,0,6,6,6,ACTIVE_WITH_PURCHASE_HISTORY,Keep: Has active purchase/return activity,0
ORT-211,ANANTA EXPORTS,"00002372, 00002373, 00002374, 00002375, 00002376, 00002377, 00002378, 00002379, 00002380, 00002381","A01192, A01213",INV2627000429,TRUE,10,2,0,1,1,0,16,17,10,ACTIVE_WITH_PURCHASE_HISTORY,Keep: Has active purchase/return activity,-7
ORT-214,ANANTA EXPORTS,"00007681, 00007682, 00007683, 00007684",AO1423,,TRUE,4,1,0,0,0,0,4,4,4,ACTIVE_WITH_PURCHASE_HISTORY,Keep: Has active purchase/return activity,0
ORT-214-B,ANANTA EXPORTS,"00007685, 00007686",AO1423,,TRUE,2,1,0,0,0,0,2,2,2,ACTIVE_WITH_PURCHASE_HISTORY,Keep: Has active purchase/return activity,0
ORT 183,ANANTA EXPORTS,"00002385, 00002386, 00002387, 00002388",A01165,"INV2627000771, INV2627000773",TRUE,4,1,0,2,2,0,2,4,4,ACTIVE_WITH_PURCHASE_HISTORY,Keep: Has active purchase/return activity,0
ORT 211,ANANTA EXPORTS,"00002382, 00002383",A01213,,TRUE,2,1,0,0,0,0,2,2,2,ACTIVE_WITH_PURCHASE_HISTORY,Keep: Has active purchase/return activity,0
ORT/212,ANANTA EXPORTS,8416,AO/26-27/211,,TRUE,1,1,0,0,0,0,1,1,1,ACTIVE_WITH_PURCHASE_HISTORY,Keep: Has active purchase/return activity,0
P-2791 (R),TULIPS ,4158,25-26/3219,,TRUE,1,1,0,0,0,0,1,1,1,ACTIVE_WITH_PURCHASE_HISTORY,Keep: Has active purchase/return activity,0
P-2791(R),TULIPS ,4159,25-26/3219,,TRUE,1,1,0,0,0,0,1,1,1,ACTIVE_WITH_PURCHASE_HISTORY,Keep: Has active purchase/return activity,0
P-2791(XL),TULIPS ,4160,25-26/3219,,TRUE,1,1,0,0,0,0,1,1,1,ACTIVE_WITH_PURCHASE_HISTORY,Keep: Has active purchase/return activity,0
P-2806,TULIPS ,4697,25-26/3235,,TRUE,1,1,1,0,0,0,0,1,1,ACTIVE_WITH_PURCHASE_HISTORY,Keep: Has active purchase/return activity,0
P-2831,TULIPS ,"00004694, 00004695",25-26/3235,,TRUE,2,1,2,0,0,0,0,2,2,ACTIVE_WITH_PURCHASE_HISTORY,Keep: Has active purchase/return activity,0
P-2896,TULIPS ,9285,S/0305,INV2627000881,TRUE,1,1,0,1,1,0,0,1,1,ACTIVE_WITH_PURCHASE_HISTORY,Keep: Has active purchase/return activity,0
P-2896-G,TULIPS ,"00005440, 00005454",25-26/3310,,TRUE,1,1,0,0,0,0,2,2,2,ACTIVE_WITH_PURCHASE_HISTORY,Keep: Has active purchase/return activity,-1
P-2896-P,TULIPS ,"00005441, 00005455",25-26/3310,,TRUE,1,1,0,0,0,0,2,2,2,ACTIVE_WITH_PURCHASE_HISTORY,Keep: Has active purchase/return activity,-1
P-2896-R,TULIPS ,"00005442, 00005456",25-26/3310,,TRUE,1,1,0,0,0,0,2,2,2,ACTIVE_WITH_PURCHASE_HISTORY,Keep: Has active purchase/return activity,-1
P-2911,TULIPS ,"00004215, 00004699, 00004700","25-26/3219, 25-26/3235",INV2026000302,TRUE,3,2,0,1,1,0,2,3,3,ACTIVE_WITH_PURCHASE_HISTORY,Keep: Has active purchase/return activity,0
P-2911-B,FABRICMART LLP ,"00005439, 00005453",25-26/3310,,TRUE,1,1,1,0,0,0,1,2,2,ACTIVE_WITH_PURCHASE_HISTORY,Keep: Has active purchase/return activity,-1
P-2911-P,TULIPS ,"00005438, 00005452",25-26/3310,,TRUE,1,1,0,0,0,0,2,2,2,ACTIVE_WITH_PURCHASE_HISTORY,Keep: Has active purchase/return activity,-1
P-2930-B,TULIPS ,"00005446, 00005460",,,TRUE,0,0,0,0,0,0,2,2,2,ORPHAN_WITH_STOCK,Audit: Has physical stock/printed barcodes but no purchase record,-2
P-2932,TULIPS ,4157,25-26/3219,,TRUE,1,1,0,0,0,0,1,1,1,ACTIVE_WITH_PURCHASE_HISTORY,Keep: Has active purchase/return activity,0
P-2960,TULIPS ,5271,25-26/3403,"INV2627000091, INV2627000149",TRUE,2,1,0,2,2,0,0,1,1,ACTIVE_WITH_PURCHASE_HISTORY,Keep: Has active purchase/return activity,0
P-2960-P,TULIPS ,5272,25-26/3403,INV2026000281,TRUE,1,1,0,1,1,0,0,1,1,ACTIVE_WITH_PURCHASE_HISTORY,Keep: Has active purchase/return activity,0
P-2972,TULIPS ,4696,25-26/3235,,TRUE,1,1,1,0,0,0,0,1,1,ACTIVE_WITH_PURCHASE_HISTORY,Keep: Has active purchase/return activity,0
P-2977-B,FABRICMART LLP ,"00005443, 00005457",25-26/3310,,TRUE,1,1,0,0,0,0,2,2,2,ACTIVE_WITH_PURCHASE_HISTORY,Keep: Has active purchase/return activity,-1
P-2977-W,FABRICMART LLP ,"00005444, 00005458",25-26/3310,,TRUE,1,1,1,0,0,0,1,2,2,ACTIVE_WITH_PURCHASE_HISTORY,Keep: Has active purchase/return activity,-1
P-2980-B,TULIPS ,5463,25-26/3310,,TRUE,1,1,0,0,0,0,1,1,1,ACTIVE_WITH_PURCHASE_HISTORY,Keep: Has active purchase/return activity,0
P-2980-G,FABRICMART LLP ,"00005445, 00005459",25-26/3310,,TRUE,1,1,0,0,0,0,2,2,2,ACTIVE_WITH_PURCHASE_HISTORY,Keep: Has active purchase/return activity,-1
P-2989,TULIPS ,"00005267, 00007420, 00007421","25-26/3403, S/0109",INV2627001045,TRUE,3,2,0,1,1,0,2,3,3,ACTIVE_WITH_PURCHASE_HISTORY,Keep: Has active purchase/return activity,0
P-2989-XL,TULIPS ,5268,25-26/3403,INV2026000375,TRUE,1,1,0,1,1,1,0,1,1,ACTIVE_WITH_PURCHASE_HISTORY,Keep: Has active purchase/return activity,1
P-3006-G,TULIPS ,"00005548, 00005550",25-26/3520,,TRUE,2,1,2,0,0,0,0,2,2,ACTIVE_WITH_PURCHASE_HISTORY,Keep: Has active purchase/return activity,0
P-3006-P,TULIPS ,5549,25-26/3520,,TRUE,1,1,1,0,0,0,0,1,1,ACTIVE_WITH_PURCHASE_HISTORY,Keep: Has active purchase/return activity,0
P-3012-GR,TULIPS ,"00005435, 00005449",25-26/3310,,TRUE,1,1,0,0,0,0,2,2,2,ACTIVE_WITH_PURCHASE_HISTORY,Keep: Has active purchase/return activity,-1
P-3012-GY,TULIPS ,"00005436, 00005450",25-26/3310,,TRUE,1,1,0,0,0,0,2,2,2,ACTIVE_WITH_PURCHASE_HISTORY,Keep: Has active purchase/return activity,-1
P-3012-P,FABRICMART LLP ,"00005437, 00005451",25-26/3310,,TRUE,1,1,0,0,0,0,2,2,2,ACTIVE_WITH_PURCHASE_HISTORY,Keep: Has active purchase/return activity,-1
P-3014(R),TULIPS ,"00004154, 00004155",25-26/3219,,TRUE,2,1,0,0,0,0,2,2,2,ACTIVE_WITH_PURCHASE_HISTORY,Keep: Has active purchase/return activity,0
P-3014(XL),TULIPS ,4156,25-26/3219,,TRUE,1,1,0,0,0,0,1,1,1,ACTIVE_WITH_PURCHASE_HISTORY,Keep: Has active purchase/return activity,0
P-3020 R,TULIPS ,"00004692, 00004693",25-26/3235,"INV2026000307, INV2627000515",TRUE,2,1,0,2,2,0,0,2,2,ACTIVE_WITH_PURCHASE_HISTORY,Keep: Has active purchase/return activity,0
P-3033,TULIPS ,5269,25-26/3403,,TRUE,2,1,0,0,0,0,1,1,1,ACTIVE_WITH_PURCHASE_HISTORY,Keep: Has active purchase/return activity,1
P-3033-XL,TULIPS ,5270,25-26/3403,INV2627000522,TRUE,1,1,0,1,1,0,0,1,1,ACTIVE_WITH_PURCHASE_HISTORY,Keep: Has active purchase/return activity,0
P-3086,TULIPS ,"00004701, 00004702, 00004703",25-26/3235,INV2627001004,TRUE,3,1,1,1,1,0,1,3,3,ACTIVE_WITH_PURCHASE_HISTORY,Keep: Has active purchase/return activity,0
P-4025,HOUSE OF RITAS PRIVATE LIMITED,6958,12568,INV2627000235,TRUE,1,1,0,1,1,0,0,1,1,ACTIVE_WITH_PURCHASE_HISTORY,Keep: Has active purchase/return activity,0
P-5044,HOUSE OF RITAS PRIVATE LIMITED,5813,INV001-0011955,,TRUE,1,1,0,0,0,0,1,1,1,ACTIVE_WITH_PURCHASE_HISTORY,Keep: Has active purchase/return activity,0
PD0928,PARIDHAAN HOUSE OF FASHION PVT LTD,7953,GST/26-27/068,,TRUE,1,1,0,0,0,0,1,1,1,ACTIVE_WITH_PURCHASE_HISTORY,Keep: Has active purchase/return activity,0
PE-59,ONAYA FASHION PVT LTD,4052,GPOSI25-26/17161,,TRUE,1,1,0,0,0,0,1,1,1,ACTIVE_WITH_PURCHASE_HISTORY,Keep: Has active purchase/return activity,0
PE-78,ONAYA FASHION PVT LTD,7063,17886,,TRUE,1,1,0,0,0,0,1,1,1,ACTIVE_WITH_PURCHASE_HISTORY,Keep: Has active purchase/return activity,0
PE-79,ONAYA FASHION PVT LTD,4053,GPOSI25-26/17161,,TRUE,1,1,0,0,0,0,1,1,1,ACTIVE_WITH_PURCHASE_HISTORY,Keep: Has active purchase/return activity,0
PE 58,ONAYA FASHION PVT LTD,4544,GPOSI25-26/16897,INV2627001019,TRUE,1,1,0,1,1,0,0,1,1,ACTIVE_WITH_PURCHASE_HISTORY,Keep: Has active purchase/return activity,0
PE55,ONAYA FASHION PVT LTD,112,GPOSI25-26/16336,"INV2627000374, INV2627000719",TRUE,1,1,0,2,2,2,0,1,1,ACTIVE_WITH_PURCHASE_HISTORY,Keep: Has active purchase/return activity,1
PG-212,NAVYA SANGAM KRITI,6853,CRE/000015/26-27,,TRUE,1,1,0,0,0,0,1,1,1,ACTIVE_WITH_PURCHASE_HISTORY,Keep: Has active purchase/return activity,0
PG535,AASHIRVAD HERITAGE PVT LTD,6134,AH/009129/25-26,,TRUE,1,1,0,0,0,0,1,1,1,ACTIVE_WITH_PURCHASE_HISTORY,Keep: Has active purchase/return activity,0
PG590,AASHIRVAD HERITAGE PVT LTD,6135,AH/009129/25-26,,TRUE,1,1,0,0,0,0,1,1,1,ACTIVE_WITH_PURCHASE_HISTORY,Keep: Has active purchase/return activity,0
PG590/1685,AASHIRVAD HERITAGE PVT LTD,3930,AH/008865/25-26,INV2627000208,TRUE,1,1,0,1,1,0,0,1,1,ACTIVE_WITH_PURCHASE_HISTORY,Keep: Has active purchase/return activity,0
PN-7706A,CELEBRATION CLOTHING PVT. LTD.,43,25-26-1908,,TRUE,1,1,0,0,0,0,1,1,1,ACTIVE_WITH_PURCHASE_HISTORY,Keep: Has active purchase/return activity,0
PN-7725A,CELEBRATION CLOTHING PVT. LTD.,44,25-26-1908,INV2627000486,TRUE,1,1,0,1,1,0,0,1,1,ACTIVE_WITH_PURCHASE_HISTORY,Keep: Has active purchase/return activity,0
PN-7764 ( PU ),CELEBRATION CLOTHING PVT. LTD.,42,25-26-1908,,TRUE,1,1,0,0,0,0,1,1,1,ACTIVE_WITH_PURCHASE_HISTORY,Keep: Has active purchase/return activity,0
PN-7766,CELEBRATION CLOTHING PVT. LTD.,1316,25-26-1951,INV2627000510,TRUE,1,1,0,1,1,0,0,1,1,ACTIVE_WITH_PURCHASE_HISTORY,Keep: Has active purchase/return activity,0
PN-7842 ( PK ),CELEBRATION CLOTHING PVT. LTD.,39,25-26-1908,,TRUE,1,1,0,0,0,0,1,1,1,ACTIVE_WITH_PURCHASE_HISTORY,Keep: Has active purchase/return activity,0
PN-7844 ( PH ),CELEBRATION CLOTHING PVT. LTD.,40,25-26-1908,,TRUE,1,1,0,0,0,0,1,1,1,ACTIVE_WITH_PURCHASE_HISTORY,Keep: Has active purchase/return activity,0
PN-7851,CELEBRATION CLOTHING PVT. LTD.,1315,25-26-1951,,TRUE,1,1,0,0,0,0,1,1,1,ACTIVE_WITH_PURCHASE_HISTORY,Keep: Has active purchase/return activity,0
PN-7860 ( BG ),CELEBRATION CLOTHING PVT. LTD.,41,25-26-1908,,TRUE,1,1,0,0,0,0,1,1,1,ACTIVE_WITH_PURCHASE_HISTORY,Keep: Has active purchase/return activity,0
PN-7887,CELEBRATION CLOTHING PVT. LTD.,5121,25-26-1986,,TRUE,1,1,0,0,0,0,1,1,1,ACTIVE_WITH_PURCHASE_HISTORY,Keep: Has active purchase/return activity,0
PN-7888,CELEBRATION CLOTHING PVT. LTD.,1319,25-26-1951,,TRUE,1,1,0,0,0,0,1,1,1,ACTIVE_WITH_PURCHASE_HISTORY,Keep: Has active purchase/return activity,0
PN-7889,CELEBRATION CLOTHING PVT. LTD.,1317,25-26-1951,,TRUE,1,1,0,0,0,0,1,1,1,ACTIVE_WITH_PURCHASE_HISTORY,Keep: Has active purchase/return activity,0
PN-7899,CELEBRATION CLOTHING PVT. LTD.,1318,25-26-1951,,TRUE,1,1,0,0,0,0,1,1,1,ACTIVE_WITH_PURCHASE_HISTORY,Keep: Has active purchase/return activity,0
PN-7906,CELEBRATION CLOTHING PVT. LTD.,5122,25-26-1986,,TRUE,1,1,0,0,0,0,1,1,1,ACTIVE_WITH_PURCHASE_HISTORY,Keep: Has active purchase/return activity,0
PN-7910,CELEBRATION CLOTHING PVT. LTD.,1314,25-26-1951,,TRUE,1,1,0,0,0,0,1,1,1,ACTIVE_WITH_PURCHASE_HISTORY,Keep: Has active purchase/return activity,0
PS-1426,DEV DARSHAN DESIGNS PVT LTD,"00001013, 00004079","DDD/07542/25-26, DDD/07567/25-26",INV2627000697,TRUE,2,2,0,1,1,0,1,2,2,ACTIVE_WITH_PURCHASE_HISTORY,Keep: Has active purchase/return activity,0
Q-5018,HOUSE OF RITAS PRIVATE LIMITED,5814,INV001-0011955,INV2627000420,TRUE,1,1,0,1,1,0,0,1,1,ACTIVE_WITH_PURCHASE_HISTORY,Keep: Has active purchase/return activity,0
R-04,KADAMBARI FASHION ,6829,3783,,TRUE,1,1,0,0,0,0,1,1,1,ACTIVE_WITH_PURCHASE_HISTORY,Keep: Has active purchase/return activity,0
R-1,KADAMBARI FASHION ,6830,3783,,TRUE,1,1,0,0,0,0,1,1,1,ACTIVE_WITH_PURCHASE_HISTORY,Keep: Has active purchase/return activity,0
R-8709,VARIMA FASHIONS PVT LTD,4321,VFPL2277,,TRUE,3,1,0,0,0,0,3,3,1,ACTIVE_WITH_PURCHASE_HISTORY,Keep: Has active purchase/return activity,0
R-9569,VARIMA FASHIONS PVT LTD,4328,VFPL2277,INV2026000390,TRUE,2,1,0,1,1,0,1,2,1,ACTIVE_WITH_PURCHASE_HISTORY,Keep: Has active purchase/return activity,0
R/O-M-784,Manvi &Manik,2993,25-26/1408,,TRUE,1,1,0,0,0,0,1,1,1,ACTIVE_WITH_PURCHASE_HISTORY,Keep: Has active purchase/return activity,0
R092,RUCHIKA DESIGN STUDIO,308,FY25-26/3244,,TRUE,1,1,0,0,0,0,1,1,1,ACTIVE_WITH_PURCHASE_HISTORY,Keep: Has active purchase/return activity,0
R099,RUCHIKA DESIGN STUDIO,369,FY25-26/3244,INV2627001017,TRUE,1,1,0,1,1,0,0,1,1,ACTIVE_WITH_PURCHASE_HISTORY,Keep: Has active purchase/return activity,0
RADHEY-005-B,HARSHRINGAR,6213,HS/25-26/552,,TRUE,1,1,0,0,0,0,1,1,1,ACTIVE_WITH_PURCHASE_HISTORY,Keep: Has active purchase/return activity,0
RADHEY-005-G,HARSHRINGAR,6215,HS/25-26/552,,TRUE,1,1,0,0,0,0,1,1,1,ACTIVE_WITH_PURCHASE_HISTORY,Keep: Has active purchase/return activity,0
RADHEY-005-P,HARSHRINGAR,6214,HS/25-26/552,INV2026000297,TRUE,1,1,0,1,1,0,0,1,1,ACTIVE_WITH_PURCHASE_HISTORY,Keep: Has active purchase/return activity,0
RADHEY-006-G,HARSHRINGAR,"00006253, 00006256",HS/25-26/552,INV2026000220,TRUE,2,1,0,1,1,0,1,2,2,ACTIVE_WITH_PURCHASE_HISTORY,Keep: Has active purchase/return activity,0
RADHEY-006-P,HARSHRINGAR,6257,HS/25-26/552,INV2026000109,TRUE,1,1,0,1,1,0,0,1,1,ACTIVE_WITH_PURCHASE_HISTORY,Keep: Has active purchase/return activity,0
RADHEY-006-W,HARSHRINGAR,6252,HS/25-26/552,,TRUE,1,1,0,0,0,0,1,1,1,ACTIVE_WITH_PURCHASE_HISTORY,Keep: Has active purchase/return activity,0
RADHEY-007-B,HARSHRINGAR,6207,HS/25-26/552,,TRUE,1,1,0,0,0,0,1,1,1,ACTIVE_WITH_PURCHASE_HISTORY,Keep: Has active purchase/return activity,0
RADHEY-007-P,HARSHRINGAR,6205,HS/25-26/552,INV2627000342,TRUE,1,1,0,1,1,0,0,1,1,ACTIVE_WITH_PURCHASE_HISTORY,Keep: Has active purchase/return activity,0
RADHEY-007-Y,HARSHRINGAR,6206,HS/25-26/552,INV2627000299,TRUE,1,1,0,1,1,0,0,1,1,ACTIVE_WITH_PURCHASE_HISTORY,Keep: Has active purchase/return activity,0
RADHEY-014-G,HARSHRINGAR,6249,HS/25-26/552,INV2026000230,TRUE,1,1,0,1,1,0,0,1,1,ACTIVE_WITH_PURCHASE_HISTORY,Keep: Has active purchase/return activity,0
RADHEY-014-P,HARSHRINGAR,6251,HS/25-26/552,INV2627000473,TRUE,1,1,0,1,1,0,0,1,1,ACTIVE_WITH_PURCHASE_HISTORY,Keep: Has active purchase/return activity,0
RADHEY-014-Y,HARSHRINGAR,6250,HS/25-26/552,INV2026000345,TRUE,1,1,0,1,1,0,0,1,1,ACTIVE_WITH_PURCHASE_HISTORY,Keep: Has active purchase/return activity,0
RAMILA-G,KARISHAMA LEGACY LLP,6079,KL/25-26/16915,,TRUE,1,1,0,0,0,0,1,1,1,ACTIVE_WITH_PURCHASE_HISTORY,Keep: Has active purchase/return activity,0
RAMILA-P,KARISHAMA LEGACY LLP,6080,KL/25-26/16915,INV2627000751,TRUE,1,1,0,1,1,0,0,1,1,ACTIVE_WITH_PURCHASE_HISTORY,Keep: Has active purchase/return activity,0
RC/SS/571,RITWIKA,4429,121/1807/25-263,,TRUE,1,1,0,0,0,0,1,1,1,ACTIVE_WITH_PURCHASE_HISTORY,Keep: Has active purchase/return activity,0
RDHBT54,RUPDARSHI DESIGNS PRIVATE LIMITED,4375,RDS/006479/25-26,,TRUE,1,1,0,0,0,0,1,1,1,ACTIVE_WITH_PURCHASE_HISTORY,Keep: Has active purchase/return activity,0
RDWH 363,RUPDARSHI DESIGNS PRIVATE LIMITED,4360,RDS/006479/25-26,,TRUE,1,1,0,0,0,0,1,1,1,ACTIVE_WITH_PURCHASE_HISTORY,Keep: Has active purchase/return activity,0
RDWH253,RUPDARSHI DESIGNS PRIVATE LIMITED,"00004368, 00004369",RDS/006479/25-26,,TRUE,2,1,0,0,0,0,2,2,2,ACTIVE_WITH_PURCHASE_HISTORY,Keep: Has active purchase/return activity,0
RDWH268,RUPDARSHI DESIGNS PRIVATE LIMITED,"00004362, 00004363, 00004364",RDS/006479/25-26,,TRUE,4,1,0,0,0,0,4,4,3,ACTIVE_WITH_PURCHASE_HISTORY,Keep: Has active purchase/return activity,0
RDWH294,RUPDARSHI DESIGNS PRIVATE LIMITED,"00004365, 00004367, 00004377",RDS/006479/25-26,"INV2627000023, INV2627000476, INV2627000584",TRUE,5,1,0,3,3,0,2,5,3,ACTIVE_WITH_PURCHASE_HISTORY,Keep: Has active purchase/return activity,0
RDWH294 B,RUPDARSHI DESIGNS PRIVATE LIMITED,4366,RDS/006479/25-26,INV2627000023,TRUE,1,1,0,1,1,0,0,1,1,ACTIVE_WITH_PURCHASE_HISTORY,Keep: Has active purchase/return activity,0
RDWH301,RUPDARSHI DESIGNS PRIVATE LIMITED,"00004373, 00004374",RDS/006479/25-26,INV2627000055,TRUE,4,1,0,1,1,0,1,2,2,ACTIVE_WITH_PURCHASE_HISTORY,Keep: Has active purchase/return activity,2
RDWH337,RUPDARSHI DESIGNS PRIVATE LIMITED,4361,RDS/006479/25-26,,TRUE,1,1,0,0,0,0,1,1,1,ACTIVE_WITH_PURCHASE_HISTORY,Keep: Has active purchase/return activity,0
RDWH357,RUPDARSHI DESIGNS PRIVATE LIMITED,"00004370, 00004371, 00004372",RDS/006479/25-26,INV2627000465,TRUE,3,1,0,2,1,0,1,3,3,ACTIVE_WITH_PURCHASE_HISTORY,Keep: Has active purchase/return activity,0
RDWH368,RUPDARSHI DESIGNS PRIVATE LIMITED,"00004357, 00004358, 00004359",RDS/006479/25-26,,TRUE,3,1,0,0,0,0,3,3,3,ACTIVE_WITH_PURCHASE_HISTORY,Keep: Has active purchase/return activity,0
RE15987,AASHIRVAD HERITAGE PVT LTD,3066,ED/002853/25-26,INV2026000261,TRUE,1,1,0,1,1,0,0,1,1,ACTIVE_WITH_PURCHASE_HISTORY,Keep: Has active purchase/return activity,0
RE16527,AASHIRVAD HERITAGE PVT LTD,3067,ED/002853/25-26,INV2627000817,TRUE,1,1,0,1,1,0,0,1,1,ACTIVE_WITH_PURCHASE_HISTORY,Keep: Has active purchase/return activity,0
RGAJ-70,FABRICMART LLP ,5210,A226-011844,INV2627000343,TRUE,2,1,0,1,1,0,1,2,1,ACTIVE_WITH_PURCHASE_HISTORY,Keep: Has active purchase/return activity,0
RGIS-10045,FABRICMART LLP ,5211,A226-011844,,TRUE,2,1,0,0,0,0,2,2,1,ACTIVE_WITH_PURCHASE_HISTORY,Keep: Has active purchase/return activity,0
RGMU-5031,FABRICMART LLP ,5212,A226-011844,,TRUE,2,1,2,0,0,0,0,2,1,ACTIVE_WITH_PURCHASE_HISTORY,Keep: Has active purchase/return activity,0
RGMU-62,FABRICMART LLP ,5213,A226-011844,,TRUE,2,1,0,0,0,0,2,2,1,ACTIVE_WITH_PURCHASE_HISTORY,Keep: Has active purchase/return activity,0
RGMU-84,FABRICMART LLP ,5214,A226-011844,,TRUE,2,1,2,0,0,0,0,2,1,ACTIVE_WITH_PURCHASE_HISTORY,Keep: Has active purchase/return activity,0
RGNPC-156,FABRICMART LLP ,5215,A226-011844,,TRUE,2,1,2,0,0,0,0,2,1,ACTIVE_WITH_PURCHASE_HISTORY,Keep: Has active purchase/return activity,0
RGNPC-158,FABRICMART LLP ,5216,A226-011844,,TRUE,2,1,2,0,0,0,0,2,1,ACTIVE_WITH_PURCHASE_HISTORY,Keep: Has active purchase/return activity,0
RGPC-026,FABRICMART LLP ,5217,A226-011844,,TRUE,2,1,0,0,0,0,2,2,1,ACTIVE_WITH_PURCHASE_HISTORY,Keep: Has active purchase/return activity,0
RGVJ-5106,FABRICMART LLP ,5218,A226-011844,,TRUE,2,1,2,0,0,0,0,2,1,ACTIVE_WITH_PURCHASE_HISTORY,Keep: Has active purchase/return activity,0
RGVJ-5147,FABRICMART LLP ,5219,A226-011844,,TRUE,2,1,2,0,0,0,0,2,1,ACTIVE_WITH_PURCHASE_HISTORY,Keep: Has active purchase/return activity,0
RIS-101,DEV DARSHAN DESIGNS PVT LTD,1011,DDD/07542/25-26,,TRUE,1,1,0,0,0,0,1,1,1,ACTIVE_WITH_PURCHASE_HISTORY,Keep: Has active purchase/return activity,0
RIS 196,DEV DARSHAN DESIGNS PVT LTD,1279,DDD/07545/25-26,,TRUE,1,1,0,0,0,0,1,1,1,ACTIVE_WITH_PURCHASE_HISTORY,Keep: Has active purchase/return activity,0
RJ-1605,SANGEETA CREATIONS,7037,SC/25-26/5983,,TRUE,1,1,0,0,0,0,1,1,1,ACTIVE_WITH_PURCHASE_HISTORY,Keep: Has active purchase/return activity,0
RJ-1824,SANGEETA CREATIONS,5691,SC/25-26/5866,INV2627000566,TRUE,1,1,0,1,1,0,0,1,1,ACTIVE_WITH_PURCHASE_HISTORY,Keep: Has active purchase/return activity,0
RJ-2034,SANGEETA CREATIONS,5690,SC/25-26/5866,,TRUE,1,1,0,0,0,0,1,1,1,ACTIVE_WITH_PURCHASE_HISTORY,Keep: Has active purchase/return activity,0
RJ1508,SANGEETA CREATIONS,4532,SC/25-26/5795,INV2026000204,TRUE,1,1,0,1,1,0,0,1,1,ACTIVE_WITH_PURCHASE_HISTORY,Keep: Has active purchase/return activity,0
RJ1689,SANGEETA CREATIONS,1126,SC/25-26/5662,,TRUE,1,1,0,0,0,0,1,1,1,ACTIVE_WITH_PURCHASE_HISTORY,Keep: Has active purchase/return activity,0
RJ1736,SANGEETA CREATIONS,1127,SC/25-26/5662,,TRUE,1,1,0,0,0,0,1,1,1,ACTIVE_WITH_PURCHASE_HISTORY,Keep: Has active purchase/return activity,0
RJ1791,SANGEETA CREATIONS,131,SC/25-26/5561,,TRUE,1,1,0,0,0,0,1,1,1,ACTIVE_WITH_PURCHASE_HISTORY,Keep: Has active purchase/return activity,0
RJ1811,SANGEETA CREATIONS,142,SC/25-26/5509,,TRUE,1,1,0,0,0,0,1,1,1,ACTIVE_WITH_PURCHASE_HISTORY,Keep: Has active purchase/return activity,0
RJ1852,SANGEETA CREATIONS,139,SC/25-26/5509,,TRUE,1,1,0,0,0,0,1,1,1,ACTIVE_WITH_PURCHASE_HISTORY,Keep: Has active purchase/return activity,0
RJ1919,SANGEETA CREATIONS,132,SC/25-26/5509,,TRUE,1,1,0,0,0,0,1,1,1,ACTIVE_WITH_PURCHASE_HISTORY,Keep: Has active purchase/return activity,0
RJ1953,SANGEETA CREATIONS,133,SC/25-26/5509,,TRUE,1,1,0,0,0,0,1,1,1,ACTIVE_WITH_PURCHASE_HISTORY,Keep: Has active purchase/return activity,0
RJ1965,SANGEETA CREATIONS,135,SC/25-26/5509,INV2026000393,TRUE,1,1,0,1,1,0,0,1,1,ACTIVE_WITH_PURCHASE_HISTORY,Keep: Has active purchase/return activity,0
RJ1988,SANGEETA CREATIONS,134,SC/25-26/5509,,TRUE,1,1,0,0,0,0,1,1,1,ACTIVE_WITH_PURCHASE_HISTORY,Keep: Has active purchase/return activity,0
RJ1994,SANGEETA CREATIONS,136,SC/25-26/5509,,TRUE,1,1,0,0,0,0,1,1,1,ACTIVE_WITH_PURCHASE_HISTORY,Keep: Has active purchase/return activity,0
RJ1995,SANGEETA CREATIONS,137,SC/25-26/5509,INV2026000098,TRUE,1,1,0,1,1,0,0,1,1,ACTIVE_WITH_PURCHASE_HISTORY,Keep: Has active purchase/return activity,0
RJ2024,SANGEETA CREATIONS,129,SC/25-26/5590,,TRUE,1,1,0,0,0,0,1,1,1,ACTIVE_WITH_PURCHASE_HISTORY,Keep: Has active purchase/return activity,0
RJ2082,SANGEETA CREATIONS,3041,SC/25-26/5754,,TRUE,1,1,0,0,0,0,1,1,1,ACTIVE_WITH_PURCHASE_HISTORY,Keep: Has active purchase/return activity,0
RPT43,RUPDARSHI DESIGNS PRIVATE LIMITED,4376,RDS/006479/25-26,INV2026000109,TRUE,1,1,0,1,1,0,0,1,1,ACTIVE_WITH_PURCHASE_HISTORY,Keep: Has active purchase/return activity,0
RR-1209,HANDLOOM EMPORIUM TEXT.PRT.LTD,"00009478, 00009479",89TEN/0181,,TRUE,2,1,0,0,0,0,2,2,2,ACTIVE_WITH_PURCHASE_HISTORY,Keep: Has active purchase/return activity,0
RR-1210,HANDLOOM EMPORIUM TEXT.PRT.LTD,"00009480, 00009481",89TEN/0181,,TRUE,2,1,0,0,0,0,2,2,2,ACTIVE_WITH_PURCHASE_HISTORY,Keep: Has active purchase/return activity,0
RR-316,ISHUM DESIGNS,3575,ID/10871/2025-26,"INV2026000035, INV2026000044",TRUE,2,1,0,2,2,4,0,2,1,ACTIVE_WITH_PURCHASE_HISTORY,Keep: Has active purchase/return activity,4
RR1205,HANDLOOM EMPORIUM TEXT.PRT.LTD,"00001321, 00001322",89TEN/1189,,TRUE,2,1,0,0,0,0,2,2,2,ACTIVE_WITH_PURCHASE_HISTORY,Keep: Has active purchase/return activity,0
RS/42/231,PALKI FASHION PVT. LTD. ,4018,WS/003069/25-26,,TRUE,1,1,0,0,0,0,1,1,1,ACTIVE_WITH_PURCHASE_HISTORY,Keep: Has active purchase/return activity,0
RW-019,NIRMAL CREATIONS,1040,NC/009559/25-26,,TRUE,1,1,0,0,0,0,1,1,1,ACTIVE_WITH_PURCHASE_HISTORY,Keep: Has active purchase/return activity,0
S- 3448,RUDRAKSH,371,E-2248,,TRUE,1,1,0,0,0,0,1,1,1,ACTIVE_WITH_PURCHASE_HISTORY,Keep: Has active purchase/return activity,0
S-03991 MOONGA,SHUBHANGAM-(2022-23),6445,19933,INV2026000172,TRUE,1,1,0,1,1,0,0,1,1,ACTIVE_WITH_PURCHASE_HISTORY,Keep: Has active purchase/return activity,0
S-04130 BNS,SHUBHANGAM-(2022-23),6440,19933,,TRUE,1,1,0,0,0,0,1,1,1,ACTIVE_WITH_PURCHASE_HISTORY,Keep: Has active purchase/return activity,0
S-1013,HOUSE OF RITAS PRIVATE LIMITED,5819,INV001-0012188,INV2627000146,TRUE,1,1,0,1,1,0,0,1,1,ACTIVE_WITH_PURCHASE_HISTORY,Keep: Has active purchase/return activity,0
S-10711,ONAYA FASHION PVT LTD,7064,17886,INV2627000565,TRUE,1,1,0,1,1,0,0,1,1,ACTIVE_WITH_PURCHASE_HISTORY,Keep: Has active purchase/return activity,0
S-10740,ONAYA FASHION PVT LTD,7046,GPOSI25-26/18182,,TRUE,1,1,0,0,0,0,1,1,1,ACTIVE_WITH_PURCHASE_HISTORY,Keep: Has active purchase/return activity,0
S-10803,ONAYA FASHION PVT LTD,7065,17886,,TRUE,1,1,0,0,0,0,1,1,1,ACTIVE_WITH_PURCHASE_HISTORY,Keep: Has active purchase/return activity,0
S-1800,VINAY FASHION LLP,6888,K/3961,,TRUE,1,1,0,0,0,0,1,1,1,ACTIVE_WITH_PURCHASE_HISTORY,Keep: Has active purchase/return activity,0
S-3089,RUDRAKSH,"00003332, 00003333",E-2373,"INV2026000074, INV2026000228",TRUE,3,1,0,2,2,2,1,2,2,ACTIVE_WITH_PURCHASE_HISTORY,Keep: Has active purchase/return activity,2
S-3160,RUDRAKSH,9177,F-115,,TRUE,1,1,0,0,0,0,1,1,1,ACTIVE_WITH_PURCHASE_HISTORY,Keep: Has active purchase/return activity,0
S-3160-02,RUDRAKSH,9178,F-115,,TRUE,2,1,0,0,0,0,1,1,1,ACTIVE_WITH_PURCHASE_HISTORY,Keep: Has active purchase/return activity,1
S-3387,RUDRAKSH,412,E-2179,INV2026000398,TRUE,2,1,0,1,1,0,0,1,1,ACTIVE_WITH_PURCHASE_HISTORY,Keep: Has active purchase/return activity,1
S-3387 (XL),RUDRAKSH,413,E-2179,,TRUE,1,1,0,0,0,0,1,1,1,ACTIVE_WITH_PURCHASE_HISTORY,Keep: Has active purchase/return activity,0
S-3400,RUDRAKSH,414,E-2179,,TRUE,1,1,0,0,0,0,1,1,1,ACTIVE_WITH_PURCHASE_HISTORY,Keep: Has active purchase/return activity,0
S-3418,RUDRAKSH,415,E-2179,,TRUE,1,1,0,0,0,0,1,1,1,ACTIVE_WITH_PURCHASE_HISTORY,Keep: Has active purchase/return activity,0
S-3434,RUDRAKSH,416,E-2179,INV2026000307,TRUE,1,1,0,1,1,0,0,1,1,ACTIVE_WITH_PURCHASE_HISTORY,Keep: Has active purchase/return activity,0
S-3441,RUDRAKSH,"00003334, 00003335, 00006893","E-2373, E-2655","INV2026000246, INV2026000249, INV2627000420",TRUE,5,2,0,3,3,0,2,4,3,ACTIVE_WITH_PURCHASE_HISTORY,Keep: Has active purchase/return activity,0
S-3445,RUDRAKSH,417,E-2179,"INV2627000141, INV2627000993",TRUE,2,1,0,2,2,1,0,1,1,ACTIVE_WITH_PURCHASE_HISTORY,Keep: Has active purchase/return activity,1
S-3445 ( PURPLE ),RUDRAKSH,419,E-2179,"INV2627000123, INV2627000935",TRUE,2,1,0,2,2,0,0,1,1,ACTIVE_WITH_PURCHASE_HISTORY,Keep: Has active purchase/return activity,0
S-3445 (XL) PURPLE,RUDRAKSH,420,E-2179,INV2026000402,TRUE,1,1,0,1,1,0,0,1,1,ACTIVE_WITH_PURCHASE_HISTORY,Keep: Has active purchase/return activity,0
S-3445 XL,RUDRAKSH,418,E-2179,INV2627000428,TRUE,1,1,0,1,1,0,0,1,1,ACTIVE_WITH_PURCHASE_HISTORY,Keep: Has active purchase/return activity,0
S-3446,RUDRAKSH,421,E-2179,,TRUE,1,1,0,0,0,0,1,1,1,ACTIVE_WITH_PURCHASE_HISTORY,Keep: Has active purchase/return activity,0
S-3446 (XL),RUDRAKSH,422,E-2179,,TRUE,2,1,0,0,0,0,1,1,1,ACTIVE_WITH_PURCHASE_HISTORY,Keep: Has active purchase/return activity,1
S-3450,RUDRAKSH,423,E-2179,INV2627000374,TRUE,2,1,0,1,1,0,0,1,1,ACTIVE_WITH_PURCHASE_HISTORY,Keep: Has active purchase/return activity,1
S-3450 (XL),RUDRAKSH,424,E-2179,INV2627000138,TRUE,1,1,0,1,1,0,0,1,1,ACTIVE_WITH_PURCHASE_HISTORY,Keep: Has active purchase/return activity,0
S-3455,RUDRAKSH,7321,E-2695,,TRUE,2,1,0,0,0,0,1,1,1,ACTIVE_WITH_PURCHASE_HISTORY,Keep: Has active purchase/return activity,1
S-3455-B,RUDRAKSH,7322,E-2695,,TRUE,1,1,0,0,0,0,1,1,1,ACTIVE_WITH_PURCHASE_HISTORY,Keep: Has active purchase/return activity,0
S-3472,RUDRAKSH,7323,E-2695,,TRUE,2,1,0,0,0,0,1,1,1,ACTIVE_WITH_PURCHASE_HISTORY,Keep: Has active purchase/return activity,1
S-3472-B,RUDRAKSH,7324,E-2695,,TRUE,1,1,0,0,0,0,1,1,1,ACTIVE_WITH_PURCHASE_HISTORY,Keep: Has active purchase/return activity,0
S-3481,RUDRAKSH,372,E-2248,,TRUE,2,1,0,0,0,0,1,1,1,ACTIVE_WITH_PURCHASE_HISTORY,Keep: Has active purchase/return activity,1
S-3481 (XL),RUDRAKSH,379,E-2248,INV2627000213,TRUE,1,1,0,1,1,0,0,1,1,ACTIVE_WITH_PURCHASE_HISTORY,Keep: Has active purchase/return activity,0
S-3491,RUDRAKSH,"00007574, 00007575",F-55,,TRUE,3,1,0,0,0,0,2,2,2,ACTIVE_WITH_PURCHASE_HISTORY,Keep: Has active purchase/return activity,1
S-3492,RUDRAKSH,5934,E-2535,,TRUE,2,1,0,0,0,0,2,2,1,ACTIVE_WITH_PURCHASE_HISTORY,Keep: Has active purchase/return activity,0
S-3494,RUDRAKSH,9179,F-115,,TRUE,2,1,0,0,0,0,1,1,1,ACTIVE_WITH_PURCHASE_HISTORY,Keep: Has active purchase/return activity,1
S-3494-02,RUDRAKSH,9180,F-115,INV2627000934,TRUE,1,1,0,1,1,0,0,1,1,ACTIVE_WITH_PURCHASE_HISTORY,Keep: Has active purchase/return activity,0
S-3498,RUDRAKSH,8941,F-175,,TRUE,2,1,0,0,0,0,1,1,1,ACTIVE_WITH_PURCHASE_HISTORY,Keep: Has active purchase/return activity,1
S-3498-B,RUDRAKSH,8942,F-175,,TRUE,1,1,0,0,0,0,1,1,1,ACTIVE_WITH_PURCHASE_HISTORY,Keep: Has active purchase/return activity,0
S-3499,RUDRAKSH,8943,F-175,,TRUE,2,1,0,0,0,0,1,1,1,ACTIVE_WITH_PURCHASE_HISTORY,Keep: Has active purchase/return activity,1
S-3499-B,RUDRAKSH,8944,F-175,,TRUE,1,1,0,0,0,0,1,1,1,ACTIVE_WITH_PURCHASE_HISTORY,Keep: Has active purchase/return activity,0
S-3500,RUDRAKSH,7325,E-2695,,TRUE,2,1,0,0,0,0,1,1,1,ACTIVE_WITH_PURCHASE_HISTORY,Keep: Has active purchase/return activity,1
S-3500-B,RUDRAKSH,7326,E-2695,,TRUE,1,1,0,0,0,0,1,1,1,ACTIVE_WITH_PURCHASE_HISTORY,Keep: Has active purchase/return activity,0
S-3501,RUDRAKSH,"00007576, 00007577",F-55,,TRUE,3,1,0,0,0,0,2,2,2,ACTIVE_WITH_PURCHASE_HISTORY,Keep: Has active purchase/return activity,1
S-3502,RUDRAKSH,"00007578, 00007579",F-55,,TRUE,3,1,0,0,0,0,2,2,2,ACTIVE_WITH_PURCHASE_HISTORY,Keep: Has active purchase/return activity,1
S-3503,RUDRAKSH,"00007580, 00007581, 00007582",F-55,,TRUE,3,1,0,0,0,0,4,4,3,ACTIVE_WITH_PURCHASE_HISTORY,Keep: Has active purchase/return activity,-1
S-3504,RUDRAKSH,9181,F-115,,TRUE,2,1,0,0,0,0,1,1,1,ACTIVE_WITH_PURCHASE_HISTORY,Keep: Has active purchase/return activity,1
S-3504-02,RUDRAKSH,9182,F-115,INV2627000958,TRUE,1,1,0,1,1,0,0,1,1,ACTIVE_WITH_PURCHASE_HISTORY,Keep: Has active purchase/return activity,0
S-3523,RUDRAKSH,9183,F-115,,TRUE,2,1,0,0,0,0,1,1,1,ACTIVE_WITH_PURCHASE_HISTORY,Keep: Has active purchase/return activity,1
S-3523-02,RUDRAKSH,9184,F-115,,TRUE,1,1,0,0,0,0,1,1,1,ACTIVE_WITH_PURCHASE_HISTORY,Keep: Has active purchase/return activity,0
S-8556,ONAYA FASHION PVT LTD,"00008117, 00008118",GPOSI26-27/01123,INV2627000772,TRUE,2,1,0,1,1,0,1,2,2,ACTIVE_WITH_PURCHASE_HISTORY,Keep: Has active purchase/return activity,0
S-9678M,ONAYA FASHION PVT LTD,7452,GPOSI26-27/00577,,TRUE,1,1,0,0,0,0,1,1,1,ACTIVE_WITH_PURCHASE_HISTORY,Keep: Has active purchase/return activity,0
S-BH86,RUPDARSHI DESIGNS PRIVATE LIMITED,"00002926, 00002927, 00002928, 00002929, 00006326, 00006327, 00006328, 00006329",RDS/006476/25-26,"INV2026000153, INV2026000421, INV2627000530, INV2627000666",TRUE,4,1,0,4,4,0,4,8,8,ACTIVE_WITH_PURCHASE_HISTORY,Keep: Has active purchase/return activity,-4
S - 3841 XL,RUDRAKSH,,,,TRUE,0,0,0,0,0,0,0,0,0,SAFE_TO_DELETE_IDLE,"Safe to Delete: No purchases, returns, sales, or stock",0
S 151-1213,LA VESTA ,"00002868, 00002869",LV/009843/25-26,"INV2026000255, INV2627000332",TRUE,14,1,0,2,2,0,5,7,2,ACTIVE_WITH_PURCHASE_HISTORY,Keep: Has active purchase/return activity,7
S 151-445,LA VESTA ,"00002841, 00002842, 00002843, 00002844, 00002845, 00002846, 00002847, 00002848, 00002849, 00002850, 00002851, 00002852, 00002853, 00002854, 00002855, 00002856, 00002857, 00002858, 00002859, 00002860, 00002861, 00002862, 00002863, 00002864, 00002865, 00002866, 00002867",LV/009843/25-26,"INV2026000103, INV2026000397, INV2026000399",TRUE,27,1,0,3,3,0,24,27,27,ACTIVE_WITH_PURCHASE_HISTORY,Keep: Has active purchase/return activity,0
S 2196,KORA BANARAS,3326,S/001095/25-26,,TRUE,2,1,0,0,0,0,2,2,1,ACTIVE_WITH_PURCHASE_HISTORY,Keep: Has active purchase/return activity,0
S 2385,KORA BANARAS,3317,S/001095/25-26,,TRUE,1,1,0,0,0,0,1,1,1,ACTIVE_WITH_PURCHASE_HISTORY,Keep: Has active purchase/return activity,0
S 2453,KORA BANARAS,3357,S/001095/25-26,,TRUE,2,1,0,0,0,0,2,2,1,ACTIVE_WITH_PURCHASE_HISTORY,Keep: Has active purchase/return activity,0
S 2504,KORA BANARAS,"00003291, 00003292, 00003293",S/001095/25-26,INV2627000511,TRUE,3,1,0,1,1,0,2,3,3,ACTIVE_WITH_PURCHASE_HISTORY,Keep: Has active purchase/return activity,0
S 2543,KORA BANARAS,3331,,,TRUE,0,0,0,0,0,0,2,2,1,ORPHAN_WITH_STOCK,Audit: Has physical stock/printed barcodes but no purchase record,-2
S 2571,KORA BANARAS,"00003289, 00003290",S/001095/25-26,,TRUE,2,1,0,0,0,0,2,2,2,ACTIVE_WITH_PURCHASE_HISTORY,Keep: Has active purchase/return activity,0
S 2630,KORA BANARAS,"00003320, 00003321, 00003322",S/001095/25-26,,TRUE,3,1,0,0,0,0,3,3,3,ACTIVE_WITH_PURCHASE_HISTORY,Keep: Has active purchase/return activity,0
S 2693,KORA BANARAS,"00003327, 00003328",S/001095/25-26,,TRUE,2,1,0,0,0,0,2,2,2,ACTIVE_WITH_PURCHASE_HISTORY,Keep: Has active purchase/return activity,0
S 2780,KORA BANARAS,"00003329, 00003330",S/001095/25-26,,TRUE,2,1,0,0,0,0,2,2,2,ACTIVE_WITH_PURCHASE_HISTORY,Keep: Has active purchase/return activity,0
S 2817,KORA BANARAS,"00003318, 00003319",S/001095/25-26,,TRUE,2,1,0,0,0,0,2,2,2,ACTIVE_WITH_PURCHASE_HISTORY,Keep: Has active purchase/return activity,0
S 2818,KORA BANARAS,"00003323, 00003324, 00003325",S/001095/25-26,,TRUE,3,1,0,0,0,0,3,3,3,ACTIVE_WITH_PURCHASE_HISTORY,Keep: Has active purchase/return activity,0
S 2895,KORA BANARAS,"00003286, 00003287, 00003288",S/001095/25-26,INV2026000289,TRUE,3,1,0,1,1,0,2,3,3,ACTIVE_WITH_PURCHASE_HISTORY,Keep: Has active purchase/return activity,0
S/151-445M,LA VESTA ,"00001543, 00001544, 00001545, 00001546, 00001547, 00001548, 00001549, 00001550",LV/009894/25-26,"INV2026000264, INV2627000134, INV2627000574",TRUE,8,1,0,3,3,0,5,8,8,ACTIVE_WITH_PURCHASE_HISTORY,Keep: Has active purchase/return activity,0
S/S/11/1095,PALKI FASHION PVT. LTD. ,4017,WS/003069/25-26,,TRUE,1,1,1,0,0,0,0,1,1,ACTIVE_WITH_PURCHASE_HISTORY,Keep: Has active purchase/return activity,0
S/S/23/1072,PALKI FASHION PVT. LTD. ,4030,WS/003075/25-26,INV2627000252,TRUE,1,1,0,1,1,0,0,1,1,ACTIVE_WITH_PURCHASE_HISTORY,Keep: Has active purchase/return activity,0
S088/S,SUMAN BOUTIQUE PVT. LTD.,"00005717, 00005718","SB2/002396/25-26, SB2/002404/25-26",INV2026000202,TRUE,2,2,0,1,1,0,1,2,2,ACTIVE_WITH_PURCHASE_HISTORY,Keep: Has active purchase/return activity,0
S088/SUIT,SUMAN BOUTIQUE PVT. LTD.,5719,SB2/002396/25-26,INV2026000232,TRUE,1,1,0,1,1,0,0,1,1,ACTIVE_WITH_PURCHASE_HISTORY,Keep: Has active purchase/return activity,0
S1,SOBARIKO,"00002948, 00002949, 00002950",GST/25-26/176,,TRUE,3,1,0,0,0,0,3,3,3,ACTIVE_WITH_PURCHASE_HISTORY,Keep: Has active purchase/return activity,0
S10,SOBARIKO,"00002964, 00002965",GST/25-26/176,,TRUE,2,1,0,0,0,0,2,2,2,ACTIVE_WITH_PURCHASE_HISTORY,Keep: Has active purchase/return activity,0
S10069,ONAYA FASHION PVT LTD,"00003914, 00007910","GPOSI25-26/16512, GPOSI26-27/00784",INV2026000032,TRUE,2,2,0,1,1,0,1,2,2,ACTIVE_WITH_PURCHASE_HISTORY,Keep: Has active purchase/return activity,0
S10139,ONAYA FASHION PVT LTD,3915,GPOSI25-26/16512,,TRUE,1,1,0,0,0,0,1,1,1,ACTIVE_WITH_PURCHASE_HISTORY,Keep: Has active purchase/return activity,0
S10139-2,ONAYA FASHION PVT LTD,3916,GPOSI25-26/16512,,TRUE,1,1,0,0,0,0,1,1,1,ACTIVE_WITH_PURCHASE_HISTORY,Keep: Has active purchase/return activity,0
S10693,ONAYA FASHION PVT LTD,3917,GPOSI25-26/16512,,TRUE,1,1,0,0,0,0,1,1,1,ACTIVE_WITH_PURCHASE_HISTORY,Keep: Has active purchase/return activity,0
S10711,ONAYA FASHION PVT LTD,"00003918, 00009220","GPOSI25-26/16512, GPOSI26-27/01467",,TRUE,2,2,0,0,0,0,2,2,2,ACTIVE_WITH_PURCHASE_HISTORY,Keep: Has active purchase/return activity,0
S10746,ONAYA FASHION PVT LTD,3919,GPOSI25-26/16512,,TRUE,1,1,0,0,0,0,1,1,1,ACTIVE_WITH_PURCHASE_HISTORY,Keep: Has active purchase/return activity,0
S10746-02,ONAYA FASHION PVT LTD,3920,GPOSI25-26/16512,,TRUE,1,1,0,0,0,0,1,1,1,ACTIVE_WITH_PURCHASE_HISTORY,Keep: Has active purchase/return activity,0
S10968,ONAYA FASHION PVT LTD,1438,GPOSI25-26/16510,INV2627000397,TRUE,1,1,0,1,1,0,0,1,1,ACTIVE_WITH_PURCHASE_HISTORY,Keep: Has active purchase/return activity,0
S11-05,LA VESTA ,2907,LV/009845/25-26,,TRUE,2,1,0,0,0,0,2,2,1,ACTIVE_WITH_PURCHASE_HISTORY,Keep: Has active purchase/return activity,0
S11-08C,LA VESTA ,2901,LV/009845/25-26,,TRUE,4,1,0,0,0,0,4,4,1,ACTIVE_WITH_PURCHASE_HISTORY,Keep: Has active purchase/return activity,0
S11-40,LA VESTA ,2900,LV/009845/25-26,,TRUE,1,1,0,0,0,0,1,1,1,ACTIVE_WITH_PURCHASE_HISTORY,Keep: Has active purchase/return activity,0
S11006,ONAYA FASHION PVT LTD,3921,GPOSI25-26/16512,INV2627000219,TRUE,1,1,0,1,1,0,0,1,1,ACTIVE_WITH_PURCHASE_HISTORY,Keep: Has active purchase/return activity,0
S11034,ONAYA FASHION PVT LTD,4799,GPOSI25-26/16623,,TRUE,1,1,0,0,0,0,1,1,1,ACTIVE_WITH_PURCHASE_HISTORY,Keep: Has active purchase/return activity,0
S11046,ONAYA FASHION PVT LTD,5545,GPOSI25-26/17357,INV2627000249,TRUE,1,1,0,1,1,0,0,1,1,ACTIVE_WITH_PURCHASE_HISTORY,Keep: Has active purchase/return activity,0
S11047,ONAYA FASHION PVT LTD,3922,GPOSI25-26/16512,INV2627000589,TRUE,1,1,0,1,1,0,0,1,1,ACTIVE_WITH_PURCHASE_HISTORY,Keep: Has active purchase/return activity,0
S11084,ONAYA FASHION PVT LTD,1437,GPOSI25-26/16510,INV2026000105,TRUE,1,1,0,1,1,0,0,1,1,ACTIVE_WITH_PURCHASE_HISTORY,Keep: Has active purchase/return activity,0
S11135,ONAYA FASHION PVT LTD,7911,GPOSI26-27/00784,,TRUE,1,1,0,0,0,0,1,1,1,ACTIVE_WITH_PURCHASE_HISTORY,Keep: Has active purchase/return activity,0
S11151,ONAYA FASHION PVT LTD,"00001436, 00005546","GPOSI25-26/16510, GPOSI25-26/17357","INV2026000221, INV2627000048",TRUE,2,2,0,2,2,0,0,2,2,ACTIVE_WITH_PURCHASE_HISTORY,Keep: Has active purchase/return activity,0
S11154,ONAYA FASHION PVT LTD,"00007912, 00007913",GPOSI26-27/00784,"INV2627000734, INV2627001038",TRUE,2,1,0,2,2,0,0,2,2,ACTIVE_WITH_PURCHASE_HISTORY,Keep: Has active purchase/return activity,0
S11167,ONAYA FASHION PVT LTD,3923,GPOSI25-26/16512,,TRUE,1,1,0,0,0,0,1,1,1,ACTIVE_WITH_PURCHASE_HISTORY,Keep: Has active purchase/return activity,0
S151-1141,LA VESTA ,2874,LV/009844/25-26,,TRUE,8,1,0,0,0,0,8,8,1,ACTIVE_WITH_PURCHASE_HISTORY,Keep: Has active purchase/return activity,0
S151-2084,LA VESTA ,2876,LV/009844/25-26,,TRUE,8,1,0,0,0,0,8,8,1,ACTIVE_WITH_PURCHASE_HISTORY,Keep: Has active purchase/return activity,0
S151-2297C,LA VESTA ,2904,LV/009845/25-26,,TRUE,6,1,0,0,0,0,6,6,1,ACTIVE_WITH_PURCHASE_HISTORY,Keep: Has active purchase/return activity,0
S151-445,LA VESTA ,"00001551, 00001552, 00001553, 00001554, 00001555, 00001556, 00001557, 00001558, 00002840, 00005345, 00005346, 00005347, 00005348","LV/009843/25-26, LV/009894/25-26, LV/010314/25-26","INV2026000355, INV2026000397, INV2026000400, INV2627000639",TRUE,13,3,0,4,4,0,10,14,13,ACTIVE_WITH_PURCHASE_HISTORY,Keep: Has active purchase/return activity,-1
S151-445M,LA VESTA ,"00003868, 00003869, 00003870, 00003871, 00005341, 00005342, 00005343, 00005344","LV/010138/25-26, LV/010314/25-26",INV2026000181,TRUE,8,2,0,1,1,0,7,8,8,ACTIVE_WITH_PURCHASE_HISTORY,Keep: Has active purchase/return activity,0
S151-700G,LA VESTA ,2875,LV/009844/25-26,"INV2627000578, INV2627000883",TRUE,7,1,0,2,2,0,5,7,1,ACTIVE_WITH_PURCHASE_HISTORY,Keep: Has active purchase/return activity,0
S154-3070,LA VESTA ,2909,LV/009845/25-26,,TRUE,2,1,0,0,0,0,2,2,1,ACTIVE_WITH_PURCHASE_HISTORY,Keep: Has active purchase/return activity,0
S16-15AT,LA VESTA ,2905,LV/009845/25-26,,TRUE,1,1,0,0,0,0,1,1,1,ACTIVE_WITH_PURCHASE_HISTORY,Keep: Has active purchase/return activity,0
S1SS22,VSB VASTTRAM PVT LTD,956,VSBV/9135/25-26,,TRUE,1,1,0,0,0,0,1,1,1,ACTIVE_WITH_PURCHASE_HISTORY,Keep: Has active purchase/return activity,0
S1SS23,VSB VASTTRAM PVT LTD,175,VSBV/8977/25-26,,TRUE,1,1,0,0,0,0,1,1,1,ACTIVE_WITH_PURCHASE_HISTORY,Keep: Has active purchase/return activity,0
S1SS23 ROSY KALI,VSB VASTTRAM PVT LTD,2967,VSBV/9204/25-26,,TRUE,1,1,0,0,0,0,1,1,1,ACTIVE_WITH_PURCHASE_HISTORY,Keep: Has active purchase/return activity,0
S1ss24,VSB VASTTRAM PVT LTD,"00004048, 00007975",VSBV/9277/25-26,,TRUE,1,1,0,0,0,0,2,2,2,ACTIVE_WITH_PURCHASE_HISTORY,Keep: Has active purchase/return activity,-1
S1SS24,VSB VASTTRAM PVT LTD,172,VSBV/8978/25-26,INV2627000984,TRUE,1,1,0,1,1,0,0,1,1,ACTIVE_WITH_PURCHASE_HISTORY,Keep: Has active purchase/return activity,0
S1SS24 AK,VSB VASTTRAM PVT LTD,176,VSBV/9001/25-26,,TRUE,1,1,0,0,0,0,1,1,1,ACTIVE_WITH_PURCHASE_HISTORY,Keep: Has active purchase/return activity,0
S1SS24 AMBIKA KALI,VSB VASTTRAM PVT LTD,257,VSBV/9031/25-26,,TRUE,1,1,0,0,0,0,1,1,1,ACTIVE_WITH_PURCHASE_HISTORY,Keep: Has active purchase/return activity,0
S1SS24CK,VSB VASTTRAM PVT LTD,190,VSBV/9000/25-26,,TRUE,1,1,0,0,0,0,1,1,1,ACTIVE_WITH_PURCHASE_HISTORY,Keep: Has active purchase/return activity,0
S1ss25,VSB VASTTRAM PVT LTD,7869,VSBV/0204/26-27,,TRUE,1,1,0,0,0,0,1,1,1,ACTIVE_WITH_PURCHASE_HISTORY,Keep: Has active purchase/return activity,0
S1SS25,VSB VASTTRAM PVT LTD,"00002992, 00007129","VSBV/0107/26-27, VSBV/9245/25-26",,TRUE,2,2,0,0,0,0,2,2,2,ACTIVE_WITH_PURCHASE_HISTORY,Keep: Has active purchase/return activity,0
S2,SOBARIKO,"00002951, 00002952",GST/25-26/176,,TRUE,2,1,0,0,0,0,2,2,2,ACTIVE_WITH_PURCHASE_HISTORY,Keep: Has active purchase/return activity,0
S20/2031,SONA AGRAWAL,5098,SA/25-26/1379,INV2627000642,TRUE,1,1,0,1,1,0,0,1,1,ACTIVE_WITH_PURCHASE_HISTORY,Keep: Has active purchase/return activity,0
S20/2079,SONA AGRAWAL,701,SA/25-26/1331,INV2026000247,TRUE,1,1,0,1,1,0,0,1,1,ACTIVE_WITH_PURCHASE_HISTORY,Keep: Has active purchase/return activity,0
S20/3052,SONA AGRAWAL,6296,SA/25-26/1425,,TRUE,1,1,0,0,0,0,1,1,1,ACTIVE_WITH_PURCHASE_HISTORY,Keep: Has active purchase/return activity,0
S20/3072,SONA AGRAWAL,4117,SA/25-26/1367,INV2627000815,TRUE,1,1,0,1,1,0,0,1,1,ACTIVE_WITH_PURCHASE_HISTORY,Keep: Has active purchase/return activity,0
S20/3111,SONA AGRAWAL,4116,SA/25-26/1367,INV2627000218,TRUE,1,1,0,1,1,0,0,1,1,ACTIVE_WITH_PURCHASE_HISTORY,Keep: Has active purchase/return activity,0
S20/3119,SONA AGRAWAL,700,SA/25-26/1331,,TRUE,1,1,0,0,0,0,1,1,1,ACTIVE_WITH_PURCHASE_HISTORY,Keep: Has active purchase/return activity,0
S20/3172,SONA AGRAWAL,704,SA/25-26/1331,INV2026000263,TRUE,1,1,0,1,1,0,0,1,1,ACTIVE_WITH_PURCHASE_HISTORY,Keep: Has active purchase/return activity,0
S20/3190,SONA AGRAWAL,4114,SA/25-26/1367,,TRUE,1,1,0,0,0,0,1,1,1,ACTIVE_WITH_PURCHASE_HISTORY,Keep: Has active purchase/return activity,0
S20/3227,SONA AGRAWAL,6295,SA/25-26/1425,,TRUE,1,1,0,0,0,0,1,1,1,ACTIVE_WITH_PURCHASE_HISTORY,Keep: Has active purchase/return activity,0
S20/3267,SONA AGRAWAL,702,SA/25-26/1331,,TRUE,1,1,0,0,0,0,1,1,1,ACTIVE_WITH_PURCHASE_HISTORY,Keep: Has active purchase/return activity,0
S20/3403,SONA AGRAWAL,5096,SA/25-26/1379,INV2026000335,TRUE,1,1,0,1,1,0,0,1,1,ACTIVE_WITH_PURCHASE_HISTORY,Keep: Has active purchase/return activity,0
S20/3429,SONA AGRAWAL,703,SA/25-26/1331,INV2026000323,TRUE,1,1,0,1,1,0,0,1,1,ACTIVE_WITH_PURCHASE_HISTORY,Keep: Has active purchase/return activity,0
S20/3430,SONA AGRAWAL,4115,SA/25-26/1367,INV2627000674,TRUE,1,1,0,1,1,0,0,1,1,ACTIVE_WITH_PURCHASE_HISTORY,Keep: Has active purchase/return activity,0
S20/3470,SONA AGRAWAL,5097,SA/25-26/1379,,TRUE,1,1,0,0,0,0,1,1,1,ACTIVE_WITH_PURCHASE_HISTORY,Keep: Has active purchase/return activity,0
S3,SOBARIKO,2953,GST/25-26/176,,TRUE,1,1,0,0,0,0,1,1,1,ACTIVE_WITH_PURCHASE_HISTORY,Keep: Has active purchase/return activity,0
S4,SOBARIKO,2954,GST/25-26/176,,TRUE,1,1,0,0,0,0,1,1,1,ACTIVE_WITH_PURCHASE_HISTORY,Keep: Has active purchase/return activity,0
S5,SOBARIKO,2955,GST/25-26/176,,TRUE,1,1,0,0,0,0,1,1,1,ACTIVE_WITH_PURCHASE_HISTORY,Keep: Has active purchase/return activity,0
S52-282,LA VESTA ,2897,LV/009845/25-26,,TRUE,1,1,0,0,0,0,1,1,1,ACTIVE_WITH_PURCHASE_HISTORY,Keep: Has active purchase/return activity,0
S58-124,LA VESTA ,"00004101, 00004102, 00004103, 00004104",LV/009865/25-26,,TRUE,4,1,0,0,0,0,4,4,4,ACTIVE_WITH_PURCHASE_HISTORY,Keep: Has active purchase/return activity,0
S6,SOBARIKO,"00002956, 00002957",GST/25-26/176,,TRUE,2,1,0,0,0,0,2,2,2,ACTIVE_WITH_PURCHASE_HISTORY,Keep: Has active purchase/return activity,0
S7,SOBARIKO,"00002958, 00002959",GST/25-26/176,,TRUE,2,1,0,0,0,0,2,2,2,ACTIVE_WITH_PURCHASE_HISTORY,Keep: Has active purchase/return activity,0
S8,SOBARIKO,"00002960, 00002961",GST/25-26/176,"INV2026000335, INV2627001020",TRUE,2,1,0,2,2,0,0,2,2,ACTIVE_WITH_PURCHASE_HISTORY,Keep: Has active purchase/return activity,0
S9,SOBARIKO,"00002962, 00002963",GST/25-26/176,,TRUE,2,1,0,0,0,0,2,2,2,ACTIVE_WITH_PURCHASE_HISTORY,Keep: Has active purchase/return activity,0
S9678M,ONAYA FASHION PVT LTD,4800,GPOSI25-26/16623,INV2026000109,TRUE,1,1,0,1,1,0,0,1,1,ACTIVE_WITH_PURCHASE_HISTORY,Keep: Has active purchase/return activity,0
S9844,ONAYA FASHION PVT LTD,3924,GPOSI25-26/16512,,TRUE,1,1,0,0,0,0,1,1,1,ACTIVE_WITH_PURCHASE_HISTORY,Keep: Has active purchase/return activity,0
S9844-02,ONAYA FASHION PVT LTD,3925,GPOSI25-26/16512,INV2627000059,TRUE,1,1,0,1,1,0,0,1,1,ACTIVE_WITH_PURCHASE_HISTORY,Keep: Has active purchase/return activity,0
SA-107,TULIPS ,4213,25-26/3219,,TRUE,1,1,0,0,0,0,1,1,1,ACTIVE_WITH_PURCHASE_HISTORY,Keep: Has active purchase/return activity,0
SA-130,TULIPS ,4698,25-26/3235,,TRUE,1,1,0,0,0,0,1,1,1,ACTIVE_WITH_PURCHASE_HISTORY,Keep: Has active purchase/return activity,0
SA-133,TULIPS ,4214,25-26/3219,,TRUE,1,1,0,0,0,0,1,1,1,ACTIVE_WITH_PURCHASE_HISTORY,Keep: Has active purchase/return activity,0
SA-23288,STUDIO AMAS,2871,SASN25-26/05753,INV2026000210,TRUE,1,1,0,1,1,0,0,1,1,ACTIVE_WITH_PURCHASE_HISTORY,Keep: Has active purchase/return activity,0
SA-23295,STUDIO AMAS,2872,SASN25-26/05753,INV2627000980,TRUE,1,1,0,1,1,0,0,1,1,ACTIVE_WITH_PURCHASE_HISTORY,Keep: Has active purchase/return activity,0
SA-23296,STUDIO AMAS,2870,SASN25-26/05753,INV2627000401,TRUE,1,1,0,1,1,0,0,1,1,ACTIVE_WITH_PURCHASE_HISTORY,Keep: Has active purchase/return activity,0
SA-23345,STUDIO AMAS,6889,SASN25-26/06247,INV2627000647,TRUE,1,1,0,1,1,0,0,1,1,ACTIVE_WITH_PURCHASE_HISTORY,Keep: Has active purchase/return activity,0
SA-258,INIZIO TRENDZ PVT LTD-SAANSH ,4039,IT/1084/25-26,INV2627000096,TRUE,1,1,0,1,1,0,0,1,1,ACTIVE_WITH_PURCHASE_HISTORY,Keep: Has active purchase/return activity,0
SA-481,INIZIO TRENDZ PVT LTD-SAANSH ,4042,IT/1084/25-26,INV2627000240,TRUE,1,1,0,1,1,0,0,1,1,ACTIVE_WITH_PURCHASE_HISTORY,Keep: Has active purchase/return activity,0
SA-488,INIZIO TRENDZ PVT LTD-SAANSH ,4038,IT/1084/25-26,INV2627000065,TRUE,1,1,0,1,1,0,0,1,1,ACTIVE_WITH_PURCHASE_HISTORY,Keep: Has active purchase/return activity,0
SA-496,INIZIO TRENDZ PVT LTD-SAANSH ,"00004035, 00004036",IT/1084/25-26,INV2627000097,TRUE,2,1,0,1,1,0,1,2,2,ACTIVE_WITH_PURCHASE_HISTORY,Keep: Has active purchase/return activity,0
SA-498,INIZIO TRENDZ PVT LTD-SAANSH ,4034,IT/1084/25-26,,TRUE,1,1,0,0,0,0,1,1,1,ACTIVE_WITH_PURCHASE_HISTORY,Keep: Has active purchase/return activity,0
SA-502,INIZIO TRENDZ PVT LTD-SAANSH ,4043,IT/1084/25-26,INV2627000461,TRUE,1,1,0,1,1,0,0,1,1,ACTIVE_WITH_PURCHASE_HISTORY,Keep: Has active purchase/return activity,0
SA-504,INIZIO TRENDZ PVT LTD-SAANSH ,4037,IT/1084/25-26,INV2627000455,TRUE,1,1,0,1,1,0,0,1,1,ACTIVE_WITH_PURCHASE_HISTORY,Keep: Has active purchase/return activity,0
SA-507,INIZIO TRENDZ PVT LTD-SAANSH ,"00004044, 00004045",IT/1084/25-26,"INV2627000110, INV2627000241",TRUE,2,1,0,2,2,0,0,2,2,ACTIVE_WITH_PURCHASE_HISTORY,Keep: Has active purchase/return activity,0
SA-509,INIZIO TRENDZ PVT LTD-SAANSH ,"00004040, 00004041",IT/1084/25-26,INV2627001010,TRUE,2,1,0,1,1,0,1,2,2,ACTIVE_WITH_PURCHASE_HISTORY,Keep: Has active purchase/return activity,0
SA-519,INIZIO TRENDZ PVT LTD-SAANSH ,"00004046, 00004047",IT/1084/25-26,"INV2627000413, INV2627000669",TRUE,2,1,0,2,2,0,0,2,2,ACTIVE_WITH_PURCHASE_HISTORY,Keep: Has active purchase/return activity,0
SA/RS/1/121,PALKI FASHION PVT. LTD. ,5883,WS/003211/25-26,,TRUE,1,1,0,0,0,0,1,1,1,ACTIVE_WITH_PURCHASE_HISTORY,Keep: Has active purchase/return activity,0
SA/SC/01/201,PALKI FASHION PVT. LTD. ,4019,WS/003069/25-26,,TRUE,1,1,0,0,0,0,1,1,1,ACTIVE_WITH_PURCHASE_HISTORY,Keep: Has active purchase/return activity,0
SA/SC/01/568,PALKI FASHION PVT. LTD. ,4020,WS/003069/25-26,,TRUE,1,1,0,0,0,0,1,1,1,ACTIVE_WITH_PURCHASE_HISTORY,Keep: Has active purchase/return activity,0
SA6704,AASHIRVAD HERITAGE PVT LTD,"00003062, 00003063, 00003064",ED/002853/25-26,"INV2627000023, INV2627000028",TRUE,3,1,0,3,2,0,0,3,3,ACTIVE_WITH_PURCHASE_HISTORY,Keep: Has active purchase/return activity,0
SA6712,AASHIRVAD HERITAGE PVT LTD,3065,ED/002853/25-26,INV2627000023,TRUE,1,1,0,1,1,0,0,1,1,ACTIVE_WITH_PURCHASE_HISTORY,Keep: Has active purchase/return activity,0
SA6871,AASHIRVAD HERITAGE PVT LTD,"00003072, 00003073",ED/002853/25-26,"INV2627000023, INV2627000043",TRUE,2,1,0,2,2,0,0,2,2,ACTIVE_WITH_PURCHASE_HISTORY,Keep: Has active purchase/return activity,0
SAK-3765-A,SATYA DESIGNS PVT. LTD.,"00009337, 00009338, 00009339, 00009340, 00009341",ST-0210,,TRUE,5,1,0,0,0,0,5,5,5,ACTIVE_WITH_PURCHASE_HISTORY,Keep: Has active purchase/return activity,0
SAK-3765-B,SATYA DESIGNS PVT. LTD.,9342,ST-0210,,TRUE,1,1,0,0,0,0,1,1,1,ACTIVE_WITH_PURCHASE_HISTORY,Keep: Has active purchase/return activity,0
SAK-3794-A,SATYA DESIGNS PVT. LTD.,"00009343, 00009344, 00009345, 00009346, 00009347",ST-0210,,TRUE,5,1,0,0,0,0,5,5,5,ACTIVE_WITH_PURCHASE_HISTORY,Keep: Has active purchase/return activity,0
SAK-3794-B,SATYA DESIGNS PVT. LTD.,9348,ST-0210,,TRUE,1,1,0,0,0,0,1,1,1,ACTIVE_WITH_PURCHASE_HISTORY,Keep: Has active purchase/return activity,0
SAK-3825,SATYA DESIGNS PVT. LTD.,"00002328, 00002329, 00002330, 00002331, 00002332, 00002333, 00002334, 00008541","SS1999, ST-0184","INV2026000310, INV2627000678, INV2627000746, INV2627000846",TRUE,8,2,0,4,4,0,4,8,8,ACTIVE_WITH_PURCHASE_HISTORY,Keep: Has active purchase/return activity,0
SAK-3825-A,SATYA DESIGNS PVT. LTD.,"00009349, 00009350, 00009351, 00009352, 00009353",ST-0210,,TRUE,5,1,0,0,0,0,5,5,5,ACTIVE_WITH_PURCHASE_HISTORY,Keep: Has active purchase/return activity,0
SAK-3825-B,SATYA DESIGNS PVT. LTD.,"00009354, 00009355",ST-0210,,TRUE,2,1,0,0,0,0,2,2,2,ACTIVE_WITH_PURCHASE_HISTORY,Keep: Has active purchase/return activity,0
SAK-3826,SATYA DESIGNS PVT. LTD.,"00008449, 00008450, 00008451, 00008452, 00008453, 00008454, 00008455",ST0161,,TRUE,7,1,0,0,0,0,7,7,7,ACTIVE_WITH_PURCHASE_HISTORY,Keep: Has active purchase/return activity,0
SAK-3826-A,SATYA DESIGNS PVT. LTD.,"00009356, 00009357, 00009358, 00009359",ST-0210,,TRUE,4,1,0,0,0,0,4,4,4,ACTIVE_WITH_PURCHASE_HISTORY,Keep: Has active purchase/return activity,0
SAK-3826-B,SATYA DESIGNS PVT. LTD.,"00009360, 00009361",ST-0210,,TRUE,2,1,0,0,0,0,2,2,2,ACTIVE_WITH_PURCHASE_HISTORY,Keep: Has active purchase/return activity,0
SAK-3827,SATYA DESIGNS PVT. LTD.,"00008542, 00009439","ST-0184, ST0239",,TRUE,2,2,0,0,0,0,2,2,2,ACTIVE_WITH_PURCHASE_HISTORY,Keep: Has active purchase/return activity,0
SAK-3838,SATYA DESIGNS PVT. LTD.,"00002335, 00002336, 00002337, 00002338, 00002339, 00002340",SS1999,"INV2627000372, INV2627001037",TRUE,6,1,0,2,2,1,4,6,6,ACTIVE_WITH_PURCHASE_HISTORY,Keep: Has active purchase/return activity,1
SAK-3858,SATYA DESIGNS PVT. LTD.,"00008543, 00008544",ST-0184,"INV2627000846, INV2627000902",TRUE,2,1,0,2,2,0,0,2,2,ACTIVE_WITH_PURCHASE_HISTORY,Keep: Has active purchase/return activity,0
SAK-3867-A,SATYA DESIGNS PVT. LTD.,"00009362, 00009363, 00009364, 00009365",ST-0210,,TRUE,4,1,0,0,0,0,4,4,4,ACTIVE_WITH_PURCHASE_HISTORY,Keep: Has active purchase/return activity,0
SAK-3867-B,SATYA DESIGNS PVT. LTD.,9366,ST-0210,,TRUE,1,1,0,0,0,0,1,1,1,ACTIVE_WITH_PURCHASE_HISTORY,Keep: Has active purchase/return activity,0
SAK-3872-D,SATYA DESIGNS PVT. LTD.,8545,ST-0184,INV2627000821,TRUE,1,1,0,1,1,0,0,1,1,ACTIVE_WITH_PURCHASE_HISTORY,Keep: Has active purchase/return activity,0
SAK-3874,SATYA DESIGNS PVT. LTD.,"00007750, 00007751, 00007752, 00007753, 00007754",ST0071,,TRUE,5,1,0,0,0,0,5,5,5,ACTIVE_WITH_PURCHASE_HISTORY,Keep: Has active purchase/return activity,0
SAK-3874-B,SATYA DESIGNS PVT. LTD.,"00007755, 00007756",ST0071,,TRUE,2,1,0,0,0,0,2,2,2,ACTIVE_WITH_PURCHASE_HISTORY,Keep: Has active purchase/return activity,0
SAK-3876,SATYA DESIGNS PVT. LTD.,"00007263, 00007264, 00007265, 00007266",SS-2277,,TRUE,4,1,0,0,0,0,4,4,4,ACTIVE_WITH_PURCHASE_HISTORY,Keep: Has active purchase/return activity,0
SAK-3876-02,SATYA DESIGNS PVT. LTD.,"00007267, 00007268",SS-2277,,TRUE,2,1,0,0,0,0,2,2,2,ACTIVE_WITH_PURCHASE_HISTORY,Keep: Has active purchase/return activity,0
SAK-3877-A,SATYA DESIGNS PVT. LTD.,"00009367, 00009368, 00009369, 00009370, 00009371",ST-0210,,TRUE,5,1,0,0,0,0,5,5,5,ACTIVE_WITH_PURCHASE_HISTORY,Keep: Has active purchase/return activity,0
SAK-3877-B,SATYA DESIGNS PVT. LTD.,9372,ST-0210,,TRUE,1,1,0,0,0,0,1,1,1,ACTIVE_WITH_PURCHASE_HISTORY,Keep: Has active purchase/return activity,0
SAK-3890-A,SATYA DESIGNS PVT. LTD.,"00008697, 00008698, 00008699, 00008700, 00008701",ST-0007,,TRUE,5,1,0,0,0,0,5,5,5,ACTIVE_WITH_PURCHASE_HISTORY,Keep: Has active purchase/return activity,0
SAK-3890-B,SATYA DESIGNS PVT. LTD.,"00008702, 00008703",ST-0007,,TRUE,2,1,0,0,0,0,2,2,2,ACTIVE_WITH_PURCHASE_HISTORY,Keep: Has active purchase/return activity,0
SAK-3891,SATYA DESIGNS PVT. LTD.,"00009440, 00009441",ST0239,,TRUE,2,1,0,0,0,0,2,2,2,ACTIVE_WITH_PURCHASE_HISTORY,Keep: Has active purchase/return activity,0
SAK-3891-B,SATYA DESIGNS PVT. LTD.,"00009442, 00009446",ST0239,,TRUE,1,1,0,0,0,0,2,2,2,ACTIVE_WITH_PURCHASE_HISTORY,Keep: Has active purchase/return activity,-1
SAK-3892,SATYA DESIGNS PVT. LTD.,"00009443, 00009444, 00009445",ST0239,,TRUE,3,1,0,0,0,0,3,3,3,ACTIVE_WITH_PURCHASE_HISTORY,Keep: Has active purchase/return activity,0
SAK-3892-B,SATYA DESIGNS PVT. LTD.,9461,ST0239,,TRUE,1,1,0,0,0,0,1,1,1,ACTIVE_WITH_PURCHASE_HISTORY,Keep: Has active purchase/return activity,0
SAK-3893,SATYA DESIGNS PVT. LTD.,8546,ST-0184,,TRUE,1,1,0,0,0,0,1,1,1,ACTIVE_WITH_PURCHASE_HISTORY,Keep: Has active purchase/return activity,0
SAK-3894,SATYA DESIGNS PVT. LTD.,"00008547, 00008548",ST-0184,,TRUE,2,1,0,0,0,0,2,2,2,ACTIVE_WITH_PURCHASE_HISTORY,Keep: Has active purchase/return activity,0
SAK-3896-BEIGE,SATYA DESIGNS PVT. LTD.,"00007764, 00007765, 00007766, 00007767, 00007768, 00007769, 00007770",ST0071,,TRUE,7,1,0,0,0,0,7,7,7,ACTIVE_WITH_PURCHASE_HISTORY,Keep: Has active purchase/return activity,0
SAK-3896-BLUE,SATYA DESIGNS PVT. LTD.,"00007757, 00007758, 00007759, 00007760, 00007761, 00007762, 00007763",ST0071,,TRUE,7,1,0,0,0,0,7,7,7,ACTIVE_WITH_PURCHASE_HISTORY,Keep: Has active purchase/return activity,0
SAL-1029,DEV DARSHAN DESIGNS PVT LTD,4315,DDD/07635/25-26,,TRUE,1,1,0,0,0,0,1,1,1,ACTIVE_WITH_PURCHASE_HISTORY,Keep: Has active purchase/return activity,0
SB-4HRG,VADHU VATIKA,9465,,,TRUE,0,0,0,0,0,0,10,10,1,ORPHAN_WITH_STOCK,Audit: Has physical stock/printed barcodes but no purchase record,-10
SB-LHR-K,VADHU VATIKA,9467,33,,TRUE,31,1,0,0,0,0,31,31,1,ACTIVE_WITH_PURCHASE_HISTORY,Keep: Has active purchase/return activity,0
SB-LHRG,VADHU VATIKA,9473,31,,TRUE,10,1,0,0,0,0,10,10,1,ACTIVE_WITH_PURCHASE_HISTORY,Keep: Has active purchase/return activity,0
SB-MOTHRA,VADHU VATIKA,9466,31,,TRUE,10,1,0,0,0,0,10,10,1,ACTIVE_WITH_PURCHASE_HISTORY,Keep: Has active purchase/return activity,0
SBF-227,DEV DARSHAN DESIGNS PVT LTD,4314,DDD/07635/25-26,,TRUE,1,1,0,0,0,0,1,1,1,ACTIVE_WITH_PURCHASE_HISTORY,Keep: Has active purchase/return activity,0
SBF-232,DEV DARSHAN DESIGNS PVT LTD,4313,DDD/07635/25-26,INV2627000652,TRUE,3,1,0,1,1,0,2,3,1,ACTIVE_WITH_PURCHASE_HISTORY,Keep: Has active purchase/return activity,0
SBS-101,V.M. DESIGNER,6656,5284,INV2627000788,TRUE,1,1,0,1,1,0,0,1,1,ACTIVE_WITH_PURCHASE_HISTORY,Keep: Has active purchase/return activity,0
SBS-86,V.M. DESIGNER,6661,5284,,TRUE,1,1,0,0,0,0,1,1,1,ACTIVE_WITH_PURCHASE_HISTORY,Keep: Has active purchase/return activity,0
SBS-91,V.M. DESIGNER,6655,5284,INV2627000393,TRUE,1,1,0,1,1,0,0,1,1,ACTIVE_WITH_PURCHASE_HISTORY,Keep: Has active purchase/return activity,0
SC-100 BR,ESSENCE COLLECTION PVT LTD,884,698,INV2627000862,TRUE,4,1,0,1,1,0,3,4,1,ACTIVE_WITH_PURCHASE_HISTORY,Keep: Has active purchase/return activity,0
SC-100 WH,ESSENCE COLLECTION PVT LTD,476,698,,TRUE,4,1,0,0,0,0,4,4,1,ACTIVE_WITH_PURCHASE_HISTORY,Keep: Has active purchase/return activity,0
SC-101 BK,ESSENCE COLLECTION PVT LTD,890,698,,TRUE,1,1,0,0,0,0,1,1,1,ACTIVE_WITH_PURCHASE_HISTORY,Keep: Has active purchase/return activity,0
SC-101 BR,ESSENCE COLLECTION PVT LTD,891,698,,TRUE,1,1,0,0,0,0,1,1,1,ACTIVE_WITH_PURCHASE_HISTORY,Keep: Has active purchase/return activity,0
SC-101 WH,ESSENCE COLLECTION PVT LTD,481,698,INV2627000862,TRUE,1,1,0,1,1,0,0,1,1,ACTIVE_WITH_PURCHASE_HISTORY,Keep: Has active purchase/return activity,0
SC-103 BK,ESSENCE COLLECTION PVT LTD,477,698,INV2627000440,TRUE,2,1,0,1,1,0,1,2,1,ACTIVE_WITH_PURCHASE_HISTORY,Keep: Has active purchase/return activity,0
SC-103 BR,ESSENCE COLLECTION PVT LTD,,,,TRUE,0,0,0,0,0,0,0,0,0,SAFE_TO_DELETE_IDLE,"Safe to Delete: No purchases, returns, sales, or stock",0
SC-112 BK,ESSENCE COLLECTION PVT LTD,480,698,INV2627000440,TRUE,1,1,0,1,1,0,0,1,1,ACTIVE_WITH_PURCHASE_HISTORY,Keep: Has active purchase/return activity,0
SC-112 BR,ESSENCE COLLECTION PVT LTD,,,,TRUE,0,0,0,0,0,0,0,0,0,SAFE_TO_DELETE_IDLE,"Safe to Delete: No purchases, returns, sales, or stock",0
SC-112 WH,ESSENCE COLLECTION PVT LTD,888,698,INV2627000423,TRUE,1,1,0,1,1,0,0,1,1,ACTIVE_WITH_PURCHASE_HISTORY,Keep: Has active purchase/return activity,0
SC-35  WH,ESSENCE COLLECTION PVT LTD,478,698,,TRUE,2,1,0,0,0,0,2,2,1,ACTIVE_WITH_PURCHASE_HISTORY,Keep: Has active purchase/return activity,0
SC-35 BL,ESSENCE COLLECTION PVT LTD,885,698,INV2627000862,TRUE,1,1,0,1,1,0,0,1,1,ACTIVE_WITH_PURCHASE_HISTORY,Keep: Has active purchase/return activity,0
SC-35 BR,ESSENCE COLLECTION PVT LTD,889,698,,TRUE,1,1,0,0,0,0,1,1,1,ACTIVE_WITH_PURCHASE_HISTORY,Keep: Has active purchase/return activity,0
SC-79 BK,ESSENCE COLLECTION PVT LTD,479,698,,TRUE,1,1,0,0,0,0,1,1,1,ACTIVE_WITH_PURCHASE_HISTORY,Keep: Has active purchase/return activity,0
SC-79 BR,ESSENCE COLLECTION PVT LTD,886,698,INV2627000355,TRUE,1,1,0,1,1,0,0,1,1,ACTIVE_WITH_PURCHASE_HISTORY,Keep: Has active purchase/return activity,0
SC-79 WH,ESSENCE COLLECTION PVT LTD,887,698,INV2627000373,TRUE,1,1,0,1,1,0,0,1,1,ACTIVE_WITH_PURCHASE_HISTORY,Keep: Has active purchase/return activity,0
SC//01/138,PALKI FASHION PVT. LTD. ,4021,WS/003069/25-26,,TRUE,1,1,0,0,0,0,1,1,1,ACTIVE_WITH_PURCHASE_HISTORY,Keep: Has active purchase/return activity,0
SC/43/127,PALKI FASHION PVT. LTD. ,4022,WS/003069/25-26,,TRUE,1,1,0,0,0,0,1,1,1,ACTIVE_WITH_PURCHASE_HISTORY,Keep: Has active purchase/return activity,0
SD-3503-CREAM,ISHUM DESIGNS,7784,ID/36/2026-27,,TRUE,1,1,0,0,0,0,1,1,1,ACTIVE_WITH_PURCHASE_HISTORY,Keep: Has active purchase/return activity,0
SD-3503-GREEN,ISHUM DESIGNS,7783,ID/36/2026-27,,TRUE,1,1,0,0,0,0,1,1,1,ACTIVE_WITH_PURCHASE_HISTORY,Keep: Has active purchase/return activity,0
SD-3504,ISHUM DESIGNS,"00006424, 00006425, 00006426",ID/11915/2025-26,"INV2627000024, INV2627000036",TRUE,3,1,0,3,2,0,0,3,3,ACTIVE_WITH_PURCHASE_HISTORY,Keep: Has active purchase/return activity,0
SDM-101,DEV DARSHAN DESIGNS PVT LTD,1000,DDD/07542/25-26,,TRUE,1,1,0,0,0,0,1,1,1,ACTIVE_WITH_PURCHASE_HISTORY,Keep: Has active purchase/return activity,0
SF-05,VARIMA FASHIONS PVT LTD,4318,VFPL2277,,TRUE,4,1,0,0,0,0,4,4,1,ACTIVE_WITH_PURCHASE_HISTORY,Keep: Has active purchase/return activity,0
SF-1,FAIR LADY DESIGNS,5975,FLD/00795/25-26,INV2627000397,TRUE,1,1,0,1,1,0,0,1,1,ACTIVE_WITH_PURCHASE_HISTORY,Keep: Has active purchase/return activity,0
SF-10,VARIMA FASHIONS PVT LTD,4322,VFPL2277,,TRUE,3,1,0,0,0,0,3,3,1,ACTIVE_WITH_PURCHASE_HISTORY,Keep: Has active purchase/return activity,0
SF-1234,SHANAYA FASHION ,"00003294, 00003295",SF/25-26/1455,"INV2026000366, INV2627000060",TRUE,2,1,0,2,2,0,0,2,2,ACTIVE_WITH_PURCHASE_HISTORY,Keep: Has active purchase/return activity,0
SF-150,VARIMA FASHIONS PVT LTD,4324,VFPL2277,,TRUE,1,1,0,0,0,0,1,1,1,ACTIVE_WITH_PURCHASE_HISTORY,Keep: Has active purchase/return activity,0
SF-1730,SHANAYA FASHION ,3301,SF/25-26/1455,INV2627000317,TRUE,1,1,0,1,1,0,0,1,1,ACTIVE_WITH_PURCHASE_HISTORY,Keep: Has active purchase/return activity,0
SF-1842,SHANAYA FASHION ,"00003302, 00003303, 00003304",SF/25-26/1455,INV2627000625,TRUE,3,1,0,1,1,0,2,3,3,ACTIVE_WITH_PURCHASE_HISTORY,Keep: Has active purchase/return activity,0
SF-1870,SHANAYA FASHION ,"00003297, 00003298",SF/25-26/1455,"INV2026000074, INV2026000356",TRUE,2,1,0,2,2,1,1,2,2,ACTIVE_WITH_PURCHASE_HISTORY,Keep: Has active purchase/return activity,0
SF-1875,SHANAYA FASHION ,"00003299, 00003300",SF/25-26/1455,"INV2026000132, INV2627000223",TRUE,2,1,0,2,2,0,0,2,2,ACTIVE_WITH_PURCHASE_HISTORY,Keep: Has active purchase/return activity,0
SF-2,FAIR LADY DESIGNS,5976,FLD/00795/25-26,INV2627000286,TRUE,1,1,0,1,1,0,0,1,1,ACTIVE_WITH_PURCHASE_HISTORY,Keep: Has active purchase/return activity,0
SF-248,VARIMA FASHIONS PVT LTD,4317,VFPL2277,INV2627000334,TRUE,4,1,0,1,1,1,3,4,1,ACTIVE_WITH_PURCHASE_HISTORY,Keep: Has active purchase/return activity,1
SF-3-BLACK,VARIMA FASHIONS PVT LTD,9325,VFPL0075,,TRUE,1,1,0,0,0,0,1,1,1,ACTIVE_WITH_PURCHASE_HISTORY,Keep: Has active purchase/return activity,0
SF-3-BLUE,VARIMA FASHIONS PVT LTD,9327,VFPL0075,,TRUE,1,1,0,0,0,0,1,1,1,ACTIVE_WITH_PURCHASE_HISTORY,Keep: Has active purchase/return activity,0
SF-3-BROWN,VARIMA FASHIONS PVT LTD,9326,VFPL0075,,TRUE,1,1,0,0,0,0,1,1,1,ACTIVE_WITH_PURCHASE_HISTORY,Keep: Has active purchase/return activity,0
SF-3-GREEN,VARIMA FASHIONS PVT LTD,9328,VFPL0075,,TRUE,1,1,0,0,0,0,1,1,1,ACTIVE_WITH_PURCHASE_HISTORY,Keep: Has active purchase/return activity,0
SF-30-BLUE,VARIMA FASHIONS PVT LTD,9316,,,TRUE,0,0,0,0,0,0,1,1,1,ORPHAN_WITH_STOCK,Audit: Has physical stock/printed barcodes but no purchase record,-1
SF-30-GREEN,VARIMA FASHIONS PVT LTD,9317,,,TRUE,0,0,0,0,0,0,1,1,1,ORPHAN_WITH_STOCK,Audit: Has physical stock/printed barcodes but no purchase record,-1
SF-32-GOLDEN,VARIMA FASHIONS PVT LTD,9312,VFPL0075,,TRUE,1,1,0,0,0,0,1,1,1,ACTIVE_WITH_PURCHASE_HISTORY,Keep: Has active purchase/return activity,0
SF-32-GREY,VARIMA FASHIONS PVT LTD,9315,VFPL0075,,TRUE,1,1,0,0,0,0,1,1,1,ACTIVE_WITH_PURCHASE_HISTORY,Keep: Has active purchase/return activity,0
SF-32-PINK,VARIMA FASHIONS PVT LTD,9314,VFPL0075,,TRUE,1,1,0,0,0,0,1,1,1,ACTIVE_WITH_PURCHASE_HISTORY,Keep: Has active purchase/return activity,0
SF-32-SKY BLUE,VARIMA FASHIONS PVT LTD,9313,VFPL0075,,TRUE,1,1,0,0,0,0,1,1,1,ACTIVE_WITH_PURCHASE_HISTORY,Keep: Has active purchase/return activity,0
SF-70-BLUE,VARIMA FASHIONS PVT LTD,9386,VFPL0075,,TRUE,1,1,0,0,0,0,1,1,1,ACTIVE_WITH_PURCHASE_HISTORY,Keep: Has active purchase/return activity,0
SF-70-GREEN,VARIMA FASHIONS PVT LTD,9387,VFPL0075,,TRUE,1,1,0,0,0,0,1,1,1,ACTIVE_WITH_PURCHASE_HISTORY,Keep: Has active purchase/return activity,0
SF-70-PINK,VARIMA FASHIONS PVT LTD,9318,VFPL0075,,TRUE,1,1,0,0,0,0,1,1,1,ACTIVE_WITH_PURCHASE_HISTORY,Keep: Has active purchase/return activity,0
SF1870,SHANAYA FASHION ,3296,SF/25-26/1455,INV2026000240,TRUE,1,1,0,1,1,0,0,1,1,ACTIVE_WITH_PURCHASE_HISTORY,Keep: Has active purchase/return activity,0
SFD-157,SATYA DESIGNS PVT. LTD.,"00008442, 00008443, 00008444, 00008445, 00008446",ST0161,,TRUE,5,1,0,0,0,0,5,5,5,ACTIVE_WITH_PURCHASE_HISTORY,Keep: Has active purchase/return activity,0
SFD-157-B,SATYA DESIGNS PVT. LTD.,"00008447, 00008448",ST0161,,TRUE,2,1,0,0,0,0,2,2,2,ACTIVE_WITH_PURCHASE_HISTORY,Keep: Has active purchase/return activity,0
SFD-338,SAHANA FASHIONS ,8998,SF/4,,TRUE,1,1,1,0,0,0,0,1,1,ACTIVE_WITH_PURCHASE_HISTORY,Keep: Has active purchase/return activity,0
SFD-346,SAHANA FASHIONS ,8999,SF/4,,TRUE,1,1,0,0,0,0,1,1,1,ACTIVE_WITH_PURCHASE_HISTORY,Keep: Has active purchase/return activity,0
SFD-426,SATYA DESIGNS PVT. LTD.,"00002299, 00002300, 00002301, 00002302, 00002303, 00002304",SS1999,"INV2026000050, INV2026000108, INV2026000401, INV2627000052, INV2627000475, INV2627001021",TRUE,6,1,0,6,6,1,1,6,6,ACTIVE_WITH_PURCHASE_HISTORY,Keep: Has active purchase/return activity,0
SFD-460,SATYA DESIGNS PVT. LTD.,"00009428, 00009429, 00009430",ST0239,,TRUE,3,1,0,0,0,0,4,4,3,ACTIVE_WITH_PURCHASE_HISTORY,Keep: Has active purchase/return activity,-1
SFD-460-B,SATYA DESIGNS PVT. LTD.,9431,ST0239,,TRUE,1,1,0,0,0,0,1,1,1,ACTIVE_WITH_PURCHASE_HISTORY,Keep: Has active purchase/return activity,0
SFD-551,SATYA DESIGNS PVT. LTD.,"00002305, 00002306, 00002307, 00002308, 00002309, 00002310",SS1999,"INV2026000108, INV2627000046",TRUE,6,1,0,2,2,1,4,6,6,ACTIVE_WITH_PURCHASE_HISTORY,Keep: Has active purchase/return activity,1
SFD-583,SATYA DESIGNS PVT. LTD.,"00008533, 00008534",ST-0184,"INV2627000749, INV2627000848",TRUE,2,1,0,2,2,0,0,2,2,ACTIVE_WITH_PURCHASE_HISTORY,Keep: Has active purchase/return activity,0
SFD-588,SATYA DESIGNS PVT. LTD.,"00002311, 00002312, 00002313, 00002314, 00002315, 00002316, 00002317",SS1999,,TRUE,7,1,0,0,0,0,7,7,7,ACTIVE_WITH_PURCHASE_HISTORY,Keep: Has active purchase/return activity,0
SFD-589,SATYA DESIGNS PVT. LTD.,"00009432, 00009433, 00009434, 00009435, 00009436",ST0239,,TRUE,5,1,0,0,0,0,5,5,5,ACTIVE_WITH_PURCHASE_HISTORY,Keep: Has active purchase/return activity,0
SFD-589-B,SATYA DESIGNS PVT. LTD.,"00009437, 00009438",ST0239,INV2627001022,TRUE,2,1,0,1,1,0,1,2,2,ACTIVE_WITH_PURCHASE_HISTORY,Keep: Has active purchase/return activity,0
SFD-590,SATYA DESIGNS PVT. LTD.,"00008770, 00008771, 00008772, 00008773, 00008774",ST0097,,TRUE,5,1,0,0,0,0,5,5,5,ACTIVE_WITH_PURCHASE_HISTORY,Keep: Has active purchase/return activity,0
SFD-590-B,SATYA DESIGNS PVT. LTD.,8775,ST0097,,TRUE,1,1,0,0,0,0,1,1,1,ACTIVE_WITH_PURCHASE_HISTORY,Keep: Has active purchase/return activity,0
SFD-593,SATYA DESIGNS PVT. LTD.,"00006524, 00006525, 00006526, 00006527, 00006528, 00006529, 00006530",SS2251,"INV2627000022, INV2627000052, INV2627000277, INV2627001022",TRUE,7,1,0,4,4,0,3,7,7,ACTIVE_WITH_PURCHASE_HISTORY,Keep: Has active purchase/return activity,0
SFD-596,SATYA DESIGNS PVT. LTD.,"00008776, 00008777, 00008778, 00008779",ST0097,,TRUE,4,1,0,0,0,0,4,4,4,ACTIVE_WITH_PURCHASE_HISTORY,Keep: Has active purchase/return activity,0
SFD-610,SATYA DESIGNS PVT. LTD.,"00009332, 00009333, 00009334, 00009335, 00009336",ST-0210,,TRUE,5,1,0,0,0,0,5,5,5,ACTIVE_WITH_PURCHASE_HISTORY,Keep: Has active purchase/return activity,0
SFD-611,SATYA DESIGNS PVT. LTD.,"00006531, 00006532, 00006533, 00006534, 00006535, 00006536, 00006537",SS2251,"INV2026000359, INV2627000019, INV2627000362",TRUE,7,1,0,3,3,0,4,7,7,ACTIVE_WITH_PURCHASE_HISTORY,Keep: Has active purchase/return activity,0
SFD-611-A,SATYA DESIGNS PVT. LTD.,"00008535, 00008536",ST-0184,INV2627000818,TRUE,2,1,0,1,1,0,1,2,2,ACTIVE_WITH_PURCHASE_HISTORY,Keep: Has active purchase/return activity,0
SFD-611-B,SATYA DESIGNS PVT. LTD.,8537,ST-0184,INV2627000892,TRUE,1,1,0,1,1,0,0,1,1,ACTIVE_WITH_PURCHASE_HISTORY,Keep: Has active purchase/return activity,0
SFD-615,SATYA DESIGNS PVT. LTD.,"00002318, 00002319, 00002320, 00002321, 00008538, 00008539","SS1999, ST-0184","INV2026000015, INV2026000106, INV2026000108, INV2627000749",TRUE,6,2,0,4,4,1,3,6,6,ACTIVE_WITH_PURCHASE_HISTORY,Keep: Has active purchase/return activity,0
SFD-616,SATYA DESIGNS PVT. LTD.,"00007256, 00007257, 00007258, 00007259, 00007260",SS-2277,,TRUE,5,1,0,0,0,0,5,5,5,ACTIVE_WITH_PURCHASE_HISTORY,Keep: Has active purchase/return activity,0
SFD-616-02,SATYA DESIGNS PVT. LTD.,"00007261, 00007262",SS-2277,,TRUE,2,1,0,0,0,0,2,2,2,ACTIVE_WITH_PURCHASE_HISTORY,Keep: Has active purchase/return activity,0
SFD-620,SATYA DESIGNS PVT. LTD.,"00007744, 00007745, 00007746, 00007747, 00007748",ST0071,,TRUE,5,1,0,0,0,0,5,5,5,ACTIVE_WITH_PURCHASE_HISTORY,Keep: Has active purchase/return activity,0
SFD-620-B,SATYA DESIGNS PVT. LTD.,7749,ST0071,,TRUE,1,1,0,0,0,0,1,1,1,ACTIVE_WITH_PURCHASE_HISTORY,Keep: Has active purchase/return activity,0
SFD-621,SATYA DESIGNS PVT. LTD.,"00007863, 00008704",ST-0081,INV2627000658,TRUE,1,1,0,1,1,0,1,2,2,ACTIVE_WITH_PURCHASE_HISTORY,Keep: Has active purchase/return activity,-1
SFD-622,SATYA DESIGNS PVT. LTD.,"00006538, 00006539, 00006540, 00006541, 00008540","SS2251, ST-0184","INV2627000184, INV2627000749, INV2627000819",TRUE,5,2,1,3,3,0,1,5,5,ACTIVE_WITH_PURCHASE_HISTORY,Keep: Has active purchase/return activity,0
SFD-622-A,SATYA DESIGNS PVT. LTD.,"00008690, 00008691, 00008692, 00008693, 00008694",ST-0007,,TRUE,5,1,0,0,0,0,5,5,5,ACTIVE_WITH_PURCHASE_HISTORY,Keep: Has active purchase/return activity,0
SFD-622-B,SATYA DESIGNS PVT. LTD.,"00008695, 00008696",ST-0007,,TRUE,2,1,0,0,0,0,2,2,2,ACTIVE_WITH_PURCHASE_HISTORY,Keep: Has active purchase/return activity,0
SFD-GD-345,SAHANA FASHIONS ,7193,SF-247,,TRUE,1,1,0,0,0,0,1,1,1,ACTIVE_WITH_PURCHASE_HISTORY,Keep: Has active purchase/return activity,0
SFD-GR-345,SAHANA FASHIONS ,7194,SF-247,,TRUE,1,1,0,0,0,0,1,1,1,ACTIVE_WITH_PURCHASE_HISTORY,Keep: Has active purchase/return activity,0
SFD-P-365,SAHANA FASHIONS ,7196,SF-247,,TRUE,1,1,0,0,0,0,1,1,1,ACTIVE_WITH_PURCHASE_HISTORY,Keep: Has active purchase/return activity,0
SFD-W-365,SAHANA FASHIONS ,7195,SF-247,,TRUE,1,1,0,0,0,0,1,1,1,ACTIVE_WITH_PURCHASE_HISTORY,Keep: Has active purchase/return activity,0
SFH-2924,ONAYA FASHION PVT LTD,9678,GPOSI26-27/01697,,TRUE,1,1,0,0,0,0,1,1,1,ACTIVE_WITH_PURCHASE_HISTORY,Keep: Has active purchase/return activity,0
SFN201,RUPDARSHI DESIGNS PRIVATE LIMITED,"00003049, 00006317",RDS/006475/25-26,"INV2627000124, INV2627000615",TRUE,3,1,0,2,2,0,2,3,2,ACTIVE_WITH_PURCHASE_HISTORY,Keep: Has active purchase/return activity,-1
SFS-224,SATYA DESIGNS PVT. LTD.,"00002352, 00002353, 00002354, 00002355, 00002356, 00007067, 00008530","ST-0047, ST-0184","INV2026000051, INV2026000228, INV2026000399, INV2627000111, INV2627000764",TRUE,2,2,0,5,5,0,2,7,7,ACTIVE_WITH_PURCHASE_HISTORY,Keep: Has active purchase/return activity,-5
SFS-224-A,SATYA DESIGNS PVT. LTD.,"00008840, 00008841, 00008842, 00008843",SS1999,INV2627000768,TRUE,4,1,0,1,1,0,3,4,4,ACTIVE_WITH_PURCHASE_HISTORY,Keep: Has active purchase/return activity,0
SFS-252,SATYA DESIGNS PVT. LTD.,"00009329, 00009330, 00009331",ST-0210,,TRUE,3,1,0,0,0,0,3,3,3,ACTIVE_WITH_PURCHASE_HISTORY,Keep: Has active purchase/return activity,0
SFS-262-A,SATYA DESIGNS PVT. LTD.,"00008676, 00008677, 00008678, 00008679, 00008680",ST-0007,,TRUE,5,1,0,0,0,0,5,5,5,ACTIVE_WITH_PURCHASE_HISTORY,Keep: Has active purchase/return activity,0
SFS-262-B,SATYA DESIGNS PVT. LTD.,"00008681, 00008682",ST-0007,,TRUE,2,1,0,0,0,0,2,2,2,ACTIVE_WITH_PURCHASE_HISTORY,Keep: Has active purchase/return activity,0
SFS-263-A,SATYA DESIGNS PVT. LTD.,"00008683, 00008684, 00008685, 00008686, 00008687",ST-0007,,TRUE,5,1,0,0,0,0,5,5,5,ACTIVE_WITH_PURCHASE_HISTORY,Keep: Has active purchase/return activity,0
SFS-263-B,SATYA DESIGNS PVT. LTD.,"00008688, 00008689",ST-0007,,TRUE,2,1,0,0,0,0,2,2,2,ACTIVE_WITH_PURCHASE_HISTORY,Keep: Has active purchase/return activity,0
SFS-264,SATYA DESIGNS PVT. LTD.,"00008531, 00008532",ST-0184,,TRUE,2,1,0,0,0,0,2,2,2,ACTIVE_WITH_PURCHASE_HISTORY,Keep: Has active purchase/return activity,0
SFS253-A,SATYA DESIGNS PVT. LTD.,"00006121, 00006122, 00006123, 00006124, 00006125",16-03-2026,"INV2627000246, INV2627000440, INV2627000446",TRUE,5,1,0,3,3,0,2,5,5,ACTIVE_WITH_PURCHASE_HISTORY,Keep: Has active purchase/return activity,0
SFS253-B,SATYA DESIGNS PVT. LTD.,"00006126, 00006127",16-03-2026,,TRUE,2,1,0,0,0,0,2,2,2,ACTIVE_WITH_PURCHASE_HISTORY,Keep: Has active purchase/return activity,0
SG-3022,V.M. DESIGNER,6660,5284,INV2627000176,TRUE,1,1,0,1,1,0,0,1,1,ACTIVE_WITH_PURCHASE_HISTORY,Keep: Has active purchase/return activity,0
SGH-2836,ONAYA FASHION PVT LTD,7039,GPOSI25-26/18277,,TRUE,1,1,0,0,0,0,1,1,1,ACTIVE_WITH_PURCHASE_HISTORY,Keep: Has active purchase/return activity,0
SGH-2853R,ONAYA FASHION PVT LTD,3898,GPOSI25-26/16898,,TRUE,1,1,0,0,0,0,1,1,1,ACTIVE_WITH_PURCHASE_HISTORY,Keep: Has active purchase/return activity,0
SGH-2859R,ONAYA FASHION PVT LTD,7425,,,TRUE,0,0,0,0,0,0,1,1,1,ORPHAN_WITH_STOCK,Audit: Has physical stock/printed barcodes but no purchase record,-1
SGH-2895R,ONAYA FASHION PVT LTD,7427,GPOSI26-27/00358,,TRUE,1,1,0,0,0,0,1,1,1,ACTIVE_WITH_PURCHASE_HISTORY,Keep: Has active purchase/return activity,0
SGH-2912,ONAYA FASHION PVT LTD,3899,GPOSI25-26/16898,,TRUE,1,1,0,0,0,0,1,1,1,ACTIVE_WITH_PURCHASE_HISTORY,Keep: Has active purchase/return activity,0
SGH-2918,ONAYA FASHION PVT LTD,7066,17886,INV2627000866,TRUE,1,1,0,1,1,0,0,1,1,ACTIVE_WITH_PURCHASE_HISTORY,Keep: Has active purchase/return activity,0
SGH-2919,ONAYA FASHION PVT LTD,6912,GPOSI26-27/00093,INV2627000709,TRUE,1,1,0,1,1,0,0,1,1,ACTIVE_WITH_PURCHASE_HISTORY,Keep: Has active purchase/return activity,0
SGH-2931,ONAYA FASHION PVT LTD,7426,GPOSI26-27/00358,INV2627000576,TRUE,1,1,0,1,1,0,0,1,1,ACTIVE_WITH_PURCHASE_HISTORY,Keep: Has active purchase/return activity,0
SGH-2941R,ONAYA FASHION PVT LTD,4054,GPOSI25-26/17161,,TRUE,1,1,0,0,0,0,1,1,1,ACTIVE_WITH_PURCHASE_HISTORY,Keep: Has active purchase/return activity,0
SGH-2958R,ONAYA FASHION PVT LTD,7453,GPOSI26-27/00577,,TRUE,1,1,0,0,0,0,1,1,1,ACTIVE_WITH_PURCHASE_HISTORY,Keep: Has active purchase/return activity,0
SGH-2985,ONAYA FASHION PVT LTD,6913,GPOSI26-27/00093,,TRUE,1,1,0,0,0,0,1,1,1,ACTIVE_WITH_PURCHASE_HISTORY,Keep: Has active purchase/return activity,0
SGH2512,ONAYA FASHION PVT LTD,98,GPOSI25-26/16339,INV2026000136,TRUE,1,1,0,1,1,0,0,1,1,ACTIVE_WITH_PURCHASE_HISTORY,Keep: Has active purchase/return activity,0
SGH2822,ONAYA FASHION PVT LTD,85,GPOSI25-26/16338,INV2627000777,TRUE,1,1,0,1,1,0,0,1,1,ACTIVE_WITH_PURCHASE_HISTORY,Keep: Has active purchase/return activity,0
SGH2823,ONAYA FASHION PVT LTD,86,GPOSI25-26/16338,,TRUE,1,1,0,0,0,0,1,1,1,ACTIVE_WITH_PURCHASE_HISTORY,Keep: Has active purchase/return activity,0
SGH2837,ONAYA FASHION PVT LTD,5547,GPOSI25-26/17357,INV2026000147,TRUE,1,1,0,1,1,0,0,1,1,ACTIVE_WITH_PURCHASE_HISTORY,Keep: Has active purchase/return activity,0
SGH2838,ONAYA FASHION PVT LTD,95,GPOSI25-26/16340,INV2627000085,TRUE,1,1,0,1,1,0,0,1,1,ACTIVE_WITH_PURCHASE_HISTORY,Keep: Has active purchase/return activity,0
SGH2875R,ONAYA FASHION PVT LTD,96,GPOSI25-26/16340,,TRUE,1,1,0,0,0,0,1,1,1,ACTIVE_WITH_PURCHASE_HISTORY,Keep: Has active purchase/return activity,0
SGH2876,ONAYA FASHION PVT LTD,1435,GPOSI25-26/16510,,TRUE,1,1,0,0,0,0,1,1,1,ACTIVE_WITH_PURCHASE_HISTORY,Keep: Has active purchase/return activity,0
SGH2900,ONAYA FASHION PVT LTD,103,GPOSI25-26/16334,INV2026000304,TRUE,1,1,0,1,1,0,0,1,1,ACTIVE_WITH_PURCHASE_HISTORY,Keep: Has active purchase/return activity,0
SGH2923,ONAYA FASHION PVT LTD,89,GPOSI25-26/16337,,TRUE,1,1,0,0,0,0,1,1,1,ACTIVE_WITH_PURCHASE_HISTORY,Keep: Has active purchase/return activity,0
SGH2944,ONAYA FASHION PVT LTD,7914,GPOSI26-27/00784,,TRUE,1,1,0,0,0,0,1,1,1,ACTIVE_WITH_PURCHASE_HISTORY,Keep: Has active purchase/return activity,0
SGH2946,ONAYA FASHION PVT LTD,191,GPOSI25-26/16453,,TRUE,1,1,0,0,0,0,1,1,1,ACTIVE_WITH_PURCHASE_HISTORY,Keep: Has active purchase/return activity,0
SGH2957R,ONAYA FASHION PVT LTD,83,GPOSI25-26/16335,,TRUE,1,1,0,0,0,0,1,1,1,ACTIVE_WITH_PURCHASE_HISTORY,Keep: Has active purchase/return activity,0
SGH3003,ONAYA FASHION PVT LTD,99,GPOSI25-26/16339,,TRUE,1,1,0,0,0,0,1,1,1,ACTIVE_WITH_PURCHASE_HISTORY,Keep: Has active purchase/return activity,0
SGN-117,ANTYA ,6907,5263,,TRUE,1,1,0,0,0,0,1,1,1,ACTIVE_WITH_PURCHASE_HISTORY,Keep: Has active purchase/return activity,0
SGN-153,ANTYA ,2877,4481,,TRUE,1,1,0,0,0,0,1,1,1,ACTIVE_WITH_PURCHASE_HISTORY,Keep: Has active purchase/return activity,0
SGN-187,ANTYA ,2878,4481,,TRUE,1,1,0,0,0,0,1,1,1,ACTIVE_WITH_PURCHASE_HISTORY,Keep: Has active purchase/return activity,0
SGN-205,ANTYA ,2838,4562,INV2627000350,TRUE,1,1,0,1,1,0,0,1,1,ACTIVE_WITH_PURCHASE_HISTORY,Keep: Has active purchase/return activity,0
SGN-221,ANTYA ,2839,4562,,TRUE,1,1,0,0,0,0,1,1,1,ACTIVE_WITH_PURCHASE_HISTORY,Keep: Has active purchase/return activity,0
SH-140,WARIS HOUSE OF FASHION,8474,WH/2025-26/003,,TRUE,1,1,0,0,0,0,1,1,1,ACTIVE_WITH_PURCHASE_HISTORY,Keep: Has active purchase/return activity,0
SH-30,WARIS HOUSE OF FASHION,"00008469, 00008470, 00008471",WH/2025/607,INV2627001024,TRUE,3,1,0,1,1,0,2,3,3,ACTIVE_WITH_PURCHASE_HISTORY,Keep: Has active purchase/return activity,0
SH-30-G,WARIS HOUSE OF FASHION,8472,WH/2025-26/003,,TRUE,1,1,0,0,0,0,1,1,1,ACTIVE_WITH_PURCHASE_HISTORY,Keep: Has active purchase/return activity,0
SH-30-R,WARIS HOUSE OF FASHION,8473,WH/2025-26/003,INV2627000808,TRUE,1,1,0,1,1,0,0,1,1,ACTIVE_WITH_PURCHASE_HISTORY,Keep: Has active purchase/return activity,0
SHAN-01,JDS DESIGN STUDIO PRIVATE LIMITED,4014,006345/25-26,,TRUE,1,1,0,0,0,0,1,1,1,ACTIVE_WITH_PURCHASE_HISTORY,Keep: Has active purchase/return activity,0
SHAN-02,JDS DESIGN STUDIO PRIVATE LIMITED,4015,006345/25-26,INV2627000715,TRUE,1,1,0,1,1,0,0,1,1,ACTIVE_WITH_PURCHASE_HISTORY,Keep: Has active purchase/return activity,0
SHAN-03,JDS DESIGN STUDIO PRIVATE LIMITED,4016,006345/25-26,,TRUE,2,1,0,0,0,0,2,2,1,ACTIVE_WITH_PURCHASE_HISTORY,Keep: Has active purchase/return activity,0
SI22SR,JDS DESIGN STUDIO PRIVATE LIMITED,4131,JS26-006287,,TRUE,1,1,0,0,0,0,1,1,1,ACTIVE_WITH_PURCHASE_HISTORY,Keep: Has active purchase/return activity,0
SI54SR,JDS DESIGN STUDIO PRIVATE LIMITED,4126,JS26-006287,,TRUE,1,1,0,0,0,0,1,1,1,ACTIVE_WITH_PURCHASE_HISTORY,Keep: Has active purchase/return activity,0
SI58SR,JDS DESIGN STUDIO PRIVATE LIMITED,4127,JS26-006287,INV2627000981,TRUE,1,1,0,1,1,0,0,1,1,ACTIVE_WITH_PURCHASE_HISTORY,Keep: Has active purchase/return activity,0
SI69SR,JDS DESIGN STUDIO PRIVATE LIMITED,4128,JS26-006287,,TRUE,1,1,0,0,0,0,1,1,1,ACTIVE_WITH_PURCHASE_HISTORY,Keep: Has active purchase/return activity,0
SI72SR,JDS DESIGN STUDIO PRIVATE LIMITED,4129,JS26-006287,,TRUE,1,1,0,0,0,0,1,1,1,ACTIVE_WITH_PURCHASE_HISTORY,Keep: Has active purchase/return activity,0
SI93SR,JDS DESIGN STUDIO PRIVATE LIMITED,4130,JS26-006287,,TRUE,2,1,0,0,0,0,2,2,1,ACTIVE_WITH_PURCHASE_HISTORY,Keep: Has active purchase/return activity,0
SIDDHI,KARISHAMA LEGACY LLP,6081,KL/25-26/16915,,TRUE,1,1,0,0,0,0,1,1,1,ACTIVE_WITH_PURCHASE_HISTORY,Keep: Has active purchase/return activity,0
SK01,VSB VASTTRAM PVT LTD,179,VSBV/8975/25-26,,TRUE,1,1,0,0,0,0,1,1,1,ACTIVE_WITH_PURCHASE_HISTORY,Keep: Has active purchase/return activity,0
SKD119,OJAS COUTURE LLP,"00003458, 00003459, 00003460",1640/25-26,,TRUE,3,1,0,0,0,0,3,3,3,ACTIVE_WITH_PURCHASE_HISTORY,Keep: Has active purchase/return activity,0
SKE28185,SHRI KRISHNA EMBROIDERIES PVT LTD ,5099,CCSI25-26-008474,,TRUE,3,1,0,0,0,0,3,3,1,ACTIVE_WITH_PURCHASE_HISTORY,Keep: Has active purchase/return activity,0
SKE28261,SHRI KRISHNA EMBROIDERIES PVT LTD ,5101,CCSI25-26-008474,"INV2627000183, INV2627000306, INV2627000323",TRUE,4,1,0,3,3,0,1,4,1,ACTIVE_WITH_PURCHASE_HISTORY,Keep: Has active purchase/return activity,0
SKE28274,SHRI KRISHNA EMBROIDERIES PVT LTD ,5102,CCSI25-26-008474,"INV2026000377, INV2026000405, INV2627000196, INV2627000343",TRUE,5,1,0,4,4,0,1,5,1,ACTIVE_WITH_PURCHASE_HISTORY,Keep: Has active purchase/return activity,0
SKE28309,SHRI KRISHNA EMBROIDERIES PVT LTD ,5100,CCSI25-26-008474,"INV2026000297, INV2627000822",TRUE,4,1,0,2,2,0,2,4,1,ACTIVE_WITH_PURCHASE_HISTORY,Keep: Has active purchase/return activity,0
SKW-2108 BL,ESSENCE COLLECTION PVT LTD,881,698,,TRUE,1,1,0,0,0,0,1,1,1,ACTIVE_WITH_PURCHASE_HISTORY,Keep: Has active purchase/return activity,0
SKW-2108 WN,ESSENCE COLLECTION PVT LTD,877,698,INV2026000410,TRUE,1,1,0,1,1,0,0,1,1,ACTIVE_WITH_PURCHASE_HISTORY,Keep: Has active purchase/return activity,0
SKW-2108 YL,ESSENCE COLLECTION PVT LTD,879,698,INV2627000073,TRUE,1,1,0,1,1,0,0,1,1,ACTIVE_WITH_PURCHASE_HISTORY,Keep: Has active purchase/return activity,0
SLC-03-BLUE,WARIS HOUSE OF FASHION,"00008501, 00008503",WH/2025-26/608,,TRUE,1,1,0,0,0,0,3,3,2,ACTIVE_WITH_PURCHASE_HISTORY,Keep: Has active purchase/return activity,-2
SLC-03-BLUE-02,WARIS HOUSE OF FASHION,8549,WH/2025-26/608,,TRUE,1,1,0,0,0,0,1,1,1,ACTIVE_WITH_PURCHASE_HISTORY,Keep: Has active purchase/return activity,0
SLC-03-RANI,WARIS HOUSE OF FASHION,8502,WH/2025-26/608,,TRUE,1,1,0,0,0,0,1,1,1,ACTIVE_WITH_PURCHASE_HISTORY,Keep: Has active purchase/return activity,0
SLC-03-RED,WARIS HOUSE OF FASHION,8500,WH/2025-26/608,,TRUE,1,1,0,0,0,0,1,1,1,ACTIVE_WITH_PURCHASE_HISTORY,Keep: Has active purchase/return activity,0
SM-147,SWASTIK CREATIONS -(2025-26),"00003256, 00003257, 00003258",GST/02510/25-26,INV2627000036,TRUE,3,1,0,1,1,0,2,3,3,ACTIVE_WITH_PURCHASE_HISTORY,Keep: Has active purchase/return activity,0
SM-894,SWASTIK CREATIONS -(2025-26),"00003253, 00003254, 00003255",GST/02510/25-26,,TRUE,3,1,0,0,0,0,3,3,3,ACTIVE_WITH_PURCHASE_HISTORY,Keep: Has active purchase/return activity,0
SM2525377,S.N.D DESIGNERS STUDIO,"00001473, 00001474",RC/2526/02/03754,,TRUE,2,1,0,0,0,0,2,2,2,ACTIVE_WITH_PURCHASE_HISTORY,Keep: Has active purchase/return activity,0
SM2526127,S.N.D DESIGNERS STUDIO,"00001469, 00001475",RC/2526/02/03754,,TRUE,2,1,0,0,0,0,2,2,2,ACTIVE_WITH_PURCHASE_HISTORY,Keep: Has active purchase/return activity,0
SN-2342,ISHUM DESIGNS,6854,ID/12387/2025-62,,TRUE,1,1,0,0,0,0,1,1,1,ACTIVE_WITH_PURCHASE_HISTORY,Keep: Has active purchase/return activity,0
SN-2342-G,ISHUM DESIGNS,6855,ID/12387/2025-62,,TRUE,1,1,0,0,0,0,1,1,1,ACTIVE_WITH_PURCHASE_HISTORY,Keep: Has active purchase/return activity,0
SN-2445,ISHUM DESIGNS,7591,ID/12141/2025-26,,TRUE,1,1,0,0,0,0,1,1,1,ACTIVE_WITH_PURCHASE_HISTORY,Keep: Has active purchase/return activity,0
SN 2384,ISHUM DESIGNS,"00000390, 00000391",ID/10238/2025-26,INV2627000221,TRUE,3,1,0,1,1,0,1,2,2,ACTIVE_WITH_PURCHASE_HISTORY,Keep: Has active purchase/return activity,1
SN 2384 GD,ISHUM DESIGNS,,,,TRUE,0,0,0,0,0,0,0,0,0,SAFE_TO_DELETE_IDLE,"Safe to Delete: No purchases, returns, sales, or stock",0
SN 2384 GN,ISHUM DESIGNS,,,,TRUE,0,0,0,0,0,0,0,0,0,SAFE_TO_DELETE_IDLE,"Safe to Delete: No purchases, returns, sales, or stock",0
SN 2384G,ISHUM DESIGNS,"00000392, 00000393",ID/10238/2025-26,INV2026000206,TRUE,3,1,0,1,1,0,2,3,2,ACTIVE_WITH_PURCHASE_HISTORY,Keep: Has active purchase/return activity,0
SNL-64,JAGADISH DAS & CO.,3573,H026-002483,,TRUE,1,1,0,0,0,0,1,1,1,ACTIVE_WITH_PURCHASE_HISTORY,Keep: Has active purchase/return activity,0
SP-1681,ONAYA FASHION PVT LTD,9234,GPOSI26-27/01573,,TRUE,1,1,0,0,0,0,1,1,1,ACTIVE_WITH_PURCHASE_HISTORY,Keep: Has active purchase/return activity,0
SP1681,ONAYA FASHION PVT LTD,114,GPOSI25-26/16336,,TRUE,1,1,0,0,0,0,3,3,1,ACTIVE_WITH_PURCHASE_HISTORY,Keep: Has active purchase/return activity,-2
SP1681 A,ONAYA FASHION PVT LTD,113,GPOSI25-26/16336,,TRUE,1,1,0,0,0,0,1,1,1,ACTIVE_WITH_PURCHASE_HISTORY,Keep: Has active purchase/return activity,0
SP1737,ONAYA FASHION PVT LTD,3907,GPOSI25-26/16341,,TRUE,1,1,0,0,0,0,1,1,1,ACTIVE_WITH_PURCHASE_HISTORY,Keep: Has active purchase/return activity,0
SP1799,ONAYA FASHION PVT LTD,3908,GPOSI25-26/16341,,TRUE,1,1,0,0,0,0,1,1,1,ACTIVE_WITH_PURCHASE_HISTORY,Keep: Has active purchase/return activity,0
SPS-080,DEV DARSHAN DESIGNS PVT LTD,4316,DDD/07635/25-26,,TRUE,1,1,0,0,0,0,1,1,1,ACTIVE_WITH_PURCHASE_HISTORY,Keep: Has active purchase/return activity,0
SR-479,DEV DARSHAN DESIGNS PVT LTD,990,DDD/07542/25-26,,TRUE,1,1,0,0,0,0,1,1,1,ACTIVE_WITH_PURCHASE_HISTORY,Keep: Has active purchase/return activity,0
SR 499,DEV DARSHAN DESIGNS PVT LTD,1271,DDD/07545/25-26,,TRUE,1,1,0,0,0,0,1,1,1,ACTIVE_WITH_PURCHASE_HISTORY,Keep: Has active purchase/return activity,0
SR9/140/2346,AASHIRVAD HERITAGE PVT LTD,3151,AH/008518/25-26,,TRUE,1,1,0,0,0,0,1,1,1,ACTIVE_WITH_PURCHASE_HISTORY,Keep: Has active purchase/return activity,0
SRA/455/1481,AASHIRVAD HERITAGE PVT LTD,"00003147, 00003148",AH/008518/25-26,INV2627001003,TRUE,2,1,0,1,1,0,1,2,2,ACTIVE_WITH_PURCHASE_HISTORY,Keep: Has active purchase/return activity,0
SRA/455/4541,AASHIRVAD HERITAGE PVT LTD,"00003140, 00003141, 00003142, 00003143",AH/008518/25-26,,TRUE,4,1,0,0,0,0,4,4,4,ACTIVE_WITH_PURCHASE_HISTORY,Keep: Has active purchase/return activity,0
SRA/455/4557,AASHIRVAD HERITAGE PVT LTD,"00003137, 00003138, 00003139",AH/008518/25-26,,TRUE,3,1,0,0,0,0,3,3,3,ACTIVE_WITH_PURCHASE_HISTORY,Keep: Has active purchase/return activity,0
SRA/455/4685,AASHIRVAD HERITAGE PVT LTD,3150,AH/008518/25-26,,TRUE,1,1,0,0,0,0,1,1,1,ACTIVE_WITH_PURCHASE_HISTORY,Keep: Has active purchase/return activity,0
SRA/455/4813,AASHIRVAD HERITAGE PVT LTD,"00003131, 00003132, 00003133",AH/008518/25-26,INV2627000714,TRUE,3,1,0,1,1,0,2,3,3,ACTIVE_WITH_PURCHASE_HISTORY,Keep: Has active purchase/return activity,0
SRA/455/4921,AASHIRVAD HERITAGE PVT LTD,3144,AH/008518/25-26,INV2627000978,TRUE,2,1,0,1,1,0,1,2,1,ACTIVE_WITH_PURCHASE_HISTORY,Keep: Has active purchase/return activity,0
SRA/455/4924,AASHIRVAD HERITAGE PVT LTD,"00003134, 00003135, 00003136",AH/008518/25-26,INV2627000229,TRUE,3,1,0,1,1,0,2,3,3,ACTIVE_WITH_PURCHASE_HISTORY,Keep: Has active purchase/return activity,0
SRA/610/1618,AASHIRVAD HERITAGE PVT LTD,"00003145, 00003146",AH/008518/25-26,INV2627000887,TRUE,2,1,0,1,1,0,1,2,2,ACTIVE_WITH_PURCHASE_HISTORY,Keep: Has active purchase/return activity,0
SRA/610/2315,AASHIRVAD HERITAGE PVT LTD,3149,AH/008518/25-26,,TRUE,1,1,0,0,0,0,1,1,1,ACTIVE_WITH_PURCHASE_HISTORY,Keep: Has active purchase/return activity,0
SRG-001128,SHUBHANGAM-(2022-23),5947,19910,,TRUE,1,1,0,0,0,0,1,1,1,ACTIVE_WITH_PURCHASE_HISTORY,Keep: Has active purchase/return activity,0
SRG-001143,SHUBHANGAM-(2022-23),5937,19910,INV2026000105,TRUE,1,1,0,1,1,0,0,1,1,ACTIVE_WITH_PURCHASE_HISTORY,Keep: Has active purchase/return activity,0
SRG-001307 KANJIVARAM,SHUBHANGAM-(2022-23),6447,19933,,TRUE,1,1,0,0,0,0,1,1,1,ACTIVE_WITH_PURCHASE_HISTORY,Keep: Has active purchase/return activity,0
SRG-001309 KANJIVARAM,SHUBHANGAM-(2022-23),6444,19933,,TRUE,1,1,0,0,0,0,1,1,1,ACTIVE_WITH_PURCHASE_HISTORY,Keep: Has active purchase/return activity,0
SRG-001343,SHUBHANGAM-(2022-23),5941,19910,,TRUE,1,1,0,0,0,0,1,1,1,ACTIVE_WITH_PURCHASE_HISTORY,Keep: Has active purchase/return activity,0
SRG-001419,SHUBHANGAM-(2022-23),5949,19910,,TRUE,1,1,0,0,0,0,1,1,1,ACTIVE_WITH_PURCHASE_HISTORY,Keep: Has active purchase/return activity,0
SRG-001423 GAJJI,SHUBHANGAM-(2022-23),6446,19933,,TRUE,1,1,1,0,0,0,0,1,1,ACTIVE_WITH_PURCHASE_HISTORY,Keep: Has active purchase/return activity,0
SRG-001521,SHUBHANGAM-(2022-23),5948,19910,,TRUE,1,1,0,0,0,0,1,1,1,ACTIVE_WITH_PURCHASE_HISTORY,Keep: Has active purchase/return activity,0
SRG-001575,SHUBHANGAM-(2022-23),5943,19910,,TRUE,1,1,0,0,0,0,1,1,1,ACTIVE_WITH_PURCHASE_HISTORY,Keep: Has active purchase/return activity,0
SRG-001580,SHUBHANGAM-(2022-23),5950,19910,,TRUE,1,1,0,0,0,0,1,1,1,ACTIVE_WITH_PURCHASE_HISTORY,Keep: Has active purchase/return activity,0
SRG-001609,SHUBHANGAM-(2022-23),5944,19910,,TRUE,1,1,0,0,0,0,1,1,1,ACTIVE_WITH_PURCHASE_HISTORY,Keep: Has active purchase/return activity,0
SRG-00161,SHUBHANGAM-(2022-23),5938,19910,,TRUE,1,1,0,0,0,0,1,1,1,ACTIVE_WITH_PURCHASE_HISTORY,Keep: Has active purchase/return activity,0
SRG-001715 PURE,SHUBHANGAM-(2022-23),6441,19933,,TRUE,1,1,0,0,0,0,1,1,1,ACTIVE_WITH_PURCHASE_HISTORY,Keep: Has active purchase/return activity,0
SRG-001758 TUSSER,SHUBHANGAM-(2022-23),6443,19933,,TRUE,1,1,0,0,0,0,1,1,1,ACTIVE_WITH_PURCHASE_HISTORY,Keep: Has active purchase/return activity,0
SRG-001776 SILK,SHUBHANGAM-(2022-23),6442,19933,INV2627000514,TRUE,1,1,0,1,1,0,0,1,1,ACTIVE_WITH_PURCHASE_HISTORY,Keep: Has active purchase/return activity,0
SRG-001793 CHINIYA,SHUBHANGAM-(2022-23),6448,19933,INV2627000701,TRUE,1,1,0,1,1,0,0,1,1,ACTIVE_WITH_PURCHASE_HISTORY,Keep: Has active purchase/return activity,0
SRG-00402,SHUBHANGAM-(2022-23),5945,19910,INV2627000709,TRUE,1,1,0,1,1,0,0,1,1,ACTIVE_WITH_PURCHASE_HISTORY,Keep: Has active purchase/return activity,0
SRG-00440,SHUBHANGAM-(2022-23),5939,19910,,TRUE,1,1,0,0,0,0,1,1,1,ACTIVE_WITH_PURCHASE_HISTORY,Keep: Has active purchase/return activity,0
SRG-00647,SHUBHANGAM-(2022-23),5942,19910,,TRUE,1,1,0,0,0,0,1,1,1,ACTIVE_WITH_PURCHASE_HISTORY,Keep: Has active purchase/return activity,0
SRG-00916,SHUBHANGAM-(2022-23),5946,19910,,TRUE,1,1,0,0,0,0,1,1,1,ACTIVE_WITH_PURCHASE_HISTORY,Keep: Has active purchase/return activity,0
SRG-00985,SHUBHANGAM-(2022-23),5940,19910,,TRUE,1,1,0,0,0,0,1,1,1,ACTIVE_WITH_PURCHASE_HISTORY,Keep: Has active purchase/return activity,0
SRKO-WEVGZF41,SND DYEING AND PROCESSING COMPANY PRIVATE LIMITED,3896,TI25A/1811,,TRUE,1,1,0,0,0,0,1,1,1,ACTIVE_WITH_PURCHASE_HISTORY,Keep: Has active purchase/return activity,0
SRKO-WEVGZF42,SND DYEING AND PROCESSING COMPANY PRIVATE LIMITED,3895,TI25A/1811,,TRUE,1,1,0,0,0,0,1,1,1,ACTIVE_WITH_PURCHASE_HISTORY,Keep: Has active purchase/return activity,0
SRP/490/195-RED,AASHIRVAD HERITAGE PVT LTD,1018,AH/008572/25-26,,TRUE,1,1,0,0,0,0,1,1,1,ACTIVE_WITH_PURCHASE_HISTORY,Keep: Has active purchase/return activity,0
SRP/490/201-BLU,AASHIRVAD HERITAGE PVT LTD,1015,AH/008572/25-26,,TRUE,1,1,0,0,0,0,1,1,1,ACTIVE_WITH_PURCHASE_HISTORY,Keep: Has active purchase/return activity,0
SRP/490/218-BEG,AASHIRVAD HERITAGE PVT LTD,1016,AH/008572/25-26,,TRUE,1,1,0,0,0,0,1,1,1,ACTIVE_WITH_PURCHASE_HISTORY,Keep: Has active purchase/return activity,0
SRP/490/233-PCH,AASHIRVAD HERITAGE PVT LTD,1017,AH/008572/25-26,,TRUE,1,1,0,0,0,0,1,1,1,ACTIVE_WITH_PURCHASE_HISTORY,Keep: Has active purchase/return activity,0
SRP/665/36-BLK,AASHIRVAD HERITAGE PVT LTD,1019,AH/008572/25-26,,TRUE,1,1,0,0,0,0,1,1,1,ACTIVE_WITH_PURCHASE_HISTORY,Keep: Has active purchase/return activity,0
SRP/K/AU/6734-GRN,AASHIRVAD HERITAGE PVT LTD,1014,AH/008572/25-26,,TRUE,1,1,0,0,0,0,1,1,1,ACTIVE_WITH_PURCHASE_HISTORY,Keep: Has active purchase/return activity,0
SRP/K/SU/7118,AASHIRVAD HERITAGE PVT LTD,3153,AH/008518/25-26,INV2026000221,TRUE,1,1,0,1,1,0,0,1,1,ACTIVE_WITH_PURCHASE_HISTORY,Keep: Has active purchase/return activity,0
SRP/M/SU/6682,AASHIRVAD HERITAGE PVT LTD,3152,AH/008518/25-26,,TRUE,1,1,0,0,0,0,1,1,1,ACTIVE_WITH_PURCHASE_HISTORY,Keep: Has active purchase/return activity,0
SRP/M/SU/7103,AASHIRVAD HERITAGE PVT LTD,3154,AH/008518/25-26,INV2627000095,TRUE,1,1,0,1,1,0,0,1,1,ACTIVE_WITH_PURCHASE_HISTORY,Keep: Has active purchase/return activity,0
SRS/FV186,RUPDARSHI DESIGNS PRIVATE LIMITED,"00004439, 00004440, 00004442, 00004444, 00004447, 00004448",RDS/006478/25-26,"INV2026000280, INV2627000147",TRUE,6,1,0,2,2,0,4,6,6,ACTIVE_WITH_PURCHASE_HISTORY,Keep: Has active purchase/return activity,0
SRS/FV186 C,RUPDARSHI DESIGNS PRIVATE LIMITED,4441,RDS/006478/25-26,,TRUE,1,1,0,0,0,0,1,1,1,ACTIVE_WITH_PURCHASE_HISTORY,Keep: Has active purchase/return activity,0
SRS/FV186 P,RUPDARSHI DESIGNS PRIVATE LIMITED,"00004443, 00004445",RDS/006478/25-26,,TRUE,2,1,0,0,0,0,2,2,2,ACTIVE_WITH_PURCHASE_HISTORY,Keep: Has active purchase/return activity,0
SRS/FV186 P2,RUPDARSHI DESIGNS PRIVATE LIMITED,4446,RDS/006478/25-26,,TRUE,1,1,0,0,0,0,1,1,1,ACTIVE_WITH_PURCHASE_HISTORY,Keep: Has active purchase/return activity,0
SRS/FV186 Y,RUPDARSHI DESIGNS PRIVATE LIMITED,4449,RDS/006478/25-26,INV2026000104,TRUE,1,1,0,1,1,0,0,1,1,ACTIVE_WITH_PURCHASE_HISTORY,Keep: Has active purchase/return activity,0
SRS/HJA229,RUPDARSHI DESIGNS PRIVATE LIMITED,"00004437, 00004438",RDS/006478/25-26,,TRUE,2,1,0,0,0,0,2,2,2,ACTIVE_WITH_PURCHASE_HISTORY,Keep: Has active purchase/return activity,0
SRS/HJA243,RUPDARSHI DESIGNS PRIVATE LIMITED,"00004435, 00004436",RDS/006478/25-26,INV2026000063,TRUE,2,1,0,1,1,0,1,2,2,ACTIVE_WITH_PURCHASE_HISTORY,Keep: Has active purchase/return activity,0
SRS/RDWH247,RUPDARSHI DESIGNS PRIVATE LIMITED,"00004460, 00004461, 00004462",RDS/006478/25-26,,TRUE,3,1,0,0,0,0,3,3,3,ACTIVE_WITH_PURCHASE_HISTORY,Keep: Has active purchase/return activity,0
SRS/RDWH328,RUPDARSHI DESIGNS PRIVATE LIMITED,"00004463, 00004464, 00004465",RDS/006478/25-26,,TRUE,4,1,0,0,0,0,3,3,3,ACTIVE_WITH_PURCHASE_HISTORY,Keep: Has active purchase/return activity,1
SRS/RDWH371,RUPDARSHI DESIGNS PRIVATE LIMITED,"00004450, 00004452, 00004453",RDS/006478/25-26,,TRUE,3,1,0,0,0,0,3,3,3,ACTIVE_WITH_PURCHASE_HISTORY,Keep: Has active purchase/return activity,0
SRS/RDWH371 G,RUPDARSHI DESIGNS PRIVATE LIMITED,4451,RDS/006478/25-26,,TRUE,1,1,0,0,0,0,1,1,1,ACTIVE_WITH_PURCHASE_HISTORY,Keep: Has active purchase/return activity,0
SRS/RDWH793,RUPDARSHI DESIGNS PRIVATE LIMITED,"00004454, 00004457, 00004458",RDS/006478/25-26,INV2627000938,TRUE,3,1,0,1,1,0,2,3,3,ACTIVE_WITH_PURCHASE_HISTORY,Keep: Has active purchase/return activity,0
SRS/RDWH793 P,RUPDARSHI DESIGNS PRIVATE LIMITED,"00004455, 00004459",RDS/006478/25-26,,TRUE,2,1,0,0,0,0,2,2,2,ACTIVE_WITH_PURCHASE_HISTORY,Keep: Has active purchase/return activity,0
SRS/RDWH793 P2,RUPDARSHI DESIGNS PRIVATE LIMITED,4456,RDS/006478/25-26,,TRUE,1,1,0,0,0,0,1,1,1,ACTIVE_WITH_PURCHASE_HISTORY,Keep: Has active purchase/return activity,0
SS--15723,ISHUM DESIGNS,"00004716, 00004717",,"INV2627000092, INV2627000662",TRUE,0,0,0,2,2,0,1,3,2,ORPHAN_WITH_SALES,Audit: Sold but lacks purchase invoice in database,-3
SS-315,SHAH STUDIO,4049,SS/25-26/458,,TRUE,1,1,0,0,0,0,1,1,1,ACTIVE_WITH_PURCHASE_HISTORY,Keep: Has active purchase/return activity,0
SS-427,SHAH STUDIO,4050,SS/25-26/458,,TRUE,1,1,0,0,0,0,1,1,1,ACTIVE_WITH_PURCHASE_HISTORY,Keep: Has active purchase/return activity,0
SS-430,SHAH STUDIO,616,SS/25-26/441,,TRUE,1,1,0,0,0,0,1,1,1,ACTIVE_WITH_PURCHASE_HISTORY,Keep: Has active purchase/return activity,0
SS-433,SHAH STUDIO,311,SS/25-26/430,,TRUE,1,1,0,0,0,0,1,1,1,ACTIVE_WITH_PURCHASE_HISTORY,Keep: Has active purchase/return activity,0
SS-445,SHAH STUDIO,6928,SS/25-26/480,,TRUE,1,1,0,0,0,0,1,1,1,ACTIVE_WITH_PURCHASE_HISTORY,Keep: Has active purchase/return activity,0
SS-448,SHAH STUDIO,7130,SS/26-27/001,,TRUE,1,1,0,0,0,0,1,1,1,ACTIVE_WITH_PURCHASE_HISTORY,Keep: Has active purchase/return activity,0
SS 15719,ISHUM DESIGNS,"00000380, 00000381",ID/10399/2025-26,INV2627001026,TRUE,3,1,0,1,1,0,1,2,2,ACTIVE_WITH_PURCHASE_HISTORY,Keep: Has active purchase/return activity,1
SS 15743 GD,ISHUM DESIGNS,,,,TRUE,0,0,0,0,0,0,0,0,0,SAFE_TO_DELETE_IDLE,"Safe to Delete: No purchases, returns, sales, or stock",0
SS 15743 PK,ISHUM DESIGNS,,,,TRUE,0,0,0,0,0,0,0,0,0,SAFE_TO_DELETE_IDLE,"Safe to Delete: No purchases, returns, sales, or stock",0
SS 15743G,ISHUM DESIGNS,"00000394, 00000395",ID/10238/2025-26,,TRUE,3,1,0,0,0,0,2,2,2,ACTIVE_WITH_PURCHASE_HISTORY,Keep: Has active purchase/return activity,1
SS 15743P,ISHUM DESIGNS,"00000396, 00000397",ID/10238/2025-26,,TRUE,3,1,0,0,0,0,2,2,2,ACTIVE_WITH_PURCHASE_HISTORY,Keep: Has active purchase/return activity,1
SS 306,SHAH STUDIO,310,SS/25-26/430,,TRUE,1,1,0,0,0,0,1,1,1,ACTIVE_WITH_PURCHASE_HISTORY,Keep: Has active purchase/return activity,0
SS 361,SHAH STUDIO,791,SS/25-26/430,,TRUE,1,1,0,0,0,0,1,1,1,ACTIVE_WITH_PURCHASE_HISTORY,Keep: Has active purchase/return activity,0
SS 369,SHAH STUDIO,309,SS/25-26/430,,TRUE,1,1,0,0,0,0,1,1,1,ACTIVE_WITH_PURCHASE_HISTORY,Keep: Has active purchase/return activity,0
SS 375,SHAH STUDIO,307,SS/25-26/430,,TRUE,1,1,0,0,0,0,1,1,1,ACTIVE_WITH_PURCHASE_HISTORY,Keep: Has active purchase/return activity,0
ss24,VSB VASTTRAM PVT LTD,7905,VSBV/0187/26-27,,TRUE,1,1,0,0,0,0,1,1,1,ACTIVE_WITH_PURCHASE_HISTORY,Keep: Has active purchase/return activity,0
SS25,VSB VASTTRAM PVT LTD,7904,VSBV/0188/26-27,,TRUE,1,1,0,0,0,0,1,1,1,ACTIVE_WITH_PURCHASE_HISTORY,Keep: Has active purchase/return activity,0
SSLC-424,SHAH STUDIO,5556,SS/25-26/467,,TRUE,1,1,0,0,0,0,1,1,1,ACTIVE_WITH_PURCHASE_HISTORY,Keep: Has active purchase/return activity,0
SSU-034-25,CROSS WOVEN,"00003504, 00003505, 00003506, 00003507, 00003508, 00003509, 00003510, 00003511, 00003512, 00003513, 00003514, 00003515, 00003516, 00003517, 00003518, 00003519, 00003520, 00003521, 00003522, 00003523, 00003524, 00003525, 00003526, 00003527, 00003528, 00003529, 00003530, 00003531, 00003532, 00003533, 00003534, 00003535, 00003536, 00003537, 00003538, 00003539, 00003540, 00003541, 00003542, 00003543, 00003544, 00003545, 00003546, 00003547, 00003548, 00003549, 00003550, 00003551, 00003552, 00003553, 00003554, 00003555, 00003556, 00003557, 00003558, 00003559, 00003560",CW/003902/25-26,"INV2026000289, INV2026000313, INV2627000470, INV2627000495, INV2627000708, INV2627000715, INV2627000883, INV2627001052",TRUE,58,1,0,8,8,0,50,58,57,ACTIVE_WITH_PURCHASE_HISTORY,Keep: Has active purchase/return activity,0
SSU-034-40,CROSS WOVEN,3859,CW/003910/25-26,"INV2026000076, INV2026000159, INV2627000188, INV2627000189, INV2627000297, INV2627000373, INV2627000432, INV2627000446, INV2627000495, INV2627000600, INV2627000949",TRUE,39,1,0,11,11,0,28,39,1,ACTIVE_WITH_PURCHASE_HISTORY,Keep: Has active purchase/return activity,0
SSU-034-41,CROSS WOVEN,3857,CW/003910/25-26,INV2627000684,TRUE,21,1,0,1,1,0,20,21,1,ACTIVE_WITH_PURCHASE_HISTORY,Keep: Has active purchase/return activity,0
SSU-034-42,CROSS WOVEN,3860,CW/003910/25-26,"INV2026000223, INV2026000421, INV2627000107, INV2627000470",TRUE,14,1,0,4,4,0,10,14,1,ACTIVE_WITH_PURCHASE_HISTORY,Keep: Has active purchase/return activity,0
SSU-073-1,CROSS WOVEN,3862,CW/003910/25-26,INV2627000659,TRUE,22,1,0,1,1,0,21,22,1,ACTIVE_WITH_PURCHASE_HISTORY,Keep: Has active purchase/return activity,0
SSU-085-27,CROSS WOVEN,3858,CW/003910/25-26,"INV2627000385, INV2627000715",TRUE,12,1,0,2,2,1,10,12,1,ACTIVE_WITH_PURCHASE_HISTORY,Keep: Has active purchase/return activity,1
SSU-152,CROSS WOVEN,3861,CW/003910/25-26,,TRUE,22,1,0,0,0,0,22,22,1,ACTIVE_WITH_PURCHASE_HISTORY,Keep: Has active purchase/return activity,0
ST-028,VAANII,148,VI/000895/25-26,,TRUE,1,1,0,0,0,0,1,1,1,ACTIVE_WITH_PURCHASE_HISTORY,Keep: Has active purchase/return activity,0
ST-193,ANVAY BRIDAL COUTURE,247,ANV/002444/25-26,,TRUE,1,1,0,0,0,0,1,1,1,ACTIVE_WITH_PURCHASE_HISTORY,Keep: Has active purchase/return activity,0
ST-193D,ANVAY BRIDAL COUTURE,246,ANV/002444/25-26,,TRUE,1,1,0,0,0,0,1,1,1,ACTIVE_WITH_PURCHASE_HISTORY,Keep: Has active purchase/return activity,0
ST-236 A,ANVAY BRIDAL COUTURE,248,ANV/002444/25-26,,TRUE,1,1,0,0,0,0,1,1,1,ACTIVE_WITH_PURCHASE_HISTORY,Keep: Has active purchase/return activity,0
ST-236 C,ANVAY BRIDAL COUTURE,249,ANV/002444/25-26,INV2627000960,TRUE,1,1,0,1,1,0,0,1,1,ACTIVE_WITH_PURCHASE_HISTORY,Keep: Has active purchase/return activity,0
ST-312 B,ANVAY BRIDAL COUTURE,250,ANV/002444/25-26,,TRUE,1,1,0,0,0,0,1,1,1,ACTIVE_WITH_PURCHASE_HISTORY,Keep: Has active purchase/return activity,0
ST136,STYLUXE APPAREL,"00004666, 00004667, 00004668, 00004669, 00004670, 00004671, 00004672, 00004673, 00004674",634,"INV2026000128, INV2627000193, INV2627000340, INV2627000918, INV2627000999",TRUE,10,1,0,5,5,1,6,10,9,ACTIVE_WITH_PURCHASE_HISTORY,Keep: Has active purchase/return activity,0
ST157,STYLUXE APPAREL,"00004675, 00004676, 00004677, 00004678, 00004679",634,,TRUE,5,1,0,0,0,0,5,5,5,ACTIVE_WITH_PURCHASE_HISTORY,Keep: Has active purchase/return activity,0
ST159,STYLUXE APPAREL,"00004680, 00004681, 00004682, 00004683, 00004684, 00004685, 00004686, 00004687",634,"INV2026000006, INV2026000034, INV2026000050, INV2026000108, INV2026000232, INV2026000292, INV2627000074",TRUE,9,1,0,7,7,2,2,8,8,ACTIVE_WITH_PURCHASE_HISTORY,Keep: Has active purchase/return activity,2
STK-AMRIN-105-A,SAHIB TEXTILES PRIVATE LIMITED,5920,21402,INV2026000069,TRUE,1,1,0,1,1,0,0,1,1,ACTIVE_WITH_PURCHASE_HISTORY,Keep: Has active purchase/return activity,0
STK-AMRIN-105-B,SAHIB TEXTILES PRIVATE LIMITED,5921,21402,,TRUE,1,1,0,0,0,0,1,1,1,ACTIVE_WITH_PURCHASE_HISTORY,Keep: Has active purchase/return activity,0
STK-AMRIN-105-C,SAHIB TEXTILES PRIVATE LIMITED,5922,21402,INV2026000068,TRUE,1,1,0,1,1,0,0,1,1,ACTIVE_WITH_PURCHASE_HISTORY,Keep: Has active purchase/return activity,0
STK-GULMO-103-B,SAHIB TEXTILES PRIVATE LIMITED,5924,21402,"INV2627000306, INV2627000323",TRUE,1,1,0,2,2,1,0,1,1,ACTIVE_WITH_PURCHASE_HISTORY,Keep: Has active purchase/return activity,0
STK-GULMO-103-C,SAHIB TEXTILES PRIVATE LIMITED,5923,21402,,TRUE,1,1,0,0,0,0,1,1,1,ACTIVE_WITH_PURCHASE_HISTORY,Keep: Has active purchase/return activity,0
STK-GULMO-103-Y,SAHIB TEXTILES PRIVATE LIMITED,5925,21402,,TRUE,1,1,0,0,0,0,1,1,1,ACTIVE_WITH_PURCHASE_HISTORY,Keep: Has active purchase/return activity,0
STK-MASHKI-115,SAHIB TEXTILES PRIVATE LIMITED,5912,21402,,TRUE,1,1,0,0,0,0,1,1,1,ACTIVE_WITH_PURCHASE_HISTORY,Keep: Has active purchase/return activity,0
STK-MASHKI-115-G,SAHIB TEXTILES PRIVATE LIMITED,5913,21402,,TRUE,1,1,0,0,0,0,1,1,1,ACTIVE_WITH_PURCHASE_HISTORY,Keep: Has active purchase/return activity,0
STK-MISKI-120,SAHIB TEXTILES PRIVATE LIMITED,5919,21402,"INV2627000362, INV2627000590",TRUE,2,1,0,2,2,0,0,2,1,ACTIVE_WITH_PURCHASE_HISTORY,Keep: Has active purchase/return activity,0
STK-MUKHIR-1-124-B,SAHIB TEXTILES PRIVATE LIMITED,5927,21402,,TRUE,1,1,0,0,0,0,1,1,1,ACTIVE_WITH_PURCHASE_HISTORY,Keep: Has active purchase/return activity,0
STK-MUKHIR-1-124-P,SAHIB TEXTILES PRIVATE LIMITED,5926,21402,,TRUE,1,1,0,0,0,0,1,1,1,ACTIVE_WITH_PURCHASE_HISTORY,Keep: Has active purchase/return activity,0
STK-SAACHI-119,SAHIB TEXTILES PRIVATE LIMITED,"00005909, 00005910, 00005911",21402,"INV2627000659, INV2627000792",TRUE,3,1,0,3,2,0,0,3,3,ACTIVE_WITH_PURCHASE_HISTORY,Keep: Has active purchase/return activity,0
STK-SHAKHI-119-B,SAHIB TEXTILES PRIVATE LIMITED,5916,21402,INV2627000417,TRUE,1,1,0,1,1,0,0,1,1,ACTIVE_WITH_PURCHASE_HISTORY,Keep: Has active purchase/return activity,0
STK-SHAKHI-119-G,SAHIB TEXTILES PRIVATE LIMITED,5917,21402,INV2026000013,TRUE,1,1,0,1,1,0,0,1,1,ACTIVE_WITH_PURCHASE_HISTORY,Keep: Has active purchase/return activity,0
STK-SHAKHI-119-Y,SAHIB TEXTILES PRIVATE LIMITED,5918,21402,,TRUE,1,1,0,0,0,0,1,1,1,ACTIVE_WITH_PURCHASE_HISTORY,Keep: Has active purchase/return activity,0
STK-TAMSIN-114,SAHIB TEXTILES PRIVATE LIMITED,5914,21402,,TRUE,1,1,0,0,0,0,1,1,1,ACTIVE_WITH_PURCHASE_HISTORY,Keep: Has active purchase/return activity,0
STK-TAMSIN-114-G,SAHIB TEXTILES PRIVATE LIMITED,5915,21402,,TRUE,1,1,0,0,0,0,1,1,1,ACTIVE_WITH_PURCHASE_HISTORY,Keep: Has active purchase/return activity,0
SU  2272D,AASHIRVAD HERITAGE PVT LTD,4264,AH/008639/25-26,INV2026000237,TRUE,1,1,0,1,1,0,0,1,1,ACTIVE_WITH_PURCHASE_HISTORY,Keep: Has active purchase/return activity,0
SU 2471A,AASHIRVAD HERITAGE PVT LTD,4266,AH/008639/25-26,,TRUE,1,1,0,0,0,0,1,1,1,ACTIVE_WITH_PURCHASE_HISTORY,Keep: Has active purchase/return activity,0
SU 2471B,AASHIRVAD HERITAGE PVT LTD,4265,AH/008639/25-26,,TRUE,1,1,0,0,0,0,1,1,1,ACTIVE_WITH_PURCHASE_HISTORY,Keep: Has active purchase/return activity,0
SU 2488A,AASHIRVAD HERITAGE PVT LTD,"00004260, 00004261",AH/008639/25-26,,TRUE,2,1,0,0,0,0,2,2,2,ACTIVE_WITH_PURCHASE_HISTORY,Keep: Has active purchase/return activity,0
SU 2491A,AASHIRVAD HERITAGE PVT LTD,4263,AH/008639/25-26,,TRUE,1,1,0,0,0,0,1,1,1,ACTIVE_WITH_PURCHASE_HISTORY,Keep: Has active purchase/return activity,0
SU 2498A,AASHIRVAD HERITAGE PVT LTD,"00004258, 00004259",AH/008639/25-26,,TRUE,2,1,0,0,0,0,2,2,2,ACTIVE_WITH_PURCHASE_HISTORY,Keep: Has active purchase/return activity,0
SU 2510,AASHIRVAD HERITAGE PVT LTD,"00004256, 00004257",AH/008639/25-26,,TRUE,2,1,0,0,0,0,2,2,2,ACTIVE_WITH_PURCHASE_HISTORY,Keep: Has active purchase/return activity,0
SU 2522,AASHIRVAD HERITAGE PVT LTD,4267,AH/008639/25-26,INV2627000850,TRUE,1,1,0,1,1,0,0,1,1,ACTIVE_WITH_PURCHASE_HISTORY,Keep: Has active purchase/return activity,0
SU 2522A,AASHIRVAD HERITAGE PVT LTD,4262,AH/008639/25-26,,TRUE,1,1,0,0,0,0,1,1,1,ACTIVE_WITH_PURCHASE_HISTORY,Keep: Has active purchase/return activity,0
SU 2607,AASHIRVAD HERITAGE PVT LTD,4275,AH/008639/25-26,,TRUE,1,1,0,0,0,0,1,1,1,ACTIVE_WITH_PURCHASE_HISTORY,Keep: Has active purchase/return activity,0
SU 6121,AASHIRVAD HERITAGE PVT LTD,4270,AH/008639/25-26,,TRUE,1,1,0,0,0,0,1,1,1,ACTIVE_WITH_PURCHASE_HISTORY,Keep: Has active purchase/return activity,0
SU 6129,AASHIRVAD HERITAGE PVT LTD,4272,AH/008639/25-26,,TRUE,1,1,0,0,0,0,1,1,1,ACTIVE_WITH_PURCHASE_HISTORY,Keep: Has active purchase/return activity,0
SU 6181,AASHIRVAD HERITAGE PVT LTD,4269,AH/008639/25-26,,TRUE,1,1,0,0,0,0,1,1,1,ACTIVE_WITH_PURCHASE_HISTORY,Keep: Has active purchase/return activity,0
SU 6192,AASHIRVAD HERITAGE PVT LTD,4273,AH/008639/25-26,,TRUE,1,1,0,0,0,0,1,1,1,ACTIVE_WITH_PURCHASE_HISTORY,Keep: Has active purchase/return activity,0
SU 6207,AASHIRVAD HERITAGE PVT LTD,4274,AH/008639/25-26,,TRUE,1,1,0,0,0,0,1,1,1,ACTIVE_WITH_PURCHASE_HISTORY,Keep: Has active purchase/return activity,0
SUKOON-601-B,HARSHRINGAR,"00006187, 00006188",HS/25-26/552,,TRUE,2,1,0,0,0,0,2,2,2,ACTIVE_WITH_PURCHASE_HISTORY,Keep: Has active purchase/return activity,0
SUKOON-601-M,HARSHRINGAR,6186,HS/25-26/552,,TRUE,1,1,0,0,0,0,1,1,1,ACTIVE_WITH_PURCHASE_HISTORY,Keep: Has active purchase/return activity,0
SUKOON-602-B,HARSHRINGAR,"00006234, 00006235",HS/25-26/552,INV2627000269,TRUE,2,1,0,1,1,0,1,2,2,ACTIVE_WITH_PURCHASE_HISTORY,Keep: Has active purchase/return activity,0
SUKOON-602-BK,HARSHRINGAR,6236,HS/25-26/552,INV2026000150,TRUE,1,1,0,1,1,0,0,1,1,ACTIVE_WITH_PURCHASE_HISTORY,Keep: Has active purchase/return activity,0
SUKOON-603-B,HARSHRINGAR,"00006210, 00006212",HS/25-26/552,,TRUE,2,1,0,0,0,0,2,2,2,ACTIVE_WITH_PURCHASE_HISTORY,Keep: Has active purchase/return activity,0
SUKOON-603-M,HARSHRINGAR,6209,HS/25-26/552,INV2627000269,TRUE,1,1,0,1,1,0,0,1,1,ACTIVE_WITH_PURCHASE_HISTORY,Keep: Has active purchase/return activity,0
SUKOON-603-Y,HARSHRINGAR,6211,HS/25-26/552,INV2627000231,TRUE,1,1,0,1,1,0,0,1,1,ACTIVE_WITH_PURCHASE_HISTORY,Keep: Has active purchase/return activity,0
SUKOON-604-B,HARSHRINGAR,6231,HS/25-26/552,,TRUE,1,1,0,0,0,0,1,1,1,ACTIVE_WITH_PURCHASE_HISTORY,Keep: Has active purchase/return activity,0
SUKOON-604-G,HARSHRINGAR,6233,HS/25-26/552,,TRUE,1,1,0,0,0,0,1,1,1,ACTIVE_WITH_PURCHASE_HISTORY,Keep: Has active purchase/return activity,0
SUKOON-604-M,HARSHRINGAR,6232,HS/25-26/552,,TRUE,1,1,0,0,0,0,1,1,1,ACTIVE_WITH_PURCHASE_HISTORY,Keep: Has active purchase/return activity,0
SUKTARA KALI,VSB VASTTRAM PVT LTD,256,VSBV/9050/25-26,,TRUE,1,1,0,0,0,0,1,1,1,ACTIVE_WITH_PURCHASE_HISTORY,Keep: Has active purchase/return activity,0
SZ-483,DEV DARSHAN DESIGNS PVT LTD,1005,DDD/07542/25-26,INV2627000823,TRUE,1,1,0,1,1,0,0,1,1,ACTIVE_WITH_PURCHASE_HISTORY,Keep: Has active purchase/return activity,0
T-4021,HOUSE OF RITAS PRIVATE LIMITED,"00005822, 00009619","INV001-0000997, INV001-0012190",INV2627000025,TRUE,2,2,0,1,1,0,1,2,2,ACTIVE_WITH_PURCHASE_HISTORY,Keep: Has active purchase/return activity,0
T-4037,HOUSE OF RITAS PRIVATE LIMITED,5821,INV001-0012190,INV2627000443,TRUE,1,1,0,1,1,0,0,1,1,ACTIVE_WITH_PURCHASE_HISTORY,Keep: Has active purchase/return activity,0
T-4059,HOUSE OF RITAS PRIVATE LIMITED,6900,INV001-0012719,,TRUE,1,1,0,0,0,0,1,1,1,ACTIVE_WITH_PURCHASE_HISTORY,Keep: Has active purchase/return activity,0
T-7908,KADAMBARI FASHION ,6828,3783,INV2627000609,TRUE,1,1,0,1,1,0,0,1,1,ACTIVE_WITH_PURCHASE_HISTORY,Keep: Has active purchase/return activity,0
T/455/BSD-08,VARIMA FASHIONS PVT LTD,7442,VFPL-2478,,TRUE,4,1,0,0,0,0,4,4,1,ACTIVE_WITH_PURCHASE_HISTORY,Keep: Has active purchase/return activity,0
T/455/BSD-10,VARIMA FASHIONS PVT LTD,7443,VFPL-2478,INV2627000911,TRUE,3,1,0,1,1,0,2,3,1,ACTIVE_WITH_PURCHASE_HISTORY,Keep: Has active purchase/return activity,0
T/560/OF-86,VARIMA FASHIONS PVT LTD,7444,VFPL-2478,,TRUE,1,1,0,0,0,0,1,1,1,ACTIVE_WITH_PURCHASE_HISTORY,Keep: Has active purchase/return activity,0
T/584/KKP-933,VARIMA FASHIONS PVT LTD,7439,,,TRUE,0,0,0,0,0,0,1,1,1,ORPHAN_WITH_STOCK,Audit: Has physical stock/printed barcodes but no purchase record,-1
T/584/KKP-933-B,VARIMA FASHIONS PVT LTD,7440,VFPL-2478,,TRUE,1,1,0,0,0,0,1,1,1,ACTIVE_WITH_PURCHASE_HISTORY,Keep: Has active purchase/return activity,0
T/584/KKP-933-G,VARIMA FASHIONS PVT LTD,7441,VFPL-2478,,TRUE,3,1,0,0,0,0,1,1,1,ACTIVE_WITH_PURCHASE_HISTORY,Keep: Has active purchase/return activity,2
TA-444,ISHANK FABS CREATIONS ,9004,41,,TRUE,1,1,0,0,0,0,1,1,1,ACTIVE_WITH_PURCHASE_HISTORY,Keep: Has active purchase/return activity,0
TA-449,ISHANK FABS CREATIONS ,9005,41,,TRUE,1,1,0,0,0,0,1,1,1,ACTIVE_WITH_PURCHASE_HISTORY,Keep: Has active purchase/return activity,0
TA-449-02,ISHANK FABS CREATIONS ,9006,41,,TRUE,1,1,0,0,0,0,1,1,1,ACTIVE_WITH_PURCHASE_HISTORY,Keep: Has active purchase/return activity,0
TA-455,ISHANK FABS CREATIONS ,9007,41,,TRUE,1,1,0,0,0,0,1,1,1,ACTIVE_WITH_PURCHASE_HISTORY,Keep: Has active purchase/return activity,0
TA-455-02,ISHANK FABS CREATIONS ,9008,41,,TRUE,1,1,0,0,0,0,1,1,1,ACTIVE_WITH_PURCHASE_HISTORY,Keep: Has active purchase/return activity,0
TB-5019,KADAMBARI FASHION ,6831,3783,INV2627000148,TRUE,1,1,0,1,1,0,0,1,1,ACTIVE_WITH_PURCHASE_HISTORY,Keep: Has active purchase/return activity,0
TB-5288,KADAMBARI FASHION ,6835,3783,,TRUE,1,1,1,0,0,0,0,1,1,ACTIVE_WITH_PURCHASE_HISTORY,Keep: Has active purchase/return activity,0
tc-491,PRATAPSONS HERITAGE HOME PRODUCTION,"00006775, 00006776",1245,INV2627000019,TRUE,2,1,0,1,1,0,1,2,2,ACTIVE_WITH_PURCHASE_HISTORY,Keep: Has active purchase/return activity,0
TP15,REGARDS SAREES PVT LTD,4479,RSP/006253/25-26,"INV2026000407, INV2026000431, INV2627000464",TRUE,7,1,0,3,3,0,4,7,1,ACTIVE_WITH_PURCHASE_HISTORY,Keep: Has active purchase/return activity,0
TP20,REGARDS SAREES PVT LTD,"00004480, 00004481, 00004482, 00004483",RSP/006253/25-26,"INV2026000383, INV2627000063, INV2627000582, INV2627000583",TRUE,6,1,0,4,4,0,1,5,4,ACTIVE_WITH_PURCHASE_HISTORY,Keep: Has active purchase/return activity,1
TR-513,KADAMBARI FASHION ,6842,3783,,TRUE,1,1,0,0,0,0,1,1,1,ACTIVE_WITH_PURCHASE_HISTORY,Keep: Has active purchase/return activity,0
TRK01,VSB VASTTRAM PVT LTD,177,VSBV/8976/25-26,,TRUE,1,1,0,0,0,0,1,1,1,ACTIVE_WITH_PURCHASE_HISTORY,Keep: Has active purchase/return activity,0
TS-620,ESSENCE COLLECTION PVT LTD,"00007670, 00007671, 00007672",23,,TRUE,3,1,0,0,0,0,3,3,3,ACTIVE_WITH_PURCHASE_HISTORY,Keep: Has active purchase/return activity,0
TS-620-B,ESSENCE COLLECTION PVT LTD,"00007673, 00007674",23,,TRUE,2,1,0,0,0,0,2,2,2,ACTIVE_WITH_PURCHASE_HISTORY,Keep: Has active purchase/return activity,0
TS-638 B,ESSENCE COLLECTION PVT LTD,"00000439, 00000440, 00000441, 00000442, 00000443",698,"INV2627000039, INV2627000374, INV2627000638, INV2627000828, INV2627000847",TRUE,5,1,0,5,5,2,2,5,5,ACTIVE_WITH_PURCHASE_HISTORY,Keep: Has active purchase/return activity,0
TS157,SWASTIK CREATIONS -(2025-26),5114,GST/02607/25-26,,TRUE,3,1,0,0,0,0,3,3,1,ACTIVE_WITH_PURCHASE_HISTORY,Keep: Has active purchase/return activity,0
TW-032C,RUPDARSHI HERITAGE PVT LTD,"00004171, 00004172, 00004173, 00004174, 00004175",RD/009158/25-26,"INV2627000224, INV2627000297, INV2627000374, INV2627000458, INV2627000466",TRUE,8,1,0,5,5,0,5,10,5,ACTIVE_WITH_PURCHASE_HISTORY,Keep: Has active purchase/return activity,-2
TW-032C-A,RUPDARSHI HERITAGE PVT LTD,8851,RD/009158/25-26,,TRUE,1,1,0,0,0,0,1,1,1,ACTIVE_WITH_PURCHASE_HISTORY,Keep: Has active purchase/return activity,0
UKA-3-GREEN,UMMED SAREE CENTRE NX,7469,3577,,TRUE,1,1,0,0,0,0,1,1,1,ACTIVE_WITH_PURCHASE_HISTORY,Keep: Has active purchase/return activity,0
UKA-3-RANI,UMMED SAREE CENTRE NX,7470,3577,INV2627000873,TRUE,1,1,0,1,1,0,0,1,1,ACTIVE_WITH_PURCHASE_HISTORY,Keep: Has active purchase/return activity,0
UKA-4-BLUE,UMMED SAREE CENTRE NX,7474,3577,,TRUE,1,1,0,0,0,0,1,1,1,ACTIVE_WITH_PURCHASE_HISTORY,Keep: Has active purchase/return activity,0
UKA-4-ORANGE,UMMED SAREE CENTRE NX,7473,3577,,TRUE,1,1,0,0,0,0,1,1,1,ACTIVE_WITH_PURCHASE_HISTORY,Keep: Has active purchase/return activity,0
UKA-4-PINK,UMMED SAREE CENTRE NX,7472,3577,,TRUE,1,1,0,0,0,0,1,1,1,ACTIVE_WITH_PURCHASE_HISTORY,Keep: Has active purchase/return activity,0
UKA-4-PURPLE,UMMED SAREE CENTRE NX,7475,3577,,TRUE,1,1,0,0,0,0,1,1,1,ACTIVE_WITH_PURCHASE_HISTORY,Keep: Has active purchase/return activity,0
UKA-4-RANI,UMMED SAREE CENTRE NX,7476,3577,,TRUE,1,1,0,0,0,0,1,1,1,ACTIVE_WITH_PURCHASE_HISTORY,Keep: Has active purchase/return activity,0
UKA-4-YELLOW,UMMED SAREE CENTRE NX,7471,3577,,TRUE,2,1,0,0,0,0,2,2,1,ACTIVE_WITH_PURCHASE_HISTORY,Keep: Has active purchase/return activity,0
UKA-5-BLACK,UMMED SAREE CENTRE NX,7488,3577,,TRUE,1,1,0,0,0,0,1,1,1,ACTIVE_WITH_PURCHASE_HISTORY,Keep: Has active purchase/return activity,0
UKA-5-GOLDEN,UMMED SAREE CENTRE NX,7481,3577,,TRUE,2,1,0,0,0,0,2,2,1,ACTIVE_WITH_PURCHASE_HISTORY,Keep: Has active purchase/return activity,0
UKA-5-GREEN,UMMED SAREE CENTRE NX,7483,3577,,TRUE,1,1,0,0,0,0,1,1,1,ACTIVE_WITH_PURCHASE_HISTORY,Keep: Has active purchase/return activity,0
UKA-5-GREY,UMMED SAREE CENTRE NX,7482,3577,,TRUE,2,1,0,0,0,0,2,2,1,ACTIVE_WITH_PURCHASE_HISTORY,Keep: Has active purchase/return activity,0
UKA-5-PINK,UMMED SAREE CENTRE NX,7487,3577,,TRUE,1,1,0,0,0,0,1,1,1,ACTIVE_WITH_PURCHASE_HISTORY,Keep: Has active purchase/return activity,0
UKA-5-PURPLE,UMMED SAREE CENTRE NX,7485,3577,,TRUE,1,1,0,0,0,0,1,1,1,ACTIVE_WITH_PURCHASE_HISTORY,Keep: Has active purchase/return activity,0
UKA-5-RED,UMMED SAREE CENTRE NX,7486,3577,,TRUE,1,1,0,0,0,0,1,1,1,ACTIVE_WITH_PURCHASE_HISTORY,Keep: Has active purchase/return activity,0
UKA-5-YELLOW,UMMED SAREE CENTRE NX,7484,3577,INV2627000746,TRUE,1,1,0,1,1,0,0,1,1,ACTIVE_WITH_PURCHASE_HISTORY,Keep: Has active purchase/return activity,0
UKA-6-GREEN,UMMED SAREE CENTRE NX,7478,3577,,TRUE,1,1,0,0,0,0,1,1,1,ACTIVE_WITH_PURCHASE_HISTORY,Keep: Has active purchase/return activity,0
UKA-6-ORANGE,UMMED SAREE CENTRE NX,7477,3577,,TRUE,1,1,0,0,0,0,1,1,1,ACTIVE_WITH_PURCHASE_HISTORY,Keep: Has active purchase/return activity,0
UKB-5-GOLDEN,UMMED SAREE CENTRE NX,7479,3577,,TRUE,3,1,0,0,0,0,3,3,1,ACTIVE_WITH_PURCHASE_HISTORY,Keep: Has active purchase/return activity,0
UKB-5-RANI,UMMED SAREE CENTRE NX,7480,3577,,TRUE,1,1,0,0,0,0,1,1,1,ACTIVE_WITH_PURCHASE_HISTORY,Keep: Has active purchase/return activity,0
UR 2548,AASHIRVAD HERITAGE PVT LTD,4268,AH/008639/25-26,,TRUE,1,1,0,0,0,0,1,1,1,ACTIVE_WITH_PURCHASE_HISTORY,Keep: Has active purchase/return activity,0
UR/535/1800,AASHIRVAD HERITAGE PVT LTD,3929,AH/008865/25-26,,TRUE,1,1,0,0,0,0,1,1,1,ACTIVE_WITH_PURCHASE_HISTORY,Keep: Has active purchase/return activity,0
US-295,ANVAY BRIDAL COUTURE,251,ANV/002444/25-26,INV2627000960,TRUE,1,1,0,1,1,0,0,1,1,ACTIVE_WITH_PURCHASE_HISTORY,Keep: Has active purchase/return activity,0
US-298,ONAYA FASHION PVT LTD,1439,GPOSI25-26/16510,,TRUE,1,1,0,0,0,0,1,1,1,ACTIVE_WITH_PURCHASE_HISTORY,Keep: Has active purchase/return activity,0
US-327,ONAYA FASHION PVT LTD,6914,GPOSI26-27/00093,INV2627000215,TRUE,2,1,0,1,1,1,1,2,1,ACTIVE_WITH_PURCHASE_HISTORY,Keep: Has active purchase/return activity,1
US-436,ONAYA FASHION PVT LTD,9482,GPOSI26-27/01662,,TRUE,1,1,0,0,0,0,1,1,1,ACTIVE_WITH_PURCHASE_HISTORY,Keep: Has active purchase/return activity,0
US0354,AHUJA TEXTILES,"00003987, 00003988, 00003989",AT04709/25-26,"INV2026000277, INV2026000285, INV2627000792",TRUE,3,1,0,3,3,0,0,3,3,ACTIVE_WITH_PURCHASE_HISTORY,Keep: Has active purchase/return activity,0
US0370,AHUJA TEXTILES,"00003997, 00003998, 00003999, 00004000",AT04709/25-26,"INV2627000480, INV2627000792",TRUE,4,1,0,4,2,0,0,4,4,ACTIVE_WITH_PURCHASE_HISTORY,Keep: Has active purchase/return activity,0
US0376,AHUJA TEXTILES,3995,AT04709/25-26,,TRUE,1,1,0,0,0,0,1,1,1,ACTIVE_WITH_PURCHASE_HISTORY,Keep: Has active purchase/return activity,0
US0492,AHUJA TEXTILES,3996,AT04709/25-26,INV2627000949,TRUE,1,1,0,1,1,0,0,1,1,ACTIVE_WITH_PURCHASE_HISTORY,Keep: Has active purchase/return activity,0
US0673,AHUJA TEXTILES,"00003992, 00003993, 00003994",AT04709/25-26,INV2026000223,TRUE,5,1,0,1,1,0,3,4,3,ACTIVE_WITH_PURCHASE_HISTORY,Keep: Has active purchase/return activity,1
US0694,AHUJA TEXTILES,"00003990, 00003991",AT04709/25-26,,TRUE,2,1,0,0,0,0,2,2,2,ACTIVE_WITH_PURCHASE_HISTORY,Keep: Has active purchase/return activity,0
US0699,AHUJA TEXTILES,4001,AT04709/25-26,,TRUE,3,1,0,0,0,0,3,3,1,ACTIVE_WITH_PURCHASE_HISTORY,Keep: Has active purchase/return activity,0
US327,ONAYA FASHION PVT LTD,3926,GPOSI25-26/16512,,TRUE,1,1,0,0,0,0,1,1,1,ACTIVE_WITH_PURCHASE_HISTORY,Keep: Has active purchase/return activity,0
US431,ONAYA FASHION PVT LTD,3927,GPOSI25-26/16512,,TRUE,1,1,0,0,0,0,1,1,1,ACTIVE_WITH_PURCHASE_HISTORY,Keep: Has active purchase/return activity,0
US431-02,ONAYA FASHION PVT LTD,3928,GPOSI25-26/16512,,TRUE,1,1,0,0,0,0,1,1,1,ACTIVE_WITH_PURCHASE_HISTORY,Keep: Has active purchase/return activity,0
USAS-2,SADBHAVANA ENTERPRISES,"00002730, 00002826",11942,,TRUE,4,1,0,0,0,0,4,4,2,ACTIVE_WITH_PURCHASE_HISTORY,Keep: Has active purchase/return activity,0
USAS-4,SADBHAVANA ENTERPRISES,"00002729, 00002825",11942,,TRUE,4,1,0,0,0,0,4,4,2,ACTIVE_WITH_PURCHASE_HISTORY,Keep: Has active purchase/return activity,0
USAS-5,SADBHAVANA ENTERPRISES,"00002728, 00002824",11942,,TRUE,3,1,0,0,0,0,3,3,2,ACTIVE_WITH_PURCHASE_HISTORY,Keep: Has active purchase/return activity,0
UV2,URVASHI SAREES PVT LTD,2059,USP/2598/25-26,,TRUE,6,1,0,0,0,0,5,5,1,ACTIVE_WITH_PURCHASE_HISTORY,Keep: Has active purchase/return activity,1
UV2 1042,URVASHI SAREES PVT LTD,"00002013, 00002014, 00002015, 00002016, 00002017, 00002018",USP-2598/25-26,,TRUE,6,1,0,0,0,0,6,6,6,ACTIVE_WITH_PURCHASE_HISTORY,Keep: Has active purchase/return activity,0
UV2 481,URVASHI SAREES PVT LTD,"00002028, 00002029, 00002030, 00002031, 00002032, 00002033, 00002034, 00002035, 00002036, 00002037, 00002069","USP-2598/25-26, USP/2598/25-26",,TRUE,20,2,0,0,0,0,12,12,11,ACTIVE_WITH_PURCHASE_HISTORY,Keep: Has active purchase/return activity,8
UV2A,URVASHI SAREES PVT LTD,2058,USP/2598/25-26,,TRUE,10,1,0,0,0,0,5,5,1,ACTIVE_WITH_PURCHASE_HISTORY,Keep: Has active purchase/return activity,5
UV2A SHOO,URVASHI SAREES PVT LTD,"00002003, 00002004, 00002005, 00002006, 00002007, 00002008, 00002009, 00002010, 00002011, 00002012",USP-2598/25-26,,TRUE,10,1,0,0,0,0,10,10,10,ACTIVE_WITH_PURCHASE_HISTORY,Keep: Has active purchase/return activity,0
UV3A,URVASHI SAREES PVT LTD,"00002060, 00002061, 00002062, 00002063, 00002122, 00002654, 00002655, 00002656, 00002657, 00002658","USP/2598/25-26, USP/2599/25-26, USP/2601/25-26",,TRUE,23,3,0,0,0,0,10,10,10,ACTIVE_WITH_PURCHASE_HISTORY,Keep: Has active purchase/return activity,13
UV3A 1149,URVASHI SAREES PVT LTD,2126,USP/2600/25-26,,TRUE,5,1,0,0,0,0,5,5,1,ACTIVE_WITH_PURCHASE_HISTORY,Keep: Has active purchase/return activity,0
UV3A 1158,URVASHI SAREES PVT LTD,2127,USP/2600/25-26,"INV2026000004, INV2627000632",TRUE,5,1,0,2,2,0,3,5,1,ACTIVE_WITH_PURCHASE_HISTORY,Keep: Has active purchase/return activity,0
UV3A 1167,URVASHI SAREES PVT LTD,2124,USP/2600/25-26,"INV2026000418, INV2627000479, INV2627000801",TRUE,8,1,0,3,3,0,5,8,1,ACTIVE_WITH_PURCHASE_HISTORY,Keep: Has active purchase/return activity,0
UV3A 1174,URVASHI SAREES PVT LTD,2125,USP/2600/25-26,,TRUE,7,1,0,0,0,0,7,7,1,ACTIVE_WITH_PURCHASE_HISTORY,Keep: Has active purchase/return activity,0
UV3A 1191,URVASHI SAREES PVT LTD,2129,USP/2600/25-26,,TRUE,5,1,0,0,0,0,5,5,1,ACTIVE_WITH_PURCHASE_HISTORY,Keep: Has active purchase/return activity,0
UV3A 1197,URVASHI SAREES PVT LTD,2123,USP/2601/25-26,,TRUE,1,1,0,0,0,0,5,5,1,ACTIVE_WITH_PURCHASE_HISTORY,Keep: Has active purchase/return activity,-4
UV3A 1215,URVASHI SAREES PVT LTD,2128,USP/2600/25-26,,TRUE,5,1,0,0,0,0,5,5,1,ACTIVE_WITH_PURCHASE_HISTORY,Keep: Has active purchase/return activity,0
UV3A HSOO,URVASHI SAREES PVT LTD,"00002019, 00002020, 00002021, 00002022",USP-2598/25-26,,TRUE,4,1,0,0,0,0,4,4,4,ACTIVE_WITH_PURCHASE_HISTORY,Keep: Has active purchase/return activity,0
UV3A RP,URVASHI SAREES PVT LTD,"00002064, 00002065, 00002066, 00002067, 00002068",USP/2598/25-26,,TRUE,5,1,0,0,0,0,5,5,5,ACTIVE_WITH_PURCHASE_HISTORY,Keep: Has active purchase/return activity,0
UV3A RPOO,URVASHI SAREES PVT LTD,"00002023, 00002024, 00002025, 00002026, 00002027",USP-2598/25-26,,TRUE,5,1,0,0,0,0,5,5,5,ACTIVE_WITH_PURCHASE_HISTORY,Keep: Has active purchase/return activity,0
UV6,URVASHI SAREES PVT LTD,2121,USP/2601/25-26,"INV2026000004, INV2026000009, INV2026000049, INV2627000042, INV2627000055, INV2627000569, INV2627000826, INV2627000915",TRUE,21,1,0,9,8,0,12,21,1,ACTIVE_WITH_PURCHASE_HISTORY,Keep: Has active purchase/return activity,0
UV6-40GM,URVASHI SAREES PVT LTD,7845,USP/112/26-27,INV2627000981,TRUE,20,1,0,1,1,0,19,20,1,ACTIVE_WITH_PURCHASE_HISTORY,Keep: Has active purchase/return activity,0
UV6 33G,URVASHI SAREES PVT LTD,2653,USP/2599/25-26,"INV2026000234, INV2627000139, INV2627000955",TRUE,14,1,0,3,3,0,11,14,1,ACTIVE_WITH_PURCHASE_HISTORY,Keep: Has active purchase/return activity,0
UV7-60G,URVASHI SAREES PVT LTD,7844,USP/106/26-27,INV2627000886,TRUE,23,1,0,1,1,0,22,23,1,ACTIVE_WITH_PURCHASE_HISTORY,Keep: Has active purchase/return activity,0
UV7 60G,URVASHI SAREES PVT LTD,2652,USP/2599/25-26,"INV2026000049, INV2026000137",TRUE,27,1,0,2,2,1,25,27,1,ACTIVE_WITH_PURCHASE_HISTORY,Keep: Has active purchase/return activity,1
V-1010L,VANNIKAA MALIK,196,VM-2940/2025-26,,TRUE,1,1,0,0,0,0,1,1,1,ACTIVE_WITH_PURCHASE_HISTORY,Keep: Has active purchase/return activity,0
V-1021,RUDRAKSH,425,E-2179,"INV2026000398, INV2627001026",TRUE,2,1,0,2,2,0,0,1,1,ACTIVE_WITH_PURCHASE_HISTORY,Keep: Has active purchase/return activity,0
V-1021-XL,RUDRAKSH,426,E-2179,,TRUE,1,1,0,0,0,0,1,1,1,ACTIVE_WITH_PURCHASE_HISTORY,Keep: Has active purchase/return activity,0
V-1043L,VANNIKAA MALIK,192,VM-2920/2025-26,INV2627001023,TRUE,1,1,0,1,1,0,0,1,1,ACTIVE_WITH_PURCHASE_HISTORY,Keep: Has active purchase/return activity,0
V-1044L,VANNIKAA MALIK,3866,VM-3136/2025-26,INV2627000079,TRUE,1,1,0,1,1,0,0,1,1,ACTIVE_WITH_PURCHASE_HISTORY,Keep: Has active purchase/return activity,0
V-1045L,VANNIKAA MALIK,199,VM-2912/2025-26,INV2026000414,TRUE,1,1,0,1,1,0,0,1,1,ACTIVE_WITH_PURCHASE_HISTORY,Keep: Has active purchase/return activity,0
V-1055L,VANNIKAA MALIK,9593,VM/0269/2026-27,,TRUE,1,1,0,0,0,0,1,1,1,ACTIVE_WITH_PURCHASE_HISTORY,Keep: Has active purchase/return activity,0
V-1076,RUDRAKSH,"00005935, 00005936",E-2535,,TRUE,3,1,0,0,0,0,2,2,2,ACTIVE_WITH_PURCHASE_HISTORY,Keep: Has active purchase/return activity,1
V-1085,RUDRAKSH,374,E-2248,"INV2026000228, INV2627000298",TRUE,2,1,0,2,2,0,0,1,1,ACTIVE_WITH_PURCHASE_HISTORY,Keep: Has active purchase/return activity,0
V-1085 (XL),RUDRAKSH,375,E-2248,,TRUE,1,1,0,0,0,0,1,1,1,ACTIVE_WITH_PURCHASE_HISTORY,Keep: Has active purchase/return activity,0
V-1087-B,RUDRAKSH,7691,E-2634,,TRUE,2,1,0,0,0,0,1,1,1,ACTIVE_WITH_PURCHASE_HISTORY,Keep: Has active purchase/return activity,1
V-1087-B-XL,RUDRAKSH,7693,E-2634,INV2627001041,TRUE,1,1,0,1,1,0,0,1,1,ACTIVE_WITH_PURCHASE_HISTORY,Keep: Has active purchase/return activity,0
V-1087-P,RUDRAKSH,7692,E-2634,,TRUE,2,1,0,0,0,0,1,1,1,ACTIVE_WITH_PURCHASE_HISTORY,Keep: Has active purchase/return activity,1
V-1087-P-XL,RUDRAKSH,7694,E-2634,,TRUE,1,1,0,0,0,0,1,1,1,ACTIVE_WITH_PURCHASE_HISTORY,Keep: Has active purchase/return activity,0
V-1088-G,RUDRAKSH,7696,E-2634,,TRUE,2,1,0,0,0,0,1,1,1,ACTIVE_WITH_PURCHASE_HISTORY,Keep: Has active purchase/return activity,1
V-1088-G-XL,RUDRAKSH,7698,E-2634,,TRUE,1,1,0,0,0,0,1,1,1,ACTIVE_WITH_PURCHASE_HISTORY,Keep: Has active purchase/return activity,0
V-1088-Y,RUDRAKSH,7695,E-2634,,TRUE,2,1,0,0,0,0,1,1,1,ACTIVE_WITH_PURCHASE_HISTORY,Keep: Has active purchase/return activity,1
V-1088-Y-XL,RUDRAKSH,7697,E-2634,,TRUE,1,1,0,0,0,0,1,1,1,ACTIVE_WITH_PURCHASE_HISTORY,Keep: Has active purchase/return activity,0
V-1094,RUDRAKSH,8945,F-175,,TRUE,2,1,0,0,0,0,1,1,1,ACTIVE_WITH_PURCHASE_HISTORY,Keep: Has active purchase/return activity,1
V-1094-B,RUDRAKSH,8946,F-175,INV2627000902,TRUE,1,1,0,1,1,0,0,1,1,ACTIVE_WITH_PURCHASE_HISTORY,Keep: Has active purchase/return activity,0
V-1095,RUDRAKSH,"00003336, 00003343",E-2373,INV2627000250,TRUE,3,1,0,1,1,0,1,2,2,ACTIVE_WITH_PURCHASE_HISTORY,Keep: Has active purchase/return activity,1
V-1098,RUDRAKSH,427,E-2179,,TRUE,1,1,0,0,0,0,1,1,1,ACTIVE_WITH_PURCHASE_HISTORY,Keep: Has active purchase/return activity,0
V-1098 (XL),RUDRAKSH,428,E-2179,,TRUE,2,1,0,0,0,0,1,1,1,ACTIVE_WITH_PURCHASE_HISTORY,Keep: Has active purchase/return activity,1
V-1109,RUDRAKSH,"00003338, 00003339, 00003340, 00003342",E-2373,INV2026000398,TRUE,6,1,0,1,1,0,5,6,4,ACTIVE_WITH_PURCHASE_HISTORY,Keep: Has active purchase/return activity,0
V-11099,RUDRAKSH,3341,,,TRUE,0,0,0,0,0,0,1,1,1,ORPHAN_WITH_STOCK,Audit: Has physical stock/printed barcodes but no purchase record,-1
V-1115-RANI,RUDRAKSH,7327,E-2695,,TRUE,2,1,0,0,0,0,1,1,1,ACTIVE_WITH_PURCHASE_HISTORY,Keep: Has active purchase/return activity,1
V-1115-RANI-B,RUDRAKSH,7328,E-2695,,TRUE,1,1,0,0,0,0,1,1,1,ACTIVE_WITH_PURCHASE_HISTORY,Keep: Has active purchase/return activity,0
V-1115-YELLOW,RUDRAKSH,7329,E-2695,,TRUE,2,1,0,0,0,0,1,1,1,ACTIVE_WITH_PURCHASE_HISTORY,Keep: Has active purchase/return activity,1
V-1115-YELLOW-B,RUDRAKSH,7330,E-2695,,TRUE,1,1,0,0,0,0,1,1,1,ACTIVE_WITH_PURCHASE_HISTORY,Keep: Has active purchase/return activity,0
V-1117,RUDRAKSH,"00008947, 00009185","F-115, F-175",,TRUE,3,2,0,0,0,0,3,3,2,ACTIVE_WITH_PURCHASE_HISTORY,Keep: Has active purchase/return activity,0
V-1821RL,VANNIKAA MALIK,5978,VM-3275/2025-26,,TRUE,1,1,0,0,0,0,1,1,1,ACTIVE_WITH_PURCHASE_HISTORY,Keep: Has active purchase/return activity,0
V-1928S,VANNIKAA MALIK,4860,VM-3201/2025-26,,TRUE,1,1,0,0,0,0,1,1,1,ACTIVE_WITH_PURCHASE_HISTORY,Keep: Has active purchase/return activity,0
V-1930S,VANNIKAA MALIK,197,VM-2912/2025-26,INV2627000221,TRUE,1,1,0,1,1,0,0,1,1,ACTIVE_WITH_PURCHASE_HISTORY,Keep: Has active purchase/return activity,0
V-1931S,VANNIKAA MALIK,200,VM-2912/2025-26,,TRUE,1,1,0,0,0,0,1,1,1,ACTIVE_WITH_PURCHASE_HISTORY,Keep: Has active purchase/return activity,0
V-1932S,VANNIKAA MALIK,5977,VM-3275/2025-26,,TRUE,1,1,0,0,0,0,1,1,1,ACTIVE_WITH_PURCHASE_HISTORY,Keep: Has active purchase/return activity,0
V-1937-WS,VANNIKAA MALIK,6948,VM-3410,,TRUE,1,1,0,0,0,0,1,1,1,ACTIVE_WITH_PURCHASE_HISTORY,Keep: Has active purchase/return activity,0
V-1937WS,VANNIKAA MALIK,7422,VM-0081,,TRUE,1,1,0,0,0,0,1,1,1,ACTIVE_WITH_PURCHASE_HISTORY,Keep: Has active purchase/return activity,0
V-1948NL,VANNIKAA MALIK,7423,VM-0081,INV2627001008,TRUE,1,1,0,1,1,0,0,1,1,ACTIVE_WITH_PURCHASE_HISTORY,Keep: Has active purchase/return activity,0
V-2005,VANNIKAA MALIK,7419,VM-0038,,TRUE,1,1,0,0,0,0,1,1,1,ACTIVE_WITH_PURCHASE_HISTORY,Keep: Has active purchase/return activity,0
V-2013,VANNIKAA MALIK,"00004861, 00008097","VM-0156/2026-27, VM-3201/2025-26",,TRUE,2,2,0,0,0,0,2,2,2,ACTIVE_WITH_PURCHASE_HISTORY,Keep: Has active purchase/return activity,0
V-2045,VANNIKAA MALIK,8096,VM-0156/2026-27,,TRUE,1,1,0,0,0,0,1,1,1,ACTIVE_WITH_PURCHASE_HISTORY,Keep: Has active purchase/return activity,0
V-2108,VANNIKAA MALIK,7418,VM-0038,,TRUE,1,1,0,0,0,0,1,1,1,ACTIVE_WITH_PURCHASE_HISTORY,Keep: Has active purchase/return activity,0
V-2121L,VANNIKAA MALIK,4996,VM-3215/2025-26,INV2627000717,TRUE,1,1,0,1,1,0,0,1,1,ACTIVE_WITH_PURCHASE_HISTORY,Keep: Has active purchase/return activity,0
V-2444,VANNIKAA MALIK,9458,VM-0243/2026-27,,TRUE,1,1,0,0,0,0,1,1,1,ACTIVE_WITH_PURCHASE_HISTORY,Keep: Has active purchase/return activity,0
V-2848SH,VANNIKAA MALIK,3863,VM-3136/2025-26,INV2026000364,TRUE,1,1,0,1,1,1,0,1,1,ACTIVE_WITH_PURCHASE_HISTORY,Keep: Has active purchase/return activity,1
V-4020L,VANNIKAA MALIK,193,VM-2920/2025-26,INV2627000227,TRUE,1,1,0,1,1,0,0,1,1,ACTIVE_WITH_PURCHASE_HISTORY,Keep: Has active purchase/return activity,0
V-4044,VANNIKAA MALIK,7907,VM-008/2026-27,,TRUE,1,1,0,0,0,0,1,1,1,ACTIVE_WITH_PURCHASE_HISTORY,Keep: Has active purchase/return activity,0
V-4051NL,VANNIKAA MALIK,202,VM-2912/2025-26,,TRUE,1,1,0,0,0,0,1,1,1,ACTIVE_WITH_PURCHASE_HISTORY,Keep: Has active purchase/return activity,0
V-4056L,VANNIKAA MALIK,234,VM-2986/2025-26,INV2627000367,TRUE,1,1,0,1,1,0,0,1,1,ACTIVE_WITH_PURCHASE_HISTORY,Keep: Has active purchase/return activity,0
V-4065SH,VANNIKAA MALIK,201,VM-2912/2025-26,,TRUE,1,1,0,0,0,0,1,1,1,ACTIVE_WITH_PURCHASE_HISTORY,Keep: Has active purchase/return activity,0
V-4075L,VANNIKAA MALIK,3864,VM-3136/2025-26,INV2026000082,TRUE,1,1,0,1,1,0,0,1,1,ACTIVE_WITH_PURCHASE_HISTORY,Keep: Has active purchase/return activity,0
V-4088L,VANNIKAA MALIK,3865,VM-3136/2025-26,,TRUE,1,1,0,0,0,0,1,1,1,ACTIVE_WITH_PURCHASE_HISTORY,Keep: Has active purchase/return activity,0
V-5025NSH,VANNIKAA MALIK,198,VM-2912/2025-26,,TRUE,1,1,0,0,0,0,1,1,1,ACTIVE_WITH_PURCHASE_HISTORY,Keep: Has active purchase/return activity,0
V-5098S,VANNIKAA MALIK,"00004995, 00006949","VM-3215/2025-26, VM-3410",,TRUE,2,2,0,0,0,0,2,2,2,ACTIVE_WITH_PURCHASE_HISTORY,Keep: Has active purchase/return activity,0
V-6001,VANNIKAA MALIK,7955,VM-0123/2026-27,,TRUE,1,1,0,0,0,0,1,1,1,ACTIVE_WITH_PURCHASE_HISTORY,Keep: Has active purchase/return activity,0
V-6030L,VANNIKAA MALIK,195,VM-2940/2025-26,,TRUE,1,1,0,0,0,0,1,1,1,ACTIVE_WITH_PURCHASE_HISTORY,Keep: Has active purchase/return activity,0
V-6034L,VANNIKAA MALIK,6950,VM-3410,,TRUE,1,1,0,0,0,0,1,1,1,ACTIVE_WITH_PURCHASE_HISTORY,Keep: Has active purchase/return activity,0
V-7001L,VANNIKAA MALIK,233,VM-2986/2025-26,INV2627000198,TRUE,1,1,0,1,1,0,0,1,1,ACTIVE_WITH_PURCHASE_HISTORY,Keep: Has active purchase/return activity,0
V-7019,VANNIKAA MALIK,9462,VM-0249/2026-27,,TRUE,1,1,0,0,0,0,1,1,1,ACTIVE_WITH_PURCHASE_HISTORY,Keep: Has active purchase/return activity,0
V-F1095,RUDRAKSH,3337,,,TRUE,0,0,0,0,0,0,1,1,1,ORPHAN_WITH_STOCK,Audit: Has physical stock/printed barcodes but no purchase record,-1
V1925S,VANNIKAA MALIK,224,VM-2968/2025-26,INV2627000328,TRUE,1,1,0,1,1,0,0,1,1,ACTIVE_WITH_PURCHASE_HISTORY,Keep: Has active purchase/return activity,0
V1934S,VANNIKAA MALIK,2966,VM-3167/2025-26,,TRUE,1,1,0,0,0,0,1,1,1,ACTIVE_WITH_PURCHASE_HISTORY,Keep: Has active purchase/return activity,0
V1935S,VANNIKAA MALIK,3428,VM-3145/2025-26,,TRUE,1,1,0,0,0,0,1,1,1,ACTIVE_WITH_PURCHASE_HISTORY,Keep: Has active purchase/return activity,0
V2849SH,VANNIKAA MALIK,3429,VM-3145/2025-26,,TRUE,1,1,0,0,0,0,1,1,1,ACTIVE_WITH_PURCHASE_HISTORY,Keep: Has active purchase/return activity,0
V2853SH,VANNIKAA MALIK,3430,VM-3145/2025-26,,TRUE,1,1,0,0,0,0,1,1,1,ACTIVE_WITH_PURCHASE_HISTORY,Keep: Has active purchase/return activity,0
VA-115,VIRA ENTERPRISES,"00007957, 00007958, 00009202, 00009203","VE-0070/26-27, VE-0163/26-27",,TRUE,4,2,0,0,0,0,4,4,4,ACTIVE_WITH_PURCHASE_HISTORY,Keep: Has active purchase/return activity,0
VA-117,VIRA ENTERPRISES,"00007149, 00007150, 00009204, 00009205, 00009206","VE-0163/26-27, VE0015/26-27","INV2627000284, INV2627000330",TRUE,5,2,0,2,2,0,3,5,5,ACTIVE_WITH_PURCHASE_HISTORY,Keep: Has active purchase/return activity,0
VA-120,VIRA ENTERPRISES,"00007076, 00007077, 00007967, 00007968, 00009211, 00009212, 00009213","1831, VE-0113/26-27, VE-0163/26-27","INV2627000395, INV2627000518, INV2627000543, INV2627000641",TRUE,7,3,0,4,4,1,3,7,7,ACTIVE_WITH_PURCHASE_HISTORY,Keep: Has active purchase/return activity,1
VA-121,VIRA ENTERPRISES,"00007959, 00007960",VE-0070/26-27,,TRUE,2,1,0,0,0,0,2,2,2,ACTIVE_WITH_PURCHASE_HISTORY,Keep: Has active purchase/return activity,0
VA-122,VIRA ENTERPRISES,"00007151, 00007152, 00008386","VE-0131/26-27, VE0015/26-27","INV2627000395, INV2627000648",TRUE,3,2,0,2,2,0,1,3,3,ACTIVE_WITH_PURCHASE_HISTORY,Keep: Has active purchase/return activity,0
VA-125-A,VIRA ENTERPRISES,9214,VE-0163/26-27,,TRUE,1,1,0,0,0,0,1,1,1,ACTIVE_WITH_PURCHASE_HISTORY,Keep: Has active purchase/return activity,0
VA-125-B,VIRA ENTERPRISES,9215,VE-0163/26-27,,TRUE,1,1,0,0,0,0,1,1,1,ACTIVE_WITH_PURCHASE_HISTORY,Keep: Has active purchase/return activity,0
VALW-63,ART LAND ,,,,TRUE,0,0,0,0,0,0,0,0,0,SAFE_TO_DELETE_IDLE,"Safe to Delete: No purchases, returns, sales, or stock",0
VALW-64,ART LAND ,,,,TRUE,0,0,0,0,0,0,0,0,0,SAFE_TO_DELETE_IDLE,"Safe to Delete: No purchases, returns, sales, or stock",0
VALW-88,ART LAND ,,,,TRUE,0,0,0,0,0,0,0,0,0,SAFE_TO_DELETE_IDLE,"Safe to Delete: No purchases, returns, sales, or stock",0
VALW-89,ART LAND ,,,,TRUE,0,0,0,0,0,0,0,0,0,SAFE_TO_DELETE_IDLE,"Safe to Delete: No purchases, returns, sales, or stock",0
VALW-ANKL-W-AL-12,ART LAND ,,,,TRUE,0,0,0,0,0,0,0,0,0,SAFE_TO_DELETE_IDLE,"Safe to Delete: No purchases, returns, sales, or stock",0
VALW-ANKL-W-AL-13,ART LAND ,,,,TRUE,0,0,0,0,0,0,0,0,0,SAFE_TO_DELETE_IDLE,"Safe to Delete: No purchases, returns, sales, or stock",0
VALW-ANKL-W-AL-14,ART LAND ,,,,TRUE,0,0,0,0,0,0,0,0,0,SAFE_TO_DELETE_IDLE,"Safe to Delete: No purchases, returns, sales, or stock",0
VALW-ANKL-W-AL-15,ART LAND ,,,,TRUE,0,0,0,0,0,0,0,0,0,SAFE_TO_DELETE_IDLE,"Safe to Delete: No purchases, returns, sales, or stock",0
VALW-GC-W-AL-101,ART LAND ,,,,TRUE,0,0,0,0,0,0,0,0,0,SAFE_TO_DELETE_IDLE,"Safe to Delete: No purchases, returns, sales, or stock",0
VALW-GC-W-AL-102,ART LAND ,,,,TRUE,0,0,0,0,0,0,0,0,0,SAFE_TO_DELETE_IDLE,"Safe to Delete: No purchases, returns, sales, or stock",0
VALW-GC-W-AL-138,ART LAND ,,,,TRUE,0,0,0,0,0,0,0,0,0,SAFE_TO_DELETE_IDLE,"Safe to Delete: No purchases, returns, sales, or stock",0
VALW-GC-W-AL-153,ART LAND ,,,,TRUE,0,0,0,0,0,0,0,0,0,SAFE_TO_DELETE_IDLE,"Safe to Delete: No purchases, returns, sales, or stock",0
VALW-GC-W-AL-154,ART LAND ,,,,TRUE,0,0,0,0,0,0,0,0,0,SAFE_TO_DELETE_IDLE,"Safe to Delete: No purchases, returns, sales, or stock",0
VALW-GC-W-AL139,ART LAND ,,,,TRUE,0,0,0,0,0,0,0,0,0,SAFE_TO_DELETE_IDLE,"Safe to Delete: No purchases, returns, sales, or stock",0
VARSHA,KARISHAMA LEGACY LLP,6082,KL/25-26/16915,,TRUE,1,1,0,0,0,0,1,1,1,ACTIVE_WITH_PURCHASE_HISTORY,Keep: Has active purchase/return activity,0
VF-453,VARIMA FASHIONS PVT LTD,4327,VFPL2277,"INV2627000306, INV2627000727",TRUE,2,1,0,2,2,0,0,2,1,ACTIVE_WITH_PURCHASE_HISTORY,Keep: Has active purchase/return activity,0
VF-466,VARIMA FASHIONS PVT LTD,4326,VFPL2277,,TRUE,3,1,0,0,0,0,3,3,1,ACTIVE_WITH_PURCHASE_HISTORY,Keep: Has active purchase/return activity,0
VS-101,V.M. DESIGNER,6658,5284,,TRUE,1,1,0,0,0,0,1,1,1,ACTIVE_WITH_PURCHASE_HISTORY,Keep: Has active purchase/return activity,0
VS-101-2,V.M. DESIGNER,6659,5284,INV2627001002,TRUE,1,1,0,1,1,0,0,1,1,ACTIVE_WITH_PURCHASE_HISTORY,Keep: Has active purchase/return activity,0
VTA-100,RUPDARSHI HERITAGE PVT LTD,"00002789, 00006346",RDS/006474/25-26,INV2026000399,TRUE,4,1,0,1,1,0,3,4,2,ACTIVE_WITH_PURCHASE_HISTORY,Keep: Has active purchase/return activity,0
VTA-154,RUPDARSHI HERITAGE PVT LTD,"00002790, 00002791, 00006347, 00006348",RDS/006474/25-26,"INV2026000285, INV2026000324, INV2627000269",TRUE,4,1,0,4,3,0,2,4,4,ACTIVE_WITH_PURCHASE_HISTORY,Keep: Has active purchase/return activity,-2
VTA-21,RUPDARSHI HERITAGE PVT LTD,"00002784, 00006341",RDS/006474/25-26,"INV2627000299, INV2627000474, INV2627000591",TRUE,4,1,0,3,3,0,2,4,2,ACTIVE_WITH_PURCHASE_HISTORY,Keep: Has active purchase/return activity,-1
VTA-63,RUPDARSHI DESIGNS PRIVATE LIMITED,"00002792, 00006349",RDS/006474/25-26,INV2026000286,TRUE,2,1,0,1,1,0,1,2,2,ACTIVE_WITH_PURCHASE_HISTORY,Keep: Has active purchase/return activity,0
VTA-83,RUPDARSHI DESIGNS PRIVATE LIMITED,"00002785, 00006342",RDS/006474/25-26,"INV2026000125, INV2026000241",TRUE,3,1,0,2,2,0,1,3,2,ACTIVE_WITH_PURCHASE_HISTORY,Keep: Has active purchase/return activity,0
VTA123,RUPDARSHI HERITAGE PVT LTD,"00002936, 00006336",RDS/006476/25-26,,TRUE,3,1,0,0,0,0,3,3,2,ACTIVE_WITH_PURCHASE_HISTORY,Keep: Has active purchase/return activity,0
VTA173,RUPDARSHI DESIGNS PRIVATE LIMITED,"00002937, 00002938, 00002939, 00006337, 00006338, 00006339",RDS/006476/25-26,,TRUE,3,1,0,0,0,0,6,6,6,ACTIVE_WITH_PURCHASE_HISTORY,Keep: Has active purchase/return activity,-3
VTA33,RUPDARSHI DESIGNS PRIVATE LIMITED,"00002945, 00002946, 00002947, 00006323, 00006324, 00006325",RDS/006476/25-26,,TRUE,5,1,0,0,0,0,9,9,6,ACTIVE_WITH_PURCHASE_HISTORY,Keep: Has active purchase/return activity,-4
VTA34,RUPDARSHI DESIGNS PRIVATE LIMITED,"00002932, 00002933, 00002934, 00002935, 00006332, 00006333, 00006334, 00006335",RDS/006476/25-26,,TRUE,4,1,0,0,0,0,8,8,8,ACTIVE_WITH_PURCHASE_HISTORY,Keep: Has active purchase/return activity,-4
VTA36,RUPDARSHI HERITAGE PVT LTD,"00002940, 00002941, 00006319, 00006340",RDS/006476/25-26,"INV2026000216, INV2627000160, INV2627000683",TRUE,4,1,0,3,3,0,3,6,4,ACTIVE_WITH_PURCHASE_HISTORY,Keep: Has active purchase/return activity,-2
VTA79,RUPDARSHI DESIGNS PRIVATE LIMITED,"00003044, 00006312",RDS/006475/25-26,,TRUE,4,1,0,0,0,0,4,4,2,ACTIVE_WITH_PURCHASE_HISTORY,Keep: Has active purchase/return activity,0
VTA80,RUPDARSHI HERITAGE PVT LTD,"00003043, 00006311",RDS/006475/25-26,,TRUE,4,1,0,0,0,0,4,4,2,ACTIVE_WITH_PURCHASE_HISTORY,Keep: Has active purchase/return activity,0
VTA87,RUPDARSHI HERITAGE PVT LTD,"00002930, 00002931, 00006330, 00006331",RDS/006476/25-26,,TRUE,3,1,0,0,0,0,6,6,4,ACTIVE_WITH_PURCHASE_HISTORY,Keep: Has active purchase/return activity,-3
VTA95,RUPDARSHI DESIGNS PRIVATE LIMITED,"00002942, 00006320",RDS/006476/25-26,INV2627000042,TRUE,2,1,0,1,1,0,1,2,2,ACTIVE_WITH_PURCHASE_HISTORY,Keep: Has active purchase/return activity,0
W-11061,KADAMBARI FASHION ,"00006836, 00006837",3783,INV2627001003,TRUE,2,1,0,1,1,0,1,2,2,ACTIVE_WITH_PURCHASE_HISTORY,Keep: Has active purchase/return activity,0
W-215,KADAMBARI FASHION ,6840,3783,,TRUE,1,1,0,0,0,0,1,1,1,ACTIVE_WITH_PURCHASE_HISTORY,Keep: Has active purchase/return activity,0
W-309,KADAMBARI FASHION ,6841,3783,,TRUE,1,1,0,0,0,0,1,1,1,ACTIVE_WITH_PURCHASE_HISTORY,Keep: Has active purchase/return activity,0
W-354,KADAMBARI FASHION ,"00006838, 00006839",3783,,TRUE,2,1,0,0,0,0,2,2,2,ACTIVE_WITH_PURCHASE_HISTORY,Keep: Has active purchase/return activity,0
W1161,AASHIRVAD HERITAGE PVT LTD,3057,ED/002853/25-26,,TRUE,1,1,0,0,0,0,1,1,1,ACTIVE_WITH_PURCHASE_HISTORY,Keep: Has active purchase/return activity,0
W1270,AASHIRVAD HERITAGE PVT LTD,3055,ED/002853/25-26,,TRUE,1,1,0,0,0,0,1,1,1,ACTIVE_WITH_PURCHASE_HISTORY,Keep: Has active purchase/return activity,0
W1380,AASHIRVAD HERITAGE PVT LTD,3058,ED/002853/25-26,INV2627000598,TRUE,1,1,0,1,1,0,0,1,1,ACTIVE_WITH_PURCHASE_HISTORY,Keep: Has active purchase/return activity,0
W1423,AASHIRVAD HERITAGE PVT LTD,3056,ED/002853/25-26,,TRUE,1,1,0,0,0,0,1,1,1,ACTIVE_WITH_PURCHASE_HISTORY,Keep: Has active purchase/return activity,0
W1426,AASHIRVAD HERITAGE PVT LTD,3059,ED/002853/25-26,INV2627000456,TRUE,1,1,0,1,1,0,0,1,1,ACTIVE_WITH_PURCHASE_HISTORY,Keep: Has active purchase/return activity,0
WSS-91,JAGADISH DAS & CO.,"00003479, 00003480, 00003481",HO26/002482,,TRUE,3,1,0,0,0,0,3,3,3,ACTIVE_WITH_PURCHASE_HISTORY,Keep: Has active purchase/return activity,0
WSS-92,JAGADISH DAS & CO.,"00003482, 00003483",HO26/002482,,TRUE,2,1,0,0,0,0,2,2,2,ACTIVE_WITH_PURCHASE_HISTORY,Keep: Has active purchase/return activity,0
XN-864,RAYSA FABRICS PRIVATE LIMITED,7339,50/26-27,,TRUE,1,1,0,0,0,0,1,1,1,ACTIVE_WITH_PURCHASE_HISTORY,Keep: Has active purchase/return activity,0
Y-363,RAJ COUTURE PVT LTD,"00005053, 00005054, 00005055, 00005056, 00005057",RCPL/006491/25-26,"INV2026000264, INV2627001007",TRUE,5,1,0,2,2,0,3,5,5,ACTIVE_WITH_PURCHASE_HISTORY,Keep: Has active purchase/return activity,0
YSH-011,DEV DARSHAN DESIGNS PVT LTD,1010,DDD/07542/25-26,INV2026000432,TRUE,1,1,0,1,1,0,0,1,1,ACTIVE_WITH_PURCHASE_HISTORY,Keep: Has active purchase/return activity,0
YSH-06,DEV DARSHAN DESIGNS PVT LTD,"00001853, 00001854",DDD/07541/25-26,"INV2026000306, INV2026000427",TRUE,2,1,0,2,2,0,0,2,2,ACTIVE_WITH_PURCHASE_HISTORY,Keep: Has active purchase/return activity,0
Z-111,KADAMBARI FASHION ,6843,3783,INV2627000069,TRUE,1,1,0,1,1,0,0,1,1,ACTIVE_WITH_PURCHASE_HISTORY,Keep: Has active purchase/return activity,0
Z-7362,KADAMBARI FASHION ,6851,3783,INV2627000182,TRUE,1,1,0,1,1,0,0,1,1,ACTIVE_WITH_PURCHASE_HISTORY,Keep: Has active purchase/return activity,0
Z-7624-B,KADAMBARI FASHION ,8343,218,,TRUE,1,1,0,0,0,0,1,1,1,ACTIVE_WITH_PURCHASE_HISTORY,Keep: Has active purchase/return activity,0
Z-7624-P,KADAMBARI FASHION ,8344,218,INV2627000745,TRUE,1,1,0,1,1,0,0,1,1,ACTIVE_WITH_PURCHASE_HISTORY,Keep: Has active purchase/return activity,0
Z-8105,KADAMBARI FASHION ,6846,3783,INV2627000249,TRUE,1,1,0,1,1,0,0,1,1,ACTIVE_WITH_PURCHASE_HISTORY,Keep: Has active purchase/return activity,0
Z-8121,KADAMBARI FASHION ,6847,3783,INV2627000885,TRUE,1,1,0,1,1,0,0,1,1,ACTIVE_WITH_PURCHASE_HISTORY,Keep: Has active purchase/return activity,0
Z-8453,KADAMBARI FASHION ,6844,3783,INV2627000069,TRUE,1,1,0,1,1,0,0,1,1,ACTIVE_WITH_PURCHASE_HISTORY,Keep: Has active purchase/return activity,0
Z-8508,KADAMBARI FASHION ,6834,3783,INV2627000159,TRUE,1,1,0,1,1,0,0,1,1,ACTIVE_WITH_PURCHASE_HISTORY,Keep: Has active purchase/return activity,0
Z-8553,KADAMBARI FASHION ,6832,3783,,TRUE,1,1,0,0,0,0,1,1,1,ACTIVE_WITH_PURCHASE_HISTORY,Keep: Has active purchase/return activity,0
Z-8612,KADAMBARI FASHION ,6833,3783,INV2627000435,TRUE,1,1,0,1,1,0,0,1,1,ACTIVE_WITH_PURCHASE_HISTORY,Keep: Has active purchase/return activity,0
Z-9027,KADAMBARI FASHION ,6850,3783,INV2627000248,TRUE,1,1,0,1,1,0,0,1,1,ACTIVE_WITH_PURCHASE_HISTORY,Keep: Has active purchase/return activity,0
Z-9075,KADAMBARI FASHION ,"00006848, 00006849",3783,INV2627000216,TRUE,2,1,0,1,1,0,1,2,2,ACTIVE_WITH_PURCHASE_HISTORY,Keep: Has active purchase/return activity,0
Z-9095,KADAMBARI FASHION ,6845,3783,INV2627000130,TRUE,1,1,0,1,1,0,0,1,1,ACTIVE_WITH_PURCHASE_HISTORY,Keep: Has active purchase/return activity,0
Z05918,REGARDS SAREES PVT LTD,4484,RSP/006253/25-26,,TRUE,1,1,0,0,0,0,1,1,1,ACTIVE_WITH_PURCHASE_HISTORY,Keep: Has active purchase/return activity,0
Z1,ZUBEDA SILK & SAREES ,3622,25-26/311,,TRUE,2,1,0,0,0,0,1,1,1,ACTIVE_WITH_PURCHASE_HISTORY,Keep: Has active purchase/return activity,1
Z10,ZUBEDA SILK & SAREES ,3669,25-26/311,,TRUE,1,1,0,0,0,0,1,1,1,ACTIVE_WITH_PURCHASE_HISTORY,Keep: Has active purchase/return activity,0
Z11,ZUBEDA SILK & SAREES ,"00003670, 00003671, 00003672",25-26/311,,TRUE,3,1,0,0,0,0,3,3,3,ACTIVE_WITH_PURCHASE_HISTORY,Keep: Has active purchase/return activity,0
Z12,ZUBEDA SILK & SAREES ,3673,25-26/311,,TRUE,1,1,0,0,0,0,1,1,1,ACTIVE_WITH_PURCHASE_HISTORY,Keep: Has active purchase/return activity,0
Z13,ZUBEDA SILK & SAREES ,3674,25-26/311,,TRUE,1,1,0,0,0,0,1,1,1,ACTIVE_WITH_PURCHASE_HISTORY,Keep: Has active purchase/return activity,0
Z2,ZUBEDA SILK & SAREES ,"00003623, 00003624",25-26/311,,TRUE,2,1,0,0,0,0,2,2,2,ACTIVE_WITH_PURCHASE_HISTORY,Keep: Has active purchase/return activity,0
Z3,ZUBEDA SILK & SAREES ,"00003625, 00003626, 00003627, 00003628, 00003629, 00003630",25-26/311,"INV2627000119, INV2627001056",TRUE,6,1,0,2,2,0,4,6,6,ACTIVE_WITH_PURCHASE_HISTORY,Keep: Has active purchase/return activity,0
Z4,ZUBEDA SILK & SAREES ,"00003631, 00003632",25-26/311,,TRUE,2,1,0,0,0,0,2,2,2,ACTIVE_WITH_PURCHASE_HISTORY,Keep: Has active purchase/return activity,0
Z5,ZUBEDA SILK & SAREES ,"00003633, 00003634, 00003635, 00003636, 00003637, 00003638, 00003639, 00003640, 00003641, 00003642, 00003643, 00003644, 00003645, 00003646, 00003647, 00003648",25-26/311,"INV2627000176, INV2627000704",TRUE,16,1,0,4,2,0,12,16,16,ACTIVE_WITH_PURCHASE_HISTORY,Keep: Has active purchase/return activity,0
Z6,ZUBEDA SILK & SAREES ,"00003649, 00003650, 00003651, 00003652, 00003653, 00003654, 00003655, 00003656",25-26/311,"INV2627000303, INV2627000670",TRUE,8,1,0,2,2,0,6,8,8,ACTIVE_WITH_PURCHASE_HISTORY,Keep: Has active purchase/return activity,0
Z7,ZUBEDA SILK & SAREES ,"00003657, 00003658, 00003659, 00003660",25-26/311,,TRUE,4,1,0,0,0,0,4,4,4,ACTIVE_WITH_PURCHASE_HISTORY,Keep: Has active purchase/return activity,0
Z8,ZUBEDA SILK & SAREES ,"00003661, 00003662, 00003663, 00003664, 00003665",25-26/311,"INV2627000662, INV2627000704",TRUE,5,1,0,2,2,0,3,5,5,ACTIVE_WITH_PURCHASE_HISTORY,Keep: Has active purchase/return activity,0
Z9,ZUBEDA SILK & SAREES ,"00003666, 00003667, 00003668",25-26/311,INV2627000569,TRUE,3,1,0,1,1,0,2,3,3,ACTIVE_WITH_PURCHASE_HISTORY,Keep: Has active purchase/return activity,0
ZA-199C,NIRMAL CREATIONS,1048,NC/009559/25-26,,TRUE,1,1,0,0,0,0,1,1,1,ACTIVE_WITH_PURCHASE_HISTORY,Keep: Has active purchase/return activity,0
ZA-199F,NIRMAL CREATIONS,1047,NC/009559/25-26,,TRUE,1,1,0,0,0,0,1,1,1,ACTIVE_WITH_PURCHASE_HISTORY,Keep: Has active purchase/return activity,0
ZA-336D,NIRMAL CREATIONS,1058,NC/009559/25-26,INV2627000339,TRUE,1,1,0,1,1,0,0,1,1,ACTIVE_WITH_PURCHASE_HISTORY,Keep: Has active purchase/return activity,0
ZA-336J,NIRMAL CREATIONS,1046,NC/009559/25-26,INV2026000172,TRUE,1,1,0,1,1,0,0,1,1,ACTIVE_WITH_PURCHASE_HISTORY,Keep: Has active purchase/return activity,0
,,,,,,,,,,,,,,,,,
,,,,,,0,0,8,20,19,1,17,43,40,,,
,,,,,,,,,3395,,97,,,,,,
,,,,,,,,,,,-96,-27,,,,,
,,,,,,,,,,,,-44,,,,,
