"Design Number","Exists in Master","Purchase Quantity","Purchase Invoices Count","Purchase Return Quantity","Sales Quantity","Sales Invoices Count","Sales Return Quantity","Available Stock","Total Printed Stock","Total Barcodes Count","Safety Category","Action Recommended"
"0008",TRUE,2,1,0,0,0,0,2,2,2,ACTIVE_WITH_PURCHASE_HISTORY,"Keep: Has active purchase/return activity"
"001",TRUE,4,1,0,1,1,0,3,4,1,ACTIVE_WITH_PURCHASE_HISTORY,"Keep: Has active purchase/return activity"
"001-6207",TRUE,1,1,0,0,0,0,1,1,1,ACTIVE_WITH_PURCHASE_HISTORY,"Keep: Has active purchase/return activity"
"001-7219",TRUE,1,1,0,1,1,0,0,1,1,ACTIVE_WITH_PURCHASE_HISTORY,"Keep: Has active purchase/return activity"
"001-7453",TRUE,1,1,0,0,0,0,1,1,1,ACTIVE_WITH_PURCHASE_HISTORY,"Keep: Has active purchase/return activity"
"001-GOLDEN",TRUE,1,1,0,0,0,0,1,1,1,ACTIVE_WITH_PURCHASE_HISTORY,"Keep: Has active purchase/return activity"
"001-GREEN",TRUE,1,1,0,0,0,0,1,1,1,ACTIVE_WITH_PURCHASE_HISTORY,"Keep: Has active purchase/return activity"
"002",TRUE,4,1,0,1,1,0,3,4,1,ACTIVE_WITH_PURCHASE_HISTORY,"Keep: Has active purchase/return activity"
"002-4775",TRUE,1,1,0,0,0,0,1,1,1,ACTIVE_WITH_PURCHASE_HISTORY,"Keep: Has active purchase/return activity"
"003-6007",TRUE,1,1,0,0,0,0,1,1,1,ACTIVE_WITH_PURCHASE_HISTORY,"Keep: Has active purchase/return activity"
"003-6425",TRUE,1,1,0,1,1,0,0,1,1,ACTIVE_WITH_PURCHASE_HISTORY,"Keep: Has active purchase/return activity"
"003-7335",TRUE,1,1,0,0,0,0,1,1,1,ACTIVE_WITH_PURCHASE_HISTORY,"Keep: Has active purchase/return activity"
"003-7376",TRUE,2,1,0,0,0,0,2,2,1,ACTIVE_WITH_PURCHASE_HISTORY,"Keep: Has active purchase/return activity"
"003-7415",TRUE,1,1,0,0,0,0,1,1,1,ACTIVE_WITH_PURCHASE_HISTORY,"Keep: Has active purchase/return activity"
"003-7460",TRUE,1,1,0,0,0,0,1,1,1,ACTIVE_WITH_PURCHASE_HISTORY,"Keep: Has active purchase/return activity"
"003119",TRUE,4,1,0,4,4,0,0,4,1,ACTIVE_WITH_PURCHASE_HISTORY,"Keep: Has active purchase/return activity"
"004-1029",TRUE,1,1,0,0,0,0,1,1,1,ACTIVE_WITH_PURCHASE_HISTORY,"Keep: Has active purchase/return activity"
"004-1120",TRUE,1,1,0,0,0,0,1,1,1,ACTIVE_WITH_PURCHASE_HISTORY,"Keep: Has active purchase/return activity"
"004-5032",TRUE,2,1,0,0,0,0,2,2,1,ACTIVE_WITH_PURCHASE_HISTORY,"Keep: Has active purchase/return activity"
"004-5112",TRUE,1,1,0,0,0,0,1,1,1,ACTIVE_WITH_PURCHASE_HISTORY,"Keep: Has active purchase/return activity"
"004-6351 A",TRUE,1,1,0,0,0,0,1,1,1,ACTIVE_WITH_PURCHASE_HISTORY,"Keep: Has active purchase/return activity"
"004-6370",TRUE,1,1,0,1,1,0,0,1,1,ACTIVE_WITH_PURCHASE_HISTORY,"Keep: Has active purchase/return activity"
"004-6530",TRUE,1,1,0,0,0,0,1,1,1,ACTIVE_WITH_PURCHASE_HISTORY,"Keep: Has active purchase/return activity"
"004-6550",TRUE,1,1,0,0,0,0,1,1,1,ACTIVE_WITH_PURCHASE_HISTORY,"Keep: Has active purchase/return activity"
"004-6566",TRUE,2,1,0,0,0,0,2,2,1,ACTIVE_WITH_PURCHASE_HISTORY,"Keep: Has active purchase/return activity"
"004-6577",TRUE,1,1,0,0,0,0,1,1,1,ACTIVE_WITH_PURCHASE_HISTORY,"Keep: Has active purchase/return activity"
"004-6579",TRUE,1,1,0,1,1,0,0,1,1,ACTIVE_WITH_PURCHASE_HISTORY,"Keep: Has active purchase/return activity"
"004-6580",TRUE,1,1,0,0,0,0,1,1,1,ACTIVE_WITH_PURCHASE_HISTORY,"Keep: Has active purchase/return activity"
"004-6676",TRUE,1,1,0,0,0,0,1,1,1,ACTIVE_WITH_PURCHASE_HISTORY,"Keep: Has active purchase/return activity"
"004-6938",TRUE,1,1,0,0,0,0,1,1,1,ACTIVE_WITH_PURCHASE_HISTORY,"Keep: Has active purchase/return activity"
"004-6939",TRUE,1,1,0,0,0,0,1,1,1,ACTIVE_WITH_PURCHASE_HISTORY,"Keep: Has active purchase/return activity"
"004-6945",TRUE,1,1,0,0,0,0,1,1,1,ACTIVE_WITH_PURCHASE_HISTORY,"Keep: Has active purchase/return activity"
"004-7078",TRUE,1,1,0,1,1,0,0,1,1,ACTIVE_WITH_PURCHASE_HISTORY,"Keep: Has active purchase/return activity"
"004-7101",TRUE,1,1,0,0,0,0,1,1,1,ACTIVE_WITH_PURCHASE_HISTORY,"Keep: Has active purchase/return activity"
"004-7454",TRUE,1,1,0,0,0,0,1,1,1,ACTIVE_WITH_PURCHASE_HISTORY,"Keep: Has active purchase/return activity"
"005-6914",TRUE,0,0,0,0,0,0,1,1,1,ORPHAN_WITH_STOCK,"Audit: Has physical stock/printed barcodes but no purchase record"
"005-6922",TRUE,1,1,0,0,0,0,1,1,1,ACTIVE_WITH_PURCHASE_HISTORY,"Keep: Has active purchase/return activity"
"005-6941",TRUE,1,1,0,0,0,0,0,0,0,ACTIVE_WITH_PURCHASE_HISTORY,"Keep: Has active purchase/return activity"
"005-7182",TRUE,1,1,0,0,0,0,1,1,1,ACTIVE_WITH_PURCHASE_HISTORY,"Keep: Has active purchase/return activity"
"005-7183",TRUE,1,1,0,0,0,0,1,1,1,ACTIVE_WITH_PURCHASE_HISTORY,"Keep: Has active purchase/return activity"
"005E",TRUE,2,1,0,1,1,0,1,2,1,ACTIVE_WITH_PURCHASE_HISTORY,"Keep: Has active purchase/return activity"
"008-4269",TRUE,1,1,0,0,0,0,1,1,1,ACTIVE_WITH_PURCHASE_HISTORY,"Keep: Has active purchase/return activity"
"008-7266",TRUE,1,1,0,0,0,0,1,1,1,ACTIVE_WITH_PURCHASE_HISTORY,"Keep: Has active purchase/return activity"
"0093",TRUE,2,1,0,0,0,0,2,2,2,ACTIVE_WITH_PURCHASE_HISTORY,"Keep: Has active purchase/return activity"
"01",TRUE,31,23,0,12,10,3,19,31,24,ACTIVE_WITH_PURCHASE_HISTORY,"Keep: Has active purchase/return activity"
"01-",TRUE,1,1,0,0,0,0,1,1,1,ACTIVE_WITH_PURCHASE_HISTORY,"Keep: Has active purchase/return activity"
"01-BLACK",TRUE,1,1,0,0,0,0,1,1,1,ACTIVE_WITH_PURCHASE_HISTORY,"Keep: Has active purchase/return activity"
"01-BLUE",TRUE,2,1,0,0,0,0,2,2,1,ACTIVE_WITH_PURCHASE_HISTORY,"Keep: Has active purchase/return activity"
"01-BROWN",TRUE,1,1,0,1,1,0,0,1,1,ACTIVE_WITH_PURCHASE_HISTORY,"Keep: Has active purchase/return activity"
"01-GOLDEN",TRUE,1,1,0,0,0,0,1,1,1,ACTIVE_WITH_PURCHASE_HISTORY,"Keep: Has active purchase/return activity"
"01-MULTI",TRUE,21,1,19,2,2,0,0,21,1,ACTIVE_WITH_PURCHASE_HISTORY,"Keep: Has active purchase/return activity"
"01-PINK",TRUE,2,2,0,0,0,0,2,2,2,ACTIVE_WITH_PURCHASE_HISTORY,"Keep: Has active purchase/return activity"
"01-RED",TRUE,1,1,0,0,0,0,1,1,1,ACTIVE_WITH_PURCHASE_HISTORY,"Keep: Has active purchase/return activity"
"0102",TRUE,1,1,0,0,0,0,1,1,1,ACTIVE_WITH_PURCHASE_HISTORY,"Keep: Has active purchase/return activity"
"011",TRUE,2,2,0,1,1,0,1,2,2,ACTIVE_WITH_PURCHASE_HISTORY,"Keep: Has active purchase/return activity"
"011-6033",TRUE,2,1,0,0,0,0,2,2,2,ACTIVE_WITH_PURCHASE_HISTORY,"Keep: Has active purchase/return activity"
"011-6757",TRUE,1,1,0,0,0,0,1,1,1,ACTIVE_WITH_PURCHASE_HISTORY,"Keep: Has active purchase/return activity"
"012",TRUE,1,1,0,1,1,0,0,1,1,ACTIVE_WITH_PURCHASE_HISTORY,"Keep: Has active purchase/return activity"
"0125",TRUE,2,2,0,2,2,2,0,2,2,ACTIVE_WITH_PURCHASE_HISTORY,"Keep: Has active purchase/return activity"
"0146",TRUE,1,1,0,0,0,0,1,1,1,ACTIVE_WITH_PURCHASE_HISTORY,"Keep: Has active purchase/return activity"
"0147",TRUE,1,1,0,0,0,0,1,1,1,ACTIVE_WITH_PURCHASE_HISTORY,"Keep: Has active purchase/return activity"
"0149",TRUE,4,2,0,1,1,0,3,4,2,ACTIVE_WITH_PURCHASE_HISTORY,"Keep: Has active purchase/return activity"
"018-7285",TRUE,1,1,0,0,0,0,1,1,1,ACTIVE_WITH_PURCHASE_HISTORY,"Keep: Has active purchase/return activity"
"02",TRUE,11,10,0,2,2,0,9,11,10,ACTIVE_WITH_PURCHASE_HISTORY,"Keep: Has active purchase/return activity"
"02-2/2",TRUE,1,1,0,1,1,0,0,1,1,ACTIVE_WITH_PURCHASE_HISTORY,"Keep: Has active purchase/return activity"
"02-BLACK",TRUE,3,1,0,0,0,0,3,3,1,ACTIVE_WITH_PURCHASE_HISTORY,"Keep: Has active purchase/return activity"
"02-GOLD",TRUE,1,1,0,0,0,0,1,1,1,ACTIVE_WITH_PURCHASE_HISTORY,"Keep: Has active purchase/return activity"
"02-MULTI",TRUE,5,1,4,1,1,0,0,5,1,ACTIVE_WITH_PURCHASE_HISTORY,"Keep: Has active purchase/return activity"
"02-PEACH",TRUE,2,1,0,0,0,0,2,2,1,ACTIVE_WITH_PURCHASE_HISTORY,"Keep: Has active purchase/return activity"
"02-RED",TRUE,2,2,0,0,0,0,2,2,2,ACTIVE_WITH_PURCHASE_HISTORY,"Keep: Has active purchase/return activity"
"02-SILVER",TRUE,1,1,0,0,0,0,1,1,1,ACTIVE_WITH_PURCHASE_HISTORY,"Keep: Has active purchase/return activity"
"021-0138/(RC/BL/272)",TRUE,1,1,0,0,0,0,1,1,1,ACTIVE_WITH_PURCHASE_HISTORY,"Keep: Has active purchase/return activity"
"021-0486",TRUE,1,1,0,0,0,0,1,1,1,ACTIVE_WITH_PURCHASE_HISTORY,"Keep: Has active purchase/return activity"
"021-0738",TRUE,1,1,0,1,1,0,0,1,1,ACTIVE_WITH_PURCHASE_HISTORY,"Keep: Has active purchase/return activity"
"021-0814",TRUE,1,1,0,0,0,0,1,1,1,ACTIVE_WITH_PURCHASE_HISTORY,"Keep: Has active purchase/return activity"
"021-0840",TRUE,1,1,0,0,0,0,1,1,1,ACTIVE_WITH_PURCHASE_HISTORY,"Keep: Has active purchase/return activity"
"021-0856",TRUE,1,1,0,1,1,0,0,1,1,ACTIVE_WITH_PURCHASE_HISTORY,"Keep: Has active purchase/return activity"
"021-0947",TRUE,1,1,0,0,0,0,1,1,1,ACTIVE_WITH_PURCHASE_HISTORY,"Keep: Has active purchase/return activity"
"021-0959",TRUE,1,1,0,0,0,0,1,1,1,ACTIVE_WITH_PURCHASE_HISTORY,"Keep: Has active purchase/return activity"
"021-0978",TRUE,1,1,0,0,0,0,1,1,1,ACTIVE_WITH_PURCHASE_HISTORY,"Keep: Has active purchase/return activity"
"021-0979",TRUE,1,1,0,0,0,0,1,1,1,ACTIVE_WITH_PURCHASE_HISTORY,"Keep: Has active purchase/return activity"
"021-0981",TRUE,1,1,0,0,0,0,1,1,1,ACTIVE_WITH_PURCHASE_HISTORY,"Keep: Has active purchase/return activity"
"021-0983",TRUE,1,1,0,0,0,0,1,1,1,ACTIVE_WITH_PURCHASE_HISTORY,"Keep: Has active purchase/return activity"
"022",TRUE,2,2,0,1,1,0,1,2,2,ACTIVE_WITH_PURCHASE_HISTORY,"Keep: Has active purchase/return activity"
"023-BRKS 9057",TRUE,1,1,0,1,1,1,0,1,1,ACTIVE_WITH_PURCHASE_HISTORY,"Keep: Has active purchase/return activity"
"0262",TRUE,1,1,0,0,0,0,1,1,1,ACTIVE_WITH_PURCHASE_HISTORY,"Keep: Has active purchase/return activity"
"0262-C",TRUE,1,1,1,0,0,0,0,1,1,ACTIVE_WITH_PURCHASE_HISTORY,"Keep: Has active purchase/return activity"
"028-6532",TRUE,1,1,0,1,1,1,0,1,1,ACTIVE_WITH_PURCHASE_HISTORY,"Keep: Has active purchase/return activity"
"03",TRUE,9,7,0,0,0,0,9,9,8,ACTIVE_WITH_PURCHASE_HISTORY,"Keep: Has active purchase/return activity"
"03-PINK",TRUE,2,1,0,0,0,0,2,2,1,ACTIVE_WITH_PURCHASE_HISTORY,"Keep: Has active purchase/return activity"
"03-WHITE",TRUE,1,1,0,0,0,0,1,1,1,ACTIVE_WITH_PURCHASE_HISTORY,"Keep: Has active purchase/return activity"
"03-YELLOW",TRUE,1,1,0,0,0,0,1,1,1,ACTIVE_WITH_PURCHASE_HISTORY,"Keep: Has active purchase/return activity"
"0315",TRUE,1,1,0,0,0,0,1,1,1,ACTIVE_WITH_PURCHASE_HISTORY,"Keep: Has active purchase/return activity"
"033",TRUE,2,1,0,1,1,0,1,2,1,ACTIVE_WITH_PURCHASE_HISTORY,"Keep: Has active purchase/return activity"
"033-7335 A",TRUE,1,1,0,0,0,0,1,1,1,ACTIVE_WITH_PURCHASE_HISTORY,"Keep: Has active purchase/return activity"
"035-0276",TRUE,1,1,0,1,1,0,0,1,1,ACTIVE_WITH_PURCHASE_HISTORY,"Keep: Has active purchase/return activity"
"035-0639",TRUE,3,1,0,0,0,0,2,2,2,ACTIVE_WITH_PURCHASE_HISTORY,"Keep: Has active purchase/return activity"
"035-1598",TRUE,7,1,0,0,0,0,7,7,7,ACTIVE_WITH_PURCHASE_HISTORY,"Keep: Has active purchase/return activity"
"035-3034",TRUE,1,1,0,0,0,0,1,1,1,ACTIVE_WITH_PURCHASE_HISTORY,"Keep: Has active purchase/return activity"
"035-4341",TRUE,1,1,0,0,0,0,1,1,1,ACTIVE_WITH_PURCHASE_HISTORY,"Keep: Has active purchase/return activity"
"035-4481 A",TRUE,1,1,0,0,0,0,1,1,1,ACTIVE_WITH_PURCHASE_HISTORY,"Keep: Has active purchase/return activity"
"035-4481 B",TRUE,1,1,0,1,1,0,0,1,1,ACTIVE_WITH_PURCHASE_HISTORY,"Keep: Has active purchase/return activity"
"035-4491",TRUE,4,1,0,0,0,0,4,4,4,ACTIVE_WITH_PURCHASE_HISTORY,"Keep: Has active purchase/return activity"
"035-4694",TRUE,2,1,0,0,0,0,2,2,2,ACTIVE_WITH_PURCHASE_HISTORY,"Keep: Has active purchase/return activity"
"035-4700",TRUE,1,1,0,1,1,0,0,1,1,ACTIVE_WITH_PURCHASE_HISTORY,"Keep: Has active purchase/return activity"
"035-4700 A",TRUE,2,1,0,1,1,0,1,2,2,ACTIVE_WITH_PURCHASE_HISTORY,"Keep: Has active purchase/return activity"
"035-5014 A",TRUE,3,1,0,0,0,0,3,3,1,ACTIVE_WITH_PURCHASE_HISTORY,"Keep: Has active purchase/return activity"
"035-5086",TRUE,3,1,0,0,0,0,3,3,1,ACTIVE_WITH_PURCHASE_HISTORY,"Keep: Has active purchase/return activity"
"035-5155 A",TRUE,1,1,0,0,0,0,1,1,1,ACTIVE_WITH_PURCHASE_HISTORY,"Keep: Has active purchase/return activity"
"035-5367",TRUE,3,1,0,1,1,0,2,3,1,ACTIVE_WITH_PURCHASE_HISTORY,"Keep: Has active purchase/return activity"
"035-5694",TRUE,1,1,0,0,0,0,1,1,1,ACTIVE_WITH_PURCHASE_HISTORY,"Keep: Has active purchase/return activity"
"035-5694 01",TRUE,1,1,0,0,0,0,1,1,1,ACTIVE_WITH_PURCHASE_HISTORY,"Keep: Has active purchase/return activity"
"035-5695",TRUE,1,1,0,1,1,0,0,1,1,ACTIVE_WITH_PURCHASE_HISTORY,"Keep: Has active purchase/return activity"
"035-5875",TRUE,2,1,0,1,1,0,1,2,2,ACTIVE_WITH_PURCHASE_HISTORY,"Keep: Has active purchase/return activity"
"035-6044",TRUE,1,1,0,0,0,0,1,1,1,ACTIVE_WITH_PURCHASE_HISTORY,"Keep: Has active purchase/return activity"
"035-6044 A",TRUE,3,1,0,0,0,0,3,3,1,ACTIVE_WITH_PURCHASE_HISTORY,"Keep: Has active purchase/return activity"
"035-6111",TRUE,1,1,0,0,0,0,1,1,1,ACTIVE_WITH_PURCHASE_HISTORY,"Keep: Has active purchase/return activity"
"035-6263",TRUE,1,1,0,1,1,1,0,1,1,ACTIVE_WITH_PURCHASE_HISTORY,"Keep: Has active purchase/return activity"
"035-6336",TRUE,2,1,0,0,0,0,2,2,2,ACTIVE_WITH_PURCHASE_HISTORY,"Keep: Has active purchase/return activity"
"035-6343 A",TRUE,2,1,0,0,0,0,2,2,2,ACTIVE_WITH_PURCHASE_HISTORY,"Keep: Has active purchase/return activity"
"035-6440",TRUE,2,1,0,1,1,0,1,2,1,ACTIVE_WITH_PURCHASE_HISTORY,"Keep: Has active purchase/return activity"
"035-6442",TRUE,1,1,0,0,0,0,1,1,1,ACTIVE_WITH_PURCHASE_HISTORY,"Keep: Has active purchase/return activity"
"035-6446 B",TRUE,1,1,0,1,1,0,0,1,1,ACTIVE_WITH_PURCHASE_HISTORY,"Keep: Has active purchase/return activity"
"035-6766",TRUE,1,1,0,0,0,0,1,1,1,ACTIVE_WITH_PURCHASE_HISTORY,"Keep: Has active purchase/return activity"
"035-6779",TRUE,1,1,0,0,0,0,1,1,1,ACTIVE_WITH_PURCHASE_HISTORY,"Keep: Has active purchase/return activity"
"035-6820",TRUE,1,1,0,0,0,0,1,1,1,ACTIVE_WITH_PURCHASE_HISTORY,"Keep: Has active purchase/return activity"
"035-6822",TRUE,2,1,0,1,1,0,1,2,2,ACTIVE_WITH_PURCHASE_HISTORY,"Keep: Has active purchase/return activity"
"035-6826",TRUE,2,1,0,1,1,0,1,2,2,ACTIVE_WITH_PURCHASE_HISTORY,"Keep: Has active purchase/return activity"
"035-6884",TRUE,2,1,0,0,0,0,2,2,2,ACTIVE_WITH_PURCHASE_HISTORY,"Keep: Has active purchase/return activity"
"035-6899",TRUE,1,1,0,0,0,0,1,1,1,ACTIVE_WITH_PURCHASE_HISTORY,"Keep: Has active purchase/return activity"
"035-6899 B",TRUE,1,1,0,0,0,0,1,1,1,ACTIVE_WITH_PURCHASE_HISTORY,"Keep: Has active purchase/return activity"
"035-6929",TRUE,2,1,0,1,1,0,2,3,2,ACTIVE_WITH_PURCHASE_HISTORY,"Keep: Has active purchase/return activity"
"035-6979",TRUE,3,1,0,0,0,0,3,3,3,ACTIVE_WITH_PURCHASE_HISTORY,"Keep: Has active purchase/return activity"
"035-6984",TRUE,1,1,0,1,1,0,0,1,1,ACTIVE_WITH_PURCHASE_HISTORY,"Keep: Has active purchase/return activity"
"035-6985",TRUE,2,1,0,0,0,0,2,2,2,ACTIVE_WITH_PURCHASE_HISTORY,"Keep: Has active purchase/return activity"
"035-6989",TRUE,1,1,0,0,0,0,1,1,1,ACTIVE_WITH_PURCHASE_HISTORY,"Keep: Has active purchase/return activity"
"035-6996",TRUE,1,1,0,0,0,0,1,1,1,ACTIVE_WITH_PURCHASE_HISTORY,"Keep: Has active purchase/return activity"
"035-7036",TRUE,2,1,0,0,0,0,2,2,1,ACTIVE_WITH_PURCHASE_HISTORY,"Keep: Has active purchase/return activity"
"035-7044",TRUE,1,1,0,0,0,0,1,1,1,ACTIVE_WITH_PURCHASE_HISTORY,"Keep: Has active purchase/return activity"
"035-7046",TRUE,1,1,0,0,0,0,1,1,1,ACTIVE_WITH_PURCHASE_HISTORY,"Keep: Has active purchase/return activity"
"035-7047",TRUE,1,1,0,0,0,0,1,1,1,ACTIVE_WITH_PURCHASE_HISTORY,"Keep: Has active purchase/return activity"
"035-7050-A",TRUE,1,1,0,0,0,0,1,1,1,ACTIVE_WITH_PURCHASE_HISTORY,"Keep: Has active purchase/return activity"
"035-7050 01",TRUE,0,0,0,1,1,0,0,1,1,ORPHAN_WITH_SALES,"Audit: Sold but lacks purchase invoice in database"
"035-7050 02",TRUE,1,1,0,0,0,0,1,1,1,ACTIVE_WITH_PURCHASE_HISTORY,"Keep: Has active purchase/return activity"
"035-7052 01",TRUE,1,1,0,1,1,1,1,1,1,ACTIVE_WITH_PURCHASE_HISTORY,"Keep: Has active purchase/return activity"
"035-7052 02",TRUE,1,1,0,0,0,0,1,1,1,ACTIVE_WITH_PURCHASE_HISTORY,"Keep: Has active purchase/return activity"
"035-7151",TRUE,3,1,0,0,0,0,3,3,3,ACTIVE_WITH_PURCHASE_HISTORY,"Keep: Has active purchase/return activity"
"035-7157",TRUE,4,1,0,0,0,0,4,4,4,ACTIVE_WITH_PURCHASE_HISTORY,"Keep: Has active purchase/return activity"
"035-7230",TRUE,2,1,0,0,0,0,2,2,1,ACTIVE_WITH_PURCHASE_HISTORY,"Keep: Has active purchase/return activity"
"035-7231",TRUE,2,1,0,0,0,0,2,2,2,ACTIVE_WITH_PURCHASE_HISTORY,"Keep: Has active purchase/return activity"
"035-7236 01",TRUE,1,1,0,0,0,0,1,1,1,ACTIVE_WITH_PURCHASE_HISTORY,"Keep: Has active purchase/return activity"
"035-7236 02",TRUE,1,1,0,0,0,0,1,1,1,ACTIVE_WITH_PURCHASE_HISTORY,"Keep: Has active purchase/return activity"
"035-7236 03",TRUE,1,1,0,0,0,0,1,1,1,ACTIVE_WITH_PURCHASE_HISTORY,"Keep: Has active purchase/return activity"
"035-7268",TRUE,1,1,0,0,0,0,1,1,1,ACTIVE_WITH_PURCHASE_HISTORY,"Keep: Has active purchase/return activity"
"035-7314",TRUE,1,1,0,0,0,0,1,1,1,ACTIVE_WITH_PURCHASE_HISTORY,"Keep: Has active purchase/return activity"
"035-7320",TRUE,1,1,0,0,0,0,1,1,1,ACTIVE_WITH_PURCHASE_HISTORY,"Keep: Has active purchase/return activity"
"0351-R",TRUE,1,1,0,0,0,0,1,1,1,ACTIVE_WITH_PURCHASE_HISTORY,"Keep: Has active purchase/return activity"
"0357",TRUE,2,1,0,1,1,0,1,2,2,ACTIVE_WITH_PURCHASE_HISTORY,"Keep: Has active purchase/return activity"
"036-01121 A",TRUE,2,1,0,1,1,1,1,2,1,ACTIVE_WITH_PURCHASE_HISTORY,"Keep: Has active purchase/return activity"
"036-0526",TRUE,2,1,0,0,0,0,2,2,2,ACTIVE_WITH_PURCHASE_HISTORY,"Keep: Has active purchase/return activity"
"036-1",TRUE,11,1,0,4,3,0,2,4,3,ACTIVE_WITH_PURCHASE_HISTORY,"Keep: Has active purchase/return activity"
"036-6334",TRUE,2,1,0,0,0,0,2,2,1,ACTIVE_WITH_PURCHASE_HISTORY,"Keep: Has active purchase/return activity"
"036-6504",TRUE,1,1,0,1,1,0,0,1,1,ACTIVE_WITH_PURCHASE_HISTORY,"Keep: Has active purchase/return activity"
"036-6656",TRUE,2,1,0,0,0,0,1,1,1,ACTIVE_WITH_PURCHASE_HISTORY,"Keep: Has active purchase/return activity"
"036-6715 A",TRUE,3,1,0,0,0,0,3,3,1,ACTIVE_WITH_PURCHASE_HISTORY,"Keep: Has active purchase/return activity"
"036-6930 A",TRUE,1,1,0,0,0,0,1,1,1,ACTIVE_WITH_PURCHASE_HISTORY,"Keep: Has active purchase/return activity"
"036-6967",TRUE,1,1,0,0,0,0,1,1,1,ACTIVE_WITH_PURCHASE_HISTORY,"Keep: Has active purchase/return activity"
"036-6967 01",TRUE,1,1,0,0,0,0,1,1,1,ACTIVE_WITH_PURCHASE_HISTORY,"Keep: Has active purchase/return activity"
"036-7065",TRUE,1,1,0,0,0,0,1,1,1,ACTIVE_WITH_PURCHASE_HISTORY,"Keep: Has active purchase/return activity"
"036-7256",TRUE,2,1,0,0,0,0,2,2,2,ACTIVE_WITH_PURCHASE_HISTORY,"Keep: Has active purchase/return activity"
"036-7259",TRUE,3,1,0,0,0,0,3,3,1,ACTIVE_WITH_PURCHASE_HISTORY,"Keep: Has active purchase/return activity"
"036-7328",TRUE,3,1,0,0,0,0,3,3,3,ACTIVE_WITH_PURCHASE_HISTORY,"Keep: Has active purchase/return activity"
"0361",TRUE,1,1,1,0,0,0,0,1,1,ACTIVE_WITH_PURCHASE_HISTORY,"Keep: Has active purchase/return activity"
"0361-02",TRUE,1,1,1,0,0,0,0,1,1,ACTIVE_WITH_PURCHASE_HISTORY,"Keep: Has active purchase/return activity"
"037-0786",TRUE,1,1,0,0,0,0,1,1,1,ACTIVE_WITH_PURCHASE_HISTORY,"Keep: Has active purchase/return activity"
"0376",TRUE,5,1,5,0,0,0,0,3,3,ACTIVE_WITH_PURCHASE_HISTORY,"Keep: Has active purchase/return activity"
"0376-02",TRUE,1,1,1,0,0,0,0,1,1,ACTIVE_WITH_PURCHASE_HISTORY,"Keep: Has active purchase/return activity"
"038-5717 A",TRUE,1,1,0,0,0,0,1,1,1,ACTIVE_WITH_PURCHASE_HISTORY,"Keep: Has active purchase/return activity"
"038-5717 C",TRUE,1,1,0,0,0,0,1,1,1,ACTIVE_WITH_PURCHASE_HISTORY,"Keep: Has active purchase/return activity"
"038-5756 A",TRUE,1,1,1,0,0,0,0,1,1,ACTIVE_WITH_PURCHASE_HISTORY,"Keep: Has active purchase/return activity"
"038-5756 B",TRUE,1,1,0,0,0,0,1,1,1,ACTIVE_WITH_PURCHASE_HISTORY,"Keep: Has active purchase/return activity"
"038-5966 A",TRUE,2,1,0,0,0,0,2,2,2,ACTIVE_WITH_PURCHASE_HISTORY,"Keep: Has active purchase/return activity"
"038-6328",TRUE,1,1,0,0,0,0,1,1,1,ACTIVE_WITH_PURCHASE_HISTORY,"Keep: Has active purchase/return activity"
"038-6640",TRUE,1,1,0,0,0,0,1,1,1,ACTIVE_WITH_PURCHASE_HISTORY,"Keep: Has active purchase/return activity"
"0382",TRUE,1,1,0,0,0,0,1,1,1,ACTIVE_WITH_PURCHASE_HISTORY,"Keep: Has active purchase/return activity"
"0388-R",TRUE,1,1,0,0,0,0,1,1,1,ACTIVE_WITH_PURCHASE_HISTORY,"Keep: Has active purchase/return activity"
"039-4349",TRUE,2,1,0,0,0,0,2,2,1,ACTIVE_WITH_PURCHASE_HISTORY,"Keep: Has active purchase/return activity"
"039-5081 A",TRUE,1,1,0,1,1,0,0,1,1,ACTIVE_WITH_PURCHASE_HISTORY,"Keep: Has active purchase/return activity"
"039-5149",TRUE,3,1,0,1,1,0,2,3,1,ACTIVE_WITH_PURCHASE_HISTORY,"Keep: Has active purchase/return activity"
"039-5482",TRUE,1,1,0,1,1,0,0,1,1,ACTIVE_WITH_PURCHASE_HISTORY,"Keep: Has active purchase/return activity"
"039-6401",TRUE,1,1,0,0,0,0,1,1,1,ACTIVE_WITH_PURCHASE_HISTORY,"Keep: Has active purchase/return activity"
"039-6403",TRUE,1,1,0,0,0,0,1,1,1,ACTIVE_WITH_PURCHASE_HISTORY,"Keep: Has active purchase/return activity"
"039-6798",TRUE,1,1,0,1,1,0,0,1,1,ACTIVE_WITH_PURCHASE_HISTORY,"Keep: Has active purchase/return activity"
"039-7313",TRUE,2,1,0,0,0,0,2,2,1,ACTIVE_WITH_PURCHASE_HISTORY,"Keep: Has active purchase/return activity"
"0393-R BR",TRUE,1,1,0,1,1,0,0,1,1,ACTIVE_WITH_PURCHASE_HISTORY,"Keep: Has active purchase/return activity"
"0393-R GY",TRUE,1,1,0,0,0,0,1,1,1,ACTIVE_WITH_PURCHASE_HISTORY,"Keep: Has active purchase/return activity"
"0395",TRUE,1,1,0,0,0,0,1,1,1,ACTIVE_WITH_PURCHASE_HISTORY,"Keep: Has active purchase/return activity"
"0396",TRUE,1,1,0,1,1,0,0,1,1,ACTIVE_WITH_PURCHASE_HISTORY,"Keep: Has active purchase/return activity"
"04",TRUE,9,6,0,2,2,0,7,9,6,ACTIVE_WITH_PURCHASE_HISTORY,"Keep: Has active purchase/return activity"
"04-BLUE",TRUE,1,1,0,0,0,0,1,1,1,ACTIVE_WITH_PURCHASE_HISTORY,"Keep: Has active purchase/return activity"
"04-GREEN",TRUE,2,1,0,0,0,0,2,2,1,ACTIVE_WITH_PURCHASE_HISTORY,"Keep: Has active purchase/return activity"
"040",TRUE,6,1,0,0,0,0,6,6,1,ACTIVE_WITH_PURCHASE_HISTORY,"Keep: Has active purchase/return activity"
"0400",TRUE,3,1,3,0,0,0,0,3,3,ACTIVE_WITH_PURCHASE_HISTORY,"Keep: Has active purchase/return activity"
"0400-02",TRUE,1,1,1,0,0,0,0,1,1,ACTIVE_WITH_PURCHASE_HISTORY,"Keep: Has active purchase/return activity"
"0404",TRUE,1,1,1,0,0,0,1,2,2,ACTIVE_WITH_PURCHASE_HISTORY,"Keep: Has active purchase/return activity"
"0404-02",TRUE,1,1,1,0,0,0,0,1,1,ACTIVE_WITH_PURCHASE_HISTORY,"Keep: Has active purchase/return activity"
"0407",TRUE,3,1,3,0,0,0,0,3,3,ACTIVE_WITH_PURCHASE_HISTORY,"Keep: Has active purchase/return activity"
"0407-02",TRUE,1,1,1,0,0,0,0,1,1,ACTIVE_WITH_PURCHASE_HISTORY,"Keep: Has active purchase/return activity"
"041-2213",TRUE,1,1,0,1,1,2,0,1,1,ACTIVE_WITH_PURCHASE_HISTORY,"Keep: Has active purchase/return activity"
"042-5887",TRUE,1,1,0,0,0,0,1,1,1,ACTIVE_WITH_PURCHASE_HISTORY,"Keep: Has active purchase/return activity"
"042-7455",TRUE,1,1,0,1,1,0,0,1,1,ACTIVE_WITH_PURCHASE_HISTORY,"Keep: Has active purchase/return activity"
"0434",TRUE,2,1,2,0,0,0,0,2,2,ACTIVE_WITH_PURCHASE_HISTORY,"Keep: Has active purchase/return activity"
"0434-02",TRUE,2,1,2,0,0,0,0,2,2,ACTIVE_WITH_PURCHASE_HISTORY,"Keep: Has active purchase/return activity"
"0464",TRUE,1,1,1,0,0,0,0,1,1,ACTIVE_WITH_PURCHASE_HISTORY,"Keep: Has active purchase/return activity"
"0464-02",TRUE,1,1,1,0,0,0,0,1,1,ACTIVE_WITH_PURCHASE_HISTORY,"Keep: Has active purchase/return activity"
"0490",TRUE,3,1,3,0,0,0,0,3,3,ACTIVE_WITH_PURCHASE_HISTORY,"Keep: Has active purchase/return activity"
"0490-02",TRUE,1,1,1,0,0,0,0,1,1,ACTIVE_WITH_PURCHASE_HISTORY,"Keep: Has active purchase/return activity"
"04ASU",TRUE,1,1,0,0,0,0,1,1,1,ACTIVE_WITH_PURCHASE_HISTORY,"Keep: Has active purchase/return activity"
"05",TRUE,6,6,0,2,2,0,4,6,6,ACTIVE_WITH_PURCHASE_HISTORY,"Keep: Has active purchase/return activity"
"05-GREEN",TRUE,1,1,0,0,0,0,1,1,1,ACTIVE_WITH_PURCHASE_HISTORY,"Keep: Has active purchase/return activity"
"05-WHITE",TRUE,4,1,0,0,0,0,4,4,1,ACTIVE_WITH_PURCHASE_HISTORY,"Keep: Has active purchase/return activity"
"054-ST-11578A",TRUE,2,1,0,0,0,0,2,2,2,ACTIVE_WITH_PURCHASE_HISTORY,"Keep: Has active purchase/return activity"
"05595",TRUE,1,1,0,1,1,0,0,1,1,ACTIVE_WITH_PURCHASE_HISTORY,"Keep: Has active purchase/return activity"
"0575",TRUE,2,1,2,0,0,0,0,2,2,ACTIVE_WITH_PURCHASE_HISTORY,"Keep: Has active purchase/return activity"
"0592",TRUE,5,1,5,0,0,0,0,4,3,ACTIVE_WITH_PURCHASE_HISTORY,"Keep: Has active purchase/return activity"
"0592-02",TRUE,1,1,1,0,0,0,0,1,1,ACTIVE_WITH_PURCHASE_HISTORY,"Keep: Has active purchase/return activity"
"0593",TRUE,1,1,1,0,0,0,0,1,1,ACTIVE_WITH_PURCHASE_HISTORY,"Keep: Has active purchase/return activity"
"0593-02",TRUE,1,1,1,0,0,0,0,1,1,ACTIVE_WITH_PURCHASE_HISTORY,"Keep: Has active purchase/return activity"
"0594",TRUE,4,1,4,0,0,0,0,3,3,ACTIVE_WITH_PURCHASE_HISTORY,"Keep: Has active purchase/return activity"
"0594-02",TRUE,2,1,2,0,0,0,0,1,1,ACTIVE_WITH_PURCHASE_HISTORY,"Keep: Has active purchase/return activity"
"0595",TRUE,2,1,2,0,0,0,0,2,2,ACTIVE_WITH_PURCHASE_HISTORY,"Keep: Has active purchase/return activity"
"0595-02",TRUE,1,1,1,0,0,0,0,1,1,ACTIVE_WITH_PURCHASE_HISTORY,"Keep: Has active purchase/return activity"
"06",TRUE,3,3,0,0,0,0,3,3,3,ACTIVE_WITH_PURCHASE_HISTORY,"Keep: Has active purchase/return activity"
"06-PINK",TRUE,1,1,0,0,0,0,1,1,1,ACTIVE_WITH_PURCHASE_HISTORY,"Keep: Has active purchase/return activity"
"0601",TRUE,2,1,2,0,0,0,0,2,2,ACTIVE_WITH_PURCHASE_HISTORY,"Keep: Has active purchase/return activity"
"0613",TRUE,2,1,2,0,0,0,0,2,2,ACTIVE_WITH_PURCHASE_HISTORY,"Keep: Has active purchase/return activity"
"0615",TRUE,2,1,2,0,0,0,0,2,2,ACTIVE_WITH_PURCHASE_HISTORY,"Keep: Has active purchase/return activity"
"0643",TRUE,4,1,4,0,0,0,0,2,2,ACTIVE_WITH_PURCHASE_HISTORY,"Keep: Has active purchase/return activity"
"0643-02",TRUE,1,1,1,0,0,0,0,1,1,ACTIVE_WITH_PURCHASE_HISTORY,"Keep: Has active purchase/return activity"
"0645",TRUE,2,1,2,0,0,0,0,2,2,ACTIVE_WITH_PURCHASE_HISTORY,"Keep: Has active purchase/return activity"
"0645-02",TRUE,1,1,1,0,0,0,0,1,1,ACTIVE_WITH_PURCHASE_HISTORY,"Keep: Has active purchase/return activity"
"0654",TRUE,5,1,5,0,0,0,0,4,3,ACTIVE_WITH_PURCHASE_HISTORY,"Keep: Has active purchase/return activity"
"0654-02",TRUE,1,1,1,0,0,0,0,1,1,ACTIVE_WITH_PURCHASE_HISTORY,"Keep: Has active purchase/return activity"
"0657",TRUE,1,1,1,0,0,0,0,1,1,ACTIVE_WITH_PURCHASE_HISTORY,"Keep: Has active purchase/return activity"
"0657-02",TRUE,1,1,1,0,0,0,0,1,1,ACTIVE_WITH_PURCHASE_HISTORY,"Keep: Has active purchase/return activity"
"0669",TRUE,1,1,1,0,0,0,0,1,1,ACTIVE_WITH_PURCHASE_HISTORY,"Keep: Has active purchase/return activity"
"0669-02",TRUE,1,1,1,0,0,0,0,1,1,ACTIVE_WITH_PURCHASE_HISTORY,"Keep: Has active purchase/return activity"
"0675",TRUE,2,1,2,0,0,0,0,2,2,ACTIVE_WITH_PURCHASE_HISTORY,"Keep: Has active purchase/return activity"
"0677",TRUE,2,1,2,0,0,0,0,1,1,ACTIVE_WITH_PURCHASE_HISTORY,"Keep: Has active purchase/return activity"
"0677-02",TRUE,2,1,2,0,0,0,0,1,1,ACTIVE_WITH_PURCHASE_HISTORY,"Keep: Has active purchase/return activity"
"0698",TRUE,2,1,2,0,0,0,0,2,2,ACTIVE_WITH_PURCHASE_HISTORY,"Keep: Has active purchase/return activity"
"07",TRUE,3,3,0,0,0,0,3,3,3,ACTIVE_WITH_PURCHASE_HISTORY,"Keep: Has active purchase/return activity"
"0701",TRUE,2,1,2,0,0,0,0,1,1,ACTIVE_WITH_PURCHASE_HISTORY,"Keep: Has active purchase/return activity"
"0701-02",TRUE,2,1,2,0,0,0,0,1,1,ACTIVE_WITH_PURCHASE_HISTORY,"Keep: Has active purchase/return activity"
"0718",TRUE,2,1,2,0,0,0,0,2,2,ACTIVE_WITH_PURCHASE_HISTORY,"Keep: Has active purchase/return activity"
"0725",TRUE,1,1,1,0,0,0,0,1,1,ACTIVE_WITH_PURCHASE_HISTORY,"Keep: Has active purchase/return activity"
"0725-02",TRUE,1,1,1,0,0,0,0,1,1,ACTIVE_WITH_PURCHASE_HISTORY,"Keep: Has active purchase/return activity"
"0727",TRUE,2,1,2,0,0,0,0,2,1,ACTIVE_WITH_PURCHASE_HISTORY,"Keep: Has active purchase/return activity"
"0727-02",TRUE,2,1,2,0,0,0,0,2,2,ACTIVE_WITH_PURCHASE_HISTORY,"Keep: Has active purchase/return activity"
"08",TRUE,3,2,0,1,1,0,2,3,3,ACTIVE_WITH_PURCHASE_HISTORY,"Keep: Has active purchase/return activity"
"08-PINK",TRUE,1,1,0,0,0,0,1,1,1,ACTIVE_WITH_PURCHASE_HISTORY,"Keep: Has active purchase/return activity"
"080-MH-203",TRUE,1,1,0,0,0,0,1,1,1,ACTIVE_WITH_PURCHASE_HISTORY,"Keep: Has active purchase/return activity"
"080-MH-203A",TRUE,1,1,0,0,0,0,1,1,1,ACTIVE_WITH_PURCHASE_HISTORY,"Keep: Has active purchase/return activity"
"080-MH-203B",TRUE,1,1,0,1,1,0,0,1,1,ACTIVE_WITH_PURCHASE_HISTORY,"Keep: Has active purchase/return activity"
"080-MH 213",TRUE,1,1,0,0,0,0,1,1,1,ACTIVE_WITH_PURCHASE_HISTORY,"Keep: Has active purchase/return activity"
"0815",TRUE,2,1,0,0,0,0,2,2,1,ACTIVE_WITH_PURCHASE_HISTORY,"Keep: Has active purchase/return activity"
"0897",TRUE,8,1,0,5,5,1,2,7,4,ACTIVE_WITH_PURCHASE_HISTORY,"Keep: Has active purchase/return activity"
"0897-2",TRUE,3,1,0,2,2,0,1,3,3,ACTIVE_WITH_PURCHASE_HISTORY,"Keep: Has active purchase/return activity"
"09",TRUE,3,2,0,1,1,0,2,3,3,ACTIVE_WITH_PURCHASE_HISTORY,"Keep: Has active purchase/return activity"
"09-GOLDEN",TRUE,1,1,1,0,0,0,0,1,1,ACTIVE_WITH_PURCHASE_HISTORY,"Keep: Has active purchase/return activity"
"09/VF-521A-B",TRUE,1,1,0,0,0,0,1,1,1,ACTIVE_WITH_PURCHASE_HISTORY,"Keep: Has active purchase/return activity"
"09/VF-521A-C",TRUE,1,1,0,0,0,0,1,1,1,ACTIVE_WITH_PURCHASE_HISTORY,"Keep: Has active purchase/return activity"
"09/VF-521A-G",TRUE,1,1,0,1,1,0,0,1,1,ACTIVE_WITH_PURCHASE_HISTORY,"Keep: Has active purchase/return activity"
"09/VF-521A-P",TRUE,1,1,0,0,0,0,1,1,1,ACTIVE_WITH_PURCHASE_HISTORY,"Keep: Has active purchase/return activity"
"09/VF-521A-Y",TRUE,1,1,0,0,0,0,1,1,1,ACTIVE_WITH_PURCHASE_HISTORY,"Keep: Has active purchase/return activity"
"091",TRUE,1,1,0,0,0,0,1,1,1,ACTIVE_WITH_PURCHASE_HISTORY,"Keep: Has active purchase/return activity"
"091/9391-B",TRUE,1,1,0,0,0,0,1,1,1,ACTIVE_WITH_PURCHASE_HISTORY,"Keep: Has active purchase/return activity"
"091/9391-BL",TRUE,1,1,1,0,0,0,0,1,1,ACTIVE_WITH_PURCHASE_HISTORY,"Keep: Has active purchase/return activity"
"091/9391-P",TRUE,1,1,0,0,0,0,1,1,1,ACTIVE_WITH_PURCHASE_HISTORY,"Keep: Has active purchase/return activity"
"091/9501",TRUE,3,1,0,1,1,0,2,3,3,ACTIVE_WITH_PURCHASE_HISTORY,"Keep: Has active purchase/return activity"
"091/VF-522-B",TRUE,1,1,0,0,0,0,1,1,1,ACTIVE_WITH_PURCHASE_HISTORY,"Keep: Has active purchase/return activity"
"091/VF-522-C",TRUE,1,1,0,1,1,0,0,1,1,ACTIVE_WITH_PURCHASE_HISTORY,"Keep: Has active purchase/return activity"
"091/VF-522-P",TRUE,1,1,0,0,0,0,1,1,1,ACTIVE_WITH_PURCHASE_HISTORY,"Keep: Has active purchase/return activity"
"096229",TRUE,1,1,0,0,0,0,1,1,1,ACTIVE_WITH_PURCHASE_HISTORY,"Keep: Has active purchase/return activity"
"096L",TRUE,1,1,0,0,0,0,1,1,1,ACTIVE_WITH_PURCHASE_HISTORY,"Keep: Has active purchase/return activity"
"097680",TRUE,5,1,0,1,1,0,4,5,5,ACTIVE_WITH_PURCHASE_HISTORY,"Keep: Has active purchase/return activity"
"097L",TRUE,1,1,0,1,1,0,0,1,1,ACTIVE_WITH_PURCHASE_HISTORY,"Keep: Has active purchase/return activity"
"097T",TRUE,5,1,0,1,1,0,4,5,1,ACTIVE_WITH_PURCHASE_HISTORY,"Keep: Has active purchase/return activity"
"1",TRUE,128,29,10,15,14,1,68,92,29,ACTIVE_WITH_PURCHASE_HISTORY,"Keep: Has active purchase/return activity"
"1-15817-B",TRUE,1,1,0,1,1,0,0,1,1,ACTIVE_WITH_PURCHASE_HISTORY,"Keep: Has active purchase/return activity"
"1-15817-P",TRUE,1,1,0,0,0,0,1,1,1,ACTIVE_WITH_PURCHASE_HISTORY,"Keep: Has active purchase/return activity"
"1-2554",TRUE,1,1,0,0,0,0,1,1,1,ACTIVE_WITH_PURCHASE_HISTORY,"Keep: Has active purchase/return activity"
"1-341",TRUE,1,1,1,0,0,0,0,1,1,ACTIVE_WITH_PURCHASE_HISTORY,"Keep: Has active purchase/return activity"
"1-4751",TRUE,2,1,2,0,0,0,0,2,1,ACTIVE_WITH_PURCHASE_HISTORY,"Keep: Has active purchase/return activity"
"1-BLACK",TRUE,2,1,0,2,2,0,0,2,1,ACTIVE_WITH_PURCHASE_HISTORY,"Keep: Has active purchase/return activity"
"1-BROWN",TRUE,0,0,0,3,3,0,2,4,2,ORPHAN_WITH_SALES,"Audit: Sold but lacks purchase invoice in database"
"1-BROWN-01",TRUE,6,1,0,1,1,0,1,2,1,ACTIVE_WITH_PURCHASE_HISTORY,"Keep: Has active purchase/return activity"
"1-C828",TRUE,1,1,0,0,0,0,2,2,2,ACTIVE_WITH_PURCHASE_HISTORY,"Keep: Has active purchase/return activity"
"1-C974",TRUE,1,1,0,0,0,0,1,1,1,ACTIVE_WITH_PURCHASE_HISTORY,"Keep: Has active purchase/return activity"
"1-DR-S",TRUE,1,1,0,0,0,0,1,1,1,ACTIVE_WITH_PURCHASE_HISTORY,"Keep: Has active purchase/return activity"
"1-G",TRUE,1,1,0,0,0,0,1,1,1,ACTIVE_WITH_PURCHASE_HISTORY,"Keep: Has active purchase/return activity"
"1-GREEN",TRUE,4,1,0,2,2,0,2,4,1,ACTIVE_WITH_PURCHASE_HISTORY,"Keep: Has active purchase/return activity"
"1-MULTI",TRUE,2,1,0,1,1,0,1,2,1,ACTIVE_WITH_PURCHASE_HISTORY,"Keep: Has active purchase/return activity"
"1-P",TRUE,1,1,0,0,0,0,1,1,1,ACTIVE_WITH_PURCHASE_HISTORY,"Keep: Has active purchase/return activity"
"1-PINK",TRUE,1,1,0,0,0,0,1,1,1,ACTIVE_WITH_PURCHASE_HISTORY,"Keep: Has active purchase/return activity"
"1-RANI",TRUE,1,1,0,0,0,0,1,1,1,ACTIVE_WITH_PURCHASE_HISTORY,"Keep: Has active purchase/return activity"
"1-SAREE",TRUE,5,1,0,0,0,0,5,5,1,ACTIVE_WITH_PURCHASE_HISTORY,"Keep: Has active purchase/return activity"
"1-WHITE",TRUE,2,1,0,2,2,0,0,2,1,ACTIVE_WITH_PURCHASE_HISTORY,"Keep: Has active purchase/return activity"
"1-Y",TRUE,1,1,0,0,0,0,1,1,1,ACTIVE_WITH_PURCHASE_HISTORY,"Keep: Has active purchase/return activity"
"1 S",TRUE,5,1,0,3,3,0,2,5,1,ACTIVE_WITH_PURCHASE_HISTORY,"Keep: Has active purchase/return activity"
"1 S-S",TRUE,1,1,0,1,1,0,0,1,1,ACTIVE_WITH_PURCHASE_HISTORY,"Keep: Has active purchase/return activity"
"1 Y",TRUE,1,1,0,1,1,0,0,1,1,ACTIVE_WITH_PURCHASE_HISTORY,"Keep: Has active purchase/return activity"
"1/1",TRUE,1,1,1,0,0,0,0,1,1,ACTIVE_WITH_PURCHASE_HISTORY,"Keep: Has active purchase/return activity"
"1/1-A",TRUE,1,1,1,0,0,0,0,1,1,ACTIVE_WITH_PURCHASE_HISTORY,"Keep: Has active purchase/return activity"
"1/1-H N G",TRUE,1,1,0,1,1,0,0,1,1,ACTIVE_WITH_PURCHASE_HISTORY,"Keep: Has active purchase/return activity"
"1/1-M L",TRUE,1,1,1,0,0,0,0,1,1,ACTIVE_WITH_PURCHASE_HISTORY,"Keep: Has active purchase/return activity"
"1/1-N",TRUE,1,1,1,0,0,0,0,1,1,ACTIVE_WITH_PURCHASE_HISTORY,"Keep: Has active purchase/return activity"
"1/1 LCD",TRUE,3,3,0,1,1,0,2,3,3,ACTIVE_WITH_PURCHASE_HISTORY,"Keep: Has active purchase/return activity"
"1/12",TRUE,12,1,0,2,2,0,3,5,3,ACTIVE_WITH_PURCHASE_HISTORY,"Keep: Has active purchase/return activity"
"1/1LKNG",TRUE,1,1,0,0,0,0,1,1,1,ACTIVE_WITH_PURCHASE_HISTORY,"Keep: Has active purchase/return activity"
"1/2",TRUE,2,1,1,0,0,0,1,2,1,ACTIVE_WITH_PURCHASE_HISTORY,"Keep: Has active purchase/return activity"
"1/2-BS",TRUE,0,0,0,0,0,0,0,0,0,SAFE_TO_DELETE_IDLE,"Safe to Delete: No purchases, returns, sales, or stock"
"1/2-K",TRUE,2,1,0,0,0,0,2,2,1,ACTIVE_WITH_PURCHASE_HISTORY,"Keep: Has active purchase/return activity"
"1/2-SBBD",TRUE,2,1,2,0,0,0,0,2,2,ACTIVE_WITH_PURCHASE_HISTORY,"Keep: Has active purchase/return activity"
"1/3",TRUE,6,2,0,3,3,0,3,5,3,ACTIVE_WITH_PURCHASE_HISTORY,"Keep: Has active purchase/return activity"
"1/5",TRUE,10,2,5,0,0,0,3,5,3,ACTIVE_WITH_PURCHASE_HISTORY,"Keep: Has active purchase/return activity"
"1/7",TRUE,7,1,0,2,2,0,1,3,3,ACTIVE_WITH_PURCHASE_HISTORY,"Keep: Has active purchase/return activity"
"1/8-AS",TRUE,8,1,0,3,2,0,5,8,1,ACTIVE_WITH_PURCHASE_HISTORY,"Keep: Has active purchase/return activity"
"1/9- AJRK",TRUE,9,1,0,5,5,0,4,9,1,ACTIVE_WITH_PURCHASE_HISTORY,"Keep: Has active purchase/return activity"
"10",TRUE,18,7,0,7,7,2,12,16,7,ACTIVE_WITH_PURCHASE_HISTORY,"Keep: Has active purchase/return activity"
"10-1",TRUE,1,1,1,0,0,0,0,1,1,ACTIVE_WITH_PURCHASE_HISTORY,"Keep: Has active purchase/return activity"
"10-15152",TRUE,1,1,0,0,0,0,1,1,1,ACTIVE_WITH_PURCHASE_HISTORY,"Keep: Has active purchase/return activity"
"10-2533",TRUE,1,1,0,0,0,0,1,1,1,ACTIVE_WITH_PURCHASE_HISTORY,"Keep: Has active purchase/return activity"
"10-3152",TRUE,1,1,0,1,1,0,0,1,1,ACTIVE_WITH_PURCHASE_HISTORY,"Keep: Has active purchase/return activity"
"10-B",TRUE,1,1,0,0,0,0,1,1,1,ACTIVE_WITH_PURCHASE_HISTORY,"Keep: Has active purchase/return activity"
"10-P",TRUE,1,1,0,1,1,0,0,1,1,ACTIVE_WITH_PURCHASE_HISTORY,"Keep: Has active purchase/return activity"
"10-Y",TRUE,1,1,0,0,0,0,1,1,1,ACTIVE_WITH_PURCHASE_HISTORY,"Keep: Has active purchase/return activity"
"10/1",TRUE,2,2,1,0,0,0,1,2,2,ACTIVE_WITH_PURCHASE_HISTORY,"Keep: Has active purchase/return activity"
"10/1-DFCS",TRUE,1,1,1,0,0,0,0,1,1,ACTIVE_WITH_PURCHASE_HISTORY,"Keep: Has active purchase/return activity"
"10/10-J",TRUE,1,1,1,0,0,0,0,1,1,ACTIVE_WITH_PURCHASE_HISTORY,"Keep: Has active purchase/return activity"
"10/2",TRUE,2,1,1,0,0,0,1,2,1,ACTIVE_WITH_PURCHASE_HISTORY,"Keep: Has active purchase/return activity"
"10/3",TRUE,6,2,0,1,1,0,5,6,4,ACTIVE_WITH_PURCHASE_HISTORY,"Keep: Has active purchase/return activity"
"10/6",TRUE,6,1,2,0,0,0,4,6,1,ACTIVE_WITH_PURCHASE_HISTORY,"Keep: Has active purchase/return activity"
"100",TRUE,0,0,0,3,3,0,1,4,4,ORPHAN_WITH_SALES,"Audit: Sold but lacks purchase invoice in database"
"100-A",TRUE,4,1,0,1,1,0,3,4,4,ACTIVE_WITH_PURCHASE_HISTORY,"Keep: Has active purchase/return activity"
"10014",TRUE,1,1,0,0,0,0,1,1,1,ACTIVE_WITH_PURCHASE_HISTORY,"Keep: Has active purchase/return activity"
"10030",TRUE,3,1,0,0,0,0,3,3,1,ACTIVE_WITH_PURCHASE_HISTORY,"Keep: Has active purchase/return activity"
"10037",TRUE,3,1,0,0,0,0,3,3,1,ACTIVE_WITH_PURCHASE_HISTORY,"Keep: Has active purchase/return activity"
"10040",TRUE,1,1,0,0,0,0,1,1,1,ACTIVE_WITH_PURCHASE_HISTORY,"Keep: Has active purchase/return activity"
"10045",TRUE,1,1,0,0,0,0,1,1,1,ACTIVE_WITH_PURCHASE_HISTORY,"Keep: Has active purchase/return activity"
"10049",TRUE,2,2,2,0,0,0,0,2,2,ACTIVE_WITH_PURCHASE_HISTORY,"Keep: Has active purchase/return activity"
"10058",TRUE,1,1,0,0,0,0,1,1,1,ACTIVE_WITH_PURCHASE_HISTORY,"Keep: Has active purchase/return activity"
"10066",TRUE,1,1,0,0,0,0,1,1,1,ACTIVE_WITH_PURCHASE_HISTORY,"Keep: Has active purchase/return activity"
"10067",TRUE,3,3,2,0,0,0,0,2,2,ACTIVE_WITH_PURCHASE_HISTORY,"Keep: Has active purchase/return activity"
"10069",TRUE,2,2,0,1,1,0,1,2,2,ACTIVE_WITH_PURCHASE_HISTORY,"Keep: Has active purchase/return activity"
"10076",TRUE,1,1,0,0,0,0,1,1,1,ACTIVE_WITH_PURCHASE_HISTORY,"Keep: Has active purchase/return activity"
"10080",TRUE,2,2,2,0,0,0,0,2,2,ACTIVE_WITH_PURCHASE_HISTORY,"Keep: Has active purchase/return activity"
"10085",TRUE,2,1,0,0,0,0,2,2,1,ACTIVE_WITH_PURCHASE_HISTORY,"Keep: Has active purchase/return activity"
"10087",TRUE,1,1,0,0,0,0,1,1,1,ACTIVE_WITH_PURCHASE_HISTORY,"Keep: Has active purchase/return activity"
"10088",TRUE,1,1,0,1,1,0,0,1,1,ACTIVE_WITH_PURCHASE_HISTORY,"Keep: Has active purchase/return activity"
"10093",TRUE,2,2,2,0,0,0,0,2,2,ACTIVE_WITH_PURCHASE_HISTORY,"Keep: Has active purchase/return activity"
"101",TRUE,4,3,0,1,1,0,3,4,3,ACTIVE_WITH_PURCHASE_HISTORY,"Keep: Has active purchase/return activity"
"101-B",TRUE,1,1,0,1,1,0,0,1,1,ACTIVE_WITH_PURCHASE_HISTORY,"Keep: Has active purchase/return activity"
"101 2D",TRUE,2,1,0,2,2,0,0,2,1,ACTIVE_WITH_PURCHASE_HISTORY,"Keep: Has active purchase/return activity"
"1010",TRUE,2,1,0,1,1,0,1,2,1,ACTIVE_WITH_PURCHASE_HISTORY,"Keep: Has active purchase/return activity"
"10108",TRUE,4,1,0,0,0,0,4,4,1,ACTIVE_WITH_PURCHASE_HISTORY,"Keep: Has active purchase/return activity"
"1011",TRUE,1,1,0,0,0,0,1,1,1,ACTIVE_WITH_PURCHASE_HISTORY,"Keep: Has active purchase/return activity"
"10115",TRUE,4,1,0,1,1,0,3,4,1,ACTIVE_WITH_PURCHASE_HISTORY,"Keep: Has active purchase/return activity"
"10118",TRUE,3,1,0,0,0,0,3,3,1,ACTIVE_WITH_PURCHASE_HISTORY,"Keep: Has active purchase/return activity"
"10119",TRUE,4,1,0,1,1,0,3,4,1,ACTIVE_WITH_PURCHASE_HISTORY,"Keep: Has active purchase/return activity"
"10120",TRUE,4,1,0,0,0,0,4,4,1,ACTIVE_WITH_PURCHASE_HISTORY,"Keep: Has active purchase/return activity"
"10121",TRUE,1,1,0,0,0,0,1,1,1,ACTIVE_WITH_PURCHASE_HISTORY,"Keep: Has active purchase/return activity"
"10185",TRUE,2,1,0,0,0,0,2,2,2,ACTIVE_WITH_PURCHASE_HISTORY,"Keep: Has active purchase/return activity"
"1019-A",TRUE,3,1,0,3,3,0,0,3,3,ACTIVE_WITH_PURCHASE_HISTORY,"Keep: Has active purchase/return activity"
"1019 F",TRUE,2,1,1,0,0,0,1,2,2,ACTIVE_WITH_PURCHASE_HISTORY,"Keep: Has active purchase/return activity"
"102",TRUE,7,2,1,5,5,0,1,7,7,ACTIVE_WITH_PURCHASE_HISTORY,"Keep: Has active purchase/return activity"
"102-02",TRUE,6,1,0,5,5,0,1,6,6,ACTIVE_WITH_PURCHASE_HISTORY,"Keep: Has active purchase/return activity"
"102-B",TRUE,1,1,0,0,0,0,1,1,1,ACTIVE_WITH_PURCHASE_HISTORY,"Keep: Has active purchase/return activity"
"10212 PINK",TRUE,1,1,1,0,0,0,0,1,1,ACTIVE_WITH_PURCHASE_HISTORY,"Keep: Has active purchase/return activity"
"1024",TRUE,1,1,0,0,0,0,1,1,1,ACTIVE_WITH_PURCHASE_HISTORY,"Keep: Has active purchase/return activity"
"10248",TRUE,1,1,0,0,0,0,1,1,1,ACTIVE_WITH_PURCHASE_HISTORY,"Keep: Has active purchase/return activity"
"10249",TRUE,1,1,0,1,1,0,0,1,1,ACTIVE_WITH_PURCHASE_HISTORY,"Keep: Has active purchase/return activity"
"10250-GOLDEN",TRUE,1,1,0,0,0,0,1,1,1,ACTIVE_WITH_PURCHASE_HISTORY,"Keep: Has active purchase/return activity"
"10250-GREEN",TRUE,1,1,0,1,1,0,0,1,1,ACTIVE_WITH_PURCHASE_HISTORY,"Keep: Has active purchase/return activity"
"1028 L",TRUE,1,1,0,0,0,0,1,1,1,ACTIVE_WITH_PURCHASE_HISTORY,"Keep: Has active purchase/return activity"
"103",TRUE,1,1,0,1,1,0,0,1,1,ACTIVE_WITH_PURCHASE_HISTORY,"Keep: Has active purchase/return activity"
"103-B",TRUE,1,1,0,1,1,0,0,1,1,ACTIVE_WITH_PURCHASE_HISTORY,"Keep: Has active purchase/return activity"
"103 2D",TRUE,2,1,0,1,1,0,1,2,1,ACTIVE_WITH_PURCHASE_HISTORY,"Keep: Has active purchase/return activity"
"1033-BL-1",TRUE,3,1,0,0,0,0,3,3,3,ACTIVE_WITH_PURCHASE_HISTORY,"Keep: Has active purchase/return activity"
"1033-CH-1",TRUE,3,1,0,0,0,0,3,3,3,ACTIVE_WITH_PURCHASE_HISTORY,"Keep: Has active purchase/return activity"
"1033-CH-2",TRUE,1,1,0,0,0,0,1,1,1,ACTIVE_WITH_PURCHASE_HISTORY,"Keep: Has active purchase/return activity"
"1034",TRUE,2,1,0,0,0,0,2,2,2,ACTIVE_WITH_PURCHASE_HISTORY,"Keep: Has active purchase/return activity"
"1034-B",TRUE,1,1,0,0,0,0,1,1,1,ACTIVE_WITH_PURCHASE_HISTORY,"Keep: Has active purchase/return activity"
"10359",TRUE,1,1,0,0,0,0,1,1,1,ACTIVE_WITH_PURCHASE_HISTORY,"Keep: Has active purchase/return activity"
"104",TRUE,1,1,0,0,0,0,1,1,1,ACTIVE_WITH_PURCHASE_HISTORY,"Keep: Has active purchase/return activity"
"104-B",TRUE,1,1,1,0,0,0,0,1,1,ACTIVE_WITH_PURCHASE_HISTORY,"Keep: Has active purchase/return activity"
"104-L",TRUE,3,1,0,0,0,0,3,3,1,ACTIVE_WITH_PURCHASE_HISTORY,"Keep: Has active purchase/return activity"
"1040",TRUE,2,1,0,1,1,0,1,2,2,ACTIVE_WITH_PURCHASE_HISTORY,"Keep: Has active purchase/return activity"
"1040-B",TRUE,2,1,0,2,2,0,0,2,2,ACTIVE_WITH_PURCHASE_HISTORY,"Keep: Has active purchase/return activity"
"1043 38",TRUE,1,1,0,0,0,0,1,1,1,ACTIVE_WITH_PURCHASE_HISTORY,"Keep: Has active purchase/return activity"
"1043 40",TRUE,1,1,0,0,0,0,1,1,1,ACTIVE_WITH_PURCHASE_HISTORY,"Keep: Has active purchase/return activity"
"104411",TRUE,1,1,0,1,1,0,0,1,1,ACTIVE_WITH_PURCHASE_HISTORY,"Keep: Has active purchase/return activity"
"1047-A",TRUE,3,1,0,3,3,0,0,3,3,ACTIVE_WITH_PURCHASE_HISTORY,"Keep: Has active purchase/return activity"
"1047-B",TRUE,2,1,0,0,0,0,2,2,2,ACTIVE_WITH_PURCHASE_HISTORY,"Keep: Has active purchase/return activity"
"10485",TRUE,1,1,0,0,0,0,1,1,1,ACTIVE_WITH_PURCHASE_HISTORY,"Keep: Has active purchase/return activity"
"10487",TRUE,1,1,0,0,0,0,1,1,1,ACTIVE_WITH_PURCHASE_HISTORY,"Keep: Has active purchase/return activity"
"104Y",TRUE,2,1,0,0,0,0,2,2,1,ACTIVE_WITH_PURCHASE_HISTORY,"Keep: Has active purchase/return activity"
"105-R",TRUE,1,1,0,0,0,0,1,1,1,ACTIVE_WITH_PURCHASE_HISTORY,"Keep: Has active purchase/return activity"
"1054 L",TRUE,1,1,0,1,1,0,0,1,1,ACTIVE_WITH_PURCHASE_HISTORY,"Keep: Has active purchase/return activity"
"1055",TRUE,3,1,0,3,3,0,0,3,3,ACTIVE_WITH_PURCHASE_HISTORY,"Keep: Has active purchase/return activity"
"1055 B",TRUE,2,1,0,1,1,0,1,2,2,ACTIVE_WITH_PURCHASE_HISTORY,"Keep: Has active purchase/return activity"
"1055 PI",TRUE,3,1,0,2,2,0,1,3,3,ACTIVE_WITH_PURCHASE_HISTORY,"Keep: Has active purchase/return activity"
"1055D-11632",TRUE,3,1,0,0,0,0,3,3,3,ACTIVE_WITH_PURCHASE_HISTORY,"Keep: Has active purchase/return activity"
"1055D-13389",TRUE,3,1,0,0,0,0,3,3,3,ACTIVE_WITH_PURCHASE_HISTORY,"Keep: Has active purchase/return activity"
"1058",TRUE,3,1,0,1,1,0,2,3,3,ACTIVE_WITH_PURCHASE_HISTORY,"Keep: Has active purchase/return activity"
"1058-2",TRUE,2,1,0,2,2,0,0,2,2,ACTIVE_WITH_PURCHASE_HISTORY,"Keep: Has active purchase/return activity"
"106",TRUE,5,2,0,2,2,0,3,5,5,ACTIVE_WITH_PURCHASE_HISTORY,"Keep: Has active purchase/return activity"
"106-02",TRUE,4,1,0,1,1,0,3,4,4,ACTIVE_WITH_PURCHASE_HISTORY,"Keep: Has active purchase/return activity"
"1060",TRUE,1,1,0,0,0,0,1,1,1,ACTIVE_WITH_PURCHASE_HISTORY,"Keep: Has active purchase/return activity"
"10601 BLUE",TRUE,1,1,1,0,0,0,0,1,1,ACTIVE_WITH_PURCHASE_HISTORY,"Keep: Has active purchase/return activity"
"10602 PINK",TRUE,1,1,1,0,0,0,0,1,1,ACTIVE_WITH_PURCHASE_HISTORY,"Keep: Has active purchase/return activity"
"10604 YE",TRUE,1,1,0,0,0,0,1,1,1,ACTIVE_WITH_PURCHASE_HISTORY,"Keep: Has active purchase/return activity"
"1062",TRUE,3,1,0,0,0,0,3,3,3,ACTIVE_WITH_PURCHASE_HISTORY,"Keep: Has active purchase/return activity"
"1062-02",TRUE,1,1,0,0,0,0,1,1,1,ACTIVE_WITH_PURCHASE_HISTORY,"Keep: Has active purchase/return activity"
"1070-A",TRUE,3,1,0,0,0,0,3,3,3,ACTIVE_WITH_PURCHASE_HISTORY,"Keep: Has active purchase/return activity"
"1070-B",TRUE,1,1,0,0,0,0,1,1,1,ACTIVE_WITH_PURCHASE_HISTORY,"Keep: Has active purchase/return activity"
"1075",TRUE,0,0,0,0,0,0,5,5,5,ORPHAN_WITH_STOCK,"Audit: Has physical stock/printed barcodes but no purchase record"
"1075-A",TRUE,3,1,0,3,3,0,0,3,3,ACTIVE_WITH_PURCHASE_HISTORY,"Keep: Has active purchase/return activity"
"1075-B",TRUE,2,1,0,1,1,0,1,2,2,ACTIVE_WITH_PURCHASE_HISTORY,"Keep: Has active purchase/return activity"
"1076",TRUE,1,1,0,1,1,0,0,1,1,ACTIVE_WITH_PURCHASE_HISTORY,"Keep: Has active purchase/return activity"
"10761",TRUE,1,1,0,0,0,0,1,1,1,ACTIVE_WITH_PURCHASE_HISTORY,"Keep: Has active purchase/return activity"
"1077",TRUE,2,1,0,1,1,0,0,1,1,ACTIVE_WITH_PURCHASE_HISTORY,"Keep: Has active purchase/return activity"
"1077 B",TRUE,1,1,0,0,0,0,1,1,1,ACTIVE_WITH_PURCHASE_HISTORY,"Keep: Has active purchase/return activity"
"1079D-3960",TRUE,1,1,0,0,0,0,1,1,1,ACTIVE_WITH_PURCHASE_HISTORY,"Keep: Has active purchase/return activity"
"1079D-9242",TRUE,1,1,0,0,0,0,1,1,1,ACTIVE_WITH_PURCHASE_HISTORY,"Keep: Has active purchase/return activity"
"108 4D",TRUE,4,1,0,2,2,0,2,4,1,ACTIVE_WITH_PURCHASE_HISTORY,"Keep: Has active purchase/return activity"
"10833",TRUE,1,1,0,1,1,0,0,1,1,ACTIVE_WITH_PURCHASE_HISTORY,"Keep: Has active purchase/return activity"
"10836",TRUE,3,1,0,0,0,0,2,2,2,ACTIVE_WITH_PURCHASE_HISTORY,"Keep: Has active purchase/return activity"
"1086",TRUE,1,1,0,0,0,0,1,1,1,ACTIVE_WITH_PURCHASE_HISTORY,"Keep: Has active purchase/return activity"
"1089-A",TRUE,3,1,0,0,0,0,3,3,3,ACTIVE_WITH_PURCHASE_HISTORY,"Keep: Has active purchase/return activity"
"1089-B",TRUE,1,1,0,0,0,0,1,1,1,ACTIVE_WITH_PURCHASE_HISTORY,"Keep: Has active purchase/return activity"
"109",TRUE,6,1,0,5,5,0,1,6,6,ACTIVE_WITH_PURCHASE_HISTORY,"Keep: Has active purchase/return activity"
"109-02",TRUE,1,1,0,4,4,0,2,6,6,ACTIVE_WITH_PURCHASE_HISTORY,"Keep: Has active purchase/return activity"
"109-02-A",TRUE,5,1,0,0,0,0,5,5,5,ACTIVE_WITH_PURCHASE_HISTORY,"Keep: Has active purchase/return activity"
"109-03",TRUE,6,1,0,6,6,0,0,6,6,ACTIVE_WITH_PURCHASE_HISTORY,"Keep: Has active purchase/return activity"
"109-04",TRUE,6,1,0,6,6,0,0,6,6,ACTIVE_WITH_PURCHASE_HISTORY,"Keep: Has active purchase/return activity"
"1091",TRUE,1,1,0,0,0,0,1,1,1,ACTIVE_WITH_PURCHASE_HISTORY,"Keep: Has active purchase/return activity"
"1091D-13088",TRUE,2,1,0,0,0,0,2,2,2,ACTIVE_WITH_PURCHASE_HISTORY,"Keep: Has active purchase/return activity"
"1091D-14017",TRUE,1,1,0,0,0,0,2,2,2,ACTIVE_WITH_PURCHASE_HISTORY,"Keep: Has active purchase/return activity"
"1091D-15056",TRUE,2,1,0,0,0,0,2,2,2,ACTIVE_WITH_PURCHASE_HISTORY,"Keep: Has active purchase/return activity"
"1091D-15817",TRUE,1,1,0,0,0,0,1,1,1,ACTIVE_WITH_PURCHASE_HISTORY,"Keep: Has active purchase/return activity"
"1093-A",TRUE,3,1,0,0,0,0,3,3,3,ACTIVE_WITH_PURCHASE_HISTORY,"Keep: Has active purchase/return activity"
"1093-B",TRUE,1,1,0,0,0,0,1,1,1,ACTIVE_WITH_PURCHASE_HISTORY,"Keep: Has active purchase/return activity"
"10976",TRUE,1,1,0,1,1,0,0,1,1,ACTIVE_WITH_PURCHASE_HISTORY,"Keep: Has active purchase/return activity"
"11",TRUE,19,6,5,4,4,0,4,6,6,ACTIVE_WITH_PURCHASE_HISTORY,"Keep: Has active purchase/return activity"
"11-14938",TRUE,1,1,0,0,0,0,1,1,1,ACTIVE_WITH_PURCHASE_HISTORY,"Keep: Has active purchase/return activity"
"11-2587",TRUE,1,1,0,0,0,0,1,1,1,ACTIVE_WITH_PURCHASE_HISTORY,"Keep: Has active purchase/return activity"
"11-30",TRUE,1,1,1,0,0,0,0,1,1,ACTIVE_WITH_PURCHASE_HISTORY,"Keep: Has active purchase/return activity"
"11-C",TRUE,1,1,0,0,0,0,1,1,1,ACTIVE_WITH_PURCHASE_HISTORY,"Keep: Has active purchase/return activity"
"11/1",TRUE,2,2,1,0,0,0,1,2,2,ACTIVE_WITH_PURCHASE_HISTORY,"Keep: Has active purchase/return activity"
"11/1-SKMCS",TRUE,1,1,1,0,0,0,0,1,1,ACTIVE_WITH_PURCHASE_HISTORY,"Keep: Has active purchase/return activity"
"11/11-K",TRUE,1,1,0,0,0,0,1,1,1,ACTIVE_WITH_PURCHASE_HISTORY,"Keep: Has active purchase/return activity"
"11/2",TRUE,4,2,2,0,0,0,2,4,2,ACTIVE_WITH_PURCHASE_HISTORY,"Keep: Has active purchase/return activity"
"11/4",TRUE,4,1,0,2,2,0,1,3,3,ACTIVE_WITH_PURCHASE_HISTORY,"Keep: Has active purchase/return activity"
"110",TRUE,7,3,0,2,2,0,5,7,7,ACTIVE_WITH_PURCHASE_HISTORY,"Keep: Has active purchase/return activity"
"110-02",TRUE,4,1,0,2,2,0,2,4,4,ACTIVE_WITH_PURCHASE_HISTORY,"Keep: Has active purchase/return activity"
"110-03",TRUE,0,0,0,2,2,0,3,5,5,ORPHAN_WITH_SALES,"Audit: Sold but lacks purchase invoice in database"
"110-03-A",TRUE,5,1,0,0,0,0,5,5,5,ACTIVE_WITH_PURCHASE_HISTORY,"Keep: Has active purchase/return activity"
"11001",TRUE,1,1,0,1,1,0,0,1,1,ACTIVE_WITH_PURCHASE_HISTORY,"Keep: Has active purchase/return activity"
"11004",TRUE,2,2,1,1,1,0,0,2,2,ACTIVE_WITH_PURCHASE_HISTORY,"Keep: Has active purchase/return activity"
"11006",TRUE,1,1,0,0,0,0,1,1,1,ACTIVE_WITH_PURCHASE_HISTORY,"Keep: Has active purchase/return activity"
"1101-NATURAL -2",TRUE,1,1,0,0,0,0,1,1,1,ACTIVE_WITH_PURCHASE_HISTORY,"Keep: Has active purchase/return activity"
"1101-NAVY",TRUE,3,1,0,0,0,0,3,3,3,ACTIVE_WITH_PURCHASE_HISTORY,"Keep: Has active purchase/return activity"
"1101 NATURAL",TRUE,3,1,0,0,0,0,3,3,3,ACTIVE_WITH_PURCHASE_HISTORY,"Keep: Has active purchase/return activity"
"1101 NAVY-B",TRUE,1,1,0,0,0,0,1,1,1,ACTIVE_WITH_PURCHASE_HISTORY,"Keep: Has active purchase/return activity"
"11014",TRUE,2,1,0,1,1,0,1,2,2,ACTIVE_WITH_PURCHASE_HISTORY,"Keep: Has active purchase/return activity"
"11016",TRUE,1,1,0,0,0,0,1,1,1,ACTIVE_WITH_PURCHASE_HISTORY,"Keep: Has active purchase/return activity"
"1101D-11488",TRUE,2,1,0,0,0,0,2,2,2,ACTIVE_WITH_PURCHASE_HISTORY,"Keep: Has active purchase/return activity"
"1101D-9666",TRUE,1,1,0,0,0,0,1,1,1,ACTIVE_WITH_PURCHASE_HISTORY,"Keep: Has active purchase/return activity"
"1102-CREAM",TRUE,2,1,0,0,0,0,2,2,2,ACTIVE_WITH_PURCHASE_HISTORY,"Keep: Has active purchase/return activity"
"1102-CREAM-02",TRUE,1,1,0,0,0,0,1,1,1,ACTIVE_WITH_PURCHASE_HISTORY,"Keep: Has active purchase/return activity"
"1103-A",TRUE,3,1,0,0,0,0,3,3,3,ACTIVE_WITH_PURCHASE_HISTORY,"Keep: Has active purchase/return activity"
"1103-B",TRUE,1,1,0,0,0,0,1,1,1,ACTIVE_WITH_PURCHASE_HISTORY,"Keep: Has active purchase/return activity"
"11033",TRUE,2,2,2,0,0,0,0,2,2,ACTIVE_WITH_PURCHASE_HISTORY,"Keep: Has active purchase/return activity"
"11041",TRUE,2,2,2,0,0,0,0,2,2,ACTIVE_WITH_PURCHASE_HISTORY,"Keep: Has active purchase/return activity"
"1105D-11248",TRUE,2,1,0,0,0,0,2,2,2,ACTIVE_WITH_PURCHASE_HISTORY,"Keep: Has active purchase/return activity"
"1105D-11504",TRUE,2,1,0,1,1,0,1,2,2,ACTIVE_WITH_PURCHASE_HISTORY,"Keep: Has active purchase/return activity"
"1105D-13965",TRUE,1,1,0,0,0,0,1,1,1,ACTIVE_WITH_PURCHASE_HISTORY,"Keep: Has active purchase/return activity"
"111",TRUE,1,1,0,1,1,1,5,6,6,ACTIVE_WITH_PURCHASE_HISTORY,"Keep: Has active purchase/return activity"
"111-02",TRUE,5,1,0,1,1,0,4,5,5,ACTIVE_WITH_PURCHASE_HISTORY,"Keep: Has active purchase/return activity"
"111-A",TRUE,5,1,0,1,1,0,17,18,5,ACTIVE_WITH_PURCHASE_HISTORY,"Keep: Has active purchase/return activity"
"11101",TRUE,1,1,0,0,0,0,1,1,1,ACTIVE_WITH_PURCHASE_HISTORY,"Keep: Has active purchase/return activity"
"11110",TRUE,3,1,0,0,0,0,3,3,1,ACTIVE_WITH_PURCHASE_HISTORY,"Keep: Has active purchase/return activity"
"1112-",TRUE,2,1,0,0,0,0,2,2,2,ACTIVE_WITH_PURCHASE_HISTORY,"Keep: Has active purchase/return activity"
"1112-B",TRUE,1,1,0,0,0,0,1,1,1,ACTIVE_WITH_PURCHASE_HISTORY,"Keep: Has active purchase/return activity"
"1113",TRUE,1,1,0,0,0,0,1,1,1,ACTIVE_WITH_PURCHASE_HISTORY,"Keep: Has active purchase/return activity"
"1115",TRUE,1,1,0,1,1,0,0,1,1,ACTIVE_WITH_PURCHASE_HISTORY,"Keep: Has active purchase/return activity"
"112 4D",TRUE,4,1,0,0,0,0,4,4,1,ACTIVE_WITH_PURCHASE_HISTORY,"Keep: Has active purchase/return activity"
"1121",TRUE,1,1,0,0,0,0,1,1,1,ACTIVE_WITH_PURCHASE_HISTORY,"Keep: Has active purchase/return activity"
"1121-BLUE",TRUE,3,1,0,3,3,1,0,3,3,ACTIVE_WITH_PURCHASE_HISTORY,"Keep: Has active purchase/return activity"
"1121-BLUE-02",TRUE,1,1,0,1,1,0,0,1,1,ACTIVE_WITH_PURCHASE_HISTORY,"Keep: Has active purchase/return activity"
"1121-GREY",TRUE,3,1,0,0,0,0,3,3,3,ACTIVE_WITH_PURCHASE_HISTORY,"Keep: Has active purchase/return activity"
"1121-GREY-02",TRUE,1,1,0,0,0,0,1,1,1,ACTIVE_WITH_PURCHASE_HISTORY,"Keep: Has active purchase/return activity"
"1127 CHERRYRED",TRUE,3,1,0,1,1,0,2,3,3,ACTIVE_WITH_PURCHASE_HISTORY,"Keep: Has active purchase/return activity"
"1127 CHERRYRED-B",TRUE,1,1,0,0,0,0,1,1,1,ACTIVE_WITH_PURCHASE_HISTORY,"Keep: Has active purchase/return activity"
"1128",TRUE,3,2,0,1,1,0,2,3,2,ACTIVE_WITH_PURCHASE_HISTORY,"Keep: Has active purchase/return activity"
"1128-B",TRUE,4,1,0,2,2,0,2,4,4,ACTIVE_WITH_PURCHASE_HISTORY,"Keep: Has active purchase/return activity"
"1128-G",TRUE,3,1,0,1,1,0,2,3,3,ACTIVE_WITH_PURCHASE_HISTORY,"Keep: Has active purchase/return activity"
"1128-P",TRUE,4,1,0,2,2,0,2,4,4,ACTIVE_WITH_PURCHASE_HISTORY,"Keep: Has active purchase/return activity"
"1129-BLACK",TRUE,4,1,0,0,0,0,4,4,4,ACTIVE_WITH_PURCHASE_HISTORY,"Keep: Has active purchase/return activity"
"1129-BLUE",TRUE,4,1,0,0,0,0,4,4,4,ACTIVE_WITH_PURCHASE_HISTORY,"Keep: Has active purchase/return activity"
"1129-RED",TRUE,4,1,0,0,0,0,4,4,4,ACTIVE_WITH_PURCHASE_HISTORY,"Keep: Has active purchase/return activity"
"112D-45",TRUE,6,1,0,0,0,0,5,5,4,ACTIVE_WITH_PURCHASE_HISTORY,"Keep: Has active purchase/return activity"
"112D-45 ",TRUE,0,0,0,0,0,0,3,3,1,ORPHAN_WITH_STOCK,"Audit: Has physical stock/printed barcodes but no purchase record"
"112L-0027",TRUE,3,1,0,1,1,0,2,3,2,ACTIVE_WITH_PURCHASE_HISTORY,"Keep: Has active purchase/return activity"
"112L-06C",TRUE,2,1,0,1,1,0,1,2,2,ACTIVE_WITH_PURCHASE_HISTORY,"Keep: Has active purchase/return activity"
"1130-BLUE",TRUE,3,1,0,0,0,0,3,3,3,ACTIVE_WITH_PURCHASE_HISTORY,"Keep: Has active purchase/return activity"
"1130-BLUE-02",TRUE,1,1,0,0,0,0,1,1,1,ACTIVE_WITH_PURCHASE_HISTORY,"Keep: Has active purchase/return activity"
"1130-GOLD",TRUE,3,1,0,1,1,0,2,3,3,ACTIVE_WITH_PURCHASE_HISTORY,"Keep: Has active purchase/return activity"
"1130-GOLD-02",TRUE,1,1,0,0,0,0,1,1,1,ACTIVE_WITH_PURCHASE_HISTORY,"Keep: Has active purchase/return activity"
"1130 DNAT",TRUE,3,1,0,0,0,0,3,3,3,ACTIVE_WITH_PURCHASE_HISTORY,"Keep: Has active purchase/return activity"
"1130 DNAT-B",TRUE,1,1,0,0,0,0,1,1,1,ACTIVE_WITH_PURCHASE_HISTORY,"Keep: Has active purchase/return activity"
"1131",TRUE,3,1,0,2,2,0,1,3,3,ACTIVE_WITH_PURCHASE_HISTORY,"Keep: Has active purchase/return activity"
"1131 B",TRUE,1,1,0,1,1,0,0,1,1,ACTIVE_WITH_PURCHASE_HISTORY,"Keep: Has active purchase/return activity"
"1131 L",TRUE,3,1,0,2,2,0,1,3,3,ACTIVE_WITH_PURCHASE_HISTORY,"Keep: Has active purchase/return activity"
"1131 L2",TRUE,1,1,0,1,1,0,0,1,1,ACTIVE_WITH_PURCHASE_HISTORY,"Keep: Has active purchase/return activity"
"11318",TRUE,4,1,0,4,4,0,0,4,1,ACTIVE_WITH_PURCHASE_HISTORY,"Keep: Has active purchase/return activity"
"1133-A",TRUE,3,1,0,0,0,0,3,3,3,ACTIVE_WITH_PURCHASE_HISTORY,"Keep: Has active purchase/return activity"
"1133-B",TRUE,1,1,0,0,0,0,1,1,1,ACTIVE_WITH_PURCHASE_HISTORY,"Keep: Has active purchase/return activity"
"1133-BL-2",TRUE,1,1,0,0,0,0,1,1,1,ACTIVE_WITH_PURCHASE_HISTORY,"Keep: Has active purchase/return activity"
"1135-BLUE",TRUE,4,1,0,0,0,0,4,4,4,ACTIVE_WITH_PURCHASE_HISTORY,"Keep: Has active purchase/return activity"
"1135-CREAM",TRUE,4,1,0,0,0,0,4,4,4,ACTIVE_WITH_PURCHASE_HISTORY,"Keep: Has active purchase/return activity"
"1135-WINE",TRUE,4,1,0,0,0,0,4,4,4,ACTIVE_WITH_PURCHASE_HISTORY,"Keep: Has active purchase/return activity"
"1136-BEIGE",TRUE,4,1,0,0,0,0,4,4,4,ACTIVE_WITH_PURCHASE_HISTORY,"Keep: Has active purchase/return activity"
"1136-BLUE",TRUE,4,1,0,0,0,0,4,4,4,ACTIVE_WITH_PURCHASE_HISTORY,"Keep: Has active purchase/return activity"
"1136-RED",TRUE,4,1,0,0,0,0,4,4,4,ACTIVE_WITH_PURCHASE_HISTORY,"Keep: Has active purchase/return activity"
"1138-BLUE",TRUE,3,1,0,0,0,0,3,3,3,ACTIVE_WITH_PURCHASE_HISTORY,"Keep: Has active purchase/return activity"
"1138-BLUE-02",TRUE,1,1,0,0,0,0,1,1,1,ACTIVE_WITH_PURCHASE_HISTORY,"Keep: Has active purchase/return activity"
"1138-BROWN",TRUE,3,1,0,0,0,0,3,3,3,ACTIVE_WITH_PURCHASE_HISTORY,"Keep: Has active purchase/return activity"
"1138-BROWN-02",TRUE,1,1,0,0,0,0,1,1,1,ACTIVE_WITH_PURCHASE_HISTORY,"Keep: Has active purchase/return activity"
"1138-CREAM",TRUE,3,1,0,0,0,0,3,3,3,ACTIVE_WITH_PURCHASE_HISTORY,"Keep: Has active purchase/return activity"
"1138-CREAM-02",TRUE,1,1,0,0,0,0,1,1,1,ACTIVE_WITH_PURCHASE_HISTORY,"Keep: Has active purchase/return activity"
"114",TRUE,1,1,0,3,3,0,3,6,6,ACTIVE_WITH_PURCHASE_HISTORY,"Keep: Has active purchase/return activity"
"114-02",TRUE,6,1,0,5,5,0,1,6,6,ACTIVE_WITH_PURCHASE_HISTORY,"Keep: Has active purchase/return activity"
"114-A",TRUE,5,1,0,0,0,0,5,5,5,ACTIVE_WITH_PURCHASE_HISTORY,"Keep: Has active purchase/return activity"
"1140-BL-A",TRUE,3,1,0,1,1,0,2,3,3,ACTIVE_WITH_PURCHASE_HISTORY,"Keep: Has active purchase/return activity"
"1140-BL-B",TRUE,1,1,0,1,1,0,0,1,1,ACTIVE_WITH_PURCHASE_HISTORY,"Keep: Has active purchase/return activity"
"1140-BR-A",TRUE,3,1,0,0,0,0,3,3,3,ACTIVE_WITH_PURCHASE_HISTORY,"Keep: Has active purchase/return activity"
"1140-BR-B",TRUE,1,1,0,0,0,0,1,1,1,ACTIVE_WITH_PURCHASE_HISTORY,"Keep: Has active purchase/return activity"
"1140-GD-A",TRUE,3,1,0,0,0,0,3,3,3,ACTIVE_WITH_PURCHASE_HISTORY,"Keep: Has active purchase/return activity"
"1140-GD-B",TRUE,1,1,0,0,0,0,1,1,1,ACTIVE_WITH_PURCHASE_HISTORY,"Keep: Has active purchase/return activity"
"1141",TRUE,3,1,0,1,1,0,2,3,3,ACTIVE_WITH_PURCHASE_HISTORY,"Keep: Has active purchase/return activity"
"1141 B",TRUE,1,1,0,0,0,0,1,1,1,ACTIVE_WITH_PURCHASE_HISTORY,"Keep: Has active purchase/return activity"
"1141 W",TRUE,3,1,0,1,1,0,2,3,3,ACTIVE_WITH_PURCHASE_HISTORY,"Keep: Has active purchase/return activity"
"1141 W2",TRUE,1,1,0,0,0,0,1,1,1,ACTIVE_WITH_PURCHASE_HISTORY,"Keep: Has active purchase/return activity"
"1144-BLUE",TRUE,0,0,0,0,0,0,4,4,4,ORPHAN_WITH_STOCK,"Audit: Has physical stock/printed barcodes but no purchase record"
"1144-BROWN",TRUE,4,1,0,0,0,0,4,4,4,ACTIVE_WITH_PURCHASE_HISTORY,"Keep: Has active purchase/return activity"
"1144-GREEN",TRUE,4,1,0,1,1,0,3,4,4,ACTIVE_WITH_PURCHASE_HISTORY,"Keep: Has active purchase/return activity"
"1144-GREY",TRUE,4,1,0,4,4,0,0,4,4,ACTIVE_WITH_PURCHASE_HISTORY,"Keep: Has active purchase/return activity"
"1144-WINE",TRUE,0,0,0,0,0,0,4,4,4,ORPHAN_WITH_STOCK,"Audit: Has physical stock/printed barcodes but no purchase record"
"1145-BLUE",TRUE,4,1,0,3,3,0,1,4,4,ACTIVE_WITH_PURCHASE_HISTORY,"Keep: Has active purchase/return activity"
"1145-WINE",TRUE,4,1,0,0,0,0,4,4,4,ACTIVE_WITH_PURCHASE_HISTORY,"Keep: Has active purchase/return activity"
"1148",TRUE,2,1,0,1,1,0,1,2,1,ACTIVE_WITH_PURCHASE_HISTORY,"Keep: Has active purchase/return activity"
"1150F",TRUE,2,1,1,1,1,0,0,2,2,ACTIVE_WITH_PURCHASE_HISTORY,"Keep: Has active purchase/return activity"
"1150SU",TRUE,2,1,0,0,0,0,2,2,1,ACTIVE_WITH_PURCHASE_HISTORY,"Keep: Has active purchase/return activity"
"1152 DARK NAT -B",TRUE,1,1,0,0,0,0,1,1,1,ACTIVE_WITH_PURCHASE_HISTORY,"Keep: Has active purchase/return activity"
"1152 DARKNAT",TRUE,3,1,0,0,0,0,3,3,3,ACTIVE_WITH_PURCHASE_HISTORY,"Keep: Has active purchase/return activity"
"1152 DARKNAT-B",TRUE,0,0,0,0,0,0,1,1,1,ORPHAN_WITH_STOCK,"Audit: Has physical stock/printed barcodes but no purchase record"
"1152 MAUVE",TRUE,3,1,0,0,0,0,3,3,3,ACTIVE_WITH_PURCHASE_HISTORY,"Keep: Has active purchase/return activity"
"1152 MAUVE-B",TRUE,1,1,0,0,0,0,1,1,1,ACTIVE_WITH_PURCHASE_HISTORY,"Keep: Has active purchase/return activity"
"1153",TRUE,4,1,0,0,0,0,4,4,4,ACTIVE_WITH_PURCHASE_HISTORY,"Keep: Has active purchase/return activity"
"1153-BLUE",TRUE,4,1,0,0,0,0,4,4,4,ACTIVE_WITH_PURCHASE_HISTORY,"Keep: Has active purchase/return activity"
"1153-WINE",TRUE,4,1,0,0,0,0,4,4,4,ACTIVE_WITH_PURCHASE_HISTORY,"Keep: Has active purchase/return activity"
"1154-A",TRUE,3,1,0,0,0,0,3,3,3,ACTIVE_WITH_PURCHASE_HISTORY,"Keep: Has active purchase/return activity"
"1154-B",TRUE,2,1,0,0,0,0,2,2,2,ACTIVE_WITH_PURCHASE_HISTORY,"Keep: Has active purchase/return activity"
"1154-NB-A",TRUE,3,1,0,0,0,0,3,3,3,ACTIVE_WITH_PURCHASE_HISTORY,"Keep: Has active purchase/return activity"
"1154-NB-B",TRUE,2,1,0,0,0,0,2,2,2,ACTIVE_WITH_PURCHASE_HISTORY,"Keep: Has active purchase/return activity"
"11546-G",TRUE,1,1,0,1,1,0,0,1,1,ACTIVE_WITH_PURCHASE_HISTORY,"Keep: Has active purchase/return activity"
"11546-P",TRUE,1,1,0,0,0,0,1,1,1,ACTIVE_WITH_PURCHASE_HISTORY,"Keep: Has active purchase/return activity"
"1155-BEIGE",TRUE,2,1,0,0,0,0,2,2,2,ACTIVE_WITH_PURCHASE_HISTORY,"Keep: Has active purchase/return activity"
"1155-BEIGE-02",TRUE,1,1,0,0,0,0,1,1,1,ACTIVE_WITH_PURCHASE_HISTORY,"Keep: Has active purchase/return activity"
"1155-BLUE",TRUE,2,1,0,0,0,0,2,2,2,ACTIVE_WITH_PURCHASE_HISTORY,"Keep: Has active purchase/return activity"
"1155-BLUE-02",TRUE,1,1,0,0,0,0,1,1,1,ACTIVE_WITH_PURCHASE_HISTORY,"Keep: Has active purchase/return activity"
"116",TRUE,8,4,0,3,3,0,5,8,6,ACTIVE_WITH_PURCHASE_HISTORY,"Keep: Has active purchase/return activity"
"117",TRUE,2,1,0,0,0,0,2,2,1,ACTIVE_WITH_PURCHASE_HISTORY,"Keep: Has active purchase/return activity"
"1171 MUL",TRUE,3,1,0,0,0,0,2,2,2,ACTIVE_WITH_PURCHASE_HISTORY,"Keep: Has active purchase/return activity"
"11727",TRUE,2,1,0,0,0,0,2,2,1,ACTIVE_WITH_PURCHASE_HISTORY,"Keep: Has active purchase/return activity"
"1175-786",TRUE,1,1,0,0,0,0,1,1,1,ACTIVE_WITH_PURCHASE_HISTORY,"Keep: Has active purchase/return activity"
"11778",TRUE,2,1,0,0,0,0,2,2,2,ACTIVE_WITH_PURCHASE_HISTORY,"Keep: Has active purchase/return activity"
"11786",TRUE,1,1,0,0,0,0,1,1,1,ACTIVE_WITH_PURCHASE_HISTORY,"Keep: Has active purchase/return activity"
"118-L",TRUE,1,1,0,1,1,0,0,1,1,ACTIVE_WITH_PURCHASE_HISTORY,"Keep: Has active purchase/return activity"
"1185",TRUE,1,1,0,0,0,0,1,1,1,ACTIVE_WITH_PURCHASE_HISTORY,"Keep: Has active purchase/return activity"
"1187-786",TRUE,1,1,0,0,0,0,1,1,1,ACTIVE_WITH_PURCHASE_HISTORY,"Keep: Has active purchase/return activity"
"1187 A",TRUE,1,1,0,1,1,0,0,1,1,ACTIVE_WITH_PURCHASE_HISTORY,"Keep: Has active purchase/return activity"
"1188",TRUE,2,1,0,0,0,0,2,2,2,ACTIVE_WITH_PURCHASE_HISTORY,"Keep: Has active purchase/return activity"
"1188A",TRUE,1,1,0,1,1,0,0,1,1,ACTIVE_WITH_PURCHASE_HISTORY,"Keep: Has active purchase/return activity"
"1188B",TRUE,3,1,0,1,1,0,2,3,1,ACTIVE_WITH_PURCHASE_HISTORY,"Keep: Has active purchase/return activity"
"1188C",TRUE,2,1,0,1,1,0,1,2,1,ACTIVE_WITH_PURCHASE_HISTORY,"Keep: Has active purchase/return activity"
"11928",TRUE,4,1,0,1,1,0,2,3,3,ACTIVE_WITH_PURCHASE_HISTORY,"Keep: Has active purchase/return activity"
"1195",TRUE,1,1,0,0,0,0,1,1,1,ACTIVE_WITH_PURCHASE_HISTORY,"Keep: Has active purchase/return activity"
"1196",TRUE,1,1,0,0,0,0,1,1,1,ACTIVE_WITH_PURCHASE_HISTORY,"Keep: Has active purchase/return activity"
"11998",TRUE,1,1,0,1,1,0,0,1,1,ACTIVE_WITH_PURCHASE_HISTORY,"Keep: Has active purchase/return activity"
"11D",TRUE,1,1,0,0,0,0,1,1,1,ACTIVE_WITH_PURCHASE_HISTORY,"Keep: Has active purchase/return activity"
"12",TRUE,16,10,1,2,2,0,8,10,10,ACTIVE_WITH_PURCHASE_HISTORY,"Keep: Has active purchase/return activity"
"12-14751",TRUE,2,1,0,1,1,0,1,2,1,ACTIVE_WITH_PURCHASE_HISTORY,"Keep: Has active purchase/return activity"
"12-2751",TRUE,1,1,0,1,1,0,0,1,1,ACTIVE_WITH_PURCHASE_HISTORY,"Keep: Has active purchase/return activity"
"12-AZ-38",TRUE,1,1,1,0,0,0,0,1,1,ACTIVE_WITH_PURCHASE_HISTORY,"Keep: Has active purchase/return activity"
"12-B",TRUE,2,2,1,0,0,0,1,2,2,ACTIVE_WITH_PURCHASE_HISTORY,"Keep: Has active purchase/return activity"
"12-L",TRUE,1,1,0,0,0,0,1,1,1,ACTIVE_WITH_PURCHASE_HISTORY,"Keep: Has active purchase/return activity"
"12/1",TRUE,2,2,0,1,1,1,1,2,2,ACTIVE_WITH_PURCHASE_HISTORY,"Keep: Has active purchase/return activity"
"12/1-NBKMCS",TRUE,1,1,1,0,0,0,0,1,1,ACTIVE_WITH_PURCHASE_HISTORY,"Keep: Has active purchase/return activity"
"12/12-L",TRUE,1,1,1,0,0,0,0,1,1,ACTIVE_WITH_PURCHASE_HISTORY,"Keep: Has active purchase/return activity"
"12/2",TRUE,2,1,1,1,1,0,0,2,1,ACTIVE_WITH_PURCHASE_HISTORY,"Keep: Has active purchase/return activity"
"12/6",TRUE,6,1,0,4,4,0,3,7,7,ACTIVE_WITH_PURCHASE_HISTORY,"Keep: Has active purchase/return activity"
"12083",TRUE,1,1,1,0,0,0,0,1,1,ACTIVE_WITH_PURCHASE_HISTORY,"Keep: Has active purchase/return activity"
"12086",TRUE,1,1,1,0,0,0,0,1,1,ACTIVE_WITH_PURCHASE_HISTORY,"Keep: Has active purchase/return activity"
"12099-CREAM",TRUE,1,1,1,0,0,0,0,1,1,ACTIVE_WITH_PURCHASE_HISTORY,"Keep: Has active purchase/return activity"
"12099-PINK",TRUE,1,1,1,0,0,0,0,1,1,ACTIVE_WITH_PURCHASE_HISTORY,"Keep: Has active purchase/return activity"
"1216 F",TRUE,1,1,0,1,1,0,0,1,1,ACTIVE_WITH_PURCHASE_HISTORY,"Keep: Has active purchase/return activity"
"1225",TRUE,1,1,0,1,1,0,0,1,1,ACTIVE_WITH_PURCHASE_HISTORY,"Keep: Has active purchase/return activity"
"1233",TRUE,1,1,0,0,0,0,1,1,1,ACTIVE_WITH_PURCHASE_HISTORY,"Keep: Has active purchase/return activity"
"1234",TRUE,2,2,0,1,1,0,1,2,2,ACTIVE_WITH_PURCHASE_HISTORY,"Keep: Has active purchase/return activity"
"12350",TRUE,2,1,0,1,1,0,1,2,2,ACTIVE_WITH_PURCHASE_HISTORY,"Keep: Has active purchase/return activity"
"124",TRUE,4,1,0,0,0,0,4,4,1,ACTIVE_WITH_PURCHASE_HISTORY,"Keep: Has active purchase/return activity"
"12400",TRUE,1,1,0,0,0,0,1,1,1,ACTIVE_WITH_PURCHASE_HISTORY,"Keep: Has active purchase/return activity"
"1244",TRUE,1,1,0,0,0,0,1,1,1,ACTIVE_WITH_PURCHASE_HISTORY,"Keep: Has active purchase/return activity"
"1245",TRUE,1,1,0,0,0,0,1,1,1,ACTIVE_WITH_PURCHASE_HISTORY,"Keep: Has active purchase/return activity"
"12456",TRUE,1,1,0,1,1,0,0,1,1,ACTIVE_WITH_PURCHASE_HISTORY,"Keep: Has active purchase/return activity"
"12494`",TRUE,1,1,0,0,0,0,1,1,1,ACTIVE_WITH_PURCHASE_HISTORY,"Keep: Has active purchase/return activity"
"12497",TRUE,4,1,0,2,2,1,2,4,1,ACTIVE_WITH_PURCHASE_HISTORY,"Keep: Has active purchase/return activity"
"1251",TRUE,1,1,0,0,0,0,1,1,1,ACTIVE_WITH_PURCHASE_HISTORY,"Keep: Has active purchase/return activity"
"1252",TRUE,1,1,0,1,1,1,0,1,1,ACTIVE_WITH_PURCHASE_HISTORY,"Keep: Has active purchase/return activity"
"1253",TRUE,2,1,0,2,1,0,0,2,1,ACTIVE_WITH_PURCHASE_HISTORY,"Keep: Has active purchase/return activity"
"1255",TRUE,1,1,0,0,0,0,1,1,1,ACTIVE_WITH_PURCHASE_HISTORY,"Keep: Has active purchase/return activity"
"1267 F",TRUE,2,1,0,2,2,1,1,2,2,ACTIVE_WITH_PURCHASE_HISTORY,"Keep: Has active purchase/return activity"
"1269 F",TRUE,2,2,0,0,0,0,2,2,2,ACTIVE_WITH_PURCHASE_HISTORY,"Keep: Has active purchase/return activity"
"12752",TRUE,1,1,0,1,1,0,0,1,1,ACTIVE_WITH_PURCHASE_HISTORY,"Keep: Has active purchase/return activity"
"1276",TRUE,1,1,0,1,1,0,0,1,1,ACTIVE_WITH_PURCHASE_HISTORY,"Keep: Has active purchase/return activity"
"1276-4",TRUE,1,1,0,1,1,0,0,1,1,ACTIVE_WITH_PURCHASE_HISTORY,"Keep: Has active purchase/return activity"
"12775",TRUE,3,1,0,0,0,0,3,3,3,ACTIVE_WITH_PURCHASE_HISTORY,"Keep: Has active purchase/return activity"
"12793",TRUE,10,1,0,2,1,0,8,10,2,ACTIVE_WITH_PURCHASE_HISTORY,"Keep: Has active purchase/return activity"
"128",TRUE,1,1,0,0,0,0,1,1,1,ACTIVE_WITH_PURCHASE_HISTORY,"Keep: Has active purchase/return activity"
"12802",TRUE,2,1,0,1,1,0,1,2,2,ACTIVE_WITH_PURCHASE_HISTORY,"Keep: Has active purchase/return activity"
"12806",TRUE,2,1,0,1,1,0,1,2,1,ACTIVE_WITH_PURCHASE_HISTORY,"Keep: Has active purchase/return activity"
"1282 F",TRUE,1,1,1,0,0,0,0,1,1,ACTIVE_WITH_PURCHASE_HISTORY,"Keep: Has active purchase/return activity"
"1290 F",TRUE,2,1,0,2,2,0,0,2,2,ACTIVE_WITH_PURCHASE_HISTORY,"Keep: Has active purchase/return activity"
"1292 F",TRUE,1,1,0,1,1,0,0,1,1,ACTIVE_WITH_PURCHASE_HISTORY,"Keep: Has active purchase/return activity"
"1295",TRUE,1,1,0,1,1,0,0,1,1,ACTIVE_WITH_PURCHASE_HISTORY,"Keep: Has active purchase/return activity"
"1299 F",TRUE,1,1,0,0,0,0,1,1,1,ACTIVE_WITH_PURCHASE_HISTORY,"Keep: Has active purchase/return activity"
"12992",TRUE,3,1,0,0,0,0,2,2,2,ACTIVE_WITH_PURCHASE_HISTORY,"Keep: Has active purchase/return activity"
"13",TRUE,16,5,0,2,2,1,10,11,7,ACTIVE_WITH_PURCHASE_HISTORY,"Keep: Has active purchase/return activity"
"13-1-A2",TRUE,1,1,1,0,0,0,0,1,1,ACTIVE_WITH_PURCHASE_HISTORY,"Keep: Has active purchase/return activity"
"13-14157-G",TRUE,1,1,0,0,0,0,1,1,1,ACTIVE_WITH_PURCHASE_HISTORY,"Keep: Has active purchase/return activity"
"13-14157-P",TRUE,1,1,0,0,0,0,1,1,1,ACTIVE_WITH_PURCHASE_HISTORY,"Keep: Has active purchase/return activity"
"13-2",TRUE,1,1,0,0,0,0,1,1,1,ACTIVE_WITH_PURCHASE_HISTORY,"Keep: Has active purchase/return activity"
"13-2520",TRUE,1,1,0,0,0,0,1,1,1,ACTIVE_WITH_PURCHASE_HISTORY,"Keep: Has active purchase/return activity"
"13-P",TRUE,1,1,0,0,0,0,1,1,1,ACTIVE_WITH_PURCHASE_HISTORY,"Keep: Has active purchase/return activity"
"13-RANI",TRUE,1,1,1,0,0,0,0,1,1,ACTIVE_WITH_PURCHASE_HISTORY,"Keep: Has active purchase/return activity"
"13/1",TRUE,1,1,0,0,0,0,1,1,1,ACTIVE_WITH_PURCHASE_HISTORY,"Keep: Has active purchase/return activity"
"13/1-FCS",TRUE,1,1,1,0,0,0,0,1,1,ACTIVE_WITH_PURCHASE_HISTORY,"Keep: Has active purchase/return activity"
"13/13-M",TRUE,1,1,1,0,0,0,0,1,1,ACTIVE_WITH_PURCHASE_HISTORY,"Keep: Has active purchase/return activity"
"13/2",TRUE,2,1,1,0,0,0,1,2,1,ACTIVE_WITH_PURCHASE_HISTORY,"Keep: Has active purchase/return activity"
"13/5",TRUE,5,1,0,2,2,0,3,5,5,ACTIVE_WITH_PURCHASE_HISTORY,"Keep: Has active purchase/return activity"
"13039-GOLDEN",TRUE,1,1,1,0,0,0,0,1,1,ACTIVE_WITH_PURCHASE_HISTORY,"Keep: Has active purchase/return activity"
"13039-GREEN",TRUE,1,1,1,0,0,0,0,1,1,ACTIVE_WITH_PURCHASE_HISTORY,"Keep: Has active purchase/return activity"
"13056",TRUE,1,1,1,0,0,0,0,1,1,ACTIVE_WITH_PURCHASE_HISTORY,"Keep: Has active purchase/return activity"
"13057",TRUE,1,1,0,0,0,0,1,1,1,ACTIVE_WITH_PURCHASE_HISTORY,"Keep: Has active purchase/return activity"
"13070-SKY BLUE",TRUE,1,1,1,0,0,0,0,1,1,ACTIVE_WITH_PURCHASE_HISTORY,"Keep: Has active purchase/return activity"
"13085",TRUE,1,1,1,0,0,0,0,1,1,ACTIVE_WITH_PURCHASE_HISTORY,"Keep: Has active purchase/return activity"
"1315 F",TRUE,2,1,0,0,0,0,1,1,1,ACTIVE_WITH_PURCHASE_HISTORY,"Keep: Has active purchase/return activity"
"1315 F2",TRUE,1,1,0,0,0,0,1,1,1,ACTIVE_WITH_PURCHASE_HISTORY,"Keep: Has active purchase/return activity"
"1315 F3",TRUE,1,1,0,0,0,0,1,1,1,ACTIVE_WITH_PURCHASE_HISTORY,"Keep: Has active purchase/return activity"
"13153",TRUE,3,2,0,1,1,0,1,2,2,ACTIVE_WITH_PURCHASE_HISTORY,"Keep: Has active purchase/return activity"
"13155",TRUE,3,1,0,0,0,0,2,2,2,ACTIVE_WITH_PURCHASE_HISTORY,"Keep: Has active purchase/return activity"
"13156",TRUE,3,1,0,1,1,0,1,2,2,ACTIVE_WITH_PURCHASE_HISTORY,"Keep: Has active purchase/return activity"
"13157",TRUE,3,1,0,0,0,0,2,2,2,ACTIVE_WITH_PURCHASE_HISTORY,"Keep: Has active purchase/return activity"
"13160",TRUE,3,2,0,1,1,0,2,3,2,ACTIVE_WITH_PURCHASE_HISTORY,"Keep: Has active purchase/return activity"
"13161",TRUE,3,1,0,1,1,0,1,2,2,ACTIVE_WITH_PURCHASE_HISTORY,"Keep: Has active purchase/return activity"
"13163",TRUE,3,1,0,0,0,0,2,2,2,ACTIVE_WITH_PURCHASE_HISTORY,"Keep: Has active purchase/return activity"
"13164",TRUE,2,1,0,1,1,0,1,2,1,ACTIVE_WITH_PURCHASE_HISTORY,"Keep: Has active purchase/return activity"
"13165",TRUE,2,1,0,1,1,0,1,2,1,ACTIVE_WITH_PURCHASE_HISTORY,"Keep: Has active purchase/return activity"
"13168",TRUE,3,1,0,1,1,0,1,2,2,ACTIVE_WITH_PURCHASE_HISTORY,"Keep: Has active purchase/return activity"
"13171-BLUE",TRUE,3,1,0,0,0,0,2,2,2,ACTIVE_WITH_PURCHASE_HISTORY,"Keep: Has active purchase/return activity"
"13171-PINK",TRUE,3,1,0,0,0,0,2,2,2,ACTIVE_WITH_PURCHASE_HISTORY,"Keep: Has active purchase/return activity"
"13174-PEACH",TRUE,3,1,0,0,0,0,2,2,2,ACTIVE_WITH_PURCHASE_HISTORY,"Keep: Has active purchase/return activity"
"13174-SKY BLUE",TRUE,3,1,0,0,0,0,2,2,2,ACTIVE_WITH_PURCHASE_HISTORY,"Keep: Has active purchase/return activity"
"13176-C",TRUE,4,2,0,0,0,0,3,3,3,ACTIVE_WITH_PURCHASE_HISTORY,"Keep: Has active purchase/return activity"
"13176-Y",TRUE,3,1,0,0,0,0,2,2,2,ACTIVE_WITH_PURCHASE_HISTORY,"Keep: Has active purchase/return activity"
"13176-YL",TRUE,1,1,0,0,0,0,1,1,1,ACTIVE_WITH_PURCHASE_HISTORY,"Keep: Has active purchase/return activity"
"13177",TRUE,6,1,6,0,0,0,0,3,3,ACTIVE_WITH_PURCHASE_HISTORY,"Keep: Has active purchase/return activity"
"13177-GR",TRUE,3,1,0,0,0,0,3,3,1,ACTIVE_WITH_PURCHASE_HISTORY,"Keep: Has active purchase/return activity"
"13177-YL",TRUE,3,1,0,0,0,0,2,2,2,ACTIVE_WITH_PURCHASE_HISTORY,"Keep: Has active purchase/return activity"
"13178",TRUE,6,1,6,0,0,0,0,4,4,ACTIVE_WITH_PURCHASE_HISTORY,"Keep: Has active purchase/return activity"
"13179",TRUE,8,2,8,0,0,0,0,4,4,ACTIVE_WITH_PURCHASE_HISTORY,"Keep: Has active purchase/return activity"
"13179-PK",TRUE,3,1,0,0,0,0,2,2,2,ACTIVE_WITH_PURCHASE_HISTORY,"Keep: Has active purchase/return activity"
"13179-YL",TRUE,3,1,0,0,0,0,2,2,2,ACTIVE_WITH_PURCHASE_HISTORY,"Keep: Has active purchase/return activity"
"13180",TRUE,6,2,6,0,0,0,0,4,4,ACTIVE_WITH_PURCHASE_HISTORY,"Keep: Has active purchase/return activity"
"13180-C",TRUE,2,1,0,0,0,0,2,2,2,ACTIVE_WITH_PURCHASE_HISTORY,"Keep: Has active purchase/return activity"
"13180-PK",TRUE,3,1,0,0,0,0,2,2,2,ACTIVE_WITH_PURCHASE_HISTORY,"Keep: Has active purchase/return activity"
"13181- CREAM",TRUE,3,1,0,0,0,0,2,2,2,ACTIVE_WITH_PURCHASE_HISTORY,"Keep: Has active purchase/return activity"
"13181-PEACH",TRUE,3,1,0,0,0,0,2,2,2,ACTIVE_WITH_PURCHASE_HISTORY,"Keep: Has active purchase/return activity"
"13182",TRUE,2,1,0,0,0,0,1,1,1,ACTIVE_WITH_PURCHASE_HISTORY,"Keep: Has active purchase/return activity"
"13182-Y",TRUE,1,1,0,0,0,0,1,1,1,ACTIVE_WITH_PURCHASE_HISTORY,"Keep: Has active purchase/return activity"
"13182-Y1",TRUE,1,1,0,0,0,0,1,1,1,ACTIVE_WITH_PURCHASE_HISTORY,"Keep: Has active purchase/return activity"
"13183",TRUE,1,1,0,0,0,0,1,1,1,ACTIVE_WITH_PURCHASE_HISTORY,"Keep: Has active purchase/return activity"
"13183-2",TRUE,1,1,0,0,0,0,1,1,1,ACTIVE_WITH_PURCHASE_HISTORY,"Keep: Has active purchase/return activity"
"13184-P",TRUE,2,1,0,0,0,0,2,2,1,ACTIVE_WITH_PURCHASE_HISTORY,"Keep: Has active purchase/return activity"
"13184-Y",TRUE,2,1,0,1,1,0,1,2,1,ACTIVE_WITH_PURCHASE_HISTORY,"Keep: Has active purchase/return activity"
"13185-O",TRUE,3,1,0,0,0,0,2,2,2,ACTIVE_WITH_PURCHASE_HISTORY,"Keep: Has active purchase/return activity"
"13185-R",TRUE,3,1,0,0,0,0,2,2,2,ACTIVE_WITH_PURCHASE_HISTORY,"Keep: Has active purchase/return activity"
"1325D-14527",TRUE,1,1,0,0,0,0,1,1,1,ACTIVE_WITH_PURCHASE_HISTORY,"Keep: Has active purchase/return activity"
"1325D-14972",TRUE,1,1,0,0,0,0,1,1,1,ACTIVE_WITH_PURCHASE_HISTORY,"Keep: Has active purchase/return activity"
"1325D-15291",TRUE,1,1,0,0,0,0,1,1,1,ACTIVE_WITH_PURCHASE_HISTORY,"Keep: Has active purchase/return activity"
"13261",TRUE,4,2,0,0,0,0,4,4,2,ACTIVE_WITH_PURCHASE_HISTORY,"Keep: Has active purchase/return activity"
"13269",TRUE,2,1,0,0,0,0,2,2,1,ACTIVE_WITH_PURCHASE_HISTORY,"Keep: Has active purchase/return activity"
"13270",TRUE,2,1,0,0,0,0,2,2,2,ACTIVE_WITH_PURCHASE_HISTORY,"Keep: Has active purchase/return activity"
"133-GREEN",TRUE,2,1,0,2,2,0,0,2,2,ACTIVE_WITH_PURCHASE_HISTORY,"Keep: Has active purchase/return activity"
"133-PINK",TRUE,2,1,0,2,2,0,0,2,2,ACTIVE_WITH_PURCHASE_HISTORY,"Keep: Has active purchase/return activity"
"133SU",TRUE,2,1,0,0,0,0,2,2,1,ACTIVE_WITH_PURCHASE_HISTORY,"Keep: Has active purchase/return activity"
"13451",TRUE,2,1,0,0,0,0,2,2,2,ACTIVE_WITH_PURCHASE_HISTORY,"Keep: Has active purchase/return activity"
"13473",TRUE,2,1,0,0,0,0,2,2,2,ACTIVE_WITH_PURCHASE_HISTORY,"Keep: Has active purchase/return activity"
"135",TRUE,2,1,0,0,0,0,1,1,1,ACTIVE_WITH_PURCHASE_HISTORY,"Keep: Has active purchase/return activity"
"135-02",TRUE,2,1,0,0,0,0,1,1,1,ACTIVE_WITH_PURCHASE_HISTORY,"Keep: Has active purchase/return activity"
"13604",TRUE,4,1,0,0,0,0,4,4,2,ACTIVE_WITH_PURCHASE_HISTORY,"Keep: Has active purchase/return activity"
"1363",TRUE,2,1,0,1,1,0,1,2,1,ACTIVE_WITH_PURCHASE_HISTORY,"Keep: Has active purchase/return activity"
"1363-MAROON",TRUE,1,1,0,0,0,0,1,1,1,ACTIVE_WITH_PURCHASE_HISTORY,"Keep: Has active purchase/return activity"
"1364-1",TRUE,1,1,0,0,0,0,1,1,1,ACTIVE_WITH_PURCHASE_HISTORY,"Keep: Has active purchase/return activity"
"138",TRUE,2,1,0,0,0,0,2,2,1,ACTIVE_WITH_PURCHASE_HISTORY,"Keep: Has active purchase/return activity"
"13812",TRUE,1,1,0,0,0,0,1,1,1,ACTIVE_WITH_PURCHASE_HISTORY,"Keep: Has active purchase/return activity"
"1385",TRUE,2,1,0,1,1,0,1,2,1,ACTIVE_WITH_PURCHASE_HISTORY,"Keep: Has active purchase/return activity"
"13916",TRUE,2,1,0,0,0,0,2,2,1,ACTIVE_WITH_PURCHASE_HISTORY,"Keep: Has active purchase/return activity"
"13972 KS",TRUE,5,1,0,1,1,0,4,5,1,ACTIVE_WITH_PURCHASE_HISTORY,"Keep: Has active purchase/return activity"
"13D",TRUE,1,1,0,0,0,0,1,1,1,ACTIVE_WITH_PURCHASE_HISTORY,"Keep: Has active purchase/return activity"
"14",TRUE,16,5,1,2,2,0,7,9,5,ACTIVE_WITH_PURCHASE_HISTORY,"Keep: Has active purchase/return activity"
"14-1-N",TRUE,1,1,1,0,0,0,0,1,1,ACTIVE_WITH_PURCHASE_HISTORY,"Keep: Has active purchase/return activity"
"14-13453",TRUE,1,1,0,0,0,0,1,1,1,ACTIVE_WITH_PURCHASE_HISTORY,"Keep: Has active purchase/return activity"
"14-2504",TRUE,1,1,0,1,1,0,0,1,1,ACTIVE_WITH_PURCHASE_HISTORY,"Keep: Has active purchase/return activity"
"14-Y",TRUE,1,1,0,0,0,0,1,1,1,ACTIVE_WITH_PURCHASE_HISTORY,"Keep: Has active purchase/return activity"
"14/1",TRUE,1,1,0,0,0,0,1,1,1,ACTIVE_WITH_PURCHASE_HISTORY,"Keep: Has active purchase/return activity"
"14/1-PCCS",TRUE,1,1,0,1,1,0,0,1,1,ACTIVE_WITH_PURCHASE_HISTORY,"Keep: Has active purchase/return activity"
"14/5",TRUE,5,1,5,0,0,0,0,5,1,ACTIVE_WITH_PURCHASE_HISTORY,"Keep: Has active purchase/return activity"
"14/7",TRUE,7,1,0,1,1,0,6,7,7,ACTIVE_WITH_PURCHASE_HISTORY,"Keep: Has active purchase/return activity"
"1401",TRUE,1,1,0,1,1,0,0,1,1,ACTIVE_WITH_PURCHASE_HISTORY,"Keep: Has active purchase/return activity"
"14079",TRUE,1,1,0,0,0,0,1,1,1,ACTIVE_WITH_PURCHASE_HISTORY,"Keep: Has active purchase/return activity"
"1409",TRUE,1,1,0,1,1,0,0,1,1,ACTIVE_WITH_PURCHASE_HISTORY,"Keep: Has active purchase/return activity"
"140A",TRUE,1,1,0,0,0,0,1,1,1,ACTIVE_WITH_PURCHASE_HISTORY,"Keep: Has active purchase/return activity"
"143-ASF",TRUE,1,1,0,0,0,0,1,1,1,ACTIVE_WITH_PURCHASE_HISTORY,"Keep: Has active purchase/return activity"
"143-M",TRUE,1,1,0,0,0,0,1,1,1,ACTIVE_WITH_PURCHASE_HISTORY,"Keep: Has active purchase/return activity"
"1431",TRUE,4,1,0,2,2,0,2,4,4,ACTIVE_WITH_PURCHASE_HISTORY,"Keep: Has active purchase/return activity"
"143123",TRUE,25,1,0,4,2,0,21,25,1,ACTIVE_WITH_PURCHASE_HISTORY,"Keep: Has active purchase/return activity"
"143552SP",TRUE,1,1,0,0,0,0,1,1,1,ACTIVE_WITH_PURCHASE_HISTORY,"Keep: Has active purchase/return activity"
"143552SP-5",TRUE,2,1,0,0,0,0,2,2,2,ACTIVE_WITH_PURCHASE_HISTORY,"Keep: Has active purchase/return activity"
"143552SP-6",TRUE,1,1,0,0,0,0,1,1,1,ACTIVE_WITH_PURCHASE_HISTORY,"Keep: Has active purchase/return activity"
"1439",TRUE,1,1,0,0,0,0,1,1,1,ACTIVE_WITH_PURCHASE_HISTORY,"Keep: Has active purchase/return activity"
"1441",TRUE,2,1,0,0,0,0,2,2,2,ACTIVE_WITH_PURCHASE_HISTORY,"Keep: Has active purchase/return activity"
"144241 JJ",TRUE,1,1,0,0,0,0,1,1,1,ACTIVE_WITH_PURCHASE_HISTORY,"Keep: Has active purchase/return activity"
"144241 JJ-13",TRUE,1,1,0,1,1,0,0,1,1,ACTIVE_WITH_PURCHASE_HISTORY,"Keep: Has active purchase/return activity"
"144241 JJ -14",TRUE,2,1,0,1,1,0,0,1,1,ACTIVE_WITH_PURCHASE_HISTORY,"Keep: Has active purchase/return activity"
"144241B",TRUE,1,1,0,0,0,0,1,1,1,ACTIVE_WITH_PURCHASE_HISTORY,"Keep: Has active purchase/return activity"
"144241B-10",TRUE,1,1,0,1,1,0,0,1,1,ACTIVE_WITH_PURCHASE_HISTORY,"Keep: Has active purchase/return activity"
"144241B-11",TRUE,2,1,0,0,0,0,1,1,1,ACTIVE_WITH_PURCHASE_HISTORY,"Keep: Has active purchase/return activity"
"144241B-8",TRUE,1,1,0,0,0,0,1,1,1,ACTIVE_WITH_PURCHASE_HISTORY,"Keep: Has active purchase/return activity"
"144241B-9",TRUE,1,1,0,0,0,0,1,1,1,ACTIVE_WITH_PURCHASE_HISTORY,"Keep: Has active purchase/return activity"
"144252",TRUE,1,1,0,0,0,0,1,1,1,ACTIVE_WITH_PURCHASE_HISTORY,"Keep: Has active purchase/return activity"
"144252-16",TRUE,1,1,0,1,1,0,0,1,1,ACTIVE_WITH_PURCHASE_HISTORY,"Keep: Has active purchase/return activity"
"144252-17",TRUE,1,1,0,0,0,0,1,1,1,ACTIVE_WITH_PURCHASE_HISTORY,"Keep: Has active purchase/return activity"
"144252-18",TRUE,2,1,0,0,0,0,1,1,1,ACTIVE_WITH_PURCHASE_HISTORY,"Keep: Has active purchase/return activity"
"144515",TRUE,2,1,0,0,0,0,2,2,1,ACTIVE_WITH_PURCHASE_HISTORY,"Keep: Has active purchase/return activity"
"144545",TRUE,2,1,0,1,1,0,1,2,1,ACTIVE_WITH_PURCHASE_HISTORY,"Keep: Has active purchase/return activity"
"144672",TRUE,2,1,0,0,0,0,2,2,1,ACTIVE_WITH_PURCHASE_HISTORY,"Keep: Has active purchase/return activity"
"1447",TRUE,1,1,0,0,0,0,1,1,1,ACTIVE_WITH_PURCHASE_HISTORY,"Keep: Has active purchase/return activity"
"14472",TRUE,1,1,0,0,0,0,1,1,1,ACTIVE_WITH_PURCHASE_HISTORY,"Keep: Has active purchase/return activity"
"1450",TRUE,2,2,0,0,0,0,2,2,2,ACTIVE_WITH_PURCHASE_HISTORY,"Keep: Has active purchase/return activity"
"14549 KS",TRUE,5,1,0,2,2,0,3,5,1,ACTIVE_WITH_PURCHASE_HISTORY,"Keep: Has active purchase/return activity"
"1456",TRUE,1,1,0,1,1,0,0,1,1,ACTIVE_WITH_PURCHASE_HISTORY,"Keep: Has active purchase/return activity"
"1458",TRUE,1,1,0,1,1,0,0,1,1,ACTIVE_WITH_PURCHASE_HISTORY,"Keep: Has active purchase/return activity"
"14584 KS",TRUE,3,1,0,0,0,0,3,3,1,ACTIVE_WITH_PURCHASE_HISTORY,"Keep: Has active purchase/return activity"
"1461",TRUE,1,1,0,0,0,0,1,1,1,ACTIVE_WITH_PURCHASE_HISTORY,"Keep: Has active purchase/return activity"
"147",TRUE,1,1,0,0,0,0,1,1,1,ACTIVE_WITH_PURCHASE_HISTORY,"Keep: Has active purchase/return activity"
"1473",TRUE,2,2,0,0,0,0,2,2,2,ACTIVE_WITH_PURCHASE_HISTORY,"Keep: Has active purchase/return activity"
"1478",TRUE,1,1,0,0,0,0,1,1,1,ACTIVE_WITH_PURCHASE_HISTORY,"Keep: Has active purchase/return activity"
"14967",TRUE,1,1,0,0,0,0,1,1,1,ACTIVE_WITH_PURCHASE_HISTORY,"Keep: Has active purchase/return activity"
"14969",TRUE,2,2,0,0,0,0,2,2,2,ACTIVE_WITH_PURCHASE_HISTORY,"Keep: Has active purchase/return activity"
"1498",TRUE,1,1,0,0,0,0,1,1,1,ACTIVE_WITH_PURCHASE_HISTORY,"Keep: Has active purchase/return activity"
"149A",TRUE,1,1,0,0,0,0,1,1,1,ACTIVE_WITH_PURCHASE_HISTORY,"Keep: Has active purchase/return activity"
"14D",TRUE,1,1,0,1,1,0,0,1,1,ACTIVE_WITH_PURCHASE_HISTORY,"Keep: Has active purchase/return activity"
"15",TRUE,18,7,0,2,2,0,7,9,7,ACTIVE_WITH_PURCHASE_HISTORY,"Keep: Has active purchase/return activity"
"15-13314",TRUE,1,1,1,0,0,0,0,1,1,ACTIVE_WITH_PURCHASE_HISTORY,"Keep: Has active purchase/return activity"
"15-2567",TRUE,1,1,0,0,0,0,1,1,1,ACTIVE_WITH_PURCHASE_HISTORY,"Keep: Has active purchase/return activity"
"15-54",TRUE,1,1,1,0,0,0,0,1,1,ACTIVE_WITH_PURCHASE_HISTORY,"Keep: Has active purchase/return activity"
"15-B",TRUE,2,2,1,0,0,0,1,2,2,ACTIVE_WITH_PURCHASE_HISTORY,"Keep: Has active purchase/return activity"
"15-C",TRUE,1,1,0,0,0,0,1,1,1,ACTIVE_WITH_PURCHASE_HISTORY,"Keep: Has active purchase/return activity"
"15/1-AFCS",TRUE,1,1,1,0,0,0,0,1,1,ACTIVE_WITH_PURCHASE_HISTORY,"Keep: Has active purchase/return activity"
"15/3",TRUE,3,1,0,0,0,0,3,3,1,ACTIVE_WITH_PURCHASE_HISTORY,"Keep: Has active purchase/return activity"
"15/4",TRUE,4,1,4,0,0,0,0,2,1,ACTIVE_WITH_PURCHASE_HISTORY,"Keep: Has active purchase/return activity"
"150",TRUE,5,2,0,0,0,0,5,5,2,ACTIVE_WITH_PURCHASE_HISTORY,"Keep: Has active purchase/return activity"
"15015",TRUE,1,1,0,1,1,0,0,1,1,ACTIVE_WITH_PURCHASE_HISTORY,"Keep: Has active purchase/return activity"
"1502",TRUE,1,1,0,0,0,0,1,1,1,ACTIVE_WITH_PURCHASE_HISTORY,"Keep: Has active purchase/return activity"
"1506",TRUE,1,1,0,0,0,0,1,1,1,ACTIVE_WITH_PURCHASE_HISTORY,"Keep: Has active purchase/return activity"
"1508",TRUE,6,3,0,5,5,0,0,4,4,ACTIVE_WITH_PURCHASE_HISTORY,"Keep: Has active purchase/return activity"
"1509",TRUE,2,2,0,0,0,0,2,2,2,ACTIVE_WITH_PURCHASE_HISTORY,"Keep: Has active purchase/return activity"
"151-2719",TRUE,5,1,0,3,3,0,2,5,5,ACTIVE_WITH_PURCHASE_HISTORY,"Keep: Has active purchase/return activity"
"151-4304",TRUE,2,1,0,1,1,0,1,2,2,ACTIVE_WITH_PURCHASE_HISTORY,"Keep: Has active purchase/return activity"
"151-445",TRUE,12,1,0,6,5,0,6,12,1,ACTIVE_WITH_PURCHASE_HISTORY,"Keep: Has active purchase/return activity"
"151-4530",TRUE,3,1,0,3,3,0,0,3,3,ACTIVE_WITH_PURCHASE_HISTORY,"Keep: Has active purchase/return activity"
"151-4848",TRUE,2,1,0,1,1,0,1,2,2,ACTIVE_WITH_PURCHASE_HISTORY,"Keep: Has active purchase/return activity"
"151-4881",TRUE,6,1,0,4,4,0,2,6,6,ACTIVE_WITH_PURCHASE_HISTORY,"Keep: Has active purchase/return activity"
"151-5097",TRUE,2,1,0,0,0,0,2,2,2,ACTIVE_WITH_PURCHASE_HISTORY,"Keep: Has active purchase/return activity"
"151-5194",TRUE,2,1,0,1,1,0,1,2,2,ACTIVE_WITH_PURCHASE_HISTORY,"Keep: Has active purchase/return activity"
"151-5222",TRUE,2,1,0,1,1,0,1,2,2,ACTIVE_WITH_PURCHASE_HISTORY,"Keep: Has active purchase/return activity"
"151-5317",TRUE,2,1,0,1,1,0,1,2,2,ACTIVE_WITH_PURCHASE_HISTORY,"Keep: Has active purchase/return activity"
"151-5335",TRUE,1,1,0,0,0,0,1,1,1,ACTIVE_WITH_PURCHASE_HISTORY,"Keep: Has active purchase/return activity"
"151-5573",TRUE,1,1,0,1,1,0,0,1,1,ACTIVE_WITH_PURCHASE_HISTORY,"Keep: Has active purchase/return activity"
"151-5576",TRUE,2,1,0,0,0,0,2,2,2,ACTIVE_WITH_PURCHASE_HISTORY,"Keep: Has active purchase/return activity"
"151-5584",TRUE,3,1,0,1,1,0,2,3,3,ACTIVE_WITH_PURCHASE_HISTORY,"Keep: Has active purchase/return activity"
"151-5644",TRUE,2,1,0,0,0,0,2,2,2,ACTIVE_WITH_PURCHASE_HISTORY,"Keep: Has active purchase/return activity"
"151-5656",TRUE,1,1,0,0,0,0,1,1,1,ACTIVE_WITH_PURCHASE_HISTORY,"Keep: Has active purchase/return activity"
"151-5675",TRUE,2,1,0,0,0,0,2,2,2,ACTIVE_WITH_PURCHASE_HISTORY,"Keep: Has active purchase/return activity"
"1512",TRUE,1,1,0,1,1,0,0,1,1,ACTIVE_WITH_PURCHASE_HISTORY,"Keep: Has active purchase/return activity"
"15160",TRUE,1,1,0,0,0,0,1,1,1,ACTIVE_WITH_PURCHASE_HISTORY,"Keep: Has active purchase/return activity"
"15202",TRUE,1,1,0,0,0,0,1,1,1,ACTIVE_WITH_PURCHASE_HISTORY,"Keep: Has active purchase/return activity"
"1521",TRUE,1,1,0,1,1,0,0,1,1,ACTIVE_WITH_PURCHASE_HISTORY,"Keep: Has active purchase/return activity"
"1524",TRUE,2,2,0,0,0,0,2,2,2,ACTIVE_WITH_PURCHASE_HISTORY,"Keep: Has active purchase/return activity"
"1530",TRUE,1,1,0,0,0,0,1,1,1,ACTIVE_WITH_PURCHASE_HISTORY,"Keep: Has active purchase/return activity"
"1533",TRUE,1,1,0,1,1,0,0,1,1,ACTIVE_WITH_PURCHASE_HISTORY,"Keep: Has active purchase/return activity"
"1533 GD",TRUE,1,1,0,0,0,0,1,1,1,ACTIVE_WITH_PURCHASE_HISTORY,"Keep: Has active purchase/return activity"
"15373 KS",TRUE,4,1,0,4,2,0,0,4,1,ACTIVE_WITH_PURCHASE_HISTORY,"Keep: Has active purchase/return activity"
"154",TRUE,2,1,0,0,0,0,2,2,1,ACTIVE_WITH_PURCHASE_HISTORY,"Keep: Has active purchase/return activity"
"1540",TRUE,3,1,0,1,1,0,2,3,1,ACTIVE_WITH_PURCHASE_HISTORY,"Keep: Has active purchase/return activity"
"1546",TRUE,5,1,0,0,0,0,3,3,3,ACTIVE_WITH_PURCHASE_HISTORY,"Keep: Has active purchase/return activity"
"1546-18",TRUE,3,1,0,2,2,0,0,1,1,ACTIVE_WITH_PURCHASE_HISTORY,"Keep: Has active purchase/return activity"
"15479",TRUE,1,1,0,0,0,0,1,1,1,ACTIVE_WITH_PURCHASE_HISTORY,"Keep: Has active purchase/return activity"
"1553",TRUE,1,1,0,0,0,0,1,1,1,ACTIVE_WITH_PURCHASE_HISTORY,"Keep: Has active purchase/return activity"
"15551 KS",TRUE,5,1,0,3,3,0,2,5,1,ACTIVE_WITH_PURCHASE_HISTORY,"Keep: Has active purchase/return activity"
"156",TRUE,4,1,0,1,1,0,3,4,1,ACTIVE_WITH_PURCHASE_HISTORY,"Keep: Has active purchase/return activity"
"15601 KS",TRUE,3,1,0,2,1,0,1,3,1,ACTIVE_WITH_PURCHASE_HISTORY,"Keep: Has active purchase/return activity"
"15670-BROWN",TRUE,1,1,0,0,0,0,1,1,1,ACTIVE_WITH_PURCHASE_HISTORY,"Keep: Has active purchase/return activity"
"15670-GREEN",TRUE,1,1,0,0,0,0,1,1,1,ACTIVE_WITH_PURCHASE_HISTORY,"Keep: Has active purchase/return activity"
"1569",TRUE,2,1,0,0,0,0,2,2,1,ACTIVE_WITH_PURCHASE_HISTORY,"Keep: Has active purchase/return activity"
"1570",TRUE,1,1,0,0,0,0,1,1,1,ACTIVE_WITH_PURCHASE_HISTORY,"Keep: Has active purchase/return activity"
"15710",TRUE,1,1,0,0,0,0,1,1,1,ACTIVE_WITH_PURCHASE_HISTORY,"Keep: Has active purchase/return activity"
"15714",TRUE,6,1,0,0,0,0,5,5,4,ACTIVE_WITH_PURCHASE_HISTORY,"Keep: Has active purchase/return activity"
"1572",TRUE,1,1,0,0,0,0,1,1,1,ACTIVE_WITH_PURCHASE_HISTORY,"Keep: Has active purchase/return activity"
"15730",TRUE,6,1,0,0,0,0,6,6,1,ACTIVE_WITH_PURCHASE_HISTORY,"Keep: Has active purchase/return activity"
"15771",TRUE,3,2,0,1,1,0,2,3,2,ACTIVE_WITH_PURCHASE_HISTORY,"Keep: Has active purchase/return activity"
"1585",TRUE,1,1,0,1,1,0,0,1,1,ACTIVE_WITH_PURCHASE_HISTORY,"Keep: Has active purchase/return activity"
"15873",TRUE,4,1,0,0,0,0,4,4,1,ACTIVE_WITH_PURCHASE_HISTORY,"Keep: Has active purchase/return activity"
"1588",TRUE,1,1,0,0,0,0,1,1,1,ACTIVE_WITH_PURCHASE_HISTORY,"Keep: Has active purchase/return activity"
"15890 KS",TRUE,5,1,0,1,1,0,4,5,1,ACTIVE_WITH_PURCHASE_HISTORY,"Keep: Has active purchase/return activity"
"15898",TRUE,2,1,0,0,0,0,2,2,2,ACTIVE_WITH_PURCHASE_HISTORY,"Keep: Has active purchase/return activity"
"1591",TRUE,3,1,0,2,2,0,1,3,3,ACTIVE_WITH_PURCHASE_HISTORY,"Keep: Has active purchase/return activity"
"16",TRUE,11,3,0,1,1,0,7,8,4,ACTIVE_WITH_PURCHASE_HISTORY,"Keep: Has active purchase/return activity"
"16-01",TRUE,3,1,0,0,0,0,2,2,1,ACTIVE_WITH_PURCHASE_HISTORY,"Keep: Has active purchase/return activity"
"16-11",TRUE,1,1,1,0,0,0,0,1,1,ACTIVE_WITH_PURCHASE_HISTORY,"Keep: Has active purchase/return activity"
"16-12862",TRUE,1,1,0,1,1,0,0,1,1,ACTIVE_WITH_PURCHASE_HISTORY,"Keep: Has active purchase/return activity"
"16-2515",TRUE,1,1,0,0,0,0,1,1,1,ACTIVE_WITH_PURCHASE_HISTORY,"Keep: Has active purchase/return activity"
"16-C",TRUE,1,1,0,0,0,0,1,1,1,ACTIVE_WITH_PURCHASE_HISTORY,"Keep: Has active purchase/return activity"
"16/1-SBCS",TRUE,1,1,1,1,1,1,0,1,1,ACTIVE_WITH_PURCHASE_HISTORY,"Keep: Has active purchase/return activity"
"16/4",TRUE,4,1,0,1,1,0,1,2,2,ACTIVE_WITH_PURCHASE_HISTORY,"Keep: Has active purchase/return activity"
"1600N",TRUE,1,1,0,0,0,0,1,1,1,ACTIVE_WITH_PURCHASE_HISTORY,"Keep: Has active purchase/return activity"
"1601U",TRUE,1,1,0,0,0,0,1,1,1,ACTIVE_WITH_PURCHASE_HISTORY,"Keep: Has active purchase/return activity"
"1605",TRUE,7,1,0,0,0,0,7,7,1,ACTIVE_WITH_PURCHASE_HISTORY,"Keep: Has active purchase/return activity"
"16229",TRUE,2,1,0,1,1,0,3,4,2,ACTIVE_WITH_PURCHASE_HISTORY,"Keep: Has active purchase/return activity"
"16304",TRUE,1,1,0,1,1,0,0,1,1,ACTIVE_WITH_PURCHASE_HISTORY,"Keep: Has active purchase/return activity"
"16304 be",TRUE,1,1,0,0,0,0,1,1,1,ACTIVE_WITH_PURCHASE_HISTORY,"Keep: Has active purchase/return activity"
"16304 g",TRUE,1,1,0,1,1,0,0,1,1,ACTIVE_WITH_PURCHASE_HISTORY,"Keep: Has active purchase/return activity"
"16304 p",TRUE,1,1,0,1,1,0,0,1,1,ACTIVE_WITH_PURCHASE_HISTORY,"Keep: Has active purchase/return activity"
"1632-GREEN",TRUE,1,1,0,1,1,0,0,1,1,ACTIVE_WITH_PURCHASE_HISTORY,"Keep: Has active purchase/return activity"
"1632-PINK",TRUE,1,1,0,1,1,0,0,1,1,ACTIVE_WITH_PURCHASE_HISTORY,"Keep: Has active purchase/return activity"
"164/24",TRUE,1,1,0,1,1,0,0,1,1,ACTIVE_WITH_PURCHASE_HISTORY,"Keep: Has active purchase/return activity"
"16410",TRUE,1,1,0,1,1,0,0,1,1,ACTIVE_WITH_PURCHASE_HISTORY,"Keep: Has active purchase/return activity"
"16430",TRUE,2,1,0,0,0,0,2,2,2,ACTIVE_WITH_PURCHASE_HISTORY,"Keep: Has active purchase/return activity"
"16472",TRUE,8,1,0,0,0,0,10,10,4,ACTIVE_WITH_PURCHASE_HISTORY,"Keep: Has active purchase/return activity"
"16475",TRUE,4,1,0,0,0,0,4,4,4,ACTIVE_WITH_PURCHASE_HISTORY,"Keep: Has active purchase/return activity"
"16475-B",TRUE,3,1,0,1,1,0,2,3,3,ACTIVE_WITH_PURCHASE_HISTORY,"Keep: Has active purchase/return activity"
"16476",TRUE,8,1,0,5,5,0,2,6,4,ACTIVE_WITH_PURCHASE_HISTORY,"Keep: Has active purchase/return activity"
"16476-2",TRUE,2,1,0,1,1,0,1,2,2,ACTIVE_WITH_PURCHASE_HISTORY,"Keep: Has active purchase/return activity"
"16478",TRUE,9,1,0,6,6,0,2,7,5,ACTIVE_WITH_PURCHASE_HISTORY,"Keep: Has active purchase/return activity"
"16479",TRUE,11,1,0,6,6,0,4,9,7,ACTIVE_WITH_PURCHASE_HISTORY,"Keep: Has active purchase/return activity"
"16494",TRUE,2,1,0,0,0,0,2,2,2,ACTIVE_WITH_PURCHASE_HISTORY,"Keep: Has active purchase/return activity"
"165",TRUE,2,1,0,0,0,0,2,2,1,ACTIVE_WITH_PURCHASE_HISTORY,"Keep: Has active purchase/return activity"
"16589",TRUE,1,1,0,0,0,0,1,1,1,ACTIVE_WITH_PURCHASE_HISTORY,"Keep: Has active purchase/return activity"
"16601 KS",TRUE,4,1,0,1,1,0,3,4,1,ACTIVE_WITH_PURCHASE_HISTORY,"Keep: Has active purchase/return activity"
"16610",TRUE,1,1,0,0,0,0,1,1,1,ACTIVE_WITH_PURCHASE_HISTORY,"Keep: Has active purchase/return activity"
"16675",TRUE,1,1,0,0,0,0,1,1,1,ACTIVE_WITH_PURCHASE_HISTORY,"Keep: Has active purchase/return activity"
"16676",TRUE,1,1,0,1,1,0,0,1,1,ACTIVE_WITH_PURCHASE_HISTORY,"Keep: Has active purchase/return activity"
"16720",TRUE,1,1,0,0,0,0,1,1,1,ACTIVE_WITH_PURCHASE_HISTORY,"Keep: Has active purchase/return activity"
"16721",TRUE,2,1,0,0,0,0,2,2,1,ACTIVE_WITH_PURCHASE_HISTORY,"Keep: Has active purchase/return activity"
"168-1297",TRUE,2,1,0,2,2,0,0,2,1,ACTIVE_WITH_PURCHASE_HISTORY,"Keep: Has active purchase/return activity"
"168-1369",TRUE,2,1,0,0,0,0,2,2,1,ACTIVE_WITH_PURCHASE_HISTORY,"Keep: Has active purchase/return activity"
"16844",TRUE,1,1,0,0,0,0,1,1,1,ACTIVE_WITH_PURCHASE_HISTORY,"Keep: Has active purchase/return activity"
"16856",TRUE,2,1,0,0,0,0,2,2,2,ACTIVE_WITH_PURCHASE_HISTORY,"Keep: Has active purchase/return activity"
"16857",TRUE,4,1,0,1,1,0,3,4,1,ACTIVE_WITH_PURCHASE_HISTORY,"Keep: Has active purchase/return activity"
"16862-BLUE",TRUE,4,1,0,1,1,0,3,4,4,ACTIVE_WITH_PURCHASE_HISTORY,"Keep: Has active purchase/return activity"
"16862-PINK",TRUE,4,1,0,1,1,0,3,4,4,ACTIVE_WITH_PURCHASE_HISTORY,"Keep: Has active purchase/return activity"
"169",TRUE,4,1,0,0,0,0,4,4,2,ACTIVE_WITH_PURCHASE_HISTORY,"Keep: Has active purchase/return activity"
"16ASU",TRUE,3,1,0,0,0,0,3,3,1,ACTIVE_WITH_PURCHASE_HISTORY,"Keep: Has active purchase/return activity"
"17",TRUE,13,3,0,9,7,1,2,5,4,ACTIVE_WITH_PURCHASE_HISTORY,"Keep: Has active purchase/return activity"
"17-01",TRUE,1,1,0,0,0,0,1,1,1,ACTIVE_WITH_PURCHASE_HISTORY,"Keep: Has active purchase/return activity"
"17-11633",TRUE,1,1,1,0,0,0,0,1,1,ACTIVE_WITH_PURCHASE_HISTORY,"Keep: Has active purchase/return activity"
"17-M-6",TRUE,1,1,1,0,0,0,0,1,1,ACTIVE_WITH_PURCHASE_HISTORY,"Keep: Has active purchase/return activity"
"17-P",TRUE,1,1,0,0,0,0,1,1,1,ACTIVE_WITH_PURCHASE_HISTORY,"Keep: Has active purchase/return activity"
"17/1- EeM",TRUE,1,1,1,0,0,0,0,1,1,ACTIVE_WITH_PURCHASE_HISTORY,"Keep: Has active purchase/return activity"
"17/2",TRUE,2,1,0,2,2,0,0,2,1,ACTIVE_WITH_PURCHASE_HISTORY,"Keep: Has active purchase/return activity"
"170",TRUE,1,1,0,0,0,0,1,1,1,ACTIVE_WITH_PURCHASE_HISTORY,"Keep: Has active purchase/return activity"
"17001",TRUE,1,1,0,0,0,0,1,1,1,ACTIVE_WITH_PURCHASE_HISTORY,"Keep: Has active purchase/return activity"
"17001 g",TRUE,2,1,0,1,1,0,0,1,1,ACTIVE_WITH_PURCHASE_HISTORY,"Keep: Has active purchase/return activity"
"17001 p",TRUE,1,1,0,1,1,0,0,1,1,ACTIVE_WITH_PURCHASE_HISTORY,"Keep: Has active purchase/return activity"
"17001 pe",TRUE,1,1,0,0,0,0,1,1,1,ACTIVE_WITH_PURCHASE_HISTORY,"Keep: Has active purchase/return activity"
"17002",TRUE,1,1,0,0,0,0,1,1,1,ACTIVE_WITH_PURCHASE_HISTORY,"Keep: Has active purchase/return activity"
"17002 g",TRUE,2,1,0,0,0,0,1,1,1,ACTIVE_WITH_PURCHASE_HISTORY,"Keep: Has active purchase/return activity"
"17002 p",TRUE,1,1,0,1,1,0,0,1,1,ACTIVE_WITH_PURCHASE_HISTORY,"Keep: Has active purchase/return activity"
"17004",TRUE,1,1,0,1,1,0,0,1,1,ACTIVE_WITH_PURCHASE_HISTORY,"Keep: Has active purchase/return activity"
"17004 g",TRUE,2,1,0,0,0,0,1,1,1,ACTIVE_WITH_PURCHASE_HISTORY,"Keep: Has active purchase/return activity"
"17004 p",TRUE,1,1,0,0,0,0,1,1,1,ACTIVE_WITH_PURCHASE_HISTORY,"Keep: Has active purchase/return activity"
"17120 KS",TRUE,4,1,0,1,1,0,3,4,1,ACTIVE_WITH_PURCHASE_HISTORY,"Keep: Has active purchase/return activity"
"1718",TRUE,2,1,0,0,0,0,4,4,4,ACTIVE_WITH_PURCHASE_HISTORY,"Keep: Has active purchase/return activity"
"17275",TRUE,4,1,0,1,1,0,2,3,2,ACTIVE_WITH_PURCHASE_HISTORY,"Keep: Has active purchase/return activity"
"1733",TRUE,1,1,0,0,0,0,1,1,1,ACTIVE_WITH_PURCHASE_HISTORY,"Keep: Has active purchase/return activity"
"1733-G",TRUE,1,1,0,0,0,0,1,1,1,ACTIVE_WITH_PURCHASE_HISTORY,"Keep: Has active purchase/return activity"
"1733 gr",TRUE,1,1,0,0,0,0,2,2,1,ACTIVE_WITH_PURCHASE_HISTORY,"Keep: Has active purchase/return activity"
"1733 w",TRUE,1,1,0,0,0,0,1,1,1,ACTIVE_WITH_PURCHASE_HISTORY,"Keep: Has active purchase/return activity"
"17411",TRUE,1,1,0,0,0,0,1,1,1,ACTIVE_WITH_PURCHASE_HISTORY,"Keep: Has active purchase/return activity"
"17524",TRUE,1,1,0,0,0,0,1,1,1,ACTIVE_WITH_PURCHASE_HISTORY,"Keep: Has active purchase/return activity"
"17538",TRUE,1,1,0,0,0,0,1,1,1,ACTIVE_WITH_PURCHASE_HISTORY,"Keep: Has active purchase/return activity"
"1759",TRUE,2,2,0,1,1,0,1,2,2,ACTIVE_WITH_PURCHASE_HISTORY,"Keep: Has active purchase/return activity"
"175SU",TRUE,2,1,0,1,1,0,1,2,2,ACTIVE_WITH_PURCHASE_HISTORY,"Keep: Has active purchase/return activity"
"177",TRUE,1,1,0,1,1,0,0,1,1,ACTIVE_WITH_PURCHASE_HISTORY,"Keep: Has active purchase/return activity"
"1784",TRUE,2,1,0,0,0,0,2,2,2,ACTIVE_WITH_PURCHASE_HISTORY,"Keep: Has active purchase/return activity"
"1793",TRUE,1,1,0,0,0,0,1,1,1,ACTIVE_WITH_PURCHASE_HISTORY,"Keep: Has active purchase/return activity"
"17987",TRUE,2,1,0,0,0,0,2,2,1,ACTIVE_WITH_PURCHASE_HISTORY,"Keep: Has active purchase/return activity"
"1799",TRUE,4,1,0,2,2,0,2,4,4,ACTIVE_WITH_PURCHASE_HISTORY,"Keep: Has active purchase/return activity"
"1799 GR",TRUE,1,1,0,0,0,0,1,1,1,ACTIVE_WITH_PURCHASE_HISTORY,"Keep: Has active purchase/return activity"
"18",TRUE,6,5,0,7,7,1,0,5,5,ACTIVE_WITH_PURCHASE_HISTORY,"Keep: Has active purchase/return activity"
"18-11136",TRUE,1,1,1,0,0,0,0,1,1,ACTIVE_WITH_PURCHASE_HISTORY,"Keep: Has active purchase/return activity"
"18-P",TRUE,1,1,0,0,0,0,1,1,1,ACTIVE_WITH_PURCHASE_HISTORY,"Keep: Has active purchase/return activity"
"18-R-60",TRUE,1,1,1,0,0,0,0,1,1,ACTIVE_WITH_PURCHASE_HISTORY,"Keep: Has active purchase/return activity"
"18/1",TRUE,1,1,0,0,0,0,1,1,1,ACTIVE_WITH_PURCHASE_HISTORY,"Keep: Has active purchase/return activity"
"18/1-EeB",TRUE,1,1,1,0,0,0,0,1,1,ACTIVE_WITH_PURCHASE_HISTORY,"Keep: Has active purchase/return activity"
"18004",TRUE,2,1,0,0,0,0,2,2,1,ACTIVE_WITH_PURCHASE_HISTORY,"Keep: Has active purchase/return activity"
"1801",TRUE,1,1,0,0,0,0,1,1,1,ACTIVE_WITH_PURCHASE_HISTORY,"Keep: Has active purchase/return activity"
"1803",TRUE,4,1,0,2,2,0,2,4,4,ACTIVE_WITH_PURCHASE_HISTORY,"Keep: Has active purchase/return activity"
"18034",TRUE,1,1,0,0,0,0,1,1,1,ACTIVE_WITH_PURCHASE_HISTORY,"Keep: Has active purchase/return activity"
"18035",TRUE,2,1,0,0,0,0,2,2,2,ACTIVE_WITH_PURCHASE_HISTORY,"Keep: Has active purchase/return activity"
"181",TRUE,12,1,0,3,3,0,9,12,12,ACTIVE_WITH_PURCHASE_HISTORY,"Keep: Has active purchase/return activity"
"1812 BLK",TRUE,1,1,0,1,1,0,0,1,1,ACTIVE_WITH_PURCHASE_HISTORY,"Keep: Has active purchase/return activity"
"1816",TRUE,1,1,0,1,1,0,0,1,1,ACTIVE_WITH_PURCHASE_HISTORY,"Keep: Has active purchase/return activity"
"18240 KS",TRUE,3,1,0,2,2,0,1,3,1,ACTIVE_WITH_PURCHASE_HISTORY,"Keep: Has active purchase/return activity"
"1826-B",TRUE,1,1,0,1,1,0,0,1,1,ACTIVE_WITH_PURCHASE_HISTORY,"Keep: Has active purchase/return activity"
"1826-G",TRUE,1,1,0,0,0,0,1,1,1,ACTIVE_WITH_PURCHASE_HISTORY,"Keep: Has active purchase/return activity"
"1826-GR",TRUE,1,1,0,0,0,0,1,1,1,ACTIVE_WITH_PURCHASE_HISTORY,"Keep: Has active purchase/return activity"
"18262 KS",TRUE,3,1,0,1,1,0,2,3,1,ACTIVE_WITH_PURCHASE_HISTORY,"Keep: Has active purchase/return activity"
"183",TRUE,6,1,0,0,0,0,6,6,6,ACTIVE_WITH_PURCHASE_HISTORY,"Keep: Has active purchase/return activity"
"18309",TRUE,1,1,0,0,0,0,1,1,1,ACTIVE_WITH_PURCHASE_HISTORY,"Keep: Has active purchase/return activity"
"18309 KS",TRUE,4,1,0,3,3,0,1,4,1,ACTIVE_WITH_PURCHASE_HISTORY,"Keep: Has active purchase/return activity"
"1833",TRUE,4,1,1,3,3,0,0,4,4,ACTIVE_WITH_PURCHASE_HISTORY,"Keep: Has active purchase/return activity"
"1849",TRUE,6,3,0,0,0,0,6,6,3,ACTIVE_WITH_PURCHASE_HISTORY,"Keep: Has active purchase/return activity"
"1849 XL",TRUE,1,1,0,0,0,0,1,1,1,ACTIVE_WITH_PURCHASE_HISTORY,"Keep: Has active purchase/return activity"
"18505",TRUE,1,1,0,1,1,0,0,1,1,ACTIVE_WITH_PURCHASE_HISTORY,"Keep: Has active purchase/return activity"
"1851-G",TRUE,2,1,0,1,1,0,3,4,4,ACTIVE_WITH_PURCHASE_HISTORY,"Keep: Has active purchase/return activity"
"1851-P",TRUE,1,1,0,1,1,0,2,3,2,ACTIVE_WITH_PURCHASE_HISTORY,"Keep: Has active purchase/return activity"
"18516 KS",TRUE,4,1,0,0,0,0,4,4,1,ACTIVE_WITH_PURCHASE_HISTORY,"Keep: Has active purchase/return activity"
"1852",TRUE,8,1,0,2,2,0,2,4,2,ACTIVE_WITH_PURCHASE_HISTORY,"Keep: Has active purchase/return activity"
"18525 KS",TRUE,2,1,0,1,1,0,1,2,1,ACTIVE_WITH_PURCHASE_HISTORY,"Keep: Has active purchase/return activity"
"1856",TRUE,5,1,0,2,1,0,3,5,5,ACTIVE_WITH_PURCHASE_HISTORY,"Keep: Has active purchase/return activity"
"1859",TRUE,1,1,0,0,0,0,1,1,1,ACTIVE_WITH_PURCHASE_HISTORY,"Keep: Has active purchase/return activity"
"18604",TRUE,2,1,0,0,0,0,3,3,2,ACTIVE_WITH_PURCHASE_HISTORY,"Keep: Has active purchase/return activity"
"1861",TRUE,4,1,0,2,2,0,2,4,1,ACTIVE_WITH_PURCHASE_HISTORY,"Keep: Has active purchase/return activity"
"1861 GN",TRUE,0,0,0,0,0,0,0,0,0,SAFE_TO_DELETE_IDLE,"Safe to Delete: No purchases, returns, sales, or stock"
"1861 PINK",TRUE,2,1,0,0,0,0,2,2,1,ACTIVE_WITH_PURCHASE_HISTORY,"Keep: Has active purchase/return activity"
"1861 PK",TRUE,0,0,0,0,0,0,0,0,0,SAFE_TO_DELETE_IDLE,"Safe to Delete: No purchases, returns, sales, or stock"
"1861 R",TRUE,1,1,0,0,0,0,1,1,1,ACTIVE_WITH_PURCHASE_HISTORY,"Keep: Has active purchase/return activity"
"1862SU",TRUE,1,1,0,0,0,0,1,1,1,ACTIVE_WITH_PURCHASE_HISTORY,"Keep: Has active purchase/return activity"
"1863",TRUE,4,1,0,0,0,0,4,4,1,ACTIVE_WITH_PURCHASE_HISTORY,"Keep: Has active purchase/return activity"
"18633 KS",TRUE,2,1,0,1,1,0,1,2,1,ACTIVE_WITH_PURCHASE_HISTORY,"Keep: Has active purchase/return activity"
"18636 KS",TRUE,3,1,0,2,2,0,1,3,1,ACTIVE_WITH_PURCHASE_HISTORY,"Keep: Has active purchase/return activity"
"18638 KS",TRUE,3,1,0,3,3,0,0,3,1,ACTIVE_WITH_PURCHASE_HISTORY,"Keep: Has active purchase/return activity"
"1864",TRUE,10,2,0,8,8,1,3,10,10,ACTIVE_WITH_PURCHASE_HISTORY,"Keep: Has active purchase/return activity"
"18640 KS",TRUE,4,1,0,3,3,0,1,4,1,ACTIVE_WITH_PURCHASE_HISTORY,"Keep: Has active purchase/return activity"
"18641",TRUE,2,1,0,0,0,0,1,1,1,ACTIVE_WITH_PURCHASE_HISTORY,"Keep: Has active purchase/return activity"
"18641 r",TRUE,1,1,0,0,0,0,1,1,1,ACTIVE_WITH_PURCHASE_HISTORY,"Keep: Has active purchase/return activity"
"18642",TRUE,1,1,0,1,1,0,0,1,1,ACTIVE_WITH_PURCHASE_HISTORY,"Keep: Has active purchase/return activity"
"18642 g",TRUE,1,1,0,0,0,0,1,1,1,ACTIVE_WITH_PURCHASE_HISTORY,"Keep: Has active purchase/return activity"
"18642 r",TRUE,1,1,0,1,1,0,0,1,1,ACTIVE_WITH_PURCHASE_HISTORY,"Keep: Has active purchase/return activity"
"18646",TRUE,1,1,0,0,0,0,1,1,1,ACTIVE_WITH_PURCHASE_HISTORY,"Keep: Has active purchase/return activity"
"18646 b",TRUE,1,1,0,0,0,0,1,1,1,ACTIVE_WITH_PURCHASE_HISTORY,"Keep: Has active purchase/return activity"
"18646 g",TRUE,2,1,0,0,0,0,2,2,2,ACTIVE_WITH_PURCHASE_HISTORY,"Keep: Has active purchase/return activity"
"18646 p",TRUE,1,1,0,0,0,0,1,1,1,ACTIVE_WITH_PURCHASE_HISTORY,"Keep: Has active purchase/return activity"
"18651",TRUE,1,1,0,0,0,0,1,1,1,ACTIVE_WITH_PURCHASE_HISTORY,"Keep: Has active purchase/return activity"
"18651 g",TRUE,1,1,0,1,1,0,0,1,1,ACTIVE_WITH_PURCHASE_HISTORY,"Keep: Has active purchase/return activity"
"18651 p",TRUE,1,1,0,0,0,0,1,1,1,ACTIVE_WITH_PURCHASE_HISTORY,"Keep: Has active purchase/return activity"
"18651 P",TRUE,1,1,0,0,0,0,1,1,1,ACTIVE_WITH_PURCHASE_HISTORY,"Keep: Has active purchase/return activity"
"18651 y",TRUE,1,1,0,0,0,0,1,1,1,ACTIVE_WITH_PURCHASE_HISTORY,"Keep: Has active purchase/return activity"
"18656",TRUE,6,1,0,3,3,0,3,6,1,ACTIVE_WITH_PURCHASE_HISTORY,"Keep: Has active purchase/return activity"
"18677",TRUE,2,1,0,0,0,0,1,1,1,ACTIVE_WITH_PURCHASE_HISTORY,"Keep: Has active purchase/return activity"
"18677 p",TRUE,1,1,0,0,0,0,1,1,1,ACTIVE_WITH_PURCHASE_HISTORY,"Keep: Has active purchase/return activity"
"18677 y",TRUE,3,1,0,1,1,0,0,1,1,ACTIVE_WITH_PURCHASE_HISTORY,"Keep: Has active purchase/return activity"
"1870",TRUE,5,1,0,1,1,0,4,5,1,ACTIVE_WITH_PURCHASE_HISTORY,"Keep: Has active purchase/return activity"
"18720",TRUE,3,1,0,0,0,0,3,3,3,ACTIVE_WITH_PURCHASE_HISTORY,"Keep: Has active purchase/return activity"
"18723",TRUE,2,1,0,1,1,0,1,2,2,ACTIVE_WITH_PURCHASE_HISTORY,"Keep: Has active purchase/return activity"
"1876",TRUE,2,1,0,1,1,0,1,2,1,ACTIVE_WITH_PURCHASE_HISTORY,"Keep: Has active purchase/return activity"
"1877",TRUE,4,1,0,0,0,0,4,4,1,ACTIVE_WITH_PURCHASE_HISTORY,"Keep: Has active purchase/return activity"
"1879",TRUE,0,0,0,2,2,0,3,5,5,ORPHAN_WITH_SALES,"Audit: Sold but lacks purchase invoice in database"
"1879-A",TRUE,5,1,0,0,0,0,5,5,5,ACTIVE_WITH_PURCHASE_HISTORY,"Keep: Has active purchase/return activity"
"1885",TRUE,4,1,0,3,3,0,1,4,4,ACTIVE_WITH_PURCHASE_HISTORY,"Keep: Has active purchase/return activity"
"1887",TRUE,1,1,0,0,0,0,1,1,1,ACTIVE_WITH_PURCHASE_HISTORY,"Keep: Has active purchase/return activity"
"18924",TRUE,1,1,0,0,0,0,1,1,1,ACTIVE_WITH_PURCHASE_HISTORY,"Keep: Has active purchase/return activity"
"1897",TRUE,4,1,0,0,0,0,4,4,1,ACTIVE_WITH_PURCHASE_HISTORY,"Keep: Has active purchase/return activity"
"19",TRUE,7,2,0,2,2,0,0,2,2,ACTIVE_WITH_PURCHASE_HISTORY,"Keep: Has active purchase/return activity"
"19-1-COBD",TRUE,1,1,1,0,0,0,0,1,1,ACTIVE_WITH_PURCHASE_HISTORY,"Keep: Has active purchase/return activity"
"19-R-60",TRUE,1,1,1,0,0,0,0,1,1,ACTIVE_WITH_PURCHASE_HISTORY,"Keep: Has active purchase/return activity"
"19-W",TRUE,1,1,0,0,0,0,1,1,1,ACTIVE_WITH_PURCHASE_HISTORY,"Keep: Has active purchase/return activity"
"19/1",TRUE,1,1,0,0,0,0,1,1,1,ACTIVE_WITH_PURCHASE_HISTORY,"Keep: Has active purchase/return activity"
"190-131",TRUE,2,1,0,2,2,0,0,2,1,ACTIVE_WITH_PURCHASE_HISTORY,"Keep: Has active purchase/return activity"
"190-163B",TRUE,1,1,0,1,1,0,0,1,1,ACTIVE_WITH_PURCHASE_HISTORY,"Keep: Has active purchase/return activity"
"190-203",TRUE,2,1,0,2,1,1,0,2,1,ACTIVE_WITH_PURCHASE_HISTORY,"Keep: Has active purchase/return activity"
"190-231",TRUE,3,1,0,3,3,0,0,3,1,ACTIVE_WITH_PURCHASE_HISTORY,"Keep: Has active purchase/return activity"
"190-232",TRUE,3,1,0,3,3,0,0,3,1,ACTIVE_WITH_PURCHASE_HISTORY,"Keep: Has active purchase/return activity"
"190-233",TRUE,2,1,0,2,2,0,0,2,1,ACTIVE_WITH_PURCHASE_HISTORY,"Keep: Has active purchase/return activity"
"190-234A",TRUE,2,1,0,1,1,0,1,2,1,ACTIVE_WITH_PURCHASE_HISTORY,"Keep: Has active purchase/return activity"
"190-263A",TRUE,4,2,1,3,3,1,1,4,2,ACTIVE_WITH_PURCHASE_HISTORY,"Keep: Has active purchase/return activity"
"1901",TRUE,4,1,0,1,1,0,3,4,1,ACTIVE_WITH_PURCHASE_HISTORY,"Keep: Has active purchase/return activity"
"1902",TRUE,2,1,0,0,0,0,2,2,1,ACTIVE_WITH_PURCHASE_HISTORY,"Keep: Has active purchase/return activity"
"1903",TRUE,4,1,0,2,2,0,2,4,1,ACTIVE_WITH_PURCHASE_HISTORY,"Keep: Has active purchase/return activity"
"1905",TRUE,4,1,0,0,0,0,4,4,1,ACTIVE_WITH_PURCHASE_HISTORY,"Keep: Has active purchase/return activity"
"1906",TRUE,4,1,0,1,1,0,3,4,1,ACTIVE_WITH_PURCHASE_HISTORY,"Keep: Has active purchase/return activity"
"19078",TRUE,1,1,0,0,0,0,1,1,1,ACTIVE_WITH_PURCHASE_HISTORY,"Keep: Has active purchase/return activity"
"19154",TRUE,1,1,0,0,0,0,1,1,1,ACTIVE_WITH_PURCHASE_HISTORY,"Keep: Has active purchase/return activity"
"1920",TRUE,1,1,0,0,0,0,1,1,1,ACTIVE_WITH_PURCHASE_HISTORY,"Keep: Has active purchase/return activity"
"19279",TRUE,2,1,0,0,0,0,2,2,2,ACTIVE_WITH_PURCHASE_HISTORY,"Keep: Has active purchase/return activity"
"1928",TRUE,1,1,0,0,0,0,1,1,1,ACTIVE_WITH_PURCHASE_HISTORY,"Keep: Has active purchase/return activity"
"19280",TRUE,3,1,0,0,0,0,3,3,3,ACTIVE_WITH_PURCHASE_HISTORY,"Keep: Has active purchase/return activity"
"19379",TRUE,2,1,0,0,0,0,2,2,1,ACTIVE_WITH_PURCHASE_HISTORY,"Keep: Has active purchase/return activity"
"1946",TRUE,1,1,0,1,1,0,0,1,1,ACTIVE_WITH_PURCHASE_HISTORY,"Keep: Has active purchase/return activity"
"1946 XL",TRUE,1,1,0,1,1,0,0,1,1,ACTIVE_WITH_PURCHASE_HISTORY,"Keep: Has active purchase/return activity"
"1947",TRUE,3,1,0,1,1,0,2,3,3,ACTIVE_WITH_PURCHASE_HISTORY,"Keep: Has active purchase/return activity"
"19475",TRUE,3,1,0,1,1,0,2,3,1,ACTIVE_WITH_PURCHASE_HISTORY,"Keep: Has active purchase/return activity"
"195",TRUE,1,1,0,1,1,0,0,1,1,ACTIVE_WITH_PURCHASE_HISTORY,"Keep: Has active purchase/return activity"
"1950-B",TRUE,2,1,0,0,0,0,2,2,2,ACTIVE_WITH_PURCHASE_HISTORY,"Keep: Has active purchase/return activity"
"1950-G",TRUE,1,1,0,0,0,0,1,1,1,ACTIVE_WITH_PURCHASE_HISTORY,"Keep: Has active purchase/return activity"
"1950-P",TRUE,1,1,0,1,1,0,0,1,1,ACTIVE_WITH_PURCHASE_HISTORY,"Keep: Has active purchase/return activity"
"19525",TRUE,1,1,0,0,0,0,1,1,1,ACTIVE_WITH_PURCHASE_HISTORY,"Keep: Has active purchase/return activity"
"1955",TRUE,1,1,0,0,0,0,1,1,1,ACTIVE_WITH_PURCHASE_HISTORY,"Keep: Has active purchase/return activity"
"1955-G",TRUE,1,1,0,0,0,0,1,1,1,ACTIVE_WITH_PURCHASE_HISTORY,"Keep: Has active purchase/return activity"
"1955-R",TRUE,1,1,0,0,0,0,1,1,1,ACTIVE_WITH_PURCHASE_HISTORY,"Keep: Has active purchase/return activity"
"19584",TRUE,1,1,0,0,0,0,1,1,1,ACTIVE_WITH_PURCHASE_HISTORY,"Keep: Has active purchase/return activity"
"19612",TRUE,2,1,0,0,0,0,2,2,2,ACTIVE_WITH_PURCHASE_HISTORY,"Keep: Has active purchase/return activity"
"1963",TRUE,4,1,0,3,3,1,1,4,4,ACTIVE_WITH_PURCHASE_HISTORY,"Keep: Has active purchase/return activity"
"196SU",TRUE,3,1,0,1,1,0,2,3,1,ACTIVE_WITH_PURCHASE_HISTORY,"Keep: Has active purchase/return activity"
"197",TRUE,1,1,0,0,0,0,1,1,1,ACTIVE_WITH_PURCHASE_HISTORY,"Keep: Has active purchase/return activity"
"1970-RED",TRUE,1,1,0,0,0,0,1,1,1,ACTIVE_WITH_PURCHASE_HISTORY,"Keep: Has active purchase/return activity"
"1971",TRUE,3,1,0,1,1,0,2,3,3,ACTIVE_WITH_PURCHASE_HISTORY,"Keep: Has active purchase/return activity"
"1972A-GREEN",TRUE,1,1,1,0,0,0,0,1,1,ACTIVE_WITH_PURCHASE_HISTORY,"Keep: Has active purchase/return activity"
"1972A-PURPLE",TRUE,1,1,0,1,1,0,0,1,1,ACTIVE_WITH_PURCHASE_HISTORY,"Keep: Has active purchase/return activity"
"19742",TRUE,1,1,0,0,0,0,1,1,1,ACTIVE_WITH_PURCHASE_HISTORY,"Keep: Has active purchase/return activity"
"1977",TRUE,5,1,0,5,5,0,2,7,5,ACTIVE_WITH_PURCHASE_HISTORY,"Keep: Has active purchase/return activity"
"19788",TRUE,3,1,0,0,0,0,3,3,3,ACTIVE_WITH_PURCHASE_HISTORY,"Keep: Has active purchase/return activity"
"19817",TRUE,2,1,0,0,0,0,2,2,2,ACTIVE_WITH_PURCHASE_HISTORY,"Keep: Has active purchase/return activity"
"19829",TRUE,1,1,0,0,0,0,1,1,1,ACTIVE_WITH_PURCHASE_HISTORY,"Keep: Has active purchase/return activity"
"1983",TRUE,5,1,0,3,3,0,2,5,5,ACTIVE_WITH_PURCHASE_HISTORY,"Keep: Has active purchase/return activity"
"1983-02",TRUE,5,1,0,0,0,0,5,5,5,ACTIVE_WITH_PURCHASE_HISTORY,"Keep: Has active purchase/return activity"
"1984",TRUE,7,2,0,4,4,0,3,7,7,ACTIVE_WITH_PURCHASE_HISTORY,"Keep: Has active purchase/return activity"
"1984-02",TRUE,5,1,0,5,5,0,0,5,5,ACTIVE_WITH_PURCHASE_HISTORY,"Keep: Has active purchase/return activity"
"19850",TRUE,1,1,0,0,0,0,1,1,1,ACTIVE_WITH_PURCHASE_HISTORY,"Keep: Has active purchase/return activity"
"1987-01",TRUE,1,1,0,0,0,0,1,1,1,ACTIVE_WITH_PURCHASE_HISTORY,"Keep: Has active purchase/return activity"
"1987-02",TRUE,1,1,0,1,1,0,0,1,1,ACTIVE_WITH_PURCHASE_HISTORY,"Keep: Has active purchase/return activity"
"1987-03",TRUE,1,1,0,1,1,0,0,1,1,ACTIVE_WITH_PURCHASE_HISTORY,"Keep: Has active purchase/return activity"
"1988-PINK",TRUE,1,1,0,1,1,0,0,1,1,ACTIVE_WITH_PURCHASE_HISTORY,"Keep: Has active purchase/return activity"
"19880",TRUE,1,1,0,1,1,0,0,1,1,ACTIVE_WITH_PURCHASE_HISTORY,"Keep: Has active purchase/return activity"
"19917",TRUE,2,1,0,0,0,0,2,2,1,ACTIVE_WITH_PURCHASE_HISTORY,"Keep: Has active purchase/return activity"
"1993",TRUE,1,1,0,0,0,0,1,1,1,ACTIVE_WITH_PURCHASE_HISTORY,"Keep: Has active purchase/return activity"
"1994-01",TRUE,1,1,0,0,0,0,1,1,1,ACTIVE_WITH_PURCHASE_HISTORY,"Keep: Has active purchase/return activity"
"1994-02",TRUE,1,1,0,0,0,0,1,1,1,ACTIVE_WITH_PURCHASE_HISTORY,"Keep: Has active purchase/return activity"
"1994-03",TRUE,1,1,0,0,0,0,1,1,1,ACTIVE_WITH_PURCHASE_HISTORY,"Keep: Has active purchase/return activity"
"1995-RANI",TRUE,1,1,1,0,0,0,0,1,1,ACTIVE_WITH_PURCHASE_HISTORY,"Keep: Has active purchase/return activity"
"19950",TRUE,2,1,0,1,1,0,1,2,2,ACTIVE_WITH_PURCHASE_HISTORY,"Keep: Has active purchase/return activity"
"19951",TRUE,1,1,0,1,1,0,0,1,1,ACTIVE_WITH_PURCHASE_HISTORY,"Keep: Has active purchase/return activity"
"1997-01",TRUE,1,1,0,0,0,0,1,1,1,ACTIVE_WITH_PURCHASE_HISTORY,"Keep: Has active purchase/return activity"
"1997-02",TRUE,1,1,0,0,0,0,1,1,1,ACTIVE_WITH_PURCHASE_HISTORY,"Keep: Has active purchase/return activity"
"1998",TRUE,5,1,0,3,3,0,4,7,5,ACTIVE_WITH_PURCHASE_HISTORY,"Keep: Has active purchase/return activity"
"1999-PURPLE",TRUE,1,1,0,0,0,0,1,1,1,ACTIVE_WITH_PURCHASE_HISTORY,"Keep: Has active purchase/return activity"
"19SU",TRUE,2,1,0,0,0,0,2,2,1,ACTIVE_WITH_PURCHASE_HISTORY,"Keep: Has active purchase/return activity"
"1A",TRUE,8,1,0,0,0,0,18,18,1,ACTIVE_WITH_PURCHASE_HISTORY,"Keep: Has active purchase/return activity"
"1B",TRUE,1,1,0,0,0,0,1,1,1,ACTIVE_WITH_PURCHASE_HISTORY,"Keep: Has active purchase/return activity"
"2",TRUE,90,21,1,11,11,1,65,77,21,ACTIVE_WITH_PURCHASE_HISTORY,"Keep: Has active purchase/return activity"
"2- LAHARIYA",TRUE,3,1,0,1,1,0,2,3,1,ACTIVE_WITH_PURCHASE_HISTORY,"Keep: Has active purchase/return activity"
"2-15673",TRUE,1,1,0,1,1,0,0,1,1,ACTIVE_WITH_PURCHASE_HISTORY,"Keep: Has active purchase/return activity"
"2-2595",TRUE,1,1,0,0,0,0,1,1,1,ACTIVE_WITH_PURCHASE_HISTORY,"Keep: Has active purchase/return activity"
"2-3035",TRUE,1,1,0,0,0,0,1,1,1,ACTIVE_WITH_PURCHASE_HISTORY,"Keep: Has active purchase/return activity"
"2-323",TRUE,1,1,1,0,0,0,0,1,1,ACTIVE_WITH_PURCHASE_HISTORY,"Keep: Has active purchase/return activity"
"2-4736",TRUE,1,1,1,0,0,0,0,1,1,ACTIVE_WITH_PURCHASE_HISTORY,"Keep: Has active purchase/return activity"
"2-4736-P",TRUE,1,1,1,0,0,0,0,1,1,ACTIVE_WITH_PURCHASE_HISTORY,"Keep: Has active purchase/return activity"
"2-BLACK",TRUE,1,1,0,1,1,0,0,1,1,ACTIVE_WITH_PURCHASE_HISTORY,"Keep: Has active purchase/return activity"
"2-BROWN",TRUE,0,0,0,2,1,0,1,2,2,ORPHAN_WITH_SALES,"Audit: Sold but lacks purchase invoice in database"
"2-BROWN-01",TRUE,3,1,0,1,1,0,0,1,1,ACTIVE_WITH_PURCHASE_HISTORY,"Keep: Has active purchase/return activity"
"2-C1008",TRUE,1,1,0,1,1,0,0,1,1,ACTIVE_WITH_PURCHASE_HISTORY,"Keep: Has active purchase/return activity"
"2-C987",TRUE,1,1,0,0,0,0,2,2,2,ACTIVE_WITH_PURCHASE_HISTORY,"Keep: Has active purchase/return activity"
"2-G",TRUE,1,1,0,0,0,0,1,1,1,ACTIVE_WITH_PURCHASE_HISTORY,"Keep: Has active purchase/return activity"
"2-MULTI",TRUE,2,1,0,2,2,0,0,2,1,ACTIVE_WITH_PURCHASE_HISTORY,"Keep: Has active purchase/return activity"
"2-P",TRUE,1,1,0,0,0,0,1,1,1,ACTIVE_WITH_PURCHASE_HISTORY,"Keep: Has active purchase/return activity"
"2-R",TRUE,1,1,0,0,0,0,1,1,1,ACTIVE_WITH_PURCHASE_HISTORY,"Keep: Has active purchase/return activity"
"2-WHITE",TRUE,4,1,0,4,4,0,0,4,2,ACTIVE_WITH_PURCHASE_HISTORY,"Keep: Has active purchase/return activity"
"2 C",TRUE,1,1,0,1,1,0,0,1,1,ACTIVE_WITH_PURCHASE_HISTORY,"Keep: Has active purchase/return activity"
"2/1",TRUE,3,3,2,0,0,0,1,3,3,ACTIVE_WITH_PURCHASE_HISTORY,"Keep: Has active purchase/return activity"
"2/1-B",TRUE,1,1,1,0,0,0,0,1,1,ACTIVE_WITH_PURCHASE_HISTORY,"Keep: Has active purchase/return activity"
"2/1-EDJ",TRUE,1,1,1,0,0,0,0,1,1,ACTIVE_WITH_PURCHASE_HISTORY,"Keep: Has active purchase/return activity"
"2/1-K P N",TRUE,1,1,1,0,0,0,0,1,1,ACTIVE_WITH_PURCHASE_HISTORY,"Keep: Has active purchase/return activity"
"2/1 -BS",TRUE,0,0,0,0,0,0,0,0,0,SAFE_TO_DELETE_IDLE,"Safe to Delete: No purchases, returns, sales, or stock"
"2/2",TRUE,2,1,2,0,0,0,0,2,1,ACTIVE_WITH_PURCHASE_HISTORY,"Keep: Has active purchase/return activity"
"2/2- H J",TRUE,2,1,0,1,1,0,1,2,1,ACTIVE_WITH_PURCHASE_HISTORY,"Keep: Has active purchase/return activity"
"2/2-B",TRUE,1,1,1,0,0,0,0,1,1,ACTIVE_WITH_PURCHASE_HISTORY,"Keep: Has active purchase/return activity"
"2/3",TRUE,3,1,0,2,2,0,1,3,1,ACTIVE_WITH_PURCHASE_HISTORY,"Keep: Has active purchase/return activity"
"2/4",TRUE,4,1,0,0,0,0,4,4,1,ACTIVE_WITH_PURCHASE_HISTORY,"Keep: Has active purchase/return activity"
"2/4-N",TRUE,4,1,1,1,1,0,2,4,1,ACTIVE_WITH_PURCHASE_HISTORY,"Keep: Has active purchase/return activity"
"2/5",TRUE,15,3,0,4,4,0,9,13,4,ACTIVE_WITH_PURCHASE_HISTORY,"Keep: Has active purchase/return activity"
"2/7-MJ",TRUE,7,1,2,2,2,0,3,7,1,ACTIVE_WITH_PURCHASE_HISTORY,"Keep: Has active purchase/return activity"
"2/9- CHNDRI",TRUE,9,1,0,5,5,0,4,9,1,ACTIVE_WITH_PURCHASE_HISTORY,"Keep: Has active purchase/return activity"
"20",TRUE,4,4,0,0,0,0,4,4,4,ACTIVE_WITH_PURCHASE_HISTORY,"Keep: Has active purchase/return activity"
"20-1-R",TRUE,1,1,1,0,0,0,0,1,1,ACTIVE_WITH_PURCHASE_HISTORY,"Keep: Has active purchase/return activity"
"20-P",TRUE,1,1,0,0,0,0,1,1,1,ACTIVE_WITH_PURCHASE_HISTORY,"Keep: Has active purchase/return activity"
"20/1",TRUE,1,1,0,0,0,0,1,1,1,ACTIVE_WITH_PURCHASE_HISTORY,"Keep: Has active purchase/return activity"
"20/1-BOBD",TRUE,1,1,1,0,0,0,0,1,1,ACTIVE_WITH_PURCHASE_HISTORY,"Keep: Has active purchase/return activity"
"200-A",TRUE,1,1,0,0,0,0,1,1,1,ACTIVE_WITH_PURCHASE_HISTORY,"Keep: Has active purchase/return activity"
"200-B",TRUE,1,1,0,0,0,0,1,1,1,ACTIVE_WITH_PURCHASE_HISTORY,"Keep: Has active purchase/return activity"
"200-G",TRUE,2,1,0,2,2,0,0,2,2,ACTIVE_WITH_PURCHASE_HISTORY,"Keep: Has active purchase/return activity"
"2001",TRUE,2,1,0,2,2,0,0,2,2,ACTIVE_WITH_PURCHASE_HISTORY,"Keep: Has active purchase/return activity"
"2002",TRUE,2,1,0,0,0,0,2,2,1,ACTIVE_WITH_PURCHASE_HISTORY,"Keep: Has active purchase/return activity"
"2002 GN",TRUE,0,0,0,0,0,0,0,0,0,SAFE_TO_DELETE_IDLE,"Safe to Delete: No purchases, returns, sales, or stock"
"2003",TRUE,1,1,0,1,1,0,0,1,1,ACTIVE_WITH_PURCHASE_HISTORY,"Keep: Has active purchase/return activity"
"2003XL",TRUE,1,1,0,1,1,0,0,1,1,ACTIVE_WITH_PURCHASE_HISTORY,"Keep: Has active purchase/return activity"
"20048",TRUE,1,1,0,0,0,0,1,1,1,ACTIVE_WITH_PURCHASE_HISTORY,"Keep: Has active purchase/return activity"
"20089",TRUE,2,1,0,0,0,0,2,2,1,ACTIVE_WITH_PURCHASE_HISTORY,"Keep: Has active purchase/return activity"
"20123",TRUE,1,1,0,0,0,0,1,1,1,ACTIVE_WITH_PURCHASE_HISTORY,"Keep: Has active purchase/return activity"
"2014",TRUE,5,1,0,1,1,0,4,5,5,ACTIVE_WITH_PURCHASE_HISTORY,"Keep: Has active purchase/return activity"
"2015",TRUE,1,1,0,0,0,0,1,1,1,ACTIVE_WITH_PURCHASE_HISTORY,"Keep: Has active purchase/return activity"
"2015 B",TRUE,1,1,0,0,0,0,1,1,1,ACTIVE_WITH_PURCHASE_HISTORY,"Keep: Has active purchase/return activity"
"2020-01",TRUE,1,1,0,0,0,0,1,1,1,ACTIVE_WITH_PURCHASE_HISTORY,"Keep: Has active purchase/return activity"
"2020-02",TRUE,1,1,0,0,0,0,1,1,1,ACTIVE_WITH_PURCHASE_HISTORY,"Keep: Has active purchase/return activity"
"2020-03",TRUE,1,1,0,0,0,0,1,1,1,ACTIVE_WITH_PURCHASE_HISTORY,"Keep: Has active purchase/return activity"
"20201",TRUE,3,1,0,0,0,0,3,3,1,ACTIVE_WITH_PURCHASE_HISTORY,"Keep: Has active purchase/return activity"
"20206",TRUE,2,1,0,0,0,0,2,2,1,ACTIVE_WITH_PURCHASE_HISTORY,"Keep: Has active purchase/return activity"
"20208",TRUE,1,1,0,0,0,0,1,1,1,ACTIVE_WITH_PURCHASE_HISTORY,"Keep: Has active purchase/return activity"
"2021",TRUE,2,1,0,0,0,0,1,1,1,ACTIVE_WITH_PURCHASE_HISTORY,"Keep: Has active purchase/return activity"
"2021 XL",TRUE,1,1,0,0,0,0,1,1,1,ACTIVE_WITH_PURCHASE_HISTORY,"Keep: Has active purchase/return activity"
"20210",TRUE,4,1,0,0,0,0,4,4,1,ACTIVE_WITH_PURCHASE_HISTORY,"Keep: Has active purchase/return activity"
"202107 (BEIGE)",TRUE,5,1,6,0,0,0,0,5,5,ACTIVE_WITH_PURCHASE_HISTORY,"Keep: Has active purchase/return activity"
"202107 (GREY)",TRUE,5,1,5,0,0,0,0,5,5,ACTIVE_WITH_PURCHASE_HISTORY,"Keep: Has active purchase/return activity"
"202107 (WHITE)",TRUE,5,1,5,0,0,0,0,5,5,ACTIVE_WITH_PURCHASE_HISTORY,"Keep: Has active purchase/return activity"
"202107 BLACK",TRUE,5,1,5,0,0,0,0,5,5,ACTIVE_WITH_PURCHASE_HISTORY,"Keep: Has active purchase/return activity"
"202107 BLUE",TRUE,5,1,5,0,0,0,0,5,5,ACTIVE_WITH_PURCHASE_HISTORY,"Keep: Has active purchase/return activity"
"202107 PEACH",TRUE,5,1,5,0,0,0,0,5,5,ACTIVE_WITH_PURCHASE_HISTORY,"Keep: Has active purchase/return activity"
"202107 PINK",TRUE,5,1,5,0,0,0,0,5,5,ACTIVE_WITH_PURCHASE_HISTORY,"Keep: Has active purchase/return activity"
"2024-01",TRUE,1,1,0,1,1,0,0,1,1,ACTIVE_WITH_PURCHASE_HISTORY,"Keep: Has active purchase/return activity"
"2024-02",TRUE,1,1,0,0,0,0,1,1,1,ACTIVE_WITH_PURCHASE_HISTORY,"Keep: Has active purchase/return activity"
"20265",TRUE,3,1,0,0,0,0,3,3,3,ACTIVE_WITH_PURCHASE_HISTORY,"Keep: Has active purchase/return activity"
"20266",TRUE,19,1,0,1,1,0,18,19,1,ACTIVE_WITH_PURCHASE_HISTORY,"Keep: Has active purchase/return activity"
"2027",TRUE,0,0,0,0,0,0,5,5,5,ORPHAN_WITH_STOCK,"Audit: Has physical stock/printed barcodes but no purchase record"
"2027-A",TRUE,3,1,0,0,0,0,3,3,3,ACTIVE_WITH_PURCHASE_HISTORY,"Keep: Has active purchase/return activity"
"2027-B",TRUE,2,1,0,0,0,0,2,2,2,ACTIVE_WITH_PURCHASE_HISTORY,"Keep: Has active purchase/return activity"
"2028",TRUE,2,1,0,1,1,0,1,2,1,ACTIVE_WITH_PURCHASE_HISTORY,"Keep: Has active purchase/return activity"
"2028 XL",TRUE,0,0,0,0,0,0,0,0,0,SAFE_TO_DELETE_IDLE,"Safe to Delete: No purchases, returns, sales, or stock"
"2030-01",TRUE,1,1,0,0,0,0,1,1,1,ACTIVE_WITH_PURCHASE_HISTORY,"Keep: Has active purchase/return activity"
"2030-02",TRUE,1,1,0,0,0,0,1,1,1,ACTIVE_WITH_PURCHASE_HISTORY,"Keep: Has active purchase/return activity"
"2030-03",TRUE,1,1,0,1,1,0,0,1,1,ACTIVE_WITH_PURCHASE_HISTORY,"Keep: Has active purchase/return activity"
"2030-04",TRUE,1,1,0,0,0,0,1,1,1,ACTIVE_WITH_PURCHASE_HISTORY,"Keep: Has active purchase/return activity"
"2032",TRUE,1,1,1,0,0,0,0,1,1,ACTIVE_WITH_PURCHASE_HISTORY,"Keep: Has active purchase/return activity"
"2037",TRUE,1,1,0,0,0,0,1,1,1,ACTIVE_WITH_PURCHASE_HISTORY,"Keep: Has active purchase/return activity"
"20380",TRUE,1,1,0,0,0,0,1,1,1,ACTIVE_WITH_PURCHASE_HISTORY,"Keep: Has active purchase/return activity"
"203SU",TRUE,3,1,0,0,0,0,3,3,1,ACTIVE_WITH_PURCHASE_HISTORY,"Keep: Has active purchase/return activity"
"204",TRUE,1,1,0,0,0,0,1,1,1,ACTIVE_WITH_PURCHASE_HISTORY,"Keep: Has active purchase/return activity"
"2040",TRUE,1,1,0,1,1,0,0,1,1,ACTIVE_WITH_PURCHASE_HISTORY,"Keep: Has active purchase/return activity"
"2040XL",TRUE,1,1,0,1,1,0,0,1,1,ACTIVE_WITH_PURCHASE_HISTORY,"Keep: Has active purchase/return activity"
"2043",TRUE,2,1,0,0,0,0,1,1,1,ACTIVE_WITH_PURCHASE_HISTORY,"Keep: Has active purchase/return activity"
"2043 XL",TRUE,0,0,0,0,0,0,0,0,0,SAFE_TO_DELETE_IDLE,"Safe to Delete: No purchases, returns, sales, or stock"
"20432",TRUE,1,1,0,0,0,0,1,1,1,ACTIVE_WITH_PURCHASE_HISTORY,"Keep: Has active purchase/return activity"
"20436",TRUE,1,1,0,0,0,0,1,1,1,ACTIVE_WITH_PURCHASE_HISTORY,"Keep: Has active purchase/return activity"
"2044 LC",TRUE,1,1,0,1,1,0,0,1,1,ACTIVE_WITH_PURCHASE_HISTORY,"Keep: Has active purchase/return activity"
"2045",TRUE,2,1,0,3,3,1,0,2,2,ACTIVE_WITH_PURCHASE_HISTORY,"Keep: Has active purchase/return activity"
"2048",FALSE,1,1,0,0,0,0,0,0,0,ACTIVE_WITH_PURCHASE_HISTORY,"Keep: Has active purchase/return activity"
"2048 ",TRUE,0,0,0,1,1,0,0,1,1,ORPHAN_WITH_SALES,"Audit: Sold but lacks purchase invoice in database"
"205",TRUE,3,2,1,0,0,0,1,2,2,ACTIVE_WITH_PURCHASE_HISTORY,"Keep: Has active purchase/return activity"
"205-15",TRUE,2,1,0,1,1,0,1,2,1,ACTIVE_WITH_PURCHASE_HISTORY,"Keep: Has active purchase/return activity"
"205-16",TRUE,3,1,0,2,2,0,1,3,1,ACTIVE_WITH_PURCHASE_HISTORY,"Keep: Has active purchase/return activity"
"205-B",TRUE,3,2,2,0,0,0,0,2,2,ACTIVE_WITH_PURCHASE_HISTORY,"Keep: Has active purchase/return activity"
"20514",TRUE,1,1,0,0,0,0,1,1,1,ACTIVE_WITH_PURCHASE_HISTORY,"Keep: Has active purchase/return activity"
"20516",TRUE,1,1,0,0,0,0,1,1,1,ACTIVE_WITH_PURCHASE_HISTORY,"Keep: Has active purchase/return activity"
"2056",TRUE,1,1,0,0,0,0,1,1,1,ACTIVE_WITH_PURCHASE_HISTORY,"Keep: Has active purchase/return activity"
"2056 XL",TRUE,1,1,0,0,0,0,1,1,1,ACTIVE_WITH_PURCHASE_HISTORY,"Keep: Has active purchase/return activity"
"20568",TRUE,1,1,0,0,0,0,1,1,1,ACTIVE_WITH_PURCHASE_HISTORY,"Keep: Has active purchase/return activity"
"20569",TRUE,1,1,0,0,0,0,1,1,1,ACTIVE_WITH_PURCHASE_HISTORY,"Keep: Has active purchase/return activity"
"2059-01",TRUE,1,1,0,1,1,0,0,1,1,ACTIVE_WITH_PURCHASE_HISTORY,"Keep: Has active purchase/return activity"
"2059-02",TRUE,1,1,0,0,0,0,1,1,1,ACTIVE_WITH_PURCHASE_HISTORY,"Keep: Has active purchase/return activity"
"2059-03",TRUE,1,1,0,0,0,0,1,1,1,ACTIVE_WITH_PURCHASE_HISTORY,"Keep: Has active purchase/return activity"
"2059-04",TRUE,1,1,0,0,0,0,1,1,1,ACTIVE_WITH_PURCHASE_HISTORY,"Keep: Has active purchase/return activity"
"2060-01",TRUE,1,1,0,0,0,0,1,1,1,ACTIVE_WITH_PURCHASE_HISTORY,"Keep: Has active purchase/return activity"
"2060-02",TRUE,1,1,0,0,0,0,1,1,1,ACTIVE_WITH_PURCHASE_HISTORY,"Keep: Has active purchase/return activity"
"2060-03",TRUE,1,1,0,0,0,0,1,1,1,ACTIVE_WITH_PURCHASE_HISTORY,"Keep: Has active purchase/return activity"
"2060-04",TRUE,1,1,0,0,0,0,1,1,1,ACTIVE_WITH_PURCHASE_HISTORY,"Keep: Has active purchase/return activity"
"2071",TRUE,1,1,0,0,0,0,1,1,1,ACTIVE_WITH_PURCHASE_HISTORY,"Keep: Has active purchase/return activity"
"2071-C",TRUE,1,1,0,0,0,0,1,1,1,ACTIVE_WITH_PURCHASE_HISTORY,"Keep: Has active purchase/return activity"
"20712",TRUE,4,1,0,0,0,0,4,4,1,ACTIVE_WITH_PURCHASE_HISTORY,"Keep: Has active purchase/return activity"
"20718",TRUE,1,1,0,0,0,0,1,1,1,ACTIVE_WITH_PURCHASE_HISTORY,"Keep: Has active purchase/return activity"
"20738",TRUE,2,1,0,0,0,0,2,2,2,ACTIVE_WITH_PURCHASE_HISTORY,"Keep: Has active purchase/return activity"
"2084",TRUE,4,1,0,2,2,0,2,4,4,ACTIVE_WITH_PURCHASE_HISTORY,"Keep: Has active purchase/return activity"
"209",TRUE,1,1,1,0,0,0,0,1,1,ACTIVE_WITH_PURCHASE_HISTORY,"Keep: Has active purchase/return activity"
"209-B",TRUE,1,1,1,0,0,0,0,1,1,ACTIVE_WITH_PURCHASE_HISTORY,"Keep: Has active purchase/return activity"
"20930",TRUE,1,1,0,0,0,0,1,1,1,ACTIVE_WITH_PURCHASE_HISTORY,"Keep: Has active purchase/return activity"
"20954",TRUE,2,1,0,0,0,0,2,2,1,ACTIVE_WITH_PURCHASE_HISTORY,"Keep: Has active purchase/return activity"
"2098",TRUE,1,1,0,0,0,0,1,1,1,ACTIVE_WITH_PURCHASE_HISTORY,"Keep: Has active purchase/return activity"
"2098 XL",TRUE,1,1,0,1,1,1,0,1,1,ACTIVE_WITH_PURCHASE_HISTORY,"Keep: Has active purchase/return activity"
"209SU",TRUE,2,1,0,0,0,0,2,2,1,ACTIVE_WITH_PURCHASE_HISTORY,"Keep: Has active purchase/return activity"
"21",TRUE,4,3,0,0,0,0,4,4,4,ACTIVE_WITH_PURCHASE_HISTORY,"Keep: Has active purchase/return activity"
"21-1-AZ",TRUE,1,1,1,0,0,0,0,1,1,ACTIVE_WITH_PURCHASE_HISTORY,"Keep: Has active purchase/return activity"
"21-BLUE",TRUE,1,1,0,0,0,0,1,1,1,ACTIVE_WITH_PURCHASE_HISTORY,"Keep: Has active purchase/return activity"
"21-G",TRUE,3,1,0,3,3,0,0,3,3,ACTIVE_WITH_PURCHASE_HISTORY,"Keep: Has active purchase/return activity"
"21-P",TRUE,1,1,0,0,0,0,1,1,1,ACTIVE_WITH_PURCHASE_HISTORY,"Keep: Has active purchase/return activity"
"21/1",TRUE,1,1,0,0,0,0,1,1,1,ACTIVE_WITH_PURCHASE_HISTORY,"Keep: Has active purchase/return activity"
"21/1-BSABD",TRUE,1,1,1,0,0,0,0,1,1,ACTIVE_WITH_PURCHASE_HISTORY,"Keep: Has active purchase/return activity"
"21009",TRUE,2,1,0,0,0,0,2,2,2,ACTIVE_WITH_PURCHASE_HISTORY,"Keep: Has active purchase/return activity"
"2107",TRUE,2,2,0,0,0,0,1,1,1,ACTIVE_WITH_PURCHASE_HISTORY,"Keep: Has active purchase/return activity"
"2107 ",TRUE,0,0,0,0,0,0,1,1,1,ORPHAN_WITH_STOCK,"Audit: Has physical stock/printed barcodes but no purchase record"
"2108",TRUE,1,1,0,0,0,0,1,1,1,ACTIVE_WITH_PURCHASE_HISTORY,"Keep: Has active purchase/return activity"
"21119",TRUE,2,1,0,1,1,0,1,2,2,ACTIVE_WITH_PURCHASE_HISTORY,"Keep: Has active purchase/return activity"
"21120",TRUE,3,1,0,1,1,0,2,3,3,ACTIVE_WITH_PURCHASE_HISTORY,"Keep: Has active purchase/return activity"
"21124",TRUE,2,1,0,1,1,0,1,2,2,ACTIVE_WITH_PURCHASE_HISTORY,"Keep: Has active purchase/return activity"
"21125",TRUE,2,1,0,0,0,0,2,2,2,ACTIVE_WITH_PURCHASE_HISTORY,"Keep: Has active purchase/return activity"
"21141",TRUE,1,1,0,0,0,0,1,1,1,ACTIVE_WITH_PURCHASE_HISTORY,"Keep: Has active purchase/return activity"
"212",TRUE,6,1,0,4,4,0,2,6,6,ACTIVE_WITH_PURCHASE_HISTORY,"Keep: Has active purchase/return activity"
"212-189",TRUE,3,1,0,2,2,0,1,3,1,ACTIVE_WITH_PURCHASE_HISTORY,"Keep: Has active purchase/return activity"
"212-194",TRUE,3,1,0,1,1,0,2,3,1,ACTIVE_WITH_PURCHASE_HISTORY,"Keep: Has active purchase/return activity"
"212-210",TRUE,3,1,0,0,0,0,3,3,1,ACTIVE_WITH_PURCHASE_HISTORY,"Keep: Has active purchase/return activity"
"212-221",TRUE,3,1,0,0,0,0,3,3,1,ACTIVE_WITH_PURCHASE_HISTORY,"Keep: Has active purchase/return activity"
"21205",TRUE,2,1,0,1,1,0,1,2,1,ACTIVE_WITH_PURCHASE_HISTORY,"Keep: Has active purchase/return activity"
"21208",TRUE,1,1,0,1,1,0,1,2,2,ACTIVE_WITH_PURCHASE_HISTORY,"Keep: Has active purchase/return activity"
"2129 1",TRUE,7,1,0,3,3,0,4,7,7,ACTIVE_WITH_PURCHASE_HISTORY,"Keep: Has active purchase/return activity"
"214",TRUE,7,2,0,2,2,1,5,7,7,ACTIVE_WITH_PURCHASE_HISTORY,"Keep: Has active purchase/return activity"
"21439",TRUE,2,1,0,1,1,0,1,2,2,ACTIVE_WITH_PURCHASE_HISTORY,"Keep: Has active purchase/return activity"
"2146",TRUE,1,1,0,0,0,0,1,1,1,ACTIVE_WITH_PURCHASE_HISTORY,"Keep: Has active purchase/return activity"
"21465",TRUE,1,1,0,0,0,0,1,1,1,ACTIVE_WITH_PURCHASE_HISTORY,"Keep: Has active purchase/return activity"
"21466",TRUE,1,1,0,1,1,0,0,1,1,ACTIVE_WITH_PURCHASE_HISTORY,"Keep: Has active purchase/return activity"
"21474",TRUE,2,1,0,0,0,0,2,2,1,ACTIVE_WITH_PURCHASE_HISTORY,"Keep: Has active purchase/return activity"
"21500",TRUE,1,1,0,1,1,0,0,1,1,ACTIVE_WITH_PURCHASE_HISTORY,"Keep: Has active purchase/return activity"
"21501",TRUE,1,1,0,0,0,0,1,1,1,ACTIVE_WITH_PURCHASE_HISTORY,"Keep: Has active purchase/return activity"
"21514",TRUE,3,1,0,0,0,0,3,3,1,ACTIVE_WITH_PURCHASE_HISTORY,"Keep: Has active purchase/return activity"
"21516",TRUE,3,1,0,0,0,0,3,3,1,ACTIVE_WITH_PURCHASE_HISTORY,"Keep: Has active purchase/return activity"
"216",TRUE,1,1,0,0,0,0,1,1,1,ACTIVE_WITH_PURCHASE_HISTORY,"Keep: Has active purchase/return activity"
"217",TRUE,1,1,0,0,0,0,1,1,1,ACTIVE_WITH_PURCHASE_HISTORY,"Keep: Has active purchase/return activity"
"2175",TRUE,7,1,0,0,0,0,7,7,4,ACTIVE_WITH_PURCHASE_HISTORY,"Keep: Has active purchase/return activity"
"2175-B",TRUE,3,1,0,1,1,0,2,3,3,ACTIVE_WITH_PURCHASE_HISTORY,"Keep: Has active purchase/return activity"
"218",TRUE,2,1,0,0,0,0,2,2,2,ACTIVE_WITH_PURCHASE_HISTORY,"Keep: Has active purchase/return activity"
"22",TRUE,2,2,0,0,0,0,2,2,2,ACTIVE_WITH_PURCHASE_HISTORY,"Keep: Has active purchase/return activity"
"22-P",TRUE,2,1,0,1,1,0,1,2,2,ACTIVE_WITH_PURCHASE_HISTORY,"Keep: Has active purchase/return activity"
"22/1",TRUE,1,1,0,1,1,0,0,1,1,ACTIVE_WITH_PURCHASE_HISTORY,"Keep: Has active purchase/return activity"
"2201-B",TRUE,1,1,0,1,1,0,0,1,1,ACTIVE_WITH_PURCHASE_HISTORY,"Keep: Has active purchase/return activity"
"2201-C",TRUE,1,1,0,0,0,0,1,1,1,ACTIVE_WITH_PURCHASE_HISTORY,"Keep: Has active purchase/return activity"
"2203",TRUE,1,1,0,0,0,0,1,1,1,ACTIVE_WITH_PURCHASE_HISTORY,"Keep: Has active purchase/return activity"
"2203-C",TRUE,1,1,0,1,1,0,0,1,1,ACTIVE_WITH_PURCHASE_HISTORY,"Keep: Has active purchase/return activity"
"2203-E",TRUE,1,1,0,0,0,0,1,1,1,ACTIVE_WITH_PURCHASE_HISTORY,"Keep: Has active purchase/return activity"
"2204-A",TRUE,1,1,0,0,0,0,1,1,1,ACTIVE_WITH_PURCHASE_HISTORY,"Keep: Has active purchase/return activity"
"2206",TRUE,2,2,0,0,0,0,2,2,2,ACTIVE_WITH_PURCHASE_HISTORY,"Keep: Has active purchase/return activity"
"2206-C",TRUE,1,1,0,1,1,0,0,1,1,ACTIVE_WITH_PURCHASE_HISTORY,"Keep: Has active purchase/return activity"
"221",TRUE,1,1,0,0,0,0,1,1,1,ACTIVE_WITH_PURCHASE_HISTORY,"Keep: Has active purchase/return activity"
"2211-A",TRUE,1,1,1,0,0,0,0,1,1,ACTIVE_WITH_PURCHASE_HISTORY,"Keep: Has active purchase/return activity"
"2214",TRUE,1,1,0,1,1,0,0,1,1,ACTIVE_WITH_PURCHASE_HISTORY,"Keep: Has active purchase/return activity"
"221L",TRUE,1,1,0,0,0,0,1,1,1,ACTIVE_WITH_PURCHASE_HISTORY,"Keep: Has active purchase/return activity"
"2234-G",TRUE,1,1,0,0,0,0,1,1,1,ACTIVE_WITH_PURCHASE_HISTORY,"Keep: Has active purchase/return activity"
"2234-P",TRUE,1,1,0,0,0,0,1,1,1,ACTIVE_WITH_PURCHASE_HISTORY,"Keep: Has active purchase/return activity"
"225",TRUE,2,1,0,0,0,0,3,3,2,ACTIVE_WITH_PURCHASE_HISTORY,"Keep: Has active purchase/return activity"
"2253",TRUE,1,1,0,1,1,0,0,1,1,ACTIVE_WITH_PURCHASE_HISTORY,"Keep: Has active purchase/return activity"
"225K",TRUE,1,1,0,0,0,0,2,2,1,ACTIVE_WITH_PURCHASE_HISTORY,"Keep: Has active purchase/return activity"
"225LY",TRUE,1,1,0,1,1,0,0,1,1,ACTIVE_WITH_PURCHASE_HISTORY,"Keep: Has active purchase/return activity"
"22622-CREAM",TRUE,1,1,0,0,0,0,1,1,1,ACTIVE_WITH_PURCHASE_HISTORY,"Keep: Has active purchase/return activity"
"22622-YELLOW",TRUE,1,1,0,0,0,0,1,1,1,ACTIVE_WITH_PURCHASE_HISTORY,"Keep: Has active purchase/return activity"
"2264-BLACK",TRUE,1,1,0,1,1,0,0,1,1,ACTIVE_WITH_PURCHASE_HISTORY,"Keep: Has active purchase/return activity"
"2264-ORANGE",TRUE,1,1,0,1,1,0,0,1,1,ACTIVE_WITH_PURCHASE_HISTORY,"Keep: Has active purchase/return activity"
"2264-PINK",TRUE,1,1,0,1,1,0,0,1,1,ACTIVE_WITH_PURCHASE_HISTORY,"Keep: Has active purchase/return activity"
"2264-PURPLE",TRUE,1,1,0,1,1,0,0,1,1,ACTIVE_WITH_PURCHASE_HISTORY,"Keep: Has active purchase/return activity"
"2269",TRUE,1,1,0,0,0,0,1,1,1,ACTIVE_WITH_PURCHASE_HISTORY,"Keep: Has active purchase/return activity"
"227",TRUE,1,1,0,1,1,0,0,1,1,ACTIVE_WITH_PURCHASE_HISTORY,"Keep: Has active purchase/return activity"
"227-1",TRUE,1,1,0,0,0,0,1,1,1,ACTIVE_WITH_PURCHASE_HISTORY,"Keep: Has active purchase/return activity"
"227-2",TRUE,1,1,0,0,0,0,1,1,1,ACTIVE_WITH_PURCHASE_HISTORY,"Keep: Has active purchase/return activity"
"2280-MVE",TRUE,1,1,0,0,0,0,1,1,1,ACTIVE_WITH_PURCHASE_HISTORY,"Keep: Has active purchase/return activity"
"2286",TRUE,2,1,0,0,0,0,2,2,1,ACTIVE_WITH_PURCHASE_HISTORY,"Keep: Has active purchase/return activity"
"228J",TRUE,1,1,0,1,1,0,0,1,1,ACTIVE_WITH_PURCHASE_HISTORY,"Keep: Has active purchase/return activity"
"229",TRUE,3,3,0,2,2,1,1,3,3,ACTIVE_WITH_PURCHASE_HISTORY,"Keep: Has active purchase/return activity"
"23",TRUE,2,2,0,1,1,0,1,2,2,ACTIVE_WITH_PURCHASE_HISTORY,"Keep: Has active purchase/return activity"
"23-G",TRUE,1,1,0,0,0,0,1,1,1,ACTIVE_WITH_PURCHASE_HISTORY,"Keep: Has active purchase/return activity"
"23-L",TRUE,1,1,0,1,1,0,0,1,1,ACTIVE_WITH_PURCHASE_HISTORY,"Keep: Has active purchase/return activity"
"23-P",TRUE,2,1,0,0,0,0,2,2,2,ACTIVE_WITH_PURCHASE_HISTORY,"Keep: Has active purchase/return activity"
"23-RED",TRUE,1,1,0,1,1,0,1,2,2,ACTIVE_WITH_PURCHASE_HISTORY,"Keep: Has active purchase/return activity"
"23/1",TRUE,1,1,0,0,0,0,1,1,1,ACTIVE_WITH_PURCHASE_HISTORY,"Keep: Has active purchase/return activity"
"230052",TRUE,20,1,20,0,0,0,0,20,20,ACTIVE_WITH_PURCHASE_HISTORY,"Keep: Has active purchase/return activity"
"2303",TRUE,1,1,0,0,0,0,1,1,1,ACTIVE_WITH_PURCHASE_HISTORY,"Keep: Has active purchase/return activity"
"2305",TRUE,1,1,0,0,0,0,1,1,1,ACTIVE_WITH_PURCHASE_HISTORY,"Keep: Has active purchase/return activity"
"2308",TRUE,1,1,0,0,0,0,1,1,1,ACTIVE_WITH_PURCHASE_HISTORY,"Keep: Has active purchase/return activity"
"232",TRUE,2,1,0,0,0,0,2,2,2,ACTIVE_WITH_PURCHASE_HISTORY,"Keep: Has active purchase/return activity"
"23238-1",TRUE,1,1,0,0,0,0,1,1,1,ACTIVE_WITH_PURCHASE_HISTORY,"Keep: Has active purchase/return activity"
"23238-2",TRUE,1,1,0,0,0,0,1,1,1,ACTIVE_WITH_PURCHASE_HISTORY,"Keep: Has active purchase/return activity"
"23238-3",TRUE,1,1,0,0,0,0,1,1,1,ACTIVE_WITH_PURCHASE_HISTORY,"Keep: Has active purchase/return activity"
"233",TRUE,1,1,0,1,1,0,0,1,1,ACTIVE_WITH_PURCHASE_HISTORY,"Keep: Has active purchase/return activity"
"233/963",TRUE,1,1,0,0,0,0,1,1,1,ACTIVE_WITH_PURCHASE_HISTORY,"Keep: Has active purchase/return activity"
"2345",TRUE,0,0,0,0,0,0,0,0,0,SAFE_TO_DELETE_IDLE,"Safe to Delete: No purchases, returns, sales, or stock"
"235",TRUE,1,1,0,0,0,0,1,1,1,ACTIVE_WITH_PURCHASE_HISTORY,"Keep: Has active purchase/return activity"
"2357",TRUE,3,3,0,0,0,0,3,3,3,ACTIVE_WITH_PURCHASE_HISTORY,"Keep: Has active purchase/return activity"
"2362",TRUE,1,1,0,0,0,0,1,1,1,ACTIVE_WITH_PURCHASE_HISTORY,"Keep: Has active purchase/return activity"
"2363",TRUE,1,1,0,0,0,0,1,1,1,ACTIVE_WITH_PURCHASE_HISTORY,"Keep: Has active purchase/return activity"
"2374",TRUE,1,1,0,0,0,0,1,1,1,ACTIVE_WITH_PURCHASE_HISTORY,"Keep: Has active purchase/return activity"
"2380",TRUE,1,1,0,0,0,0,1,1,1,ACTIVE_WITH_PURCHASE_HISTORY,"Keep: Has active purchase/return activity"
"2382",TRUE,1,1,0,1,1,0,0,1,1,ACTIVE_WITH_PURCHASE_HISTORY,"Keep: Has active purchase/return activity"
"2383",TRUE,1,1,0,0,0,0,1,1,1,ACTIVE_WITH_PURCHASE_HISTORY,"Keep: Has active purchase/return activity"
"2387",TRUE,1,1,0,0,0,0,1,1,1,ACTIVE_WITH_PURCHASE_HISTORY,"Keep: Has active purchase/return activity"
"2390",TRUE,1,1,0,0,0,0,1,1,1,ACTIVE_WITH_PURCHASE_HISTORY,"Keep: Has active purchase/return activity"
"2391",TRUE,1,1,0,0,0,0,1,1,1,ACTIVE_WITH_PURCHASE_HISTORY,"Keep: Has active purchase/return activity"
"2392",TRUE,3,3,0,1,1,0,2,3,3,ACTIVE_WITH_PURCHASE_HISTORY,"Keep: Has active purchase/return activity"
"2393",TRUE,1,1,0,0,0,0,1,1,1,ACTIVE_WITH_PURCHASE_HISTORY,"Keep: Has active purchase/return activity"
"2394",TRUE,1,1,0,0,0,0,1,1,1,ACTIVE_WITH_PURCHASE_HISTORY,"Keep: Has active purchase/return activity"
"2395",TRUE,2,2,1,0,0,0,1,2,2,ACTIVE_WITH_PURCHASE_HISTORY,"Keep: Has active purchase/return activity"
"2399",TRUE,1,1,0,0,0,0,1,1,1,ACTIVE_WITH_PURCHASE_HISTORY,"Keep: Has active purchase/return activity"
"24",TRUE,3,2,1,1,1,0,3,5,3,ACTIVE_WITH_PURCHASE_HISTORY,"Keep: Has active purchase/return activity"
"24-B",TRUE,1,1,0,1,1,0,0,1,1,ACTIVE_WITH_PURCHASE_HISTORY,"Keep: Has active purchase/return activity"
"24-L",TRUE,1,1,0,0,0,0,1,1,1,ACTIVE_WITH_PURCHASE_HISTORY,"Keep: Has active purchase/return activity"
"24-P",TRUE,1,1,0,0,0,0,1,1,1,ACTIVE_WITH_PURCHASE_HISTORY,"Keep: Has active purchase/return activity"
"24/4",TRUE,4,1,0,0,0,0,4,4,1,ACTIVE_WITH_PURCHASE_HISTORY,"Keep: Has active purchase/return activity"
"24030",TRUE,1,1,0,0,0,0,1,1,1,ACTIVE_WITH_PURCHASE_HISTORY,"Keep: Has active purchase/return activity"
"240431",TRUE,5,1,0,0,0,0,5,5,5,ACTIVE_WITH_PURCHASE_HISTORY,"Keep: Has active purchase/return activity"
"240553",TRUE,6,2,0,0,0,0,6,6,6,ACTIVE_WITH_PURCHASE_HISTORY,"Keep: Has active purchase/return activity"
"240553-A",TRUE,0,0,1,3,3,1,1,5,5,ACTIVE_WITH_PURCHASE_HISTORY,"Keep: Has active purchase/return activity"
"24058",TRUE,18,2,15,1,1,0,2,15,9,ACTIVE_WITH_PURCHASE_HISTORY,"Keep: Has active purchase/return activity"
"24058-02",TRUE,10,1,6,0,0,0,30,35,5,ACTIVE_WITH_PURCHASE_HISTORY,"Keep: Has active purchase/return activity"
"24058-3",TRUE,8,1,7,1,1,0,0,7,4,ACTIVE_WITH_PURCHASE_HISTORY,"Keep: Has active purchase/return activity"
"24058-4",TRUE,2,1,2,0,0,0,0,2,1,ACTIVE_WITH_PURCHASE_HISTORY,"Keep: Has active purchase/return activity"
"24058-5",TRUE,8,1,6,2,2,0,0,6,4,ACTIVE_WITH_PURCHASE_HISTORY,"Keep: Has active purchase/return activity"
"24058-6",TRUE,2,1,2,0,0,0,0,2,1,ACTIVE_WITH_PURCHASE_HISTORY,"Keep: Has active purchase/return activity"
"24058-A",TRUE,8,1,8,0,0,0,0,6,4,ACTIVE_WITH_PURCHASE_HISTORY,"Keep: Has active purchase/return activity"
"24058-B",TRUE,4,2,4,0,0,0,0,4,2,ACTIVE_WITH_PURCHASE_HISTORY,"Keep: Has active purchase/return activity"
"24062",TRUE,4,1,0,4,4,0,0,4,4,ACTIVE_WITH_PURCHASE_HISTORY,"Keep: Has active purchase/return activity"
"2408",TRUE,2,2,0,1,1,0,1,2,2,ACTIVE_WITH_PURCHASE_HISTORY,"Keep: Has active purchase/return activity"
"2410",TRUE,1,1,0,0,0,0,1,1,1,ACTIVE_WITH_PURCHASE_HISTORY,"Keep: Has active purchase/return activity"
"241015",TRUE,1,1,0,0,0,0,1,1,1,ACTIVE_WITH_PURCHASE_HISTORY,"Keep: Has active purchase/return activity"
"2411",TRUE,1,1,0,0,0,0,1,1,1,ACTIVE_WITH_PURCHASE_HISTORY,"Keep: Has active purchase/return activity"
"2413",TRUE,1,1,0,0,0,0,1,1,1,ACTIVE_WITH_PURCHASE_HISTORY,"Keep: Has active purchase/return activity"
"2415",TRUE,2,2,0,0,0,0,2,2,2,ACTIVE_WITH_PURCHASE_HISTORY,"Keep: Has active purchase/return activity"
"2416",TRUE,1,1,0,1,1,0,0,1,1,ACTIVE_WITH_PURCHASE_HISTORY,"Keep: Has active purchase/return activity"
"2419",TRUE,1,1,0,1,1,0,0,1,1,ACTIVE_WITH_PURCHASE_HISTORY,"Keep: Has active purchase/return activity"
"2420",TRUE,1,1,0,0,0,0,1,1,1,ACTIVE_WITH_PURCHASE_HISTORY,"Keep: Has active purchase/return activity"
"2422",TRUE,1,1,0,0,0,0,1,1,1,ACTIVE_WITH_PURCHASE_HISTORY,"Keep: Has active purchase/return activity"
"243-89",TRUE,3,1,0,3,3,0,0,3,1,ACTIVE_WITH_PURCHASE_HISTORY,"Keep: Has active purchase/return activity"
"2431",TRUE,1,1,0,0,0,0,1,1,1,ACTIVE_WITH_PURCHASE_HISTORY,"Keep: Has active purchase/return activity"
"24364-BLACK",TRUE,5,1,5,0,0,0,0,5,5,ACTIVE_WITH_PURCHASE_HISTORY,"Keep: Has active purchase/return activity"
"24364-CREAM",TRUE,5,1,5,0,0,0,0,5,5,ACTIVE_WITH_PURCHASE_HISTORY,"Keep: Has active purchase/return activity"
"24364-WHITE",TRUE,5,1,5,0,0,0,0,5,5,ACTIVE_WITH_PURCHASE_HISTORY,"Keep: Has active purchase/return activity"
"2445-G",TRUE,1,1,0,0,0,0,1,1,1,ACTIVE_WITH_PURCHASE_HISTORY,"Keep: Has active purchase/return activity"
"2445-O",TRUE,1,1,0,0,0,0,1,1,1,ACTIVE_WITH_PURCHASE_HISTORY,"Keep: Has active purchase/return activity"
"2445-PCH",TRUE,1,1,0,1,1,0,0,1,1,ACTIVE_WITH_PURCHASE_HISTORY,"Keep: Has active purchase/return activity"
"2455",TRUE,1,1,0,1,1,0,0,1,1,ACTIVE_WITH_PURCHASE_HISTORY,"Keep: Has active purchase/return activity"
"2457",TRUE,1,1,0,1,1,0,0,1,1,ACTIVE_WITH_PURCHASE_HISTORY,"Keep: Has active purchase/return activity"
"2471",TRUE,1,1,0,1,1,0,0,1,1,ACTIVE_WITH_PURCHASE_HISTORY,"Keep: Has active purchase/return activity"
"24746",TRUE,1,1,0,0,0,0,1,1,1,ACTIVE_WITH_PURCHASE_HISTORY,"Keep: Has active purchase/return activity"
"2486",TRUE,1,1,0,1,1,0,0,1,1,ACTIVE_WITH_PURCHASE_HISTORY,"Keep: Has active purchase/return activity"
"2489",TRUE,1,1,0,1,1,0,0,1,1,ACTIVE_WITH_PURCHASE_HISTORY,"Keep: Has active purchase/return activity"
"2490",TRUE,1,1,0,0,0,0,1,1,1,ACTIVE_WITH_PURCHASE_HISTORY,"Keep: Has active purchase/return activity"
"2491",TRUE,1,1,0,0,0,0,1,1,1,ACTIVE_WITH_PURCHASE_HISTORY,"Keep: Has active purchase/return activity"
"2492",TRUE,1,1,0,0,0,0,1,1,1,ACTIVE_WITH_PURCHASE_HISTORY,"Keep: Has active purchase/return activity"
"2494",TRUE,1,1,0,1,1,0,0,1,1,ACTIVE_WITH_PURCHASE_HISTORY,"Keep: Has active purchase/return activity"
"2497-Y",TRUE,0,0,0,0,0,0,1,1,1,ORPHAN_WITH_STOCK,"Audit: Has physical stock/printed barcodes but no purchase record"
"2498",TRUE,1,1,0,1,1,0,0,1,1,ACTIVE_WITH_PURCHASE_HISTORY,"Keep: Has active purchase/return activity"
"25",TRUE,2,2,0,1,1,0,1,2,2,ACTIVE_WITH_PURCHASE_HISTORY,"Keep: Has active purchase/return activity"
"25-B",TRUE,1,1,0,0,0,0,1,1,1,ACTIVE_WITH_PURCHASE_HISTORY,"Keep: Has active purchase/return activity"
"25-G",TRUE,1,1,0,1,1,0,0,1,1,ACTIVE_WITH_PURCHASE_HISTORY,"Keep: Has active purchase/return activity"
"25-P",TRUE,2,1,0,1,1,0,1,2,2,ACTIVE_WITH_PURCHASE_HISTORY,"Keep: Has active purchase/return activity"
"25/1",TRUE,1,1,0,0,0,0,1,1,1,ACTIVE_WITH_PURCHASE_HISTORY,"Keep: Has active purchase/return activity"
"2500",TRUE,2,2,0,1,1,0,1,2,2,ACTIVE_WITH_PURCHASE_HISTORY,"Keep: Has active purchase/return activity"
"250059",TRUE,5,1,0,4,4,0,1,5,5,ACTIVE_WITH_PURCHASE_HISTORY,"Keep: Has active purchase/return activity"
"250098",TRUE,5,1,0,2,2,0,4,5,5,ACTIVE_WITH_PURCHASE_HISTORY,"Keep: Has active purchase/return activity"
"2502",TRUE,1,1,0,0,0,0,1,1,1,ACTIVE_WITH_PURCHASE_HISTORY,"Keep: Has active purchase/return activity"
"250371",TRUE,8,2,0,5,5,3,4,8,8,ACTIVE_WITH_PURCHASE_HISTORY,"Keep: Has active purchase/return activity"
"2504",TRUE,1,1,0,0,0,0,1,1,1,ACTIVE_WITH_PURCHASE_HISTORY,"Keep: Has active purchase/return activity"
"2504 CM",TRUE,1,1,0,1,1,0,0,1,1,ACTIVE_WITH_PURCHASE_HISTORY,"Keep: Has active purchase/return activity"
"250442",TRUE,5,1,0,0,0,0,5,5,5,ACTIVE_WITH_PURCHASE_HISTORY,"Keep: Has active purchase/return activity"
"250477",TRUE,6,1,0,0,0,0,6,6,6,ACTIVE_WITH_PURCHASE_HISTORY,"Keep: Has active purchase/return activity"
"250477-G",TRUE,6,1,0,0,0,0,6,6,6,ACTIVE_WITH_PURCHASE_HISTORY,"Keep: Has active purchase/return activity"
"25048",TRUE,1,1,0,0,0,0,1,1,1,ACTIVE_WITH_PURCHASE_HISTORY,"Keep: Has active purchase/return activity"
"250488",TRUE,4,1,0,1,1,0,3,4,4,ACTIVE_WITH_PURCHASE_HISTORY,"Keep: Has active purchase/return activity"
"250496",TRUE,5,1,0,0,0,0,5,5,5,ACTIVE_WITH_PURCHASE_HISTORY,"Keep: Has active purchase/return activity"
"2505",TRUE,1,1,0,0,0,0,1,1,1,ACTIVE_WITH_PURCHASE_HISTORY,"Keep: Has active purchase/return activity"
"250500",TRUE,3,1,0,0,0,0,3,3,3,ACTIVE_WITH_PURCHASE_HISTORY,"Keep: Has active purchase/return activity"
"250578",TRUE,5,1,0,5,5,0,0,5,5,ACTIVE_WITH_PURCHASE_HISTORY,"Keep: Has active purchase/return activity"
"2506",TRUE,2,2,0,1,1,0,1,2,2,ACTIVE_WITH_PURCHASE_HISTORY,"Keep: Has active purchase/return activity"
"250634-GREY",TRUE,5,1,0,0,0,0,5,5,5,ACTIVE_WITH_PURCHASE_HISTORY,"Keep: Has active purchase/return activity"
"250634-WHITE",TRUE,5,1,0,0,0,0,5,5,5,ACTIVE_WITH_PURCHASE_HISTORY,"Keep: Has active purchase/return activity"
"250720",TRUE,4,1,0,1,1,0,3,4,4,ACTIVE_WITH_PURCHASE_HISTORY,"Keep: Has active purchase/return activity"
"250721",TRUE,5,1,0,5,5,0,0,5,5,ACTIVE_WITH_PURCHASE_HISTORY,"Keep: Has active purchase/return activity"
"250725",TRUE,5,1,0,2,2,0,3,5,5,ACTIVE_WITH_PURCHASE_HISTORY,"Keep: Has active purchase/return activity"
"250726",TRUE,5,1,0,2,2,0,3,5,5,ACTIVE_WITH_PURCHASE_HISTORY,"Keep: Has active purchase/return activity"
"25073",TRUE,1,1,0,0,0,0,1,1,1,ACTIVE_WITH_PURCHASE_HISTORY,"Keep: Has active purchase/return activity"
"250730",TRUE,5,1,0,5,5,0,0,5,5,ACTIVE_WITH_PURCHASE_HISTORY,"Keep: Has active purchase/return activity"
"25082",TRUE,2,1,0,1,1,0,1,2,2,ACTIVE_WITH_PURCHASE_HISTORY,"Keep: Has active purchase/return activity"
"2510 PINK",TRUE,1,1,0,0,0,0,1,1,1,ACTIVE_WITH_PURCHASE_HISTORY,"Keep: Has active purchase/return activity"
"251009",TRUE,1,1,0,0,0,0,1,1,1,ACTIVE_WITH_PURCHASE_HISTORY,"Keep: Has active purchase/return activity"
"251031",TRUE,1,1,0,0,0,0,1,1,1,ACTIVE_WITH_PURCHASE_HISTORY,"Keep: Has active purchase/return activity"
"251036",TRUE,1,1,0,0,0,0,1,1,1,ACTIVE_WITH_PURCHASE_HISTORY,"Keep: Has active purchase/return activity"
"251043",TRUE,1,1,0,1,1,0,0,1,1,ACTIVE_WITH_PURCHASE_HISTORY,"Keep: Has active purchase/return activity"
"251046",TRUE,1,1,0,0,0,0,1,1,1,ACTIVE_WITH_PURCHASE_HISTORY,"Keep: Has active purchase/return activity"
"251058",TRUE,1,1,0,0,0,0,1,1,1,ACTIVE_WITH_PURCHASE_HISTORY,"Keep: Has active purchase/return activity"
"25107",TRUE,2,1,0,1,1,0,1,2,2,ACTIVE_WITH_PURCHASE_HISTORY,"Keep: Has active purchase/return activity"
"2511",TRUE,4,1,0,0,0,0,4,4,1,ACTIVE_WITH_PURCHASE_HISTORY,"Keep: Has active purchase/return activity"
"25112",TRUE,2,1,0,0,0,0,4,4,4,ACTIVE_WITH_PURCHASE_HISTORY,"Keep: Has active purchase/return activity"
"2512",TRUE,2,1,0,0,0,0,2,2,2,ACTIVE_WITH_PURCHASE_HISTORY,"Keep: Has active purchase/return activity"
"25126",TRUE,1,1,0,1,1,0,1,2,2,ACTIVE_WITH_PURCHASE_HISTORY,"Keep: Has active purchase/return activity"
"2513 GR",TRUE,1,1,0,1,1,0,0,1,1,ACTIVE_WITH_PURCHASE_HISTORY,"Keep: Has active purchase/return activity"
"2515-L",TRUE,1,1,0,1,1,0,0,1,1,ACTIVE_WITH_PURCHASE_HISTORY,"Keep: Has active purchase/return activity"
"2515 ON",TRUE,1,1,0,0,0,0,1,1,1,ACTIVE_WITH_PURCHASE_HISTORY,"Keep: Has active purchase/return activity"
"251508",TRUE,1,1,0,0,0,0,1,1,1,ACTIVE_WITH_PURCHASE_HISTORY,"Keep: Has active purchase/return activity"
"25154",TRUE,2,1,0,0,0,0,2,2,2,ACTIVE_WITH_PURCHASE_HISTORY,"Keep: Has active purchase/return activity"
"2516",TRUE,1,1,0,1,1,0,0,1,1,ACTIVE_WITH_PURCHASE_HISTORY,"Keep: Has active purchase/return activity"
"2516 BG",TRUE,1,1,0,0,0,0,1,1,1,ACTIVE_WITH_PURCHASE_HISTORY,"Keep: Has active purchase/return activity"
"25165",TRUE,1,1,0,1,1,0,1,2,2,ACTIVE_WITH_PURCHASE_HISTORY,"Keep: Has active purchase/return activity"
"25175",TRUE,1,1,0,0,0,0,2,2,2,ACTIVE_WITH_PURCHASE_HISTORY,"Keep: Has active purchase/return activity"
"25179",TRUE,1,1,0,1,1,0,1,2,2,ACTIVE_WITH_PURCHASE_HISTORY,"Keep: Has active purchase/return activity"
"25186",TRUE,1,1,0,0,0,0,1,1,1,ACTIVE_WITH_PURCHASE_HISTORY,"Keep: Has active purchase/return activity"
"25187",TRUE,1,1,0,1,1,0,0,1,1,ACTIVE_WITH_PURCHASE_HISTORY,"Keep: Has active purchase/return activity"
"2520 PINK",TRUE,1,1,0,1,1,0,0,1,1,ACTIVE_WITH_PURCHASE_HISTORY,"Keep: Has active purchase/return activity"
"25203",TRUE,1,1,0,0,0,0,1,1,1,ACTIVE_WITH_PURCHASE_HISTORY,"Keep: Has active purchase/return activity"
"25205",TRUE,1,1,0,0,0,0,1,1,1,ACTIVE_WITH_PURCHASE_HISTORY,"Keep: Has active purchase/return activity"
"25209",TRUE,1,1,0,0,0,0,1,1,1,ACTIVE_WITH_PURCHASE_HISTORY,"Keep: Has active purchase/return activity"
"2521 PINK",TRUE,1,1,0,1,1,0,0,1,1,ACTIVE_WITH_PURCHASE_HISTORY,"Keep: Has active purchase/return activity"
"2525",TRUE,1,1,0,1,1,0,0,1,1,ACTIVE_WITH_PURCHASE_HISTORY,"Keep: Has active purchase/return activity"
"2525 BG",TRUE,1,1,0,0,0,0,1,1,1,ACTIVE_WITH_PURCHASE_HISTORY,"Keep: Has active purchase/return activity"
"2525 PINK",TRUE,1,1,0,1,1,0,0,1,1,ACTIVE_WITH_PURCHASE_HISTORY,"Keep: Has active purchase/return activity"
"25251",TRUE,1,1,0,0,0,0,1,1,1,ACTIVE_WITH_PURCHASE_HISTORY,"Keep: Has active purchase/return activity"
"252520",TRUE,1,1,0,0,0,0,1,1,1,ACTIVE_WITH_PURCHASE_HISTORY,"Keep: Has active purchase/return activity"
"2531",TRUE,1,1,0,0,0,0,1,1,1,ACTIVE_WITH_PURCHASE_HISTORY,"Keep: Has active purchase/return activity"
"2533",TRUE,1,1,0,1,1,0,0,1,1,ACTIVE_WITH_PURCHASE_HISTORY,"Keep: Has active purchase/return activity"
"2533 YL",TRUE,1,1,0,0,0,0,1,1,1,ACTIVE_WITH_PURCHASE_HISTORY,"Keep: Has active purchase/return activity"
"2534",TRUE,1,1,0,1,1,0,0,1,1,ACTIVE_WITH_PURCHASE_HISTORY,"Keep: Has active purchase/return activity"
"2535",TRUE,2,2,0,1,1,0,1,2,2,ACTIVE_WITH_PURCHASE_HISTORY,"Keep: Has active purchase/return activity"
"25361-GREEN",TRUE,1,1,0,0,0,0,1,1,1,ACTIVE_WITH_PURCHASE_HISTORY,"Keep: Has active purchase/return activity"
"25361-PINK",TRUE,1,1,0,0,0,0,1,1,1,ACTIVE_WITH_PURCHASE_HISTORY,"Keep: Has active purchase/return activity"
"2539",TRUE,2,2,0,2,2,0,0,2,2,ACTIVE_WITH_PURCHASE_HISTORY,"Keep: Has active purchase/return activity"
"254-22",TRUE,3,1,0,2,2,0,1,3,1,ACTIVE_WITH_PURCHASE_HISTORY,"Keep: Has active purchase/return activity"
"2540-L",TRUE,1,1,0,0,0,0,1,1,1,ACTIVE_WITH_PURCHASE_HISTORY,"Keep: Has active purchase/return activity"
"2541",TRUE,2,2,0,0,0,0,2,2,2,ACTIVE_WITH_PURCHASE_HISTORY,"Keep: Has active purchase/return activity"
"2541 PE",TRUE,1,1,0,0,0,0,1,1,1,ACTIVE_WITH_PURCHASE_HISTORY,"Keep: Has active purchase/return activity"
"25416 1",TRUE,6,1,0,3,3,0,3,6,6,ACTIVE_WITH_PURCHASE_HISTORY,"Keep: Has active purchase/return activity"
"25417 1",TRUE,7,1,0,2,2,0,5,7,7,ACTIVE_WITH_PURCHASE_HISTORY,"Keep: Has active purchase/return activity"
"25418-A",TRUE,4,1,0,0,0,0,4,4,4,ACTIVE_WITH_PURCHASE_HISTORY,"Keep: Has active purchase/return activity"
"25418-B",TRUE,2,1,0,1,1,0,1,2,2,ACTIVE_WITH_PURCHASE_HISTORY,"Keep: Has active purchase/return activity"
"25420",TRUE,8,1,0,0,0,0,6,6,4,ACTIVE_WITH_PURCHASE_HISTORY,"Keep: Has active purchase/return activity"
"25420-B",TRUE,4,1,0,0,0,0,4,4,3,ACTIVE_WITH_PURCHASE_HISTORY,"Keep: Has active purchase/return activity"
"25426-A",TRUE,4,1,0,1,1,0,3,4,4,ACTIVE_WITH_PURCHASE_HISTORY,"Keep: Has active purchase/return activity"
"25426-B",TRUE,3,1,0,0,0,0,3,3,3,ACTIVE_WITH_PURCHASE_HISTORY,"Keep: Has active purchase/return activity"
"25429 1",TRUE,11,1,0,1,1,0,8,9,7,ACTIVE_WITH_PURCHASE_HISTORY,"Keep: Has active purchase/return activity"
"2543",TRUE,1,1,0,0,0,0,1,1,1,ACTIVE_WITH_PURCHASE_HISTORY,"Keep: Has active purchase/return activity"
"2543-BROWN",TRUE,1,1,0,0,0,0,1,1,1,ACTIVE_WITH_PURCHASE_HISTORY,"Keep: Has active purchase/return activity"
"2543-CREAM",TRUE,1,1,0,0,0,0,1,1,1,ACTIVE_WITH_PURCHASE_HISTORY,"Keep: Has active purchase/return activity"
"2543-L",TRUE,1,1,0,1,1,0,0,1,1,ACTIVE_WITH_PURCHASE_HISTORY,"Keep: Has active purchase/return activity"
"2543 CM",TRUE,1,1,0,1,1,0,0,1,1,ACTIVE_WITH_PURCHASE_HISTORY,"Keep: Has active purchase/return activity"
"25431",TRUE,8,1,0,0,0,0,6,6,4,ACTIVE_WITH_PURCHASE_HISTORY,"Keep: Has active purchase/return activity"
"25431-B",TRUE,3,1,0,0,0,0,3,3,3,ACTIVE_WITH_PURCHASE_HISTORY,"Keep: Has active purchase/return activity"
"25432",TRUE,4,1,0,2,2,0,2,4,4,ACTIVE_WITH_PURCHASE_HISTORY,"Keep: Has active purchase/return activity"
"25432-2",TRUE,2,1,0,0,0,0,2,2,2,ACTIVE_WITH_PURCHASE_HISTORY,"Keep: Has active purchase/return activity"
"25434",TRUE,8,1,0,5,5,0,2,6,4,ACTIVE_WITH_PURCHASE_HISTORY,"Keep: Has active purchase/return activity"
"25434-B",TRUE,4,1,0,2,2,0,2,4,3,ACTIVE_WITH_PURCHASE_HISTORY,"Keep: Has active purchase/return activity"
"25435",TRUE,8,1,0,4,4,0,3,7,4,ACTIVE_WITH_PURCHASE_HISTORY,"Keep: Has active purchase/return activity"
"25435-2",TRUE,3,1,0,0,0,0,3,3,3,ACTIVE_WITH_PURCHASE_HISTORY,"Keep: Has active purchase/return activity"
"25436",TRUE,4,1,0,3,3,0,1,4,4,ACTIVE_WITH_PURCHASE_HISTORY,"Keep: Has active purchase/return activity"
"25436-B",TRUE,3,1,0,0,0,0,3,3,3,ACTIVE_WITH_PURCHASE_HISTORY,"Keep: Has active purchase/return activity"
"25439-A",TRUE,3,1,0,0,0,0,3,3,3,ACTIVE_WITH_PURCHASE_HISTORY,"Keep: Has active purchase/return activity"
"25439-B",TRUE,2,1,0,0,0,0,2,2,2,ACTIVE_WITH_PURCHASE_HISTORY,"Keep: Has active purchase/return activity"
"25440 1",TRUE,6,1,0,3,3,0,3,6,6,ACTIVE_WITH_PURCHASE_HISTORY,"Keep: Has active purchase/return activity"
"25441 1",TRUE,11,1,0,6,6,0,3,8,7,ACTIVE_WITH_PURCHASE_HISTORY,"Keep: Has active purchase/return activity"
"2550",TRUE,1,1,0,1,1,0,0,1,1,ACTIVE_WITH_PURCHASE_HISTORY,"Keep: Has active purchase/return activity"
"2554",TRUE,3,3,0,2,2,0,1,3,3,ACTIVE_WITH_PURCHASE_HISTORY,"Keep: Has active purchase/return activity"
"2555",TRUE,1,1,0,0,0,0,1,1,1,ACTIVE_WITH_PURCHASE_HISTORY,"Keep: Has active purchase/return activity"
"2555 L",TRUE,1,1,0,1,1,0,0,1,1,ACTIVE_WITH_PURCHASE_HISTORY,"Keep: Has active purchase/return activity"
"2556",TRUE,1,1,0,0,0,0,1,1,1,ACTIVE_WITH_PURCHASE_HISTORY,"Keep: Has active purchase/return activity"
"2557",TRUE,1,1,0,0,0,0,1,1,1,ACTIVE_WITH_PURCHASE_HISTORY,"Keep: Has active purchase/return activity"
"2562",TRUE,1,1,0,0,0,0,1,1,1,ACTIVE_WITH_PURCHASE_HISTORY,"Keep: Has active purchase/return activity"
"2563",TRUE,1,1,0,1,1,0,0,1,1,ACTIVE_WITH_PURCHASE_HISTORY,"Keep: Has active purchase/return activity"
"2566",TRUE,4,2,0,2,2,0,2,4,4,ACTIVE_WITH_PURCHASE_HISTORY,"Keep: Has active purchase/return activity"
"2569",TRUE,1,1,0,0,0,0,1,1,1,ACTIVE_WITH_PURCHASE_HISTORY,"Keep: Has active purchase/return activity"
"257",TRUE,4,1,0,0,0,0,4,4,4,ACTIVE_WITH_PURCHASE_HISTORY,"Keep: Has active purchase/return activity"
"2577 LC",TRUE,1,1,0,0,0,0,1,1,1,ACTIVE_WITH_PURCHASE_HISTORY,"Keep: Has active purchase/return activity"
"2580",TRUE,5,1,0,1,1,0,4,5,5,ACTIVE_WITH_PURCHASE_HISTORY,"Keep: Has active purchase/return activity"
"25877",TRUE,1,1,0,0,0,0,1,1,1,ACTIVE_WITH_PURCHASE_HISTORY,"Keep: Has active purchase/return activity"
"2588",TRUE,1,1,0,0,0,0,1,1,1,ACTIVE_WITH_PURCHASE_HISTORY,"Keep: Has active purchase/return activity"
"2588 RN",TRUE,1,1,0,0,0,0,1,1,1,ACTIVE_WITH_PURCHASE_HISTORY,"Keep: Has active purchase/return activity"
"259 N",TRUE,1,1,0,0,0,0,1,1,1,ACTIVE_WITH_PURCHASE_HISTORY,"Keep: Has active purchase/return activity"
"2592",TRUE,3,3,0,2,2,0,1,3,3,ACTIVE_WITH_PURCHASE_HISTORY,"Keep: Has active purchase/return activity"
"2598 L",TRUE,1,1,0,1,1,0,0,1,1,ACTIVE_WITH_PURCHASE_HISTORY,"Keep: Has active purchase/return activity"
"2599",TRUE,1,1,0,0,0,0,1,1,1,ACTIVE_WITH_PURCHASE_HISTORY,"Keep: Has active purchase/return activity"
"26",TRUE,1,1,1,0,0,0,0,1,1,ACTIVE_WITH_PURCHASE_HISTORY,"Keep: Has active purchase/return activity"
"26-B",TRUE,1,1,0,1,1,0,0,1,1,ACTIVE_WITH_PURCHASE_HISTORY,"Keep: Has active purchase/return activity"
"26-G",TRUE,2,1,0,0,0,0,2,2,2,ACTIVE_WITH_PURCHASE_HISTORY,"Keep: Has active purchase/return activity"
"26-L",TRUE,1,1,0,0,0,0,1,1,1,ACTIVE_WITH_PURCHASE_HISTORY,"Keep: Has active purchase/return activity"
"26/2",TRUE,2,1,0,0,0,0,2,2,1,ACTIVE_WITH_PURCHASE_HISTORY,"Keep: Has active purchase/return activity"
"260 A",TRUE,4,1,0,1,1,0,3,4,4,ACTIVE_WITH_PURCHASE_HISTORY,"Keep: Has active purchase/return activity"
"260005",TRUE,4,1,0,3,3,0,1,4,4,ACTIVE_WITH_PURCHASE_HISTORY,"Keep: Has active purchase/return activity"
"260008",TRUE,5,1,0,2,2,0,3,5,5,ACTIVE_WITH_PURCHASE_HISTORY,"Keep: Has active purchase/return activity"
"260008CL",TRUE,5,1,0,2,2,0,3,5,5,ACTIVE_WITH_PURCHASE_HISTORY,"Keep: Has active purchase/return activity"
"260027",TRUE,5,1,0,0,0,0,5,5,5,ACTIVE_WITH_PURCHASE_HISTORY,"Keep: Has active purchase/return activity"
"260040",TRUE,10,2,0,5,5,0,5,10,10,ACTIVE_WITH_PURCHASE_HISTORY,"Keep: Has active purchase/return activity"
"260041",TRUE,5,1,0,0,0,0,5,5,5,ACTIVE_WITH_PURCHASE_HISTORY,"Keep: Has active purchase/return activity"
"260046-A",TRUE,1,1,0,0,0,0,1,1,1,ACTIVE_WITH_PURCHASE_HISTORY,"Keep: Has active purchase/return activity"
"260046-B",TRUE,1,1,0,1,1,0,0,1,1,ACTIVE_WITH_PURCHASE_HISTORY,"Keep: Has active purchase/return activity"
"260046-C",TRUE,1,1,0,2,2,1,0,1,1,ACTIVE_WITH_PURCHASE_HISTORY,"Keep: Has active purchase/return activity"
"260046-D",TRUE,1,1,0,1,1,0,0,1,1,ACTIVE_WITH_PURCHASE_HISTORY,"Keep: Has active purchase/return activity"
"260053",TRUE,5,1,0,3,3,0,2,5,5,ACTIVE_WITH_PURCHASE_HISTORY,"Keep: Has active purchase/return activity"
"260055",TRUE,5,1,0,2,2,0,3,5,5,ACTIVE_WITH_PURCHASE_HISTORY,"Keep: Has active purchase/return activity"
"260060",TRUE,5,1,0,4,4,0,1,5,5,ACTIVE_WITH_PURCHASE_HISTORY,"Keep: Has active purchase/return activity"
"260076",TRUE,5,1,0,0,0,0,5,5,5,ACTIVE_WITH_PURCHASE_HISTORY,"Keep: Has active purchase/return activity"
"260092",TRUE,4,1,0,0,0,0,4,4,4,ACTIVE_WITH_PURCHASE_HISTORY,"Keep: Has active purchase/return activity"
"260095",TRUE,5,1,0,0,0,0,5,5,5,ACTIVE_WITH_PURCHASE_HISTORY,"Keep: Has active purchase/return activity"
"260107",TRUE,5,1,0,1,1,0,4,5,5,ACTIVE_WITH_PURCHASE_HISTORY,"Keep: Has active purchase/return activity"
"260116",TRUE,5,1,0,2,2,0,3,5,5,ACTIVE_WITH_PURCHASE_HISTORY,"Keep: Has active purchase/return activity"
"260130",TRUE,5,1,0,6,6,2,0,5,5,ACTIVE_WITH_PURCHASE_HISTORY,"Keep: Has active purchase/return activity"
"260136",TRUE,5,1,0,4,4,0,1,5,5,ACTIVE_WITH_PURCHASE_HISTORY,"Keep: Has active purchase/return activity"
"260138",TRUE,5,1,0,3,3,0,2,5,5,ACTIVE_WITH_PURCHASE_HISTORY,"Keep: Has active purchase/return activity"
"260139",TRUE,5,1,0,3,3,0,2,5,5,ACTIVE_WITH_PURCHASE_HISTORY,"Keep: Has active purchase/return activity"
"260141",TRUE,5,1,0,5,5,0,0,5,5,ACTIVE_WITH_PURCHASE_HISTORY,"Keep: Has active purchase/return activity"
"260149",TRUE,5,1,0,5,5,0,0,5,5,ACTIVE_WITH_PURCHASE_HISTORY,"Keep: Has active purchase/return activity"
"260150",TRUE,5,1,0,3,3,0,2,5,5,ACTIVE_WITH_PURCHASE_HISTORY,"Keep: Has active purchase/return activity"
"260162",TRUE,5,1,0,2,2,0,3,5,5,ACTIVE_WITH_PURCHASE_HISTORY,"Keep: Has active purchase/return activity"
"260165",TRUE,4,1,0,0,0,0,4,4,4,ACTIVE_WITH_PURCHASE_HISTORY,"Keep: Has active purchase/return activity"
"260175",TRUE,5,1,0,0,0,0,5,5,5,ACTIVE_WITH_PURCHASE_HISTORY,"Keep: Has active purchase/return activity"
"260188",TRUE,6,1,0,1,1,0,3,4,3,ACTIVE_WITH_PURCHASE_HISTORY,"Keep: Has active purchase/return activity"
"260192",TRUE,5,1,0,0,0,0,5,5,5,ACTIVE_WITH_PURCHASE_HISTORY,"Keep: Has active purchase/return activity"
"260218",TRUE,5,1,0,0,0,0,5,5,5,ACTIVE_WITH_PURCHASE_HISTORY,"Keep: Has active purchase/return activity"
"260237",TRUE,5,1,0,0,0,0,5,5,5,ACTIVE_WITH_PURCHASE_HISTORY,"Keep: Has active purchase/return activity"
"260238",TRUE,4,1,0,4,3,0,0,4,4,ACTIVE_WITH_PURCHASE_HISTORY,"Keep: Has active purchase/return activity"
"260255",TRUE,5,1,0,0,0,0,5,5,5,ACTIVE_WITH_PURCHASE_HISTORY,"Keep: Has active purchase/return activity"
"260272",TRUE,5,1,0,0,0,0,5,5,5,ACTIVE_WITH_PURCHASE_HISTORY,"Keep: Has active purchase/return activity"
"260273",TRUE,5,1,0,1,1,0,4,5,5,ACTIVE_WITH_PURCHASE_HISTORY,"Keep: Has active purchase/return activity"
"260301",TRUE,5,1,0,4,4,0,1,5,5,ACTIVE_WITH_PURCHASE_HISTORY,"Keep: Has active purchase/return activity"
"260315",TRUE,4,1,0,4,4,0,0,4,4,ACTIVE_WITH_PURCHASE_HISTORY,"Keep: Has active purchase/return activity"
"260316",TRUE,5,1,0,1,1,0,4,5,5,ACTIVE_WITH_PURCHASE_HISTORY,"Keep: Has active purchase/return activity"
"260317",TRUE,4,1,0,0,0,0,4,4,4,ACTIVE_WITH_PURCHASE_HISTORY,"Keep: Has active purchase/return activity"
"2605-BX",TRUE,4,1,0,1,1,0,3,4,4,ACTIVE_WITH_PURCHASE_HISTORY,"Keep: Has active purchase/return activity"
"260728",TRUE,5,1,0,5,5,0,0,5,5,ACTIVE_WITH_PURCHASE_HISTORY,"Keep: Has active purchase/return activity"
"2612",TRUE,5,1,0,1,1,0,6,7,5,ACTIVE_WITH_PURCHASE_HISTORY,"Keep: Has active purchase/return activity"
"2614",TRUE,1,1,0,0,0,0,1,1,1,ACTIVE_WITH_PURCHASE_HISTORY,"Keep: Has active purchase/return activity"
"262",TRUE,6,2,0,2,2,0,4,6,6,ACTIVE_WITH_PURCHASE_HISTORY,"Keep: Has active purchase/return activity"
"2622",TRUE,1,1,0,0,0,0,1,1,1,ACTIVE_WITH_PURCHASE_HISTORY,"Keep: Has active purchase/return activity"
"2629",TRUE,8,1,0,1,1,0,5,6,4,ACTIVE_WITH_PURCHASE_HISTORY,"Keep: Has active purchase/return activity"
"262A",TRUE,4,1,0,1,1,0,3,4,4,ACTIVE_WITH_PURCHASE_HISTORY,"Keep: Has active purchase/return activity"
"2630",TRUE,1,1,0,0,0,0,1,1,1,ACTIVE_WITH_PURCHASE_HISTORY,"Keep: Has active purchase/return activity"
"2631",TRUE,1,1,0,1,1,0,0,1,1,ACTIVE_WITH_PURCHASE_HISTORY,"Keep: Has active purchase/return activity"
"2636",TRUE,1,1,0,0,0,0,1,1,1,ACTIVE_WITH_PURCHASE_HISTORY,"Keep: Has active purchase/return activity"
"264",TRUE,5,1,0,3,3,0,2,5,5,ACTIVE_WITH_PURCHASE_HISTORY,"Keep: Has active purchase/return activity"
"2667",TRUE,1,1,0,0,0,0,1,1,1,ACTIVE_WITH_PURCHASE_HISTORY,"Keep: Has active purchase/return activity"
"2672 LC",TRUE,1,1,0,0,0,0,1,1,1,ACTIVE_WITH_PURCHASE_HISTORY,"Keep: Has active purchase/return activity"
"2699",TRUE,1,1,0,1,1,0,0,1,1,ACTIVE_WITH_PURCHASE_HISTORY,"Keep: Has active purchase/return activity"
"27",TRUE,1,1,0,0,0,0,1,1,1,ACTIVE_WITH_PURCHASE_HISTORY,"Keep: Has active purchase/return activity"
"27-G",TRUE,1,1,0,1,1,0,0,1,1,ACTIVE_WITH_PURCHASE_HISTORY,"Keep: Has active purchase/return activity"
"27-P",TRUE,1,1,0,0,0,0,1,1,1,ACTIVE_WITH_PURCHASE_HISTORY,"Keep: Has active purchase/return activity"
"27-Y",TRUE,1,1,0,1,1,0,0,1,1,ACTIVE_WITH_PURCHASE_HISTORY,"Keep: Has active purchase/return activity"
"27/1",TRUE,1,1,0,1,1,0,0,1,1,ACTIVE_WITH_PURCHASE_HISTORY,"Keep: Has active purchase/return activity"
"2706",TRUE,1,1,0,0,0,0,1,1,1,ACTIVE_WITH_PURCHASE_HISTORY,"Keep: Has active purchase/return activity"
"2707",TRUE,1,1,0,0,0,0,1,1,1,ACTIVE_WITH_PURCHASE_HISTORY,"Keep: Has active purchase/return activity"
"2709",TRUE,1,1,0,0,0,0,1,1,1,ACTIVE_WITH_PURCHASE_HISTORY,"Keep: Has active purchase/return activity"
"271-W",TRUE,2,1,0,1,1,0,1,2,1,ACTIVE_WITH_PURCHASE_HISTORY,"Keep: Has active purchase/return activity"
"2730",TRUE,1,1,0,0,0,0,1,1,1,ACTIVE_WITH_PURCHASE_HISTORY,"Keep: Has active purchase/return activity"
"2745",TRUE,1,1,0,0,0,0,1,1,1,ACTIVE_WITH_PURCHASE_HISTORY,"Keep: Has active purchase/return activity"
"275-1",TRUE,1,1,0,0,0,0,1,1,1,ACTIVE_WITH_PURCHASE_HISTORY,"Keep: Has active purchase/return activity"
"275-2",TRUE,1,1,0,1,1,0,0,1,1,ACTIVE_WITH_PURCHASE_HISTORY,"Keep: Has active purchase/return activity"
"275-3",TRUE,1,1,0,1,1,0,0,1,1,ACTIVE_WITH_PURCHASE_HISTORY,"Keep: Has active purchase/return activity"
"2760",TRUE,1,1,1,0,0,0,0,1,1,ACTIVE_WITH_PURCHASE_HISTORY,"Keep: Has active purchase/return activity"
"2769",TRUE,1,1,0,0,0,0,1,1,1,ACTIVE_WITH_PURCHASE_HISTORY,"Keep: Has active purchase/return activity"
"2777",TRUE,1,1,0,0,0,0,1,1,1,ACTIVE_WITH_PURCHASE_HISTORY,"Keep: Has active purchase/return activity"
"278",TRUE,1,1,0,1,1,0,0,1,1,ACTIVE_WITH_PURCHASE_HISTORY,"Keep: Has active purchase/return activity"
"28",TRUE,5,3,0,3,3,0,2,5,3,ACTIVE_WITH_PURCHASE_HISTORY,"Keep: Has active purchase/return activity"
"28-1",TRUE,1,1,0,0,0,0,1,1,1,ACTIVE_WITH_PURCHASE_HISTORY,"Keep: Has active purchase/return activity"
"28-2",TRUE,1,1,0,0,0,0,1,1,1,ACTIVE_WITH_PURCHASE_HISTORY,"Keep: Has active purchase/return activity"
"28-3",TRUE,1,1,0,0,0,0,1,1,1,ACTIVE_WITH_PURCHASE_HISTORY,"Keep: Has active purchase/return activity"
"28-4",TRUE,1,1,0,0,0,0,1,1,1,ACTIVE_WITH_PURCHASE_HISTORY,"Keep: Has active purchase/return activity"
"28-B",TRUE,1,1,1,0,0,0,0,1,1,ACTIVE_WITH_PURCHASE_HISTORY,"Keep: Has active purchase/return activity"
"28-L",TRUE,1,1,0,0,0,0,1,1,1,ACTIVE_WITH_PURCHASE_HISTORY,"Keep: Has active purchase/return activity"
"28-P",TRUE,1,1,0,0,0,0,1,1,1,ACTIVE_WITH_PURCHASE_HISTORY,"Keep: Has active purchase/return activity"
"28/1",TRUE,1,1,0,0,0,0,1,1,1,ACTIVE_WITH_PURCHASE_HISTORY,"Keep: Has active purchase/return activity"
"2804",TRUE,1,1,0,1,1,0,0,1,1,ACTIVE_WITH_PURCHASE_HISTORY,"Keep: Has active purchase/return activity"
"2814",TRUE,3,2,0,1,1,0,2,3,2,ACTIVE_WITH_PURCHASE_HISTORY,"Keep: Has active purchase/return activity"
"2817",TRUE,1,1,0,0,0,0,1,1,1,ACTIVE_WITH_PURCHASE_HISTORY,"Keep: Has active purchase/return activity"
"2824",TRUE,1,1,0,1,1,0,0,1,1,ACTIVE_WITH_PURCHASE_HISTORY,"Keep: Has active purchase/return activity"
"2827",TRUE,2,1,0,0,0,0,2,2,1,ACTIVE_WITH_PURCHASE_HISTORY,"Keep: Has active purchase/return activity"
"282FSU",TRUE,2,1,0,0,0,0,2,2,2,ACTIVE_WITH_PURCHASE_HISTORY,"Keep: Has active purchase/return activity"
"2835",TRUE,1,1,0,0,0,0,1,1,1,ACTIVE_WITH_PURCHASE_HISTORY,"Keep: Has active purchase/return activity"
"2836",TRUE,4,1,0,0,0,0,4,4,4,ACTIVE_WITH_PURCHASE_HISTORY,"Keep: Has active purchase/return activity"
"2836 GN",TRUE,1,1,0,1,1,0,0,1,1,ACTIVE_WITH_PURCHASE_HISTORY,"Keep: Has active purchase/return activity"
"2836 R1",TRUE,2,1,0,0,0,0,2,2,1,ACTIVE_WITH_PURCHASE_HISTORY,"Keep: Has active purchase/return activity"
"2836 XL",TRUE,0,0,0,0,0,0,0,0,0,SAFE_TO_DELETE_IDLE,"Safe to Delete: No purchases, returns, sales, or stock"
"2838",TRUE,3,1,0,0,0,0,3,3,1,ACTIVE_WITH_PURCHASE_HISTORY,"Keep: Has active purchase/return activity"
"2840",TRUE,1,1,1,0,0,0,0,1,1,ACTIVE_WITH_PURCHASE_HISTORY,"Keep: Has active purchase/return activity"
"2852",TRUE,4,2,0,1,1,0,2,3,2,ACTIVE_WITH_PURCHASE_HISTORY,"Keep: Has active purchase/return activity"
"2855",TRUE,4,1,0,0,0,0,4,4,1,ACTIVE_WITH_PURCHASE_HISTORY,"Keep: Has active purchase/return activity"
"2864",TRUE,3,1,0,3,3,0,0,3,1,ACTIVE_WITH_PURCHASE_HISTORY,"Keep: Has active purchase/return activity"
"2873",TRUE,1,1,0,1,1,0,0,1,1,ACTIVE_WITH_PURCHASE_HISTORY,"Keep: Has active purchase/return activity"
"2873P",TRUE,1,1,0,1,1,0,0,1,1,ACTIVE_WITH_PURCHASE_HISTORY,"Keep: Has active purchase/return activity"
"2873XL",TRUE,1,1,0,0,0,0,1,1,1,ACTIVE_WITH_PURCHASE_HISTORY,"Keep: Has active purchase/return activity"
"2882",TRUE,2,2,0,0,0,0,2,2,2,ACTIVE_WITH_PURCHASE_HISTORY,"Keep: Has active purchase/return activity"
"2891",TRUE,2,1,0,0,0,0,2,2,1,ACTIVE_WITH_PURCHASE_HISTORY,"Keep: Has active purchase/return activity"
"2897",TRUE,1,1,0,0,0,0,2,2,1,ACTIVE_WITH_PURCHASE_HISTORY,"Keep: Has active purchase/return activity"
"2897-W",TRUE,1,1,0,0,0,0,1,1,1,ACTIVE_WITH_PURCHASE_HISTORY,"Keep: Has active purchase/return activity"
"2897 Y",TRUE,3,1,0,0,0,0,1,1,1,ACTIVE_WITH_PURCHASE_HISTORY,"Keep: Has active purchase/return activity"
"2898",TRUE,3,1,0,0,0,0,2,2,2,ACTIVE_WITH_PURCHASE_HISTORY,"Keep: Has active purchase/return activity"
"29-G",TRUE,1,1,0,0,0,0,1,1,1,ACTIVE_WITH_PURCHASE_HISTORY,"Keep: Has active purchase/return activity"
"29-P",TRUE,2,1,0,0,0,0,2,2,2,ACTIVE_WITH_PURCHASE_HISTORY,"Keep: Has active purchase/return activity"
"29/2",TRUE,2,1,0,1,1,0,1,2,1,ACTIVE_WITH_PURCHASE_HISTORY,"Keep: Has active purchase/return activity"
"2902",TRUE,2,1,0,0,0,0,2,2,1,ACTIVE_WITH_PURCHASE_HISTORY,"Keep: Has active purchase/return activity"
"2905",TRUE,2,1,0,0,0,0,2,2,1,ACTIVE_WITH_PURCHASE_HISTORY,"Keep: Has active purchase/return activity"
"2906",TRUE,1,1,0,0,0,0,1,1,1,ACTIVE_WITH_PURCHASE_HISTORY,"Keep: Has active purchase/return activity"
"29067",TRUE,1,1,0,0,0,0,1,1,1,ACTIVE_WITH_PURCHASE_HISTORY,"Keep: Has active purchase/return activity"
"29092",TRUE,1,1,0,0,0,0,1,1,1,ACTIVE_WITH_PURCHASE_HISTORY,"Keep: Has active purchase/return activity"
"2911",TRUE,1,1,0,0,0,0,1,1,1,ACTIVE_WITH_PURCHASE_HISTORY,"Keep: Has active purchase/return activity"
"29114",TRUE,1,1,0,0,0,0,1,1,1,ACTIVE_WITH_PURCHASE_HISTORY,"Keep: Has active purchase/return activity"
"2913",TRUE,3,1,0,0,0,0,3,3,1,ACTIVE_WITH_PURCHASE_HISTORY,"Keep: Has active purchase/return activity"
"2915C",TRUE,1,1,0,1,1,0,0,1,1,ACTIVE_WITH_PURCHASE_HISTORY,"Keep: Has active purchase/return activity"
"2915P",TRUE,1,1,0,1,1,0,0,1,1,ACTIVE_WITH_PURCHASE_HISTORY,"Keep: Has active purchase/return activity"
"2915XL",TRUE,1,1,0,0,0,0,1,1,1,ACTIVE_WITH_PURCHASE_HISTORY,"Keep: Has active purchase/return activity"
"2915XXL",TRUE,1,1,0,2,2,0,0,1,1,ACTIVE_WITH_PURCHASE_HISTORY,"Keep: Has active purchase/return activity"
"2917",TRUE,3,1,0,1,1,0,2,3,1,ACTIVE_WITH_PURCHASE_HISTORY,"Keep: Has active purchase/return activity"
"2925",TRUE,1,1,0,1,1,0,0,1,1,ACTIVE_WITH_PURCHASE_HISTORY,"Keep: Has active purchase/return activity"
"2925 XL",TRUE,1,1,0,1,1,1,0,1,1,ACTIVE_WITH_PURCHASE_HISTORY,"Keep: Has active purchase/return activity"
"2949",TRUE,1,1,0,0,0,0,1,1,1,ACTIVE_WITH_PURCHASE_HISTORY,"Keep: Has active purchase/return activity"
"298/SF-11-B",TRUE,2,1,0,0,0,0,2,2,1,ACTIVE_WITH_PURCHASE_HISTORY,"Keep: Has active purchase/return activity"
"298/SF-11-G",TRUE,1,1,0,0,0,0,1,1,1,ACTIVE_WITH_PURCHASE_HISTORY,"Keep: Has active purchase/return activity"
"298/SF-11-P",TRUE,1,1,0,0,0,0,1,1,1,ACTIVE_WITH_PURCHASE_HISTORY,"Keep: Has active purchase/return activity"
"2989",TRUE,1,1,0,0,0,0,1,1,1,ACTIVE_WITH_PURCHASE_HISTORY,"Keep: Has active purchase/return activity"
"2M",TRUE,1,1,0,0,0,0,1,1,1,ACTIVE_WITH_PURCHASE_HISTORY,"Keep: Has active purchase/return activity"
"3",TRUE,45,17,1,9,8,0,33,43,18,ACTIVE_WITH_PURCHASE_HISTORY,"Keep: Has active purchase/return activity"
"3-15574",TRUE,1,1,0,0,0,0,1,1,1,ACTIVE_WITH_PURCHASE_HISTORY,"Keep: Has active purchase/return activity"
"3-2513",TRUE,1,1,0,0,0,0,1,1,1,ACTIVE_WITH_PURCHASE_HISTORY,"Keep: Has active purchase/return activity"
"3-3035",TRUE,1,1,1,0,0,0,0,1,1,ACTIVE_WITH_PURCHASE_HISTORY,"Keep: Has active purchase/return activity"
"3-3163",TRUE,1,1,0,1,1,0,0,1,1,ACTIVE_WITH_PURCHASE_HISTORY,"Keep: Has active purchase/return activity"
"3-34",TRUE,1,1,0,0,0,0,1,1,1,ACTIVE_WITH_PURCHASE_HISTORY,"Keep: Has active purchase/return activity"
"3-344",TRUE,1,1,1,0,0,0,0,1,1,ACTIVE_WITH_PURCHASE_HISTORY,"Keep: Has active purchase/return activity"
"3-4735-P",TRUE,1,1,0,0,0,0,1,1,1,ACTIVE_WITH_PURCHASE_HISTORY,"Keep: Has active purchase/return activity"
"3-4735-R",TRUE,1,1,0,0,0,0,1,1,1,ACTIVE_WITH_PURCHASE_HISTORY,"Keep: Has active purchase/return activity"
"3-4735-Y",TRUE,1,1,0,1,1,0,0,1,1,ACTIVE_WITH_PURCHASE_HISTORY,"Keep: Has active purchase/return activity"
"3-50",TRUE,1,1,0,0,0,0,1,1,1,ACTIVE_WITH_PURCHASE_HISTORY,"Keep: Has active purchase/return activity"
"3-9",TRUE,1,1,0,0,0,0,1,1,1,ACTIVE_WITH_PURCHASE_HISTORY,"Keep: Has active purchase/return activity"
"3-B",TRUE,1,1,0,0,0,0,1,1,1,ACTIVE_WITH_PURCHASE_HISTORY,"Keep: Has active purchase/return activity"
"3-BLACK",TRUE,2,1,0,2,2,0,0,2,1,ACTIVE_WITH_PURCHASE_HISTORY,"Keep: Has active purchase/return activity"
"3-C",TRUE,4,1,0,1,1,0,3,4,4,ACTIVE_WITH_PURCHASE_HISTORY,"Keep: Has active purchase/return activity"
"3-C1031",TRUE,1,1,0,1,1,0,0,1,1,ACTIVE_WITH_PURCHASE_HISTORY,"Keep: Has active purchase/return activity"
"3-C988",TRUE,1,1,0,0,0,0,2,2,2,ACTIVE_WITH_PURCHASE_HISTORY,"Keep: Has active purchase/return activity"
"3-P",TRUE,1,1,0,0,0,0,1,1,1,ACTIVE_WITH_PURCHASE_HISTORY,"Keep: Has active purchase/return activity"
"3/1",TRUE,4,4,1,0,0,0,3,4,4,ACTIVE_WITH_PURCHASE_HISTORY,"Keep: Has active purchase/return activity"
"3/1-M",TRUE,1,1,0,0,0,0,1,1,1,ACTIVE_WITH_PURCHASE_HISTORY,"Keep: Has active purchase/return activity"
"3/1`",TRUE,1,1,1,0,0,0,0,1,1,ACTIVE_WITH_PURCHASE_HISTORY,"Keep: Has active purchase/return activity"
"3/2",TRUE,4,2,1,1,1,0,2,4,2,ACTIVE_WITH_PURCHASE_HISTORY,"Keep: Has active purchase/return activity"
"3/2-MCBD",TRUE,2,1,2,0,0,0,0,2,2,ACTIVE_WITH_PURCHASE_HISTORY,"Keep: Has active purchase/return activity"
"3/2-R C G",TRUE,2,1,2,0,0,0,0,2,1,ACTIVE_WITH_PURCHASE_HISTORY,"Keep: Has active purchase/return activity"
"3/3",TRUE,3,1,0,0,0,0,3,3,1,ACTIVE_WITH_PURCHASE_HISTORY,"Keep: Has active purchase/return activity"
"3/3-C",TRUE,1,1,1,0,0,0,0,1,1,ACTIVE_WITH_PURCHASE_HISTORY,"Keep: Has active purchase/return activity"
"3/4",TRUE,4,1,1,0,0,0,1,2,2,ACTIVE_WITH_PURCHASE_HISTORY,"Keep: Has active purchase/return activity"
"3/4-N J",TRUE,4,1,2,0,0,0,2,4,1,ACTIVE_WITH_PURCHASE_HISTORY,"Keep: Has active purchase/return activity"
"30",TRUE,2,1,0,1,1,0,1,2,2,ACTIVE_WITH_PURCHASE_HISTORY,"Keep: Has active purchase/return activity"
"30-B",TRUE,1,1,0,0,0,0,1,1,1,ACTIVE_WITH_PURCHASE_HISTORY,"Keep: Has active purchase/return activity"
"30-GREEN",TRUE,1,1,0,1,1,0,0,1,1,ACTIVE_WITH_PURCHASE_HISTORY,"Keep: Has active purchase/return activity"
"30-P",TRUE,1,1,0,0,0,0,1,1,1,ACTIVE_WITH_PURCHASE_HISTORY,"Keep: Has active purchase/return activity"
"30/1",TRUE,1,1,0,0,0,0,1,1,1,ACTIVE_WITH_PURCHASE_HISTORY,"Keep: Has active purchase/return activity"
"300",TRUE,4,1,0,2,2,0,2,4,4,ACTIVE_WITH_PURCHASE_HISTORY,"Keep: Has active purchase/return activity"
"3005",TRUE,3,1,0,1,1,0,2,3,3,ACTIVE_WITH_PURCHASE_HISTORY,"Keep: Has active purchase/return activity"
"3005-2",TRUE,2,1,0,1,1,0,1,2,2,ACTIVE_WITH_PURCHASE_HISTORY,"Keep: Has active purchase/return activity"
"3008",TRUE,3,1,0,3,3,0,2,5,2,ACTIVE_WITH_PURCHASE_HISTORY,"Keep: Has active purchase/return activity"
"3008-B",TRUE,4,1,0,3,3,0,1,3,2,ACTIVE_WITH_PURCHASE_HISTORY,"Keep: Has active purchase/return activity"
"3009",TRUE,4,1,0,4,4,1,1,4,2,ACTIVE_WITH_PURCHASE_HISTORY,"Keep: Has active purchase/return activity"
"3009-B",TRUE,4,1,0,0,0,0,2,2,2,ACTIVE_WITH_PURCHASE_HISTORY,"Keep: Has active purchase/return activity"
"3012",TRUE,2,1,0,1,1,0,1,2,2,ACTIVE_WITH_PURCHASE_HISTORY,"Keep: Has active purchase/return activity"
"3012-2",TRUE,1,1,0,0,0,0,1,1,1,ACTIVE_WITH_PURCHASE_HISTORY,"Keep: Has active purchase/return activity"
"3013",TRUE,1,1,0,1,1,0,0,1,1,ACTIVE_WITH_PURCHASE_HISTORY,"Keep: Has active purchase/return activity"
"3020",TRUE,2,1,0,1,1,0,1,2,2,ACTIVE_WITH_PURCHASE_HISTORY,"Keep: Has active purchase/return activity"
"3023",TRUE,2,1,0,0,0,0,2,2,2,ACTIVE_WITH_PURCHASE_HISTORY,"Keep: Has active purchase/return activity"
"3023-B",TRUE,0,0,0,0,0,0,4,4,4,ORPHAN_WITH_STOCK,"Audit: Has physical stock/printed barcodes but no purchase record"
"3023-B-1",TRUE,3,1,0,3,3,0,0,3,3,ACTIVE_WITH_PURCHASE_HISTORY,"Keep: Has active purchase/return activity"
"3023-B-2",TRUE,1,1,0,1,1,0,0,1,1,ACTIVE_WITH_PURCHASE_HISTORY,"Keep: Has active purchase/return activity"
"3023-C",TRUE,0,0,0,0,0,0,4,4,4,ORPHAN_WITH_STOCK,"Audit: Has physical stock/printed barcodes but no purchase record"
"3023-C-1",TRUE,3,1,0,2,2,0,1,3,3,ACTIVE_WITH_PURCHASE_HISTORY,"Keep: Has active purchase/return activity"
"3023-C-2",TRUE,1,1,0,0,0,0,1,1,1,ACTIVE_WITH_PURCHASE_HISTORY,"Keep: Has active purchase/return activity"
"3028-BX",TRUE,3,1,0,0,0,0,3,3,3,ACTIVE_WITH_PURCHASE_HISTORY,"Keep: Has active purchase/return activity"
"3030",TRUE,1,1,0,0,0,0,1,1,1,ACTIVE_WITH_PURCHASE_HISTORY,"Keep: Has active purchase/return activity"
"3030 g",TRUE,1,1,0,0,0,0,1,1,1,ACTIVE_WITH_PURCHASE_HISTORY,"Keep: Has active purchase/return activity"
"3030 p",TRUE,1,1,0,0,0,0,1,1,1,ACTIVE_WITH_PURCHASE_HISTORY,"Keep: Has active purchase/return activity"
"3030 y",TRUE,1,1,0,0,0,0,1,1,1,ACTIVE_WITH_PURCHASE_HISTORY,"Keep: Has active purchase/return activity"
"3032",TRUE,4,1,0,0,0,0,4,4,4,ACTIVE_WITH_PURCHASE_HISTORY,"Keep: Has active purchase/return activity"
"3035",TRUE,1,1,0,0,0,0,1,1,1,ACTIVE_WITH_PURCHASE_HISTORY,"Keep: Has active purchase/return activity"
"3039-BLUE",TRUE,1,1,0,1,1,0,0,1,1,ACTIVE_WITH_PURCHASE_HISTORY,"Keep: Has active purchase/return activity"
"3039-BLUE-B",TRUE,1,1,0,1,1,0,0,1,1,ACTIVE_WITH_PURCHASE_HISTORY,"Keep: Has active purchase/return activity"
"3039-BROWN",TRUE,3,1,0,1,1,0,2,3,3,ACTIVE_WITH_PURCHASE_HISTORY,"Keep: Has active purchase/return activity"
"3039-BROWN-B",TRUE,2,1,0,2,2,0,0,2,2,ACTIVE_WITH_PURCHASE_HISTORY,"Keep: Has active purchase/return activity"
"3039-RED",TRUE,3,1,0,2,2,0,1,3,3,ACTIVE_WITH_PURCHASE_HISTORY,"Keep: Has active purchase/return activity"
"3039-RED-B",TRUE,1,1,0,1,1,0,0,1,1,ACTIVE_WITH_PURCHASE_HISTORY,"Keep: Has active purchase/return activity"
"305- D 40088",TRUE,1,1,0,0,0,0,1,1,1,ACTIVE_WITH_PURCHASE_HISTORY,"Keep: Has active purchase/return activity"
"305-D 42044",TRUE,1,1,0,0,0,0,1,1,1,ACTIVE_WITH_PURCHASE_HISTORY,"Keep: Has active purchase/return activity"
"306",TRUE,4,1,0,3,3,0,1,4,4,ACTIVE_WITH_PURCHASE_HISTORY,"Keep: Has active purchase/return activity"
"3062",TRUE,4,1,0,2,2,0,2,4,4,ACTIVE_WITH_PURCHASE_HISTORY,"Keep: Has active purchase/return activity"
"3067",TRUE,2,1,0,0,0,0,2,2,1,ACTIVE_WITH_PURCHASE_HISTORY,"Keep: Has active purchase/return activity"
"307",TRUE,4,1,0,3,3,0,2,5,5,ACTIVE_WITH_PURCHASE_HISTORY,"Keep: Has active purchase/return activity"
"3070-BX",TRUE,3,1,0,0,0,0,3,3,3,ACTIVE_WITH_PURCHASE_HISTORY,"Keep: Has active purchase/return activity"
"308",TRUE,4,1,0,0,0,0,4,4,4,ACTIVE_WITH_PURCHASE_HISTORY,"Keep: Has active purchase/return activity"
"3092",TRUE,2,1,0,0,0,0,2,2,2,ACTIVE_WITH_PURCHASE_HISTORY,"Keep: Has active purchase/return activity"
"3093",TRUE,2,1,0,0,0,0,2,2,2,ACTIVE_WITH_PURCHASE_HISTORY,"Keep: Has active purchase/return activity"
"3099",TRUE,2,1,0,0,0,0,2,2,2,ACTIVE_WITH_PURCHASE_HISTORY,"Keep: Has active purchase/return activity"
"31-P",TRUE,1,1,0,1,1,0,0,1,1,ACTIVE_WITH_PURCHASE_HISTORY,"Keep: Has active purchase/return activity"
"31-Y",TRUE,1,1,0,0,0,0,1,1,1,ACTIVE_WITH_PURCHASE_HISTORY,"Keep: Has active purchase/return activity"
"31/2",TRUE,2,1,0,0,0,0,2,2,1,ACTIVE_WITH_PURCHASE_HISTORY,"Keep: Has active purchase/return activity"
"310",TRUE,4,1,0,0,0,0,4,4,4,ACTIVE_WITH_PURCHASE_HISTORY,"Keep: Has active purchase/return activity"
"3100",TRUE,1,1,0,0,0,0,1,1,1,ACTIVE_WITH_PURCHASE_HISTORY,"Keep: Has active purchase/return activity"
"3107",TRUE,1,1,0,0,0,0,1,1,1,ACTIVE_WITH_PURCHASE_HISTORY,"Keep: Has active purchase/return activity"
"3107 P",TRUE,1,1,0,0,0,0,1,1,1,ACTIVE_WITH_PURCHASE_HISTORY,"Keep: Has active purchase/return activity"
"3107 w",TRUE,1,1,0,0,0,0,1,1,1,ACTIVE_WITH_PURCHASE_HISTORY,"Keep: Has active purchase/return activity"
"3107 y",TRUE,1,1,0,0,0,0,2,2,1,ACTIVE_WITH_PURCHASE_HISTORY,"Keep: Has active purchase/return activity"
"3109",TRUE,0,0,0,0,0,0,2,2,2,ORPHAN_WITH_STOCK,"Audit: Has physical stock/printed barcodes but no purchase record"
"3109-2",TRUE,0,0,0,0,0,0,1,1,1,ORPHAN_WITH_STOCK,"Audit: Has physical stock/printed barcodes but no purchase record"
"3109-3",TRUE,0,0,0,0,0,0,3,3,3,ORPHAN_WITH_STOCK,"Audit: Has physical stock/printed barcodes but no purchase record"
"3109-A",TRUE,2,1,0,0,0,0,2,2,2,ACTIVE_WITH_PURCHASE_HISTORY,"Keep: Has active purchase/return activity"
"3109-A2",TRUE,1,1,0,1,1,0,0,1,1,ACTIVE_WITH_PURCHASE_HISTORY,"Keep: Has active purchase/return activity"
"3109-B",TRUE,3,1,0,2,2,0,2,4,4,ACTIVE_WITH_PURCHASE_HISTORY,"Keep: Has active purchase/return activity"
"3109-B2",TRUE,1,1,0,1,1,0,0,1,1,ACTIVE_WITH_PURCHASE_HISTORY,"Keep: Has active purchase/return activity"
"3111",TRUE,0,0,0,0,0,0,1,1,1,ORPHAN_WITH_STOCK,"Audit: Has physical stock/printed barcodes but no purchase record"
"3118",TRUE,0,0,0,0,0,0,4,4,4,ORPHAN_WITH_STOCK,"Audit: Has physical stock/printed barcodes but no purchase record"
"3118-A",TRUE,3,1,0,0,0,0,3,3,3,ACTIVE_WITH_PURCHASE_HISTORY,"Keep: Has active purchase/return activity"
"3118-B",TRUE,1,1,0,1,1,0,0,1,1,ACTIVE_WITH_PURCHASE_HISTORY,"Keep: Has active purchase/return activity"
"3122",TRUE,1,1,0,0,0,0,1,1,1,ACTIVE_WITH_PURCHASE_HISTORY,"Keep: Has active purchase/return activity"
"3124",TRUE,3,1,0,1,1,0,2,3,1,ACTIVE_WITH_PURCHASE_HISTORY,"Keep: Has active purchase/return activity"
"3126",TRUE,4,1,0,2,2,0,2,4,4,ACTIVE_WITH_PURCHASE_HISTORY,"Keep: Has active purchase/return activity"
"313",TRUE,4,1,0,2,1,0,2,4,4,ACTIVE_WITH_PURCHASE_HISTORY,"Keep: Has active purchase/return activity"
"3131",TRUE,3,1,0,0,0,0,3,3,1,ACTIVE_WITH_PURCHASE_HISTORY,"Keep: Has active purchase/return activity"
"3134",TRUE,3,2,0,0,0,0,3,3,3,ACTIVE_WITH_PURCHASE_HISTORY,"Keep: Has active purchase/return activity"
"3134 p",TRUE,1,1,0,0,0,0,1,1,1,ACTIVE_WITH_PURCHASE_HISTORY,"Keep: Has active purchase/return activity"
"3134 w",TRUE,1,1,0,0,0,0,1,1,1,ACTIVE_WITH_PURCHASE_HISTORY,"Keep: Has active purchase/return activity"
"3134 y",TRUE,1,1,0,0,0,0,1,1,1,ACTIVE_WITH_PURCHASE_HISTORY,"Keep: Has active purchase/return activity"
"3138",TRUE,1,1,0,0,0,0,1,1,1,ACTIVE_WITH_PURCHASE_HISTORY,"Keep: Has active purchase/return activity"
"3138-G",TRUE,1,1,0,0,0,0,1,1,1,ACTIVE_WITH_PURCHASE_HISTORY,"Keep: Has active purchase/return activity"
"3138-R",TRUE,1,1,0,1,1,0,0,1,1,ACTIVE_WITH_PURCHASE_HISTORY,"Keep: Has active purchase/return activity"
"3138-Y",TRUE,1,1,0,0,0,0,1,1,1,ACTIVE_WITH_PURCHASE_HISTORY,"Keep: Has active purchase/return activity"
"3138 b",TRUE,1,1,0,0,0,0,1,1,1,ACTIVE_WITH_PURCHASE_HISTORY,"Keep: Has active purchase/return activity"
"3138 p",TRUE,1,1,0,0,0,0,1,1,1,ACTIVE_WITH_PURCHASE_HISTORY,"Keep: Has active purchase/return activity"
"3138 P",TRUE,1,1,0,0,0,0,1,1,1,ACTIVE_WITH_PURCHASE_HISTORY,"Keep: Has active purchase/return activity"
"3138 y",TRUE,1,1,0,0,0,0,1,1,1,ACTIVE_WITH_PURCHASE_HISTORY,"Keep: Has active purchase/return activity"
"3139",TRUE,3,1,0,2,2,0,1,3,1,ACTIVE_WITH_PURCHASE_HISTORY,"Keep: Has active purchase/return activity"
"314",TRUE,5,2,0,0,0,0,5,5,5,ACTIVE_WITH_PURCHASE_HISTORY,"Keep: Has active purchase/return activity"
"3144",TRUE,3,1,0,1,1,0,2,3,3,ACTIVE_WITH_PURCHASE_HISTORY,"Keep: Has active purchase/return activity"
"3148-G",TRUE,1,1,0,0,0,0,1,1,1,ACTIVE_WITH_PURCHASE_HISTORY,"Keep: Has active purchase/return activity"
"3148-P",TRUE,2,1,0,1,1,0,1,2,2,ACTIVE_WITH_PURCHASE_HISTORY,"Keep: Has active purchase/return activity"
"3148-Y",TRUE,1,1,0,1,1,0,0,1,1,ACTIVE_WITH_PURCHASE_HISTORY,"Keep: Has active purchase/return activity"
"315",TRUE,1,1,0,0,0,0,1,1,1,ACTIVE_WITH_PURCHASE_HISTORY,"Keep: Has active purchase/return activity"
"3157 C",TRUE,1,1,0,0,0,0,1,1,1,ACTIVE_WITH_PURCHASE_HISTORY,"Keep: Has active purchase/return activity"
"3157 O",TRUE,1,1,0,0,0,0,1,1,1,ACTIVE_WITH_PURCHASE_HISTORY,"Keep: Has active purchase/return activity"
"3157 P",TRUE,1,1,0,0,0,0,1,1,1,ACTIVE_WITH_PURCHASE_HISTORY,"Keep: Has active purchase/return activity"
"3157 Y",TRUE,1,1,0,0,0,0,1,1,1,ACTIVE_WITH_PURCHASE_HISTORY,"Keep: Has active purchase/return activity"
"316",TRUE,1,1,0,1,1,0,0,1,1,ACTIVE_WITH_PURCHASE_HISTORY,"Keep: Has active purchase/return activity"
"316-R",TRUE,1,1,0,0,0,0,1,1,1,ACTIVE_WITH_PURCHASE_HISTORY,"Keep: Has active purchase/return activity"
"3160",TRUE,1,1,0,1,1,0,0,1,1,ACTIVE_WITH_PURCHASE_HISTORY,"Keep: Has active purchase/return activity"
"3164-G",TRUE,1,1,0,1,1,0,0,1,1,ACTIVE_WITH_PURCHASE_HISTORY,"Keep: Has active purchase/return activity"
"317",TRUE,1,1,0,0,0,0,1,1,1,ACTIVE_WITH_PURCHASE_HISTORY,"Keep: Has active purchase/return activity"
"318",TRUE,4,1,0,0,0,0,4,4,4,ACTIVE_WITH_PURCHASE_HISTORY,"Keep: Has active purchase/return activity"
"3180-G",TRUE,1,1,0,0,0,0,1,1,1,ACTIVE_WITH_PURCHASE_HISTORY,"Keep: Has active purchase/return activity"
"3180-P",TRUE,1,1,0,0,0,0,1,1,1,ACTIVE_WITH_PURCHASE_HISTORY,"Keep: Has active purchase/return activity"
"3184",TRUE,1,1,0,0,0,0,1,1,1,ACTIVE_WITH_PURCHASE_HISTORY,"Keep: Has active purchase/return activity"
"3188-RANI",TRUE,1,1,0,0,0,0,1,1,1,ACTIVE_WITH_PURCHASE_HISTORY,"Keep: Has active purchase/return activity"
"3189",TRUE,1,1,0,0,0,0,1,1,1,ACTIVE_WITH_PURCHASE_HISTORY,"Keep: Has active purchase/return activity"
"3190",TRUE,2,1,0,0,0,0,2,2,2,ACTIVE_WITH_PURCHASE_HISTORY,"Keep: Has active purchase/return activity"
"3191-KK",TRUE,2,1,0,1,1,0,1,2,2,ACTIVE_WITH_PURCHASE_HISTORY,"Keep: Has active purchase/return activity"
"3194",TRUE,1,1,0,0,0,0,1,1,1,ACTIVE_WITH_PURCHASE_HISTORY,"Keep: Has active purchase/return activity"
"31D",TRUE,1,1,0,1,1,0,0,1,1,ACTIVE_WITH_PURCHASE_HISTORY,"Keep: Has active purchase/return activity"
"32",TRUE,1,1,0,0,0,0,1,1,1,ACTIVE_WITH_PURCHASE_HISTORY,"Keep: Has active purchase/return activity"
"32-B",TRUE,1,1,0,1,1,0,0,1,1,ACTIVE_WITH_PURCHASE_HISTORY,"Keep: Has active purchase/return activity"
"32-P",TRUE,1,1,0,0,0,0,1,1,1,ACTIVE_WITH_PURCHASE_HISTORY,"Keep: Has active purchase/return activity"
"32-W",TRUE,1,1,0,0,0,0,1,1,1,ACTIVE_WITH_PURCHASE_HISTORY,"Keep: Has active purchase/return activity"
"32/1",TRUE,1,1,0,0,0,0,1,1,1,ACTIVE_WITH_PURCHASE_HISTORY,"Keep: Has active purchase/return activity"
"3209",TRUE,1,1,0,1,1,0,0,1,1,ACTIVE_WITH_PURCHASE_HISTORY,"Keep: Has active purchase/return activity"
"321-D-42088",TRUE,2,1,0,1,1,0,1,2,2,ACTIVE_WITH_PURCHASE_HISTORY,"Keep: Has active purchase/return activity"
"3210-R",TRUE,1,1,0,0,0,0,1,1,1,ACTIVE_WITH_PURCHASE_HISTORY,"Keep: Has active purchase/return activity"
"3211-ST-1",TRUE,1,1,0,1,1,0,0,1,1,ACTIVE_WITH_PURCHASE_HISTORY,"Keep: Has active purchase/return activity"
"3211-ST-1/2",TRUE,1,1,0,0,0,0,1,1,1,ACTIVE_WITH_PURCHASE_HISTORY,"Keep: Has active purchase/return activity"
"3214-DR",TRUE,1,1,0,1,1,0,0,1,1,ACTIVE_WITH_PURCHASE_HISTORY,"Keep: Has active purchase/return activity"
"3215-C",TRUE,1,1,0,0,0,0,1,1,1,ACTIVE_WITH_PURCHASE_HISTORY,"Keep: Has active purchase/return activity"
"3216",TRUE,2,1,0,0,0,0,2,2,2,ACTIVE_WITH_PURCHASE_HISTORY,"Keep: Has active purchase/return activity"
"3228",TRUE,1,1,0,0,0,0,1,1,1,ACTIVE_WITH_PURCHASE_HISTORY,"Keep: Has active purchase/return activity"
"3233-R",TRUE,1,1,0,0,0,0,1,1,1,ACTIVE_WITH_PURCHASE_HISTORY,"Keep: Has active purchase/return activity"
"325",TRUE,4,1,0,1,1,0,3,4,4,ACTIVE_WITH_PURCHASE_HISTORY,"Keep: Has active purchase/return activity"
"3262",TRUE,8,1,0,4,4,1,4,8,8,ACTIVE_WITH_PURCHASE_HISTORY,"Keep: Has active purchase/return activity"
"3263",TRUE,4,1,0,2,2,0,2,4,4,ACTIVE_WITH_PURCHASE_HISTORY,"Keep: Has active purchase/return activity"
"3266-KK",TRUE,1,1,0,1,1,0,0,1,1,ACTIVE_WITH_PURCHASE_HISTORY,"Keep: Has active purchase/return activity"
"3275",TRUE,3,1,0,1,1,0,2,3,1,ACTIVE_WITH_PURCHASE_HISTORY,"Keep: Has active purchase/return activity"
"3275-R",TRUE,1,1,0,0,0,0,1,1,1,ACTIVE_WITH_PURCHASE_HISTORY,"Keep: Has active purchase/return activity"
"33",TRUE,2,1,0,2,2,0,0,2,2,ACTIVE_WITH_PURCHASE_HISTORY,"Keep: Has active purchase/return activity"
"33-P",TRUE,1,1,0,1,1,0,0,1,1,ACTIVE_WITH_PURCHASE_HISTORY,"Keep: Has active purchase/return activity"
"33/1",TRUE,1,1,0,0,0,0,1,1,1,ACTIVE_WITH_PURCHASE_HISTORY,"Keep: Has active purchase/return activity"
"3335",TRUE,3,1,0,1,1,0,2,3,1,ACTIVE_WITH_PURCHASE_HISTORY,"Keep: Has active purchase/return activity"
"3339",TRUE,4,1,0,0,0,0,4,4,1,ACTIVE_WITH_PURCHASE_HISTORY,"Keep: Has active purchase/return activity"
"334",TRUE,4,1,0,1,1,0,3,4,4,ACTIVE_WITH_PURCHASE_HISTORY,"Keep: Has active purchase/return activity"
"334-BL",TRUE,4,1,0,4,4,1,1,4,4,ACTIVE_WITH_PURCHASE_HISTORY,"Keep: Has active purchase/return activity"
"335",TRUE,4,1,0,1,1,0,3,4,4,ACTIVE_WITH_PURCHASE_HISTORY,"Keep: Has active purchase/return activity"
"335-2038",TRUE,4,1,0,0,0,0,6,6,4,ACTIVE_WITH_PURCHASE_HISTORY,"Keep: Has active purchase/return activity"
"3364",TRUE,3,1,0,3,3,1,1,3,3,ACTIVE_WITH_PURCHASE_HISTORY,"Keep: Has active purchase/return activity"
"3366",TRUE,1,1,0,0,0,0,1,1,1,ACTIVE_WITH_PURCHASE_HISTORY,"Keep: Has active purchase/return activity"
"3375",TRUE,2,1,0,0,0,0,2,2,1,ACTIVE_WITH_PURCHASE_HISTORY,"Keep: Has active purchase/return activity"
"3389",TRUE,4,1,0,0,0,0,4,4,1,ACTIVE_WITH_PURCHASE_HISTORY,"Keep: Has active purchase/return activity"
"3394",TRUE,4,1,0,0,0,0,4,4,1,ACTIVE_WITH_PURCHASE_HISTORY,"Keep: Has active purchase/return activity"
"34-P",TRUE,1,1,0,0,0,0,1,1,1,ACTIVE_WITH_PURCHASE_HISTORY,"Keep: Has active purchase/return activity"
"34/1",TRUE,1,1,0,0,0,0,1,1,1,ACTIVE_WITH_PURCHASE_HISTORY,"Keep: Has active purchase/return activity"
"3407",TRUE,3,1,0,2,2,0,1,3,3,ACTIVE_WITH_PURCHASE_HISTORY,"Keep: Has active purchase/return activity"
"341",TRUE,1,1,0,0,0,0,1,1,1,ACTIVE_WITH_PURCHASE_HISTORY,"Keep: Has active purchase/return activity"
"3414",TRUE,4,1,0,0,0,0,4,4,1,ACTIVE_WITH_PURCHASE_HISTORY,"Keep: Has active purchase/return activity"
"3416",TRUE,1,1,0,0,0,0,1,1,1,ACTIVE_WITH_PURCHASE_HISTORY,"Keep: Has active purchase/return activity"
"3420",TRUE,4,1,0,4,4,0,0,4,4,ACTIVE_WITH_PURCHASE_HISTORY,"Keep: Has active purchase/return activity"
"3426",TRUE,3,1,0,1,1,0,2,3,1,ACTIVE_WITH_PURCHASE_HISTORY,"Keep: Has active purchase/return activity"
"3448",TRUE,4,1,0,0,0,0,4,4,4,ACTIVE_WITH_PURCHASE_HISTORY,"Keep: Has active purchase/return activity"
"3452",TRUE,1,1,0,0,0,0,1,1,1,ACTIVE_WITH_PURCHASE_HISTORY,"Keep: Has active purchase/return activity"
"345SU",TRUE,2,1,0,0,0,0,2,2,1,ACTIVE_WITH_PURCHASE_HISTORY,"Keep: Has active purchase/return activity"
"3469",TRUE,1,1,0,1,1,0,0,1,1,ACTIVE_WITH_PURCHASE_HISTORY,"Keep: Has active purchase/return activity"
"347",TRUE,1,1,0,0,0,0,1,1,1,ACTIVE_WITH_PURCHASE_HISTORY,"Keep: Has active purchase/return activity"
"3484",TRUE,4,1,0,3,3,0,1,4,3,ACTIVE_WITH_PURCHASE_HISTORY,"Keep: Has active purchase/return activity"
"35",TRUE,1,1,0,1,1,0,0,1,1,ACTIVE_WITH_PURCHASE_HISTORY,"Keep: Has active purchase/return activity"
"35-B",TRUE,2,2,0,1,1,0,1,2,2,ACTIVE_WITH_PURCHASE_HISTORY,"Keep: Has active purchase/return activity"
"35-BLUE",TRUE,2,1,0,1,1,0,1,2,2,ACTIVE_WITH_PURCHASE_HISTORY,"Keep: Has active purchase/return activity"
"35-GREEN",TRUE,1,1,0,0,0,0,1,1,1,ACTIVE_WITH_PURCHASE_HISTORY,"Keep: Has active purchase/return activity"
"35/1",TRUE,1,1,0,0,0,0,1,1,1,ACTIVE_WITH_PURCHASE_HISTORY,"Keep: Has active purchase/return activity"
"3503-G-A",TRUE,3,1,0,0,0,0,3,3,3,ACTIVE_WITH_PURCHASE_HISTORY,"Keep: Has active purchase/return activity"
"3506",TRUE,4,1,0,2,2,0,2,4,4,ACTIVE_WITH_PURCHASE_HISTORY,"Keep: Has active purchase/return activity"
"3510",TRUE,1,1,0,0,0,0,1,1,1,ACTIVE_WITH_PURCHASE_HISTORY,"Keep: Has active purchase/return activity"
"3548-A",TRUE,4,1,0,0,0,0,4,4,4,ACTIVE_WITH_PURCHASE_HISTORY,"Keep: Has active purchase/return activity"
"3548-B",TRUE,1,1,0,0,0,0,1,1,1,ACTIVE_WITH_PURCHASE_HISTORY,"Keep: Has active purchase/return activity"
"3586-A",TRUE,4,1,0,0,0,0,4,4,4,ACTIVE_WITH_PURCHASE_HISTORY,"Keep: Has active purchase/return activity"
"3586-B",TRUE,1,1,0,0,0,0,1,1,1,ACTIVE_WITH_PURCHASE_HISTORY,"Keep: Has active purchase/return activity"
"359",TRUE,1,1,0,1,1,0,0,1,1,ACTIVE_WITH_PURCHASE_HISTORY,"Keep: Has active purchase/return activity"
"36",TRUE,3,1,0,2,2,0,1,3,3,ACTIVE_WITH_PURCHASE_HISTORY,"Keep: Has active purchase/return activity"
"36-D",TRUE,0,0,0,0,0,0,0,0,0,SAFE_TO_DELETE_IDLE,"Safe to Delete: No purchases, returns, sales, or stock"
"363",TRUE,1,1,0,0,0,0,1,1,1,ACTIVE_WITH_PURCHASE_HISTORY,"Keep: Has active purchase/return activity"
"363-B",TRUE,4,1,0,0,0,0,4,4,4,ACTIVE_WITH_PURCHASE_HISTORY,"Keep: Has active purchase/return activity"
"363-Y",TRUE,4,1,0,0,0,0,4,4,4,ACTIVE_WITH_PURCHASE_HISTORY,"Keep: Has active purchase/return activity"
"3640",TRUE,2,1,0,1,1,0,1,2,1,ACTIVE_WITH_PURCHASE_HISTORY,"Keep: Has active purchase/return activity"
"365-AH038",TRUE,1,1,0,0,0,0,1,1,1,ACTIVE_WITH_PURCHASE_HISTORY,"Keep: Has active purchase/return activity"
"3669-02",TRUE,0,0,0,0,0,0,1,1,1,ORPHAN_WITH_STOCK,"Audit: Has physical stock/printed barcodes but no purchase record"
"3678",TRUE,18,1,0,10,9,1,9,18,2,ACTIVE_WITH_PURCHASE_HISTORY,"Keep: Has active purchase/return activity"
"368",TRUE,1,1,0,0,0,0,1,1,1,ACTIVE_WITH_PURCHASE_HISTORY,"Keep: Has active purchase/return activity"
"3717",TRUE,1,1,0,0,0,0,1,1,1,ACTIVE_WITH_PURCHASE_HISTORY,"Keep: Has active purchase/return activity"
"3718",TRUE,2,1,0,0,0,0,2,2,2,ACTIVE_WITH_PURCHASE_HISTORY,"Keep: Has active purchase/return activity"
"3729",TRUE,2,1,0,0,0,0,2,2,2,ACTIVE_WITH_PURCHASE_HISTORY,"Keep: Has active purchase/return activity"
"3729 A",TRUE,2,1,0,0,0,0,2,2,2,ACTIVE_WITH_PURCHASE_HISTORY,"Keep: Has active purchase/return activity"
"3773",TRUE,4,1,0,0,0,0,4,4,4,ACTIVE_WITH_PURCHASE_HISTORY,"Keep: Has active purchase/return activity"
"3774",TRUE,2,1,0,1,1,0,1,2,2,ACTIVE_WITH_PURCHASE_HISTORY,"Keep: Has active purchase/return activity"
"3797",TRUE,1,1,0,0,0,0,1,1,1,ACTIVE_WITH_PURCHASE_HISTORY,"Keep: Has active purchase/return activity"
"38- F",TRUE,0,0,0,0,0,0,0,0,0,SAFE_TO_DELETE_IDLE,"Safe to Delete: No purchases, returns, sales, or stock"
"3813",TRUE,4,1,0,3,1,0,1,4,1,ACTIVE_WITH_PURCHASE_HISTORY,"Keep: Has active purchase/return activity"
"3827",TRUE,5,1,0,4,4,0,1,5,5,ACTIVE_WITH_PURCHASE_HISTORY,"Keep: Has active purchase/return activity"
"3827-6",TRUE,2,1,0,1,1,0,1,2,2,ACTIVE_WITH_PURCHASE_HISTORY,"Keep: Has active purchase/return activity"
"3858",TRUE,5,1,0,2,2,0,3,5,5,ACTIVE_WITH_PURCHASE_HISTORY,"Keep: Has active purchase/return activity"
"3858-8",TRUE,2,1,0,2,1,0,0,2,2,ACTIVE_WITH_PURCHASE_HISTORY,"Keep: Has active purchase/return activity"
"386-1",TRUE,1,1,0,1,1,0,0,1,1,ACTIVE_WITH_PURCHASE_HISTORY,"Keep: Has active purchase/return activity"
"386-2",TRUE,1,1,0,1,1,0,0,1,1,ACTIVE_WITH_PURCHASE_HISTORY,"Keep: Has active purchase/return activity"
"386-3",TRUE,1,1,0,1,1,0,0,1,1,ACTIVE_WITH_PURCHASE_HISTORY,"Keep: Has active purchase/return activity"
"386-4",TRUE,1,1,0,1,1,0,0,1,1,ACTIVE_WITH_PURCHASE_HISTORY,"Keep: Has active purchase/return activity"
"3868",TRUE,2,1,0,1,1,0,1,2,2,ACTIVE_WITH_PURCHASE_HISTORY,"Keep: Has active purchase/return activity"
"3872",TRUE,6,1,0,0,0,0,6,6,6,ACTIVE_WITH_PURCHASE_HISTORY,"Keep: Has active purchase/return activity"
"3872 D",TRUE,5,1,0,5,5,1,1,5,5,ACTIVE_WITH_PURCHASE_HISTORY,"Keep: Has active purchase/return activity"
"3872 D-2",TRUE,2,1,0,0,0,0,2,2,2,ACTIVE_WITH_PURCHASE_HISTORY,"Keep: Has active purchase/return activity"
"3883",TRUE,2,1,0,1,1,0,3,4,4,ACTIVE_WITH_PURCHASE_HISTORY,"Keep: Has active purchase/return activity"
"3886A",TRUE,2,1,0,2,2,0,2,4,4,ACTIVE_WITH_PURCHASE_HISTORY,"Keep: Has active purchase/return activity"
"3893",TRUE,5,1,0,2,2,0,3,5,5,ACTIVE_WITH_PURCHASE_HISTORY,"Keep: Has active purchase/return activity"
"3893-2",TRUE,1,1,0,0,0,0,1,1,1,ACTIVE_WITH_PURCHASE_HISTORY,"Keep: Has active purchase/return activity"
"3894",TRUE,7,1,0,4,4,0,3,7,7,ACTIVE_WITH_PURCHASE_HISTORY,"Keep: Has active purchase/return activity"
"3895-A",TRUE,3,1,0,0,0,0,3,3,3,ACTIVE_WITH_PURCHASE_HISTORY,"Keep: Has active purchase/return activity"
"3895-B",TRUE,1,1,0,0,0,0,1,1,1,ACTIVE_WITH_PURCHASE_HISTORY,"Keep: Has active purchase/return activity"
"3895-C",TRUE,1,1,0,0,0,0,1,1,1,ACTIVE_WITH_PURCHASE_HISTORY,"Keep: Has active purchase/return activity"
"3895-D",TRUE,1,1,0,0,0,0,1,1,1,ACTIVE_WITH_PURCHASE_HISTORY,"Keep: Has active purchase/return activity"
"39-RED",TRUE,1,1,0,1,1,0,1,2,2,ACTIVE_WITH_PURCHASE_HISTORY,"Keep: Has active purchase/return activity"
"391",TRUE,1,1,0,0,0,0,1,1,1,ACTIVE_WITH_PURCHASE_HISTORY,"Keep: Has active purchase/return activity"
"3914",TRUE,2,1,0,2,2,0,0,2,2,ACTIVE_WITH_PURCHASE_HISTORY,"Keep: Has active purchase/return activity"
"3918/B",TRUE,6,1,0,3,3,0,3,6,6,ACTIVE_WITH_PURCHASE_HISTORY,"Keep: Has active purchase/return activity"
"3919",TRUE,4,1,0,1,1,0,3,4,4,ACTIVE_WITH_PURCHASE_HISTORY,"Keep: Has active purchase/return activity"
"3922/B",TRUE,1,1,0,0,0,0,1,1,1,ACTIVE_WITH_PURCHASE_HISTORY,"Keep: Has active purchase/return activity"
"3925",TRUE,4,1,0,2,2,0,2,4,4,ACTIVE_WITH_PURCHASE_HISTORY,"Keep: Has active purchase/return activity"
"3925 A",TRUE,4,1,0,3,3,1,1,4,4,ACTIVE_WITH_PURCHASE_HISTORY,"Keep: Has active purchase/return activity"
"3926",TRUE,11,3,0,5,5,0,6,11,11,ACTIVE_WITH_PURCHASE_HISTORY,"Keep: Has active purchase/return activity"
"3926 A",TRUE,4,1,0,3,3,0,1,4,4,ACTIVE_WITH_PURCHASE_HISTORY,"Keep: Has active purchase/return activity"
"3933",TRUE,1,1,0,0,0,0,1,1,1,ACTIVE_WITH_PURCHASE_HISTORY,"Keep: Has active purchase/return activity"
"3944",TRUE,4,1,0,2,2,0,2,4,4,ACTIVE_WITH_PURCHASE_HISTORY,"Keep: Has active purchase/return activity"
"395-0018",TRUE,4,1,0,0,0,0,4,4,4,ACTIVE_WITH_PURCHASE_HISTORY,"Keep: Has active purchase/return activity"
"395-0027",TRUE,4,1,0,0,0,0,4,4,4,ACTIVE_WITH_PURCHASE_HISTORY,"Keep: Has active purchase/return activity"
"3984",TRUE,1,1,0,1,1,0,0,1,1,ACTIVE_WITH_PURCHASE_HISTORY,"Keep: Has active purchase/return activity"
"3985",TRUE,2,1,0,0,0,0,2,2,2,ACTIVE_WITH_PURCHASE_HISTORY,"Keep: Has active purchase/return activity"
"3D",TRUE,1,1,0,0,0,0,1,1,1,ACTIVE_WITH_PURCHASE_HISTORY,"Keep: Has active purchase/return activity"
"3PST022",TRUE,3,1,0,1,1,0,2,3,3,ACTIVE_WITH_PURCHASE_HISTORY,"Keep: Has active purchase/return activity"
"4",TRUE,25,12,2,7,6,1,18,26,13,ACTIVE_WITH_PURCHASE_HISTORY,"Keep: Has active purchase/return activity"
"4-15503-B",TRUE,1,1,1,0,0,0,0,1,1,ACTIVE_WITH_PURCHASE_HISTORY,"Keep: Has active purchase/return activity"
"4-15503-C",TRUE,1,1,1,0,0,0,0,1,1,ACTIVE_WITH_PURCHASE_HISTORY,"Keep: Has active purchase/return activity"
"4-16",TRUE,1,1,1,0,0,0,0,1,1,ACTIVE_WITH_PURCHASE_HISTORY,"Keep: Has active purchase/return activity"
"4-2513",TRUE,1,1,0,1,1,0,0,1,1,ACTIVE_WITH_PURCHASE_HISTORY,"Keep: Has active purchase/return activity"
"4-4311A-B",TRUE,1,1,0,0,0,0,1,1,1,ACTIVE_WITH_PURCHASE_HISTORY,"Keep: Has active purchase/return activity"
"4-4311A-G",TRUE,1,1,0,1,1,0,0,1,1,ACTIVE_WITH_PURCHASE_HISTORY,"Keep: Has active purchase/return activity"
"4-4311A-P",TRUE,1,1,0,1,1,0,0,1,1,ACTIVE_WITH_PURCHASE_HISTORY,"Keep: Has active purchase/return activity"
"4-461",TRUE,2,1,0,0,0,0,2,2,2,ACTIVE_WITH_PURCHASE_HISTORY,"Keep: Has active purchase/return activity"
"4-6250",TRUE,1,1,0,1,1,0,0,1,1,ACTIVE_WITH_PURCHASE_HISTORY,"Keep: Has active purchase/return activity"
"4-A",TRUE,4,1,0,0,0,0,4,4,1,ACTIVE_WITH_PURCHASE_HISTORY,"Keep: Has active purchase/return activity"
"4-B",TRUE,4,1,0,0,0,0,4,4,1,ACTIVE_WITH_PURCHASE_HISTORY,"Keep: Has active purchase/return activity"
"4-C",TRUE,4,1,0,2,2,0,2,4,1,ACTIVE_WITH_PURCHASE_HISTORY,"Keep: Has active purchase/return activity"
"4-C1040",TRUE,1,1,0,1,1,0,0,1,1,ACTIVE_WITH_PURCHASE_HISTORY,"Keep: Has active purchase/return activity"
"4-P",TRUE,1,1,0,2,2,0,0,1,1,ACTIVE_WITH_PURCHASE_HISTORY,"Keep: Has active purchase/return activity"
"4-Y",TRUE,1,1,0,0,0,0,1,1,1,ACTIVE_WITH_PURCHASE_HISTORY,"Keep: Has active purchase/return activity"
"4-YELLOW",TRUE,2,1,0,1,1,0,1,2,1,ACTIVE_WITH_PURCHASE_HISTORY,"Keep: Has active purchase/return activity"
"4//2-PCBD",TRUE,2,1,2,0,0,0,0,2,2,ACTIVE_WITH_PURCHASE_HISTORY,"Keep: Has active purchase/return activity"
"4/1",TRUE,2,2,1,0,0,0,2,3,3,ACTIVE_WITH_PURCHASE_HISTORY,"Keep: Has active purchase/return activity"
"4/1-M F",TRUE,1,1,0,1,1,0,0,1,1,ACTIVE_WITH_PURCHASE_HISTORY,"Keep: Has active purchase/return activity"
"4/1-N M",TRUE,1,1,1,0,0,0,0,1,1,ACTIVE_WITH_PURCHASE_HISTORY,"Keep: Has active purchase/return activity"
"4/1-PINK",TRUE,1,1,0,1,1,0,0,1,1,ACTIVE_WITH_PURCHASE_HISTORY,"Keep: Has active purchase/return activity"
"4/1-RED",TRUE,1,1,0,0,0,0,1,1,1,ACTIVE_WITH_PURCHASE_HISTORY,"Keep: Has active purchase/return activity"
"4/1-YELLOW",TRUE,1,1,0,0,0,0,1,1,1,ACTIVE_WITH_PURCHASE_HISTORY,"Keep: Has active purchase/return activity"
"4/2",TRUE,8,4,4,1,1,0,2,6,4,ACTIVE_WITH_PURCHASE_HISTORY,"Keep: Has active purchase/return activity"
"4/2-BLUE",TRUE,1,1,0,0,0,0,1,1,1,ACTIVE_WITH_PURCHASE_HISTORY,"Keep: Has active purchase/return activity"
"4/2-RANI",TRUE,1,1,0,0,0,0,1,1,1,ACTIVE_WITH_PURCHASE_HISTORY,"Keep: Has active purchase/return activity"
"4/2-YELLOW",TRUE,1,1,0,0,0,0,1,1,1,ACTIVE_WITH_PURCHASE_HISTORY,"Keep: Has active purchase/return activity"
"4/3",TRUE,3,1,0,0,0,0,3,3,1,ACTIVE_WITH_PURCHASE_HISTORY,"Keep: Has active purchase/return activity"
"4/3-GREEN",TRUE,1,1,1,0,0,0,0,1,1,ACTIVE_WITH_PURCHASE_HISTORY,"Keep: Has active purchase/return activity"
"4/3-PEACH",TRUE,1,1,0,0,0,0,1,1,1,ACTIVE_WITH_PURCHASE_HISTORY,"Keep: Has active purchase/return activity"
"4/3-PINK",TRUE,1,1,0,0,0,0,1,1,1,ACTIVE_WITH_PURCHASE_HISTORY,"Keep: Has active purchase/return activity"
"4/3-R C K P",TRUE,3,1,1,0,0,0,2,3,1,ACTIVE_WITH_PURCHASE_HISTORY,"Keep: Has active purchase/return activity"
"4/4",TRUE,4,1,0,2,1,0,2,4,1,ACTIVE_WITH_PURCHASE_HISTORY,"Keep: Has active purchase/return activity"
"4/4-D",TRUE,1,1,1,0,0,0,0,1,1,ACTIVE_WITH_PURCHASE_HISTORY,"Keep: Has active purchase/return activity"
"4/4-GREEN",TRUE,1,1,0,0,0,0,1,1,1,ACTIVE_WITH_PURCHASE_HISTORY,"Keep: Has active purchase/return activity"
"4/4-PINK",TRUE,1,1,0,0,0,0,1,1,1,ACTIVE_WITH_PURCHASE_HISTORY,"Keep: Has active purchase/return activity"
"4/4-RED",TRUE,1,1,0,0,0,0,1,1,1,ACTIVE_WITH_PURCHASE_HISTORY,"Keep: Has active purchase/return activity"
"4/6",TRUE,6,1,0,2,2,0,2,4,4,ACTIVE_WITH_PURCHASE_HISTORY,"Keep: Has active purchase/return activity"
"40",TRUE,1,1,0,1,1,0,0,1,1,ACTIVE_WITH_PURCHASE_HISTORY,"Keep: Has active purchase/return activity"
"40-B",TRUE,1,1,0,1,1,0,0,1,1,ACTIVE_WITH_PURCHASE_HISTORY,"Keep: Has active purchase/return activity"
"4006",TRUE,1,1,0,0,0,0,1,1,1,ACTIVE_WITH_PURCHASE_HISTORY,"Keep: Has active purchase/return activity"
"4011",TRUE,4,1,0,0,0,0,6,6,4,ACTIVE_WITH_PURCHASE_HISTORY,"Keep: Has active purchase/return activity"
"4017/1-2",TRUE,1,1,0,0,0,0,1,1,1,ACTIVE_WITH_PURCHASE_HISTORY,"Keep: Has active purchase/return activity"
"4017/A",TRUE,3,1,0,0,0,0,6,6,6,ACTIVE_WITH_PURCHASE_HISTORY,"Keep: Has active purchase/return activity"
"4017/A-1",TRUE,1,1,0,0,0,0,1,1,1,ACTIVE_WITH_PURCHASE_HISTORY,"Keep: Has active purchase/return activity"
"4017/A-3",TRUE,1,1,0,0,0,0,1,1,1,ACTIVE_WITH_PURCHASE_HISTORY,"Keep: Has active purchase/return activity"
"4022",TRUE,2,1,0,0,0,0,2,2,2,ACTIVE_WITH_PURCHASE_HISTORY,"Keep: Has active purchase/return activity"
"4024/A",TRUE,6,1,0,2,2,0,4,6,6,ACTIVE_WITH_PURCHASE_HISTORY,"Keep: Has active purchase/return activity"
"4025",TRUE,1,1,0,0,0,0,1,1,1,ACTIVE_WITH_PURCHASE_HISTORY,"Keep: Has active purchase/return activity"
"403-101",TRUE,1,1,0,1,1,0,0,1,1,ACTIVE_WITH_PURCHASE_HISTORY,"Keep: Has active purchase/return activity"
"403-77",TRUE,1,1,0,0,0,0,1,1,1,ACTIVE_WITH_PURCHASE_HISTORY,"Keep: Has active purchase/return activity"
"403-99",TRUE,1,1,0,1,1,0,0,1,1,ACTIVE_WITH_PURCHASE_HISTORY,"Keep: Has active purchase/return activity"
"4030",TRUE,2,1,0,1,1,0,0,1,1,ACTIVE_WITH_PURCHASE_HISTORY,"Keep: Has active purchase/return activity"
"4030 B",TRUE,1,1,0,0,0,0,1,1,1,ACTIVE_WITH_PURCHASE_HISTORY,"Keep: Has active purchase/return activity"
"4035",TRUE,3,1,0,0,0,0,6,6,6,ACTIVE_WITH_PURCHASE_HISTORY,"Keep: Has active purchase/return activity"
"4035-C",TRUE,1,1,0,0,0,0,1,1,1,ACTIVE_WITH_PURCHASE_HISTORY,"Keep: Has active purchase/return activity"
"4035 A",TRUE,1,1,0,0,0,0,1,1,1,ACTIVE_WITH_PURCHASE_HISTORY,"Keep: Has active purchase/return activity"
"4035 B",TRUE,1,1,0,0,0,0,1,1,1,ACTIVE_WITH_PURCHASE_HISTORY,"Keep: Has active purchase/return activity"
"4037",TRUE,1,1,0,0,0,0,1,1,1,ACTIVE_WITH_PURCHASE_HISTORY,"Keep: Has active purchase/return activity"
"4042 F",TRUE,2,1,1,0,0,0,1,2,2,ACTIVE_WITH_PURCHASE_HISTORY,"Keep: Has active purchase/return activity"
"4044-1",TRUE,1,1,0,0,0,0,1,1,1,ACTIVE_WITH_PURCHASE_HISTORY,"Keep: Has active purchase/return activity"
"4044-2",TRUE,1,1,0,0,0,0,1,1,1,ACTIVE_WITH_PURCHASE_HISTORY,"Keep: Has active purchase/return activity"
"4044-3",TRUE,1,1,0,0,0,0,1,1,1,ACTIVE_WITH_PURCHASE_HISTORY,"Keep: Has active purchase/return activity"
"4044-4",TRUE,1,1,0,1,1,0,0,1,1,ACTIVE_WITH_PURCHASE_HISTORY,"Keep: Has active purchase/return activity"
"4044-5",TRUE,1,1,0,0,0,0,1,1,1,ACTIVE_WITH_PURCHASE_HISTORY,"Keep: Has active purchase/return activity"
"4044-6",TRUE,1,1,0,0,0,0,1,1,1,ACTIVE_WITH_PURCHASE_HISTORY,"Keep: Has active purchase/return activity"
"4052",TRUE,1,1,0,0,0,0,1,1,1,ACTIVE_WITH_PURCHASE_HISTORY,"Keep: Has active purchase/return activity"
"4070",TRUE,3,1,0,2,2,0,1,3,3,ACTIVE_WITH_PURCHASE_HISTORY,"Keep: Has active purchase/return activity"
"4091",TRUE,1,1,0,0,0,0,1,1,1,ACTIVE_WITH_PURCHASE_HISTORY,"Keep: Has active purchase/return activity"
"411",TRUE,3,1,0,3,3,0,0,3,3,ACTIVE_WITH_PURCHASE_HISTORY,"Keep: Has active purchase/return activity"
"4129",TRUE,1,1,0,0,0,0,1,1,1,ACTIVE_WITH_PURCHASE_HISTORY,"Keep: Has active purchase/return activity"
"4133",TRUE,1,1,0,0,0,0,1,1,1,ACTIVE_WITH_PURCHASE_HISTORY,"Keep: Has active purchase/return activity"
"4134",TRUE,4,1,0,1,1,0,3,4,4,ACTIVE_WITH_PURCHASE_HISTORY,"Keep: Has active purchase/return activity"
"4134-R",TRUE,1,1,1,0,0,0,0,1,1,ACTIVE_WITH_PURCHASE_HISTORY,"Keep: Has active purchase/return activity"
"4135-A/ASH",TRUE,1,1,0,0,0,0,1,1,1,ACTIVE_WITH_PURCHASE_HISTORY,"Keep: Has active purchase/return activity"
"4142",TRUE,4,1,0,3,3,1,2,4,4,ACTIVE_WITH_PURCHASE_HISTORY,"Keep: Has active purchase/return activity"
"4143",TRUE,4,1,0,1,1,0,3,4,4,ACTIVE_WITH_PURCHASE_HISTORY,"Keep: Has active purchase/return activity"
"4149-B",TRUE,1,1,0,0,0,0,1,1,1,ACTIVE_WITH_PURCHASE_HISTORY,"Keep: Has active purchase/return activity"
"4149-G",TRUE,1,1,0,0,0,0,1,1,1,ACTIVE_WITH_PURCHASE_HISTORY,"Keep: Has active purchase/return activity"
"4149-P",TRUE,1,1,0,0,0,0,1,1,1,ACTIVE_WITH_PURCHASE_HISTORY,"Keep: Has active purchase/return activity"
"415",TRUE,2,1,2,0,0,0,0,2,2,ACTIVE_WITH_PURCHASE_HISTORY,"Keep: Has active purchase/return activity"
"4150",TRUE,1,1,0,0,0,0,1,1,1,ACTIVE_WITH_PURCHASE_HISTORY,"Keep: Has active purchase/return activity"
"4151",TRUE,1,1,0,1,1,0,0,1,1,ACTIVE_WITH_PURCHASE_HISTORY,"Keep: Has active purchase/return activity"
"4152",TRUE,4,1,0,4,4,1,1,4,4,ACTIVE_WITH_PURCHASE_HISTORY,"Keep: Has active purchase/return activity"
"4153",TRUE,5,2,0,3,3,0,2,5,5,ACTIVE_WITH_PURCHASE_HISTORY,"Keep: Has active purchase/return activity"
"4154",TRUE,4,1,0,0,0,0,4,4,4,ACTIVE_WITH_PURCHASE_HISTORY,"Keep: Has active purchase/return activity"
"4157",TRUE,4,1,0,1,1,0,3,4,4,ACTIVE_WITH_PURCHASE_HISTORY,"Keep: Has active purchase/return activity"
"4157-A",TRUE,1,1,0,1,1,0,0,1,1,ACTIVE_WITH_PURCHASE_HISTORY,"Keep: Has active purchase/return activity"
"4158",TRUE,4,1,0,2,2,0,2,4,4,ACTIVE_WITH_PURCHASE_HISTORY,"Keep: Has active purchase/return activity"
"4159",TRUE,4,1,0,2,2,0,2,4,4,ACTIVE_WITH_PURCHASE_HISTORY,"Keep: Has active purchase/return activity"
"4160",TRUE,4,1,0,1,1,0,3,4,4,ACTIVE_WITH_PURCHASE_HISTORY,"Keep: Has active purchase/return activity"
"4180-P",TRUE,1,1,0,1,1,0,0,1,1,ACTIVE_WITH_PURCHASE_HISTORY,"Keep: Has active purchase/return activity"
"4188",TRUE,1,1,0,0,0,0,1,1,1,ACTIVE_WITH_PURCHASE_HISTORY,"Keep: Has active purchase/return activity"
"4190",TRUE,1,1,0,0,0,0,1,1,1,ACTIVE_WITH_PURCHASE_HISTORY,"Keep: Has active purchase/return activity"
"4196",TRUE,1,1,0,0,0,0,1,1,1,ACTIVE_WITH_PURCHASE_HISTORY,"Keep: Has active purchase/return activity"
"4198",TRUE,1,1,0,0,0,0,1,1,1,ACTIVE_WITH_PURCHASE_HISTORY,"Keep: Has active purchase/return activity"
"42",TRUE,1,1,0,1,1,0,0,1,1,ACTIVE_WITH_PURCHASE_HISTORY,"Keep: Has active purchase/return activity"
"420",TRUE,3,1,0,4,4,1,0,3,3,ACTIVE_WITH_PURCHASE_HISTORY,"Keep: Has active purchase/return activity"
"4200",TRUE,1,1,0,0,0,0,1,1,1,ACTIVE_WITH_PURCHASE_HISTORY,"Keep: Has active purchase/return activity"
"4201",TRUE,1,1,0,0,0,0,1,1,1,ACTIVE_WITH_PURCHASE_HISTORY,"Keep: Has active purchase/return activity"
"4222",TRUE,4,1,0,3,3,0,1,4,4,ACTIVE_WITH_PURCHASE_HISTORY,"Keep: Has active purchase/return activity"
"4223",TRUE,3,1,0,0,0,0,3,3,1,ACTIVE_WITH_PURCHASE_HISTORY,"Keep: Has active purchase/return activity"
"4224",TRUE,4,1,0,1,1,0,3,4,1,ACTIVE_WITH_PURCHASE_HISTORY,"Keep: Has active purchase/return activity"
"4230",TRUE,1,1,0,2,2,1,0,1,1,ACTIVE_WITH_PURCHASE_HISTORY,"Keep: Has active purchase/return activity"
"4231",TRUE,4,1,0,2,2,0,2,4,4,ACTIVE_WITH_PURCHASE_HISTORY,"Keep: Has active purchase/return activity"
"4231-CREAM",TRUE,1,1,0,1,1,0,0,1,1,ACTIVE_WITH_PURCHASE_HISTORY,"Keep: Has active purchase/return activity"
"4231-GREEN",TRUE,1,1,0,0,0,0,1,1,1,ACTIVE_WITH_PURCHASE_HISTORY,"Keep: Has active purchase/return activity"
"4233",TRUE,5,2,0,3,3,0,2,5,5,ACTIVE_WITH_PURCHASE_HISTORY,"Keep: Has active purchase/return activity"
"4234",TRUE,4,1,0,4,4,0,0,4,4,ACTIVE_WITH_PURCHASE_HISTORY,"Keep: Has active purchase/return activity"
"4237",TRUE,1,1,0,0,0,0,1,1,1,ACTIVE_WITH_PURCHASE_HISTORY,"Keep: Has active purchase/return activity"
"4241",TRUE,1,1,0,1,1,0,0,1,1,ACTIVE_WITH_PURCHASE_HISTORY,"Keep: Has active purchase/return activity"
"4242",TRUE,4,1,0,2,2,0,2,4,4,ACTIVE_WITH_PURCHASE_HISTORY,"Keep: Has active purchase/return activity"
"426",TRUE,1,1,0,0,0,0,1,1,1,ACTIVE_WITH_PURCHASE_HISTORY,"Keep: Has active purchase/return activity"
"4264",TRUE,3,1,0,3,3,0,0,2,2,ACTIVE_WITH_PURCHASE_HISTORY,"Keep: Has active purchase/return activity"
"4264-BEIGE",TRUE,1,1,0,1,1,0,0,1,1,ACTIVE_WITH_PURCHASE_HISTORY,"Keep: Has active purchase/return activity"
"4264-BLACK",TRUE,1,1,0,1,1,0,0,1,1,ACTIVE_WITH_PURCHASE_HISTORY,"Keep: Has active purchase/return activity"
"4267",TRUE,3,1,0,3,3,0,0,3,1,ACTIVE_WITH_PURCHASE_HISTORY,"Keep: Has active purchase/return activity"
"4268",TRUE,4,1,0,4,4,2,1,4,1,ACTIVE_WITH_PURCHASE_HISTORY,"Keep: Has active purchase/return activity"
"4268-BLUE",TRUE,1,1,0,1,1,0,0,1,1,ACTIVE_WITH_PURCHASE_HISTORY,"Keep: Has active purchase/return activity"
"4268-GREEN",TRUE,1,1,0,1,1,0,0,1,1,ACTIVE_WITH_PURCHASE_HISTORY,"Keep: Has active purchase/return activity"
"4276",TRUE,2,1,0,2,2,0,0,2,1,ACTIVE_WITH_PURCHASE_HISTORY,"Keep: Has active purchase/return activity"
"4278",TRUE,3,2,0,2,2,0,1,3,3,ACTIVE_WITH_PURCHASE_HISTORY,"Keep: Has active purchase/return activity"
"4281",TRUE,1,1,0,0,0,0,1,1,1,ACTIVE_WITH_PURCHASE_HISTORY,"Keep: Has active purchase/return activity"
"4284-GREEN",TRUE,1,1,0,1,1,0,0,1,1,ACTIVE_WITH_PURCHASE_HISTORY,"Keep: Has active purchase/return activity"
"4287-RED",TRUE,1,1,0,1,1,0,0,1,1,ACTIVE_WITH_PURCHASE_HISTORY,"Keep: Has active purchase/return activity"
"4288",TRUE,1,1,0,1,1,0,0,1,1,ACTIVE_WITH_PURCHASE_HISTORY,"Keep: Has active purchase/return activity"
"4289",TRUE,2,1,0,2,2,2,1,2,1,ACTIVE_WITH_PURCHASE_HISTORY,"Keep: Has active purchase/return activity"
"4289-RED",TRUE,1,1,0,1,1,0,0,1,1,ACTIVE_WITH_PURCHASE_HISTORY,"Keep: Has active purchase/return activity"
"4290",TRUE,1,1,0,0,0,0,1,1,1,ACTIVE_WITH_PURCHASE_HISTORY,"Keep: Has active purchase/return activity"
"4290-B",TRUE,1,1,0,0,0,0,1,1,1,ACTIVE_WITH_PURCHASE_HISTORY,"Keep: Has active purchase/return activity"
"4290-R",TRUE,1,1,0,0,0,0,1,1,1,ACTIVE_WITH_PURCHASE_HISTORY,"Keep: Has active purchase/return activity"
"4291",TRUE,3,2,0,2,2,0,1,3,2,ACTIVE_WITH_PURCHASE_HISTORY,"Keep: Has active purchase/return activity"
"4292",TRUE,1,1,0,0,0,0,1,1,1,ACTIVE_WITH_PURCHASE_HISTORY,"Keep: Has active purchase/return activity"
"4293",TRUE,1,1,0,0,0,0,1,1,1,ACTIVE_WITH_PURCHASE_HISTORY,"Keep: Has active purchase/return activity"
"4293-CREAM",TRUE,1,1,0,0,0,0,1,1,1,ACTIVE_WITH_PURCHASE_HISTORY,"Keep: Has active purchase/return activity"
"4294",TRUE,1,1,0,0,0,0,1,1,1,ACTIVE_WITH_PURCHASE_HISTORY,"Keep: Has active purchase/return activity"
"4295",TRUE,1,1,0,0,0,0,1,1,1,ACTIVE_WITH_PURCHASE_HISTORY,"Keep: Has active purchase/return activity"
"4296",TRUE,1,1,0,0,0,0,1,1,1,ACTIVE_WITH_PURCHASE_HISTORY,"Keep: Has active purchase/return activity"
"4297",TRUE,1,1,0,0,0,0,1,1,1,ACTIVE_WITH_PURCHASE_HISTORY,"Keep: Has active purchase/return activity"
"4298",TRUE,3,2,0,2,2,0,1,3,2,ACTIVE_WITH_PURCHASE_HISTORY,"Keep: Has active purchase/return activity"
"4299",TRUE,1,1,0,0,0,0,1,1,1,ACTIVE_WITH_PURCHASE_HISTORY,"Keep: Has active purchase/return activity"
"4300",TRUE,4,2,0,1,1,0,3,4,2,ACTIVE_WITH_PURCHASE_HISTORY,"Keep: Has active purchase/return activity"
"4301",TRUE,1,1,0,0,0,0,1,1,1,ACTIVE_WITH_PURCHASE_HISTORY,"Keep: Has active purchase/return activity"
"4302",TRUE,1,1,0,0,0,0,1,1,1,ACTIVE_WITH_PURCHASE_HISTORY,"Keep: Has active purchase/return activity"
"4303",TRUE,2,2,0,0,0,0,2,2,2,ACTIVE_WITH_PURCHASE_HISTORY,"Keep: Has active purchase/return activity"
"4304",TRUE,1,1,0,0,0,0,1,1,1,ACTIVE_WITH_PURCHASE_HISTORY,"Keep: Has active purchase/return activity"
"4305",TRUE,2,2,0,0,0,0,2,2,2,ACTIVE_WITH_PURCHASE_HISTORY,"Keep: Has active purchase/return activity"
"4306",TRUE,1,1,0,0,0,0,1,1,1,ACTIVE_WITH_PURCHASE_HISTORY,"Keep: Has active purchase/return activity"
"4307",TRUE,1,1,0,0,0,0,1,1,1,ACTIVE_WITH_PURCHASE_HISTORY,"Keep: Has active purchase/return activity"
"4308",TRUE,2,2,0,0,0,0,2,2,2,ACTIVE_WITH_PURCHASE_HISTORY,"Keep: Has active purchase/return activity"
"4309",TRUE,1,1,0,0,0,0,2,2,2,ACTIVE_WITH_PURCHASE_HISTORY,"Keep: Has active purchase/return activity"
"4310",TRUE,1,1,0,0,0,0,1,1,1,ACTIVE_WITH_PURCHASE_HISTORY,"Keep: Has active purchase/return activity"
"4311",TRUE,1,1,0,0,0,0,1,1,1,ACTIVE_WITH_PURCHASE_HISTORY,"Keep: Has active purchase/return activity"
"4312",TRUE,1,1,0,0,0,0,1,1,1,ACTIVE_WITH_PURCHASE_HISTORY,"Keep: Has active purchase/return activity"
"4313",TRUE,2,2,0,1,1,0,1,2,2,ACTIVE_WITH_PURCHASE_HISTORY,"Keep: Has active purchase/return activity"
"4313-BLUE",TRUE,1,1,0,0,0,0,1,1,1,ACTIVE_WITH_PURCHASE_HISTORY,"Keep: Has active purchase/return activity"
"4313-RED",TRUE,1,1,0,1,1,0,0,1,1,ACTIVE_WITH_PURCHASE_HISTORY,"Keep: Has active purchase/return activity"
"4314",TRUE,1,1,0,0,0,0,1,1,1,ACTIVE_WITH_PURCHASE_HISTORY,"Keep: Has active purchase/return activity"
"4315",TRUE,4,2,0,3,3,0,1,4,2,ACTIVE_WITH_PURCHASE_HISTORY,"Keep: Has active purchase/return activity"
"4315-LC",TRUE,1,1,0,1,1,0,0,1,1,ACTIVE_WITH_PURCHASE_HISTORY,"Keep: Has active purchase/return activity"
"4316",TRUE,2,1,0,2,2,1,0,2,1,ACTIVE_WITH_PURCHASE_HISTORY,"Keep: Has active purchase/return activity"
"4317",TRUE,2,1,0,2,2,0,0,2,1,ACTIVE_WITH_PURCHASE_HISTORY,"Keep: Has active purchase/return activity"
"4329",TRUE,2,1,0,2,2,1,0,2,1,ACTIVE_WITH_PURCHASE_HISTORY,"Keep: Has active purchase/return activity"
"4331",TRUE,3,1,0,2,2,1,2,3,1,ACTIVE_WITH_PURCHASE_HISTORY,"Keep: Has active purchase/return activity"
"4331-BLUE",TRUE,1,1,0,0,0,0,1,1,1,ACTIVE_WITH_PURCHASE_HISTORY,"Keep: Has active purchase/return activity"
"4331-GREEN",TRUE,1,1,0,0,0,0,1,1,1,ACTIVE_WITH_PURCHASE_HISTORY,"Keep: Has active purchase/return activity"
"4331-PEACH",TRUE,1,1,0,0,0,0,1,1,1,ACTIVE_WITH_PURCHASE_HISTORY,"Keep: Has active purchase/return activity"
"4331-WHITE",TRUE,1,1,0,0,0,0,1,1,1,ACTIVE_WITH_PURCHASE_HISTORY,"Keep: Has active purchase/return activity"
"4337",TRUE,2,1,0,2,2,0,0,2,2,ACTIVE_WITH_PURCHASE_HISTORY,"Keep: Has active purchase/return activity"
"4340",TRUE,1,1,0,0,0,0,1,1,1,ACTIVE_WITH_PURCHASE_HISTORY,"Keep: Has active purchase/return activity"
"4342-PINK",TRUE,1,1,0,1,1,0,0,1,1,ACTIVE_WITH_PURCHASE_HISTORY,"Keep: Has active purchase/return activity"
"4352-CREAM",TRUE,1,1,0,0,0,0,1,1,1,ACTIVE_WITH_PURCHASE_HISTORY,"Keep: Has active purchase/return activity"
"4356",TRUE,4,1,0,2,2,0,2,4,1,ACTIVE_WITH_PURCHASE_HISTORY,"Keep: Has active purchase/return activity"
"4356 HND",TRUE,1,1,0,0,0,0,1,1,1,ACTIVE_WITH_PURCHASE_HISTORY,"Keep: Has active purchase/return activity"
"4358-BLUE",TRUE,1,1,0,0,0,0,1,1,1,ACTIVE_WITH_PURCHASE_HISTORY,"Keep: Has active purchase/return activity"
"4358-MULTI",TRUE,2,1,0,0,0,0,2,2,1,ACTIVE_WITH_PURCHASE_HISTORY,"Keep: Has active purchase/return activity"
"436",TRUE,1,1,0,0,0,0,1,1,1,ACTIVE_WITH_PURCHASE_HISTORY,"Keep: Has active purchase/return activity"
"43SU",TRUE,2,1,0,1,1,0,1,2,2,ACTIVE_WITH_PURCHASE_HISTORY,"Keep: Has active purchase/return activity"
"4403 F",TRUE,1,1,0,1,1,0,0,1,1,ACTIVE_WITH_PURCHASE_HISTORY,"Keep: Has active purchase/return activity"
"442-W",TRUE,2,1,0,0,0,0,2,2,1,ACTIVE_WITH_PURCHASE_HISTORY,"Keep: Has active purchase/return activity"
"442-Y",TRUE,1,1,0,0,0,0,1,1,1,ACTIVE_WITH_PURCHASE_HISTORY,"Keep: Has active purchase/return activity"
"4420",TRUE,1,1,0,0,0,0,1,1,1,ACTIVE_WITH_PURCHASE_HISTORY,"Keep: Has active purchase/return activity"
"4426",TRUE,1,1,0,1,1,0,0,1,1,ACTIVE_WITH_PURCHASE_HISTORY,"Keep: Has active purchase/return activity"
"4443",TRUE,1,1,0,1,1,0,0,1,1,ACTIVE_WITH_PURCHASE_HISTORY,"Keep: Has active purchase/return activity"
"445",TRUE,1,1,0,1,1,0,0,1,1,ACTIVE_WITH_PURCHASE_HISTORY,"Keep: Has active purchase/return activity"
"445 gr",TRUE,1,1,0,0,0,0,1,1,1,ACTIVE_WITH_PURCHASE_HISTORY,"Keep: Has active purchase/return activity"
"445 m",TRUE,1,1,0,1,1,0,0,1,1,ACTIVE_WITH_PURCHASE_HISTORY,"Keep: Has active purchase/return activity"
"445 o",TRUE,1,1,0,1,1,0,0,1,1,ACTIVE_WITH_PURCHASE_HISTORY,"Keep: Has active purchase/return activity"
"445 r",TRUE,1,1,0,1,1,0,0,1,1,ACTIVE_WITH_PURCHASE_HISTORY,"Keep: Has active purchase/return activity"
"445 w",TRUE,1,1,0,1,1,0,0,1,1,ACTIVE_WITH_PURCHASE_HISTORY,"Keep: Has active purchase/return activity"
"445 y",TRUE,2,1,0,1,1,0,0,1,1,ACTIVE_WITH_PURCHASE_HISTORY,"Keep: Has active purchase/return activity"
"4452",TRUE,2,1,0,2,2,0,0,2,2,ACTIVE_WITH_PURCHASE_HISTORY,"Keep: Has active purchase/return activity"
"4454",TRUE,3,1,0,1,1,0,2,3,1,ACTIVE_WITH_PURCHASE_HISTORY,"Keep: Has active purchase/return activity"
"445M",TRUE,10,2,0,8,7,0,2,7,5,ACTIVE_WITH_PURCHASE_HISTORY,"Keep: Has active purchase/return activity"
"445M pi",TRUE,1,1,0,1,1,0,0,1,1,ACTIVE_WITH_PURCHASE_HISTORY,"Keep: Has active purchase/return activity"
"445M pr",TRUE,1,1,0,1,1,0,0,1,1,ACTIVE_WITH_PURCHASE_HISTORY,"Keep: Has active purchase/return activity"
"445M r",TRUE,1,1,0,0,0,0,1,1,1,ACTIVE_WITH_PURCHASE_HISTORY,"Keep: Has active purchase/return activity"
"445M Y",TRUE,3,1,0,1,1,0,0,1,1,ACTIVE_WITH_PURCHASE_HISTORY,"Keep: Has active purchase/return activity"
"44669",TRUE,3,1,0,0,0,0,3,3,1,ACTIVE_WITH_PURCHASE_HISTORY,"Keep: Has active purchase/return activity"
"4480",TRUE,1,1,0,0,0,0,1,1,1,ACTIVE_WITH_PURCHASE_HISTORY,"Keep: Has active purchase/return activity"
"4484-GREEN",TRUE,1,1,0,0,0,0,1,1,1,ACTIVE_WITH_PURCHASE_HISTORY,"Keep: Has active purchase/return activity"
"4484-ORANGE",TRUE,1,1,0,0,0,0,1,1,1,ACTIVE_WITH_PURCHASE_HISTORY,"Keep: Has active purchase/return activity"
"4484-PINK",TRUE,1,1,0,0,0,0,1,1,1,ACTIVE_WITH_PURCHASE_HISTORY,"Keep: Has active purchase/return activity"
"4484-YELLOW",TRUE,1,1,0,0,0,0,1,1,1,ACTIVE_WITH_PURCHASE_HISTORY,"Keep: Has active purchase/return activity"
"4491 F",TRUE,1,1,0,1,1,0,0,1,1,ACTIVE_WITH_PURCHASE_HISTORY,"Keep: Has active purchase/return activity"
"44938",TRUE,1,1,0,0,0,0,1,1,1,ACTIVE_WITH_PURCHASE_HISTORY,"Keep: Has active purchase/return activity"
"44ASU",TRUE,1,1,0,0,0,0,1,1,1,ACTIVE_WITH_PURCHASE_HISTORY,"Keep: Has active purchase/return activity"
"4513",TRUE,5,1,0,2,2,0,3,5,1,ACTIVE_WITH_PURCHASE_HISTORY,"Keep: Has active purchase/return activity"
"4513 M",TRUE,1,1,0,0,0,0,1,1,1,ACTIVE_WITH_PURCHASE_HISTORY,"Keep: Has active purchase/return activity"
"455",TRUE,1,1,0,0,0,0,1,1,1,ACTIVE_WITH_PURCHASE_HISTORY,"Keep: Has active purchase/return activity"
"4561 ORG",TRUE,4,1,0,0,0,0,2,2,2,ACTIVE_WITH_PURCHASE_HISTORY,"Keep: Has active purchase/return activity"
"4593 F",TRUE,2,1,0,0,0,0,2,2,2,ACTIVE_WITH_PURCHASE_HISTORY,"Keep: Has active purchase/return activity"
"45SU",TRUE,1,1,0,0,0,0,1,1,1,ACTIVE_WITH_PURCHASE_HISTORY,"Keep: Has active purchase/return activity"
"4605",TRUE,1,1,0,0,0,0,1,1,1,ACTIVE_WITH_PURCHASE_HISTORY,"Keep: Has active purchase/return activity"
"461",TRUE,1,1,0,0,0,0,1,1,1,ACTIVE_WITH_PURCHASE_HISTORY,"Keep: Has active purchase/return activity"
"4614",TRUE,3,1,0,0,0,0,3,3,1,ACTIVE_WITH_PURCHASE_HISTORY,"Keep: Has active purchase/return activity"
"4616",TRUE,1,1,0,1,1,0,0,1,1,ACTIVE_WITH_PURCHASE_HISTORY,"Keep: Has active purchase/return activity"
"4617",TRUE,2,1,0,2,2,0,0,2,1,ACTIVE_WITH_PURCHASE_HISTORY,"Keep: Has active purchase/return activity"
"4618",TRUE,2,1,0,1,1,0,1,2,1,ACTIVE_WITH_PURCHASE_HISTORY,"Keep: Has active purchase/return activity"
"4663-R",TRUE,1,1,0,1,1,0,0,1,1,ACTIVE_WITH_PURCHASE_HISTORY,"Keep: Has active purchase/return activity"
"4676",TRUE,1,1,0,0,0,0,1,1,1,ACTIVE_WITH_PURCHASE_HISTORY,"Keep: Has active purchase/return activity"
"4699",TRUE,2,1,0,0,0,0,2,2,1,ACTIVE_WITH_PURCHASE_HISTORY,"Keep: Has active purchase/return activity"
"4714",TRUE,1,1,0,0,0,0,1,1,1,ACTIVE_WITH_PURCHASE_HISTORY,"Keep: Has active purchase/return activity"
"4718",TRUE,1,1,0,0,0,0,1,1,1,ACTIVE_WITH_PURCHASE_HISTORY,"Keep: Has active purchase/return activity"
"4726",TRUE,1,1,0,0,0,0,1,1,1,ACTIVE_WITH_PURCHASE_HISTORY,"Keep: Has active purchase/return activity"
"4758",TRUE,1,1,0,0,0,0,1,1,1,ACTIVE_WITH_PURCHASE_HISTORY,"Keep: Has active purchase/return activity"
"4760",TRUE,3,1,0,1,1,0,2,3,1,ACTIVE_WITH_PURCHASE_HISTORY,"Keep: Has active purchase/return activity"
"4760 M",TRUE,1,1,0,0,0,0,1,1,1,ACTIVE_WITH_PURCHASE_HISTORY,"Keep: Has active purchase/return activity"
"4760 M2",TRUE,1,1,0,1,1,0,0,1,1,ACTIVE_WITH_PURCHASE_HISTORY,"Keep: Has active purchase/return activity"
"4762",TRUE,4,1,0,3,3,1,1,4,4,ACTIVE_WITH_PURCHASE_HISTORY,"Keep: Has active purchase/return activity"
"4768",TRUE,5,1,0,0,0,0,3,3,2,ACTIVE_WITH_PURCHASE_HISTORY,"Keep: Has active purchase/return activity"
"4770",TRUE,3,1,0,2,2,0,1,3,1,ACTIVE_WITH_PURCHASE_HISTORY,"Keep: Has active purchase/return activity"
"4788",TRUE,1,1,0,1,1,0,0,1,1,ACTIVE_WITH_PURCHASE_HISTORY,"Keep: Has active purchase/return activity"
"4789-P",TRUE,1,1,1,0,0,0,0,1,1,ACTIVE_WITH_PURCHASE_HISTORY,"Keep: Has active purchase/return activity"
"4791",TRUE,3,1,0,0,0,0,3,3,1,ACTIVE_WITH_PURCHASE_HISTORY,"Keep: Has active purchase/return activity"
"4816",TRUE,4,1,0,1,1,0,3,4,1,ACTIVE_WITH_PURCHASE_HISTORY,"Keep: Has active purchase/return activity"
"4820-2ND FLOOR",TRUE,1,1,0,0,0,0,1,1,1,ACTIVE_WITH_PURCHASE_HISTORY,"Keep: Has active purchase/return activity"
"4820-BLUE",TRUE,1,1,0,0,0,0,1,1,1,ACTIVE_WITH_PURCHASE_HISTORY,"Keep: Has active purchase/return activity"
"4820-PINK",TRUE,1,1,0,0,0,0,1,1,1,ACTIVE_WITH_PURCHASE_HISTORY,"Keep: Has active purchase/return activity"
"4820-RED",TRUE,2,1,0,2,2,0,0,2,1,ACTIVE_WITH_PURCHASE_HISTORY,"Keep: Has active purchase/return activity"
"4834",TRUE,3,1,0,0,0,0,3,3,3,ACTIVE_WITH_PURCHASE_HISTORY,"Keep: Has active purchase/return activity"
"4835 CH",TRUE,1,1,0,0,0,0,1,1,1,ACTIVE_WITH_PURCHASE_HISTORY,"Keep: Has active purchase/return activity"
"4840",TRUE,2,1,0,1,1,0,1,2,2,ACTIVE_WITH_PURCHASE_HISTORY,"Keep: Has active purchase/return activity"
"4848 CH",TRUE,1,1,0,0,0,0,1,1,1,ACTIVE_WITH_PURCHASE_HISTORY,"Keep: Has active purchase/return activity"
"4873-P",TRUE,1,1,1,0,0,0,0,1,1,ACTIVE_WITH_PURCHASE_HISTORY,"Keep: Has active purchase/return activity"
"48932",TRUE,1,1,0,0,0,0,1,1,1,ACTIVE_WITH_PURCHASE_HISTORY,"Keep: Has active purchase/return activity"
"48935",TRUE,1,1,0,0,0,0,1,1,1,ACTIVE_WITH_PURCHASE_HISTORY,"Keep: Has active purchase/return activity"
"49-RANI",TRUE,1,1,0,0,0,0,2,2,2,ACTIVE_WITH_PURCHASE_HISTORY,"Keep: Has active purchase/return activity"
"49023",TRUE,1,1,0,0,0,0,1,1,1,ACTIVE_WITH_PURCHASE_HISTORY,"Keep: Has active purchase/return activity"
"491-1",TRUE,1,1,0,0,0,0,1,1,1,ACTIVE_WITH_PURCHASE_HISTORY,"Keep: Has active purchase/return activity"
"491-2",TRUE,1,1,0,0,0,0,1,1,1,ACTIVE_WITH_PURCHASE_HISTORY,"Keep: Has active purchase/return activity"
"491-3",TRUE,1,1,0,0,0,0,1,1,1,ACTIVE_WITH_PURCHASE_HISTORY,"Keep: Has active purchase/return activity"
"493",TRUE,2,1,0,1,1,0,1,2,1,ACTIVE_WITH_PURCHASE_HISTORY,"Keep: Has active purchase/return activity"
"4936-R",TRUE,1,1,0,1,1,0,0,1,1,ACTIVE_WITH_PURCHASE_HISTORY,"Keep: Has active purchase/return activity"
"495",TRUE,2,2,0,2,2,0,0,2,2,ACTIVE_WITH_PURCHASE_HISTORY,"Keep: Has active purchase/return activity"
"49870",TRUE,1,1,0,0,0,0,1,1,1,ACTIVE_WITH_PURCHASE_HISTORY,"Keep: Has active purchase/return activity"
"49874",TRUE,1,1,0,0,0,0,1,1,1,ACTIVE_WITH_PURCHASE_HISTORY,"Keep: Has active purchase/return activity"
"49890",TRUE,1,1,0,0,0,0,1,1,1,ACTIVE_WITH_PURCHASE_HISTORY,"Keep: Has active purchase/return activity"
"49925",TRUE,1,1,0,0,0,0,1,1,1,ACTIVE_WITH_PURCHASE_HISTORY,"Keep: Has active purchase/return activity"
"49926",TRUE,1,1,0,0,0,0,1,1,1,ACTIVE_WITH_PURCHASE_HISTORY,"Keep: Has active purchase/return activity"
"49927",TRUE,1,1,0,0,0,0,1,1,1,ACTIVE_WITH_PURCHASE_HISTORY,"Keep: Has active purchase/return activity"
"5",TRUE,25,12,0,8,7,0,15,23,13,ACTIVE_WITH_PURCHASE_HISTORY,"Keep: Has active purchase/return activity"
"5-1-P",TRUE,1,1,1,0,0,0,0,1,1,ACTIVE_WITH_PURCHASE_HISTORY,"Keep: Has active purchase/return activity"
"5-15500-G",TRUE,1,1,0,1,1,0,0,1,1,ACTIVE_WITH_PURCHASE_HISTORY,"Keep: Has active purchase/return activity"
"5-15500-P",TRUE,1,1,0,1,1,0,0,1,1,ACTIVE_WITH_PURCHASE_HISTORY,"Keep: Has active purchase/return activity"
"5-2543",TRUE,1,1,0,0,0,0,1,1,1,ACTIVE_WITH_PURCHASE_HISTORY,"Keep: Has active purchase/return activity"
"5-2949",TRUE,1,1,0,0,0,0,1,1,1,ACTIVE_WITH_PURCHASE_HISTORY,"Keep: Has active purchase/return activity"
"5-4304A-B",TRUE,1,1,0,0,0,0,1,1,1,ACTIVE_WITH_PURCHASE_HISTORY,"Keep: Has active purchase/return activity"
"5-4304A-P",TRUE,1,1,0,1,1,0,0,1,1,ACTIVE_WITH_PURCHASE_HISTORY,"Keep: Has active purchase/return activity"
"5-4304A-R",TRUE,1,1,0,1,1,0,0,1,1,ACTIVE_WITH_PURCHASE_HISTORY,"Keep: Has active purchase/return activity"
"5-B",TRUE,1,1,0,1,1,0,2,3,2,ACTIVE_WITH_PURCHASE_HISTORY,"Keep: Has active purchase/return activity"
"5/1",TRUE,1,1,0,0,0,0,1,1,1,ACTIVE_WITH_PURCHASE_HISTORY,"Keep: Has active purchase/return activity"
"5/1-5773",TRUE,1,1,0,0,0,0,1,1,1,ACTIVE_WITH_PURCHASE_HISTORY,"Keep: Has active purchase/return activity"
"5/1-H S",TRUE,1,1,1,0,0,0,0,1,1,ACTIVE_WITH_PURCHASE_HISTORY,"Keep: Has active purchase/return activity"
"5/1-LLCS",TRUE,1,1,1,0,0,0,0,1,1,ACTIVE_WITH_PURCHASE_HISTORY,"Keep: Has active purchase/return activity"
"5/1-M",TRUE,1,1,1,0,0,0,0,1,1,ACTIVE_WITH_PURCHASE_HISTORY,"Keep: Has active purchase/return activity"
"5/2",TRUE,6,3,2,1,1,0,9,12,4,ACTIVE_WITH_PURCHASE_HISTORY,"Keep: Has active purchase/return activity"
"5/2-5773",TRUE,1,1,0,0,0,0,1,1,1,ACTIVE_WITH_PURCHASE_HISTORY,"Keep: Has active purchase/return activity"
"5/3",TRUE,3,1,0,0,0,0,3,3,1,ACTIVE_WITH_PURCHASE_HISTORY,"Keep: Has active purchase/return activity"
"5/4",TRUE,4,1,1,0,0,0,3,4,1,ACTIVE_WITH_PURCHASE_HISTORY,"Keep: Has active purchase/return activity"
"5/5- C DPT",TRUE,5,1,0,0,0,0,5,5,1,ACTIVE_WITH_PURCHASE_HISTORY,"Keep: Has active purchase/return activity"
"5/5-E",TRUE,1,1,1,0,0,0,0,1,1,ACTIVE_WITH_PURCHASE_HISTORY,"Keep: Has active purchase/return activity"
"5/6",TRUE,12,2,6,0,0,0,5,11,6,ACTIVE_WITH_PURCHASE_HISTORY,"Keep: Has active purchase/return activity"
"5/7",TRUE,7,1,7,0,0,0,0,7,1,ACTIVE_WITH_PURCHASE_HISTORY,"Keep: Has active purchase/return activity"
"50",TRUE,1,1,0,1,1,2,1,1,1,ACTIVE_WITH_PURCHASE_HISTORY,"Keep: Has active purchase/return activity"
"500-C",TRUE,6,1,0,1,1,0,5,6,1,ACTIVE_WITH_PURCHASE_HISTORY,"Keep: Has active purchase/return activity"
"5005",TRUE,1,1,0,0,0,0,1,1,1,ACTIVE_WITH_PURCHASE_HISTORY,"Keep: Has active purchase/return activity"
"50053",TRUE,1,1,0,1,1,0,0,1,1,ACTIVE_WITH_PURCHASE_HISTORY,"Keep: Has active purchase/return activity"
"5010",TRUE,1,1,0,1,1,0,0,1,1,ACTIVE_WITH_PURCHASE_HISTORY,"Keep: Has active purchase/return activity"
"50165",TRUE,1,1,0,0,0,0,1,1,1,ACTIVE_WITH_PURCHASE_HISTORY,"Keep: Has active purchase/return activity"
"5018",TRUE,3,1,0,3,3,0,0,3,3,ACTIVE_WITH_PURCHASE_HISTORY,"Keep: Has active purchase/return activity"
"5023",TRUE,1,1,0,0,0,0,1,1,1,ACTIVE_WITH_PURCHASE_HISTORY,"Keep: Has active purchase/return activity"
"503",TRUE,4,2,0,1,1,0,3,4,2,ACTIVE_WITH_PURCHASE_HISTORY,"Keep: Has active purchase/return activity"
"504",TRUE,3,1,0,1,1,0,2,3,1,ACTIVE_WITH_PURCHASE_HISTORY,"Keep: Has active purchase/return activity"
"5040",TRUE,1,1,0,1,1,0,0,1,1,ACTIVE_WITH_PURCHASE_HISTORY,"Keep: Has active purchase/return activity"
"5044",TRUE,1,1,0,1,1,0,0,1,1,ACTIVE_WITH_PURCHASE_HISTORY,"Keep: Has active purchase/return activity"
"505",TRUE,2,1,0,1,1,0,1,2,1,ACTIVE_WITH_PURCHASE_HISTORY,"Keep: Has active purchase/return activity"
"50540",TRUE,1,1,0,0,0,0,1,1,1,ACTIVE_WITH_PURCHASE_HISTORY,"Keep: Has active purchase/return activity"
"50541",TRUE,1,1,0,0,0,0,1,1,1,ACTIVE_WITH_PURCHASE_HISTORY,"Keep: Has active purchase/return activity"
"50545",TRUE,1,1,0,0,0,0,1,1,1,ACTIVE_WITH_PURCHASE_HISTORY,"Keep: Has active purchase/return activity"
"50547",TRUE,1,1,0,0,0,0,1,1,1,ACTIVE_WITH_PURCHASE_HISTORY,"Keep: Has active purchase/return activity"
"5055",TRUE,2,1,0,0,0,0,2,2,2,ACTIVE_WITH_PURCHASE_HISTORY,"Keep: Has active purchase/return activity"
"5055-B",TRUE,1,1,0,0,0,0,1,1,1,ACTIVE_WITH_PURCHASE_HISTORY,"Keep: Has active purchase/return activity"
"506",TRUE,3,1,0,0,0,0,3,3,1,ACTIVE_WITH_PURCHASE_HISTORY,"Keep: Has active purchase/return activity"
"50685",TRUE,1,1,0,0,0,0,1,1,1,ACTIVE_WITH_PURCHASE_HISTORY,"Keep: Has active purchase/return activity"
"507",TRUE,3,1,0,0,0,0,3,3,1,ACTIVE_WITH_PURCHASE_HISTORY,"Keep: Has active purchase/return activity"
"5071",TRUE,1,1,0,0,0,0,1,1,1,ACTIVE_WITH_PURCHASE_HISTORY,"Keep: Has active purchase/return activity"
"5074-P",TRUE,1,1,0,1,1,0,0,1,1,ACTIVE_WITH_PURCHASE_HISTORY,"Keep: Has active purchase/return activity"
"5075-P",TRUE,1,1,1,0,0,0,0,1,1,ACTIVE_WITH_PURCHASE_HISTORY,"Keep: Has active purchase/return activity"
"5078-R",TRUE,1,1,0,0,0,0,1,1,1,ACTIVE_WITH_PURCHASE_HISTORY,"Keep: Has active purchase/return activity"
"508",TRUE,3,1,0,0,0,0,3,3,1,ACTIVE_WITH_PURCHASE_HISTORY,"Keep: Has active purchase/return activity"
"509",TRUE,3,1,0,1,1,0,2,3,1,ACTIVE_WITH_PURCHASE_HISTORY,"Keep: Has active purchase/return activity"
"5094",TRUE,2,1,0,2,2,0,0,2,2,ACTIVE_WITH_PURCHASE_HISTORY,"Keep: Has active purchase/return activity"
"5094-B",TRUE,1,1,0,0,0,0,1,1,1,ACTIVE_WITH_PURCHASE_HISTORY,"Keep: Has active purchase/return activity"
"50971",TRUE,1,1,0,0,0,0,1,1,1,ACTIVE_WITH_PURCHASE_HISTORY,"Keep: Has active purchase/return activity"
"51-RANI",TRUE,1,1,0,0,0,0,1,1,1,ACTIVE_WITH_PURCHASE_HISTORY,"Keep: Has active purchase/return activity"
"510",TRUE,3,1,0,1,1,0,2,3,1,ACTIVE_WITH_PURCHASE_HISTORY,"Keep: Has active purchase/return activity"
"5117",TRUE,1,1,0,0,0,0,1,1,1,ACTIVE_WITH_PURCHASE_HISTORY,"Keep: Has active purchase/return activity"
"5118T",TRUE,3,1,0,0,0,0,3,3,3,ACTIVE_WITH_PURCHASE_HISTORY,"Keep: Has active purchase/return activity"
"5118T-B",TRUE,1,1,0,0,0,0,1,1,1,ACTIVE_WITH_PURCHASE_HISTORY,"Keep: Has active purchase/return activity"
"5118T-C",TRUE,1,1,0,0,0,0,1,1,1,ACTIVE_WITH_PURCHASE_HISTORY,"Keep: Has active purchase/return activity"
"5118T-D",TRUE,1,1,0,1,1,0,0,1,1,ACTIVE_WITH_PURCHASE_HISTORY,"Keep: Has active purchase/return activity"
"51232",TRUE,1,1,0,0,0,0,1,1,1,ACTIVE_WITH_PURCHASE_HISTORY,"Keep: Has active purchase/return activity"
"5124",TRUE,1,1,0,0,0,0,1,1,1,ACTIVE_WITH_PURCHASE_HISTORY,"Keep: Has active purchase/return activity"
"51284",TRUE,1,1,0,0,0,0,1,1,1,ACTIVE_WITH_PURCHASE_HISTORY,"Keep: Has active purchase/return activity"
"513-1",TRUE,1,1,0,0,0,0,1,1,1,ACTIVE_WITH_PURCHASE_HISTORY,"Keep: Has active purchase/return activity"
"513-2",TRUE,1,1,0,0,0,0,1,1,1,ACTIVE_WITH_PURCHASE_HISTORY,"Keep: Has active purchase/return activity"
"513-3",TRUE,1,1,0,0,0,0,1,1,1,ACTIVE_WITH_PURCHASE_HISTORY,"Keep: Has active purchase/return activity"
"513-4",TRUE,1,1,0,0,0,0,1,1,1,ACTIVE_WITH_PURCHASE_HISTORY,"Keep: Has active purchase/return activity"
"513 KT",TRUE,1,1,0,0,0,0,1,1,1,ACTIVE_WITH_PURCHASE_HISTORY,"Keep: Has active purchase/return activity"
"5139",TRUE,1,1,0,1,1,0,0,1,1,ACTIVE_WITH_PURCHASE_HISTORY,"Keep: Has active purchase/return activity"
"5141",TRUE,1,1,0,1,1,0,0,1,1,ACTIVE_WITH_PURCHASE_HISTORY,"Keep: Has active purchase/return activity"
"515-1",TRUE,1,1,0,0,0,0,1,1,1,ACTIVE_WITH_PURCHASE_HISTORY,"Keep: Has active purchase/return activity"
"515-2",TRUE,1,1,0,0,0,0,1,1,1,ACTIVE_WITH_PURCHASE_HISTORY,"Keep: Has active purchase/return activity"
"515-3",TRUE,1,1,0,0,0,0,1,1,1,ACTIVE_WITH_PURCHASE_HISTORY,"Keep: Has active purchase/return activity"
"515-4",TRUE,1,1,0,0,0,0,1,1,1,ACTIVE_WITH_PURCHASE_HISTORY,"Keep: Has active purchase/return activity"
"5152",TRUE,1,1,0,0,0,0,1,1,1,ACTIVE_WITH_PURCHASE_HISTORY,"Keep: Has active purchase/return activity"
"51555",TRUE,1,1,0,0,0,0,1,1,1,ACTIVE_WITH_PURCHASE_HISTORY,"Keep: Has active purchase/return activity"
"51830",TRUE,1,1,0,0,0,0,1,1,1,ACTIVE_WITH_PURCHASE_HISTORY,"Keep: Has active purchase/return activity"
"51831",TRUE,1,1,0,0,0,0,1,1,1,ACTIVE_WITH_PURCHASE_HISTORY,"Keep: Has active purchase/return activity"
"5188",TRUE,1,1,0,1,1,0,0,1,1,ACTIVE_WITH_PURCHASE_HISTORY,"Keep: Has active purchase/return activity"
"51923",TRUE,1,1,0,0,0,0,1,1,1,ACTIVE_WITH_PURCHASE_HISTORY,"Keep: Has active purchase/return activity"
"51925",TRUE,1,1,0,0,0,0,1,1,1,ACTIVE_WITH_PURCHASE_HISTORY,"Keep: Has active purchase/return activity"
"51933",TRUE,1,1,0,0,0,0,1,1,1,ACTIVE_WITH_PURCHASE_HISTORY,"Keep: Has active purchase/return activity"
"5214",TRUE,2,1,0,1,1,0,1,2,1,ACTIVE_WITH_PURCHASE_HISTORY,"Keep: Has active purchase/return activity"
"52183",TRUE,1,1,0,0,0,0,1,1,1,ACTIVE_WITH_PURCHASE_HISTORY,"Keep: Has active purchase/return activity"
"5225",TRUE,2,2,0,0,0,0,1,1,1,ACTIVE_WITH_PURCHASE_HISTORY,"Keep: Has active purchase/return activity"
"52334",TRUE,1,1,0,0,0,0,1,1,1,ACTIVE_WITH_PURCHASE_HISTORY,"Keep: Has active purchase/return activity"
"52335",TRUE,1,1,0,0,0,0,1,1,1,ACTIVE_WITH_PURCHASE_HISTORY,"Keep: Has active purchase/return activity"
"52336",TRUE,1,1,0,0,0,0,1,1,1,ACTIVE_WITH_PURCHASE_HISTORY,"Keep: Has active purchase/return activity"
"52337",TRUE,1,1,0,0,0,0,1,1,1,ACTIVE_WITH_PURCHASE_HISTORY,"Keep: Has active purchase/return activity"
"52338",TRUE,1,1,0,0,0,0,1,1,1,ACTIVE_WITH_PURCHASE_HISTORY,"Keep: Has active purchase/return activity"
"52339",TRUE,1,1,0,0,0,0,1,1,1,ACTIVE_WITH_PURCHASE_HISTORY,"Keep: Has active purchase/return activity"
"52340",TRUE,1,1,0,0,0,0,1,1,1,ACTIVE_WITH_PURCHASE_HISTORY,"Keep: Has active purchase/return activity"
"52341",TRUE,1,1,0,0,0,0,1,1,1,ACTIVE_WITH_PURCHASE_HISTORY,"Keep: Has active purchase/return activity"
"52342",TRUE,1,1,0,0,0,0,1,1,1,ACTIVE_WITH_PURCHASE_HISTORY,"Keep: Has active purchase/return activity"
"52343",TRUE,1,1,0,1,1,0,0,1,1,ACTIVE_WITH_PURCHASE_HISTORY,"Keep: Has active purchase/return activity"
"52344",TRUE,1,1,0,0,0,0,1,1,1,ACTIVE_WITH_PURCHASE_HISTORY,"Keep: Has active purchase/return activity"
"52345",TRUE,1,1,0,0,0,0,1,1,1,ACTIVE_WITH_PURCHASE_HISTORY,"Keep: Has active purchase/return activity"
"52346",TRUE,1,1,0,0,0,0,1,1,1,ACTIVE_WITH_PURCHASE_HISTORY,"Keep: Has active purchase/return activity"
"52347",TRUE,1,1,0,0,0,0,1,1,1,ACTIVE_WITH_PURCHASE_HISTORY,"Keep: Has active purchase/return activity"
"52348",TRUE,1,1,0,0,0,0,1,1,1,ACTIVE_WITH_PURCHASE_HISTORY,"Keep: Has active purchase/return activity"
"52349",TRUE,1,1,0,0,0,0,1,1,1,ACTIVE_WITH_PURCHASE_HISTORY,"Keep: Has active purchase/return activity"
"5236",TRUE,5,1,0,2,2,0,3,5,1,ACTIVE_WITH_PURCHASE_HISTORY,"Keep: Has active purchase/return activity"
"52563",TRUE,1,1,0,1,1,0,0,1,1,ACTIVE_WITH_PURCHASE_HISTORY,"Keep: Has active purchase/return activity"
"5267",TRUE,1,1,0,0,0,0,1,1,1,ACTIVE_WITH_PURCHASE_HISTORY,"Keep: Has active purchase/return activity"
"527",TRUE,4,1,0,0,0,0,4,4,1,ACTIVE_WITH_PURCHASE_HISTORY,"Keep: Has active purchase/return activity"
"5295",TRUE,4,1,0,0,0,0,4,4,1,ACTIVE_WITH_PURCHASE_HISTORY,"Keep: Has active purchase/return activity"
"5303-A-C",TRUE,4,1,0,0,0,0,4,4,4,ACTIVE_WITH_PURCHASE_HISTORY,"Keep: Has active purchase/return activity"
"532",TRUE,4,1,0,0,0,0,4,4,1,ACTIVE_WITH_PURCHASE_HISTORY,"Keep: Has active purchase/return activity"
"5322",TRUE,1,1,0,0,0,0,1,1,1,ACTIVE_WITH_PURCHASE_HISTORY,"Keep: Has active purchase/return activity"
"533",TRUE,4,1,0,1,1,0,3,4,1,ACTIVE_WITH_PURCHASE_HISTORY,"Keep: Has active purchase/return activity"
"5339",TRUE,1,1,0,0,0,0,1,1,1,ACTIVE_WITH_PURCHASE_HISTORY,"Keep: Has active purchase/return activity"
"534",TRUE,1,1,0,0,0,0,1,1,1,ACTIVE_WITH_PURCHASE_HISTORY,"Keep: Has active purchase/return activity"
"5362",TRUE,5,1,0,1,1,0,4,5,1,ACTIVE_WITH_PURCHASE_HISTORY,"Keep: Has active purchase/return activity"
"537-1",TRUE,1,1,0,0,0,0,1,1,1,ACTIVE_WITH_PURCHASE_HISTORY,"Keep: Has active purchase/return activity"
"537-2",TRUE,1,1,0,0,0,0,1,1,1,ACTIVE_WITH_PURCHASE_HISTORY,"Keep: Has active purchase/return activity"
"538-1",TRUE,1,1,0,0,0,0,1,1,1,ACTIVE_WITH_PURCHASE_HISTORY,"Keep: Has active purchase/return activity"
"538-2",TRUE,1,1,0,0,0,0,1,1,1,ACTIVE_WITH_PURCHASE_HISTORY,"Keep: Has active purchase/return activity"
"5384",TRUE,4,1,0,0,0,0,4,4,1,ACTIVE_WITH_PURCHASE_HISTORY,"Keep: Has active purchase/return activity"
"5386",TRUE,4,1,0,0,0,0,4,4,1,ACTIVE_WITH_PURCHASE_HISTORY,"Keep: Has active purchase/return activity"
"5389",TRUE,4,1,0,0,0,0,4,4,1,ACTIVE_WITH_PURCHASE_HISTORY,"Keep: Has active purchase/return activity"
"539",TRUE,4,1,0,0,0,0,4,4,1,ACTIVE_WITH_PURCHASE_HISTORY,"Keep: Has active purchase/return activity"
"5395",TRUE,4,1,0,1,1,0,3,4,1,ACTIVE_WITH_PURCHASE_HISTORY,"Keep: Has active purchase/return activity"
"54082218",TRUE,1,1,0,0,0,0,1,1,1,ACTIVE_WITH_PURCHASE_HISTORY,"Keep: Has active purchase/return activity"
"541",TRUE,1,1,0,1,1,0,0,1,1,ACTIVE_WITH_PURCHASE_HISTORY,"Keep: Has active purchase/return activity"
"543-1",TRUE,1,1,0,0,0,0,1,1,1,ACTIVE_WITH_PURCHASE_HISTORY,"Keep: Has active purchase/return activity"
"543-2",TRUE,1,1,0,0,0,0,1,1,1,ACTIVE_WITH_PURCHASE_HISTORY,"Keep: Has active purchase/return activity"
"546",TRUE,3,1,0,0,0,0,3,3,1,ACTIVE_WITH_PURCHASE_HISTORY,"Keep: Has active purchase/return activity"
"547",TRUE,5,2,1,0,0,0,4,5,2,ACTIVE_WITH_PURCHASE_HISTORY,"Keep: Has active purchase/return activity"
"55-47A",TRUE,1,1,0,0,0,0,1,1,1,ACTIVE_WITH_PURCHASE_HISTORY,"Keep: Has active purchase/return activity"
"554",TRUE,3,1,0,0,0,0,3,3,1,ACTIVE_WITH_PURCHASE_HISTORY,"Keep: Has active purchase/return activity"
"5565B(S)",TRUE,1,1,0,1,1,0,0,1,1,ACTIVE_WITH_PURCHASE_HISTORY,"Keep: Has active purchase/return activity"
"5586-R",TRUE,10,1,0,2,2,0,7,9,2,ACTIVE_WITH_PURCHASE_HISTORY,"Keep: Has active purchase/return activity"
"55D",TRUE,1,1,0,1,1,0,0,1,1,ACTIVE_WITH_PURCHASE_HISTORY,"Keep: Has active purchase/return activity"
"560",TRUE,3,2,1,0,0,0,2,3,3,ACTIVE_WITH_PURCHASE_HISTORY,"Keep: Has active purchase/return activity"
"560-02",TRUE,1,1,1,0,0,0,0,1,1,ACTIVE_WITH_PURCHASE_HISTORY,"Keep: Has active purchase/return activity"
"5600",TRUE,2,1,0,0,0,0,2,2,1,ACTIVE_WITH_PURCHASE_HISTORY,"Keep: Has active purchase/return activity"
"5601",TRUE,1,1,0,0,0,0,1,1,1,ACTIVE_WITH_PURCHASE_HISTORY,"Keep: Has active purchase/return activity"
"561",TRUE,1,1,0,0,0,0,1,1,1,ACTIVE_WITH_PURCHASE_HISTORY,"Keep: Has active purchase/return activity"
"571",TRUE,2,1,0,1,1,0,1,2,1,ACTIVE_WITH_PURCHASE_HISTORY,"Keep: Has active purchase/return activity"
"5731-G",TRUE,2,1,0,1,1,0,1,2,1,ACTIVE_WITH_PURCHASE_HISTORY,"Keep: Has active purchase/return activity"
"5747",TRUE,1,1,0,1,1,0,0,1,1,ACTIVE_WITH_PURCHASE_HISTORY,"Keep: Has active purchase/return activity"
"5789",TRUE,1,1,0,1,1,0,0,1,1,ACTIVE_WITH_PURCHASE_HISTORY,"Keep: Has active purchase/return activity"
"5795-G",TRUE,2,1,0,1,1,0,1,2,1,ACTIVE_WITH_PURCHASE_HISTORY,"Keep: Has active purchase/return activity"
"57D",TRUE,1,1,0,0,0,0,1,1,1,ACTIVE_WITH_PURCHASE_HISTORY,"Keep: Has active purchase/return activity"
"583",TRUE,5,1,0,3,3,0,2,5,5,ACTIVE_WITH_PURCHASE_HISTORY,"Keep: Has active purchase/return activity"
"583-2",TRUE,2,1,0,1,1,0,1,2,2,ACTIVE_WITH_PURCHASE_HISTORY,"Keep: Has active purchase/return activity"
"5834-G",TRUE,1,1,0,1,1,0,0,1,1,ACTIVE_WITH_PURCHASE_HISTORY,"Keep: Has active purchase/return activity"
"5834-Y",TRUE,1,1,0,1,1,0,0,1,1,ACTIVE_WITH_PURCHASE_HISTORY,"Keep: Has active purchase/return activity"
"5849",TRUE,1,1,0,0,0,0,1,1,1,ACTIVE_WITH_PURCHASE_HISTORY,"Keep: Has active purchase/return activity"
"58682",TRUE,1,1,0,1,1,0,0,1,1,ACTIVE_WITH_PURCHASE_HISTORY,"Keep: Has active purchase/return activity"
"590",TRUE,5,2,0,4,4,0,1,5,5,ACTIVE_WITH_PURCHASE_HISTORY,"Keep: Has active purchase/return activity"
"591-WHITE",TRUE,1,1,1,0,0,0,0,1,1,ACTIVE_WITH_PURCHASE_HISTORY,"Keep: Has active purchase/return activity"
"591 GREEN",TRUE,1,1,1,0,0,0,0,1,1,ACTIVE_WITH_PURCHASE_HISTORY,"Keep: Has active purchase/return activity"
"5925",TRUE,1,1,0,0,0,0,1,1,1,ACTIVE_WITH_PURCHASE_HISTORY,"Keep: Has active purchase/return activity"
"5925-B",TRUE,1,1,0,0,0,0,1,1,1,ACTIVE_WITH_PURCHASE_HISTORY,"Keep: Has active purchase/return activity"
"5925-C",TRUE,1,1,0,0,0,0,1,1,1,ACTIVE_WITH_PURCHASE_HISTORY,"Keep: Has active purchase/return activity"
"593-95",TRUE,3,1,0,3,3,0,0,3,1,ACTIVE_WITH_PURCHASE_HISTORY,"Keep: Has active purchase/return activity"
"5946-G-2/1",TRUE,1,1,0,0,0,0,1,1,1,ACTIVE_WITH_PURCHASE_HISTORY,"Keep: Has active purchase/return activity"
"5946-P-1",TRUE,1,1,0,0,0,0,1,1,1,ACTIVE_WITH_PURCHASE_HISTORY,"Keep: Has active purchase/return activity"
"596",TRUE,1,1,0,0,0,0,1,1,1,ACTIVE_WITH_PURCHASE_HISTORY,"Keep: Has active purchase/return activity"
"598",TRUE,6,1,0,2,1,0,1,2,2,ACTIVE_WITH_PURCHASE_HISTORY,"Keep: Has active purchase/return activity"
"6",TRUE,20,7,0,0,0,0,20,20,7,ACTIVE_WITH_PURCHASE_HISTORY,"Keep: Has active purchase/return activity"
"6-1-J",TRUE,1,1,1,0,0,0,0,1,1,ACTIVE_WITH_PURCHASE_HISTORY,"Keep: Has active purchase/return activity"
"6-15499-G",TRUE,1,1,0,0,0,0,1,1,1,ACTIVE_WITH_PURCHASE_HISTORY,"Keep: Has active purchase/return activity"
"6-15499-P",TRUE,1,1,0,0,0,0,1,1,1,ACTIVE_WITH_PURCHASE_HISTORY,"Keep: Has active purchase/return activity"
"6-2543",TRUE,1,1,0,0,0,0,1,1,1,ACTIVE_WITH_PURCHASE_HISTORY,"Keep: Has active purchase/return activity"
"6-4315-P",TRUE,1,1,0,1,1,0,0,1,1,ACTIVE_WITH_PURCHASE_HISTORY,"Keep: Has active purchase/return activity"
"6-4315-R",TRUE,1,1,0,0,0,0,1,1,1,ACTIVE_WITH_PURCHASE_HISTORY,"Keep: Has active purchase/return activity"
"6-8533",TRUE,1,1,0,1,1,0,0,1,1,ACTIVE_WITH_PURCHASE_HISTORY,"Keep: Has active purchase/return activity"
"6-A",TRUE,6,1,0,1,1,0,5,6,1,ACTIVE_WITH_PURCHASE_HISTORY,"Keep: Has active purchase/return activity"
"6-B",TRUE,6,1,0,0,0,0,6,6,1,ACTIVE_WITH_PURCHASE_HISTORY,"Keep: Has active purchase/return activity"
"6-C",TRUE,1,1,0,0,0,0,1,1,1,ACTIVE_WITH_PURCHASE_HISTORY,"Keep: Has active purchase/return activity"
"6/1",TRUE,4,4,1,0,0,0,3,4,4,ACTIVE_WITH_PURCHASE_HISTORY,"Keep: Has active purchase/return activity"
"6/1-LCS",TRUE,1,1,1,0,0,0,0,1,1,ACTIVE_WITH_PURCHASE_HISTORY,"Keep: Has active purchase/return activity"
"6/1-M FL",TRUE,1,1,0,0,0,0,1,1,1,ACTIVE_WITH_PURCHASE_HISTORY,"Keep: Has active purchase/return activity"
"6/11-J DPT",TRUE,11,1,2,2,2,0,7,11,1,ACTIVE_WITH_PURCHASE_HISTORY,"Keep: Has active purchase/return activity"
"6/2- P D",TRUE,2,1,1,0,0,0,1,2,1,ACTIVE_WITH_PURCHASE_HISTORY,"Keep: Has active purchase/return activity"
"6/3",TRUE,6,2,3,1,1,0,2,6,4,ACTIVE_WITH_PURCHASE_HISTORY,"Keep: Has active purchase/return activity"
"6/4",TRUE,8,2,4,2,2,0,2,8,2,ACTIVE_WITH_PURCHASE_HISTORY,"Keep: Has active purchase/return activity"
"6/6-F",TRUE,1,1,0,0,0,0,1,1,1,ACTIVE_WITH_PURCHASE_HISTORY,"Keep: Has active purchase/return activity"
"60",TRUE,5,1,0,5,5,0,0,5,5,ACTIVE_WITH_PURCHASE_HISTORY,"Keep: Has active purchase/return activity"
"600",TRUE,4,1,0,1,1,0,3,4,4,ACTIVE_WITH_PURCHASE_HISTORY,"Keep: Has active purchase/return activity"
"6008",TRUE,1,1,0,0,0,0,1,1,1,ACTIVE_WITH_PURCHASE_HISTORY,"Keep: Has active purchase/return activity"
"601",TRUE,4,1,0,3,3,1,1,4,4,ACTIVE_WITH_PURCHASE_HISTORY,"Keep: Has active purchase/return activity"
"602",TRUE,4,1,0,3,3,0,1,4,4,ACTIVE_WITH_PURCHASE_HISTORY,"Keep: Has active purchase/return activity"
"6020",TRUE,2,1,0,0,0,0,2,2,2,ACTIVE_WITH_PURCHASE_HISTORY,"Keep: Has active purchase/return activity"
"6020-B",TRUE,2,1,0,0,0,0,2,2,2,ACTIVE_WITH_PURCHASE_HISTORY,"Keep: Has active purchase/return activity"
"6054-01",TRUE,1,1,0,0,0,0,1,1,1,ACTIVE_WITH_PURCHASE_HISTORY,"Keep: Has active purchase/return activity"
"6054-02",TRUE,1,1,0,0,0,0,1,1,1,ACTIVE_WITH_PURCHASE_HISTORY,"Keep: Has active purchase/return activity"
"6054-03",TRUE,1,1,0,0,0,0,1,1,1,ACTIVE_WITH_PURCHASE_HISTORY,"Keep: Has active purchase/return activity"
"6054-04",TRUE,1,1,0,0,0,0,1,1,1,ACTIVE_WITH_PURCHASE_HISTORY,"Keep: Has active purchase/return activity"
"6056",TRUE,1,1,0,0,0,0,1,1,1,ACTIVE_WITH_PURCHASE_HISTORY,"Keep: Has active purchase/return activity"
"6059",TRUE,2,1,0,2,2,0,0,2,2,ACTIVE_WITH_PURCHASE_HISTORY,"Keep: Has active purchase/return activity"
"6059-B",TRUE,1,1,0,1,1,0,1,2,1,ACTIVE_WITH_PURCHASE_HISTORY,"Keep: Has active purchase/return activity"
"606",TRUE,2,1,0,1,1,0,1,2,2,ACTIVE_WITH_PURCHASE_HISTORY,"Keep: Has active purchase/return activity"
"6060",TRUE,1,1,0,0,0,0,1,1,1,ACTIVE_WITH_PURCHASE_HISTORY,"Keep: Has active purchase/return activity"
"6060-B",TRUE,1,1,0,0,0,0,1,1,1,ACTIVE_WITH_PURCHASE_HISTORY,"Keep: Has active purchase/return activity"
"6063",TRUE,1,1,0,0,0,0,1,1,1,ACTIVE_WITH_PURCHASE_HISTORY,"Keep: Has active purchase/return activity"
"6095",TRUE,2,1,0,0,0,0,2,2,2,ACTIVE_WITH_PURCHASE_HISTORY,"Keep: Has active purchase/return activity"
"610",TRUE,3,1,0,0,0,0,2,2,2,ACTIVE_WITH_PURCHASE_HISTORY,"Keep: Has active purchase/return activity"
"612",TRUE,1,1,0,0,0,0,1,1,1,ACTIVE_WITH_PURCHASE_HISTORY,"Keep: Has active purchase/return activity"
"613",TRUE,3,1,0,2,2,0,1,3,3,ACTIVE_WITH_PURCHASE_HISTORY,"Keep: Has active purchase/return activity"
"613-2",TRUE,2,1,0,0,0,0,2,2,2,ACTIVE_WITH_PURCHASE_HISTORY,"Keep: Has active purchase/return activity"
"614",TRUE,4,1,0,3,3,0,1,4,4,ACTIVE_WITH_PURCHASE_HISTORY,"Keep: Has active purchase/return activity"
"615",TRUE,2,1,0,1,1,0,1,2,1,ACTIVE_WITH_PURCHASE_HISTORY,"Keep: Has active purchase/return activity"
"616",TRUE,4,1,0,2,2,0,2,4,4,ACTIVE_WITH_PURCHASE_HISTORY,"Keep: Has active purchase/return activity"
"6162",TRUE,1,1,0,0,0,0,1,1,1,ACTIVE_WITH_PURCHASE_HISTORY,"Keep: Has active purchase/return activity"
"6193",TRUE,1,1,0,0,0,0,1,1,1,ACTIVE_WITH_PURCHASE_HISTORY,"Keep: Has active purchase/return activity"
"6197-A",TRUE,1,1,0,0,0,0,1,1,1,ACTIVE_WITH_PURCHASE_HISTORY,"Keep: Has active purchase/return activity"
"6197-B",TRUE,1,1,0,0,0,0,1,1,1,ACTIVE_WITH_PURCHASE_HISTORY,"Keep: Has active purchase/return activity"
"6197-C",TRUE,1,1,0,0,0,0,1,1,1,ACTIVE_WITH_PURCHASE_HISTORY,"Keep: Has active purchase/return activity"
"6197-D",TRUE,1,1,0,0,0,0,1,1,1,ACTIVE_WITH_PURCHASE_HISTORY,"Keep: Has active purchase/return activity"
"620",TRUE,11,1,0,2,2,0,5,7,2,ACTIVE_WITH_PURCHASE_HISTORY,"Keep: Has active purchase/return activity"
"620218",TRUE,0,0,0,0,0,0,5,5,5,ORPHAN_WITH_STOCK,"Audit: Has physical stock/printed barcodes but no purchase record"
"620419",TRUE,1,1,0,0,0,0,1,1,1,ACTIVE_WITH_PURCHASE_HISTORY,"Keep: Has active purchase/return activity"
"6206",TRUE,1,1,0,0,0,0,1,1,1,ACTIVE_WITH_PURCHASE_HISTORY,"Keep: Has active purchase/return activity"
"6207",TRUE,1,1,0,0,0,0,1,1,1,ACTIVE_WITH_PURCHASE_HISTORY,"Keep: Has active purchase/return activity"
"621",TRUE,8,2,0,7,7,0,1,8,8,ACTIVE_WITH_PURCHASE_HISTORY,"Keep: Has active purchase/return activity"
"621-2",TRUE,2,1,0,0,0,0,2,2,2,ACTIVE_WITH_PURCHASE_HISTORY,"Keep: Has active purchase/return activity"
"621-4",TRUE,2,1,0,2,2,0,0,2,2,ACTIVE_WITH_PURCHASE_HISTORY,"Keep: Has active purchase/return activity"
"6218",TRUE,1,1,0,0,0,0,1,1,1,ACTIVE_WITH_PURCHASE_HISTORY,"Keep: Has active purchase/return activity"
"6240",TRUE,1,1,0,1,1,0,0,1,1,ACTIVE_WITH_PURCHASE_HISTORY,"Keep: Has active purchase/return activity"
"6244",TRUE,1,1,0,0,0,0,1,1,1,ACTIVE_WITH_PURCHASE_HISTORY,"Keep: Has active purchase/return activity"
"625",TRUE,3,1,0,0,0,0,3,3,1,ACTIVE_WITH_PURCHASE_HISTORY,"Keep: Has active purchase/return activity"
"626",TRUE,4,1,0,3,3,0,1,4,4,ACTIVE_WITH_PURCHASE_HISTORY,"Keep: Has active purchase/return activity"
"626-NAVY",TRUE,4,1,0,3,3,0,1,4,4,ACTIVE_WITH_PURCHASE_HISTORY,"Keep: Has active purchase/return activity"
"6265",TRUE,1,1,0,0,0,0,1,1,1,ACTIVE_WITH_PURCHASE_HISTORY,"Keep: Has active purchase/return activity"
"6272",TRUE,1,1,0,0,0,0,1,1,1,ACTIVE_WITH_PURCHASE_HISTORY,"Keep: Has active purchase/return activity"
"628",TRUE,1,1,0,0,0,0,1,1,1,ACTIVE_WITH_PURCHASE_HISTORY,"Keep: Has active purchase/return activity"
"6282",TRUE,2,2,1,0,0,0,1,2,2,ACTIVE_WITH_PURCHASE_HISTORY,"Keep: Has active purchase/return activity"
"6282 g",TRUE,1,1,0,0,0,0,1,1,1,ACTIVE_WITH_PURCHASE_HISTORY,"Keep: Has active purchase/return activity"
"6282 p",TRUE,1,1,0,0,0,0,1,1,1,ACTIVE_WITH_PURCHASE_HISTORY,"Keep: Has active purchase/return activity"
"6282 P",TRUE,1,1,1,0,0,0,0,1,1,ACTIVE_WITH_PURCHASE_HISTORY,"Keep: Has active purchase/return activity"
"6288",TRUE,4,1,0,3,3,0,1,4,4,ACTIVE_WITH_PURCHASE_HISTORY,"Keep: Has active purchase/return activity"
"6288-2",TRUE,1,1,0,1,1,0,0,1,1,ACTIVE_WITH_PURCHASE_HISTORY,"Keep: Has active purchase/return activity"
"6288 1",TRUE,6,1,0,5,5,0,2,6,6,ACTIVE_WITH_PURCHASE_HISTORY,"Keep: Has active purchase/return activity"
"629",TRUE,2,1,0,1,1,0,1,2,2,ACTIVE_WITH_PURCHASE_HISTORY,"Keep: Has active purchase/return activity"
"6298",TRUE,1,1,0,0,0,0,1,1,1,ACTIVE_WITH_PURCHASE_HISTORY,"Keep: Has active purchase/return activity"
"630",TRUE,2,1,0,1,1,0,1,2,1,ACTIVE_WITH_PURCHASE_HISTORY,"Keep: Has active purchase/return activity"
"6309",TRUE,1,1,0,1,1,0,0,1,1,ACTIVE_WITH_PURCHASE_HISTORY,"Keep: Has active purchase/return activity"
"631",TRUE,1,1,0,0,0,0,1,1,1,ACTIVE_WITH_PURCHASE_HISTORY,"Keep: Has active purchase/return activity"
"6316",TRUE,2,1,0,1,1,0,1,2,1,ACTIVE_WITH_PURCHASE_HISTORY,"Keep: Has active purchase/return activity"
"632",TRUE,3,1,0,1,1,0,2,3,1,ACTIVE_WITH_PURCHASE_HISTORY,"Keep: Has active purchase/return activity"
"6322",TRUE,1,1,0,0,0,0,1,1,1,ACTIVE_WITH_PURCHASE_HISTORY,"Keep: Has active purchase/return activity"
"6331",TRUE,1,1,0,1,1,0,0,1,1,ACTIVE_WITH_PURCHASE_HISTORY,"Keep: Has active purchase/return activity"
"634",TRUE,4,1,0,2,2,1,2,4,4,ACTIVE_WITH_PURCHASE_HISTORY,"Keep: Has active purchase/return activity"
"635",TRUE,7,2,0,4,4,0,3,7,7,ACTIVE_WITH_PURCHASE_HISTORY,"Keep: Has active purchase/return activity"
"635-2",TRUE,2,1,0,0,0,0,2,2,2,ACTIVE_WITH_PURCHASE_HISTORY,"Keep: Has active purchase/return activity"
"6350",TRUE,1,1,0,0,0,0,1,1,1,ACTIVE_WITH_PURCHASE_HISTORY,"Keep: Has active purchase/return activity"
"6351",TRUE,1,1,0,0,0,0,1,1,1,ACTIVE_WITH_PURCHASE_HISTORY,"Keep: Has active purchase/return activity"
"6352",TRUE,1,1,0,0,0,0,1,1,1,ACTIVE_WITH_PURCHASE_HISTORY,"Keep: Has active purchase/return activity"
"6352-B",TRUE,1,1,0,0,0,0,1,1,1,ACTIVE_WITH_PURCHASE_HISTORY,"Keep: Has active purchase/return activity"
"6353-P",TRUE,1,1,0,1,1,0,0,1,1,ACTIVE_WITH_PURCHASE_HISTORY,"Keep: Has active purchase/return activity"
"6354",TRUE,1,1,0,0,0,0,1,1,1,ACTIVE_WITH_PURCHASE_HISTORY,"Keep: Has active purchase/return activity"
"6357",TRUE,1,1,0,0,0,0,1,1,1,ACTIVE_WITH_PURCHASE_HISTORY,"Keep: Has active purchase/return activity"
"6358",TRUE,1,1,0,0,0,0,2,2,2,ACTIVE_WITH_PURCHASE_HISTORY,"Keep: Has active purchase/return activity"
"6369",TRUE,1,1,0,0,0,0,1,1,1,ACTIVE_WITH_PURCHASE_HISTORY,"Keep: Has active purchase/return activity"
"6369-3",TRUE,1,1,0,0,0,0,2,2,2,ACTIVE_WITH_PURCHASE_HISTORY,"Keep: Has active purchase/return activity"
"6369-B",TRUE,1,1,0,0,0,0,1,1,1,ACTIVE_WITH_PURCHASE_HISTORY,"Keep: Has active purchase/return activity"
"637",TRUE,4,1,0,3,3,0,1,4,4,ACTIVE_WITH_PURCHASE_HISTORY,"Keep: Has active purchase/return activity"
"6374",TRUE,1,1,0,0,0,0,1,1,1,ACTIVE_WITH_PURCHASE_HISTORY,"Keep: Has active purchase/return activity"
"6375",TRUE,1,1,0,0,0,0,1,1,1,ACTIVE_WITH_PURCHASE_HISTORY,"Keep: Has active purchase/return activity"
"6377",TRUE,1,1,0,0,0,0,1,1,1,ACTIVE_WITH_PURCHASE_HISTORY,"Keep: Has active purchase/return activity"
"6379",TRUE,1,1,0,0,0,0,1,1,1,ACTIVE_WITH_PURCHASE_HISTORY,"Keep: Has active purchase/return activity"
"6379-B",TRUE,1,1,0,0,0,0,1,1,1,ACTIVE_WITH_PURCHASE_HISTORY,"Keep: Has active purchase/return activity"
"6386",TRUE,1,1,0,0,0,0,1,1,1,ACTIVE_WITH_PURCHASE_HISTORY,"Keep: Has active purchase/return activity"
"64",TRUE,2,2,2,0,0,0,0,2,2,ACTIVE_WITH_PURCHASE_HISTORY,"Keep: Has active purchase/return activity"
"64-B",TRUE,2,2,1,0,0,0,1,2,2,ACTIVE_WITH_PURCHASE_HISTORY,"Keep: Has active purchase/return activity"
"6400",TRUE,2,2,0,0,0,0,2,2,2,ACTIVE_WITH_PURCHASE_HISTORY,"Keep: Has active purchase/return activity"
"6400-B",TRUE,2,2,0,0,0,0,2,2,2,ACTIVE_WITH_PURCHASE_HISTORY,"Keep: Has active purchase/return activity"
"6404",TRUE,2,1,0,0,0,0,1,1,1,ACTIVE_WITH_PURCHASE_HISTORY,"Keep: Has active purchase/return activity"
"6404-B",TRUE,1,1,0,0,0,0,1,1,1,ACTIVE_WITH_PURCHASE_HISTORY,"Keep: Has active purchase/return activity"
"6405",TRUE,1,1,0,0,0,0,1,1,1,ACTIVE_WITH_PURCHASE_HISTORY,"Keep: Has active purchase/return activity"
"641",TRUE,4,1,0,4,4,0,0,4,4,ACTIVE_WITH_PURCHASE_HISTORY,"Keep: Has active purchase/return activity"
"6410",TRUE,1,1,0,0,0,0,1,1,1,ACTIVE_WITH_PURCHASE_HISTORY,"Keep: Has active purchase/return activity"
"6417",TRUE,1,1,0,0,0,0,1,1,1,ACTIVE_WITH_PURCHASE_HISTORY,"Keep: Has active purchase/return activity"
"642",TRUE,2,2,0,1,1,0,0,1,1,ACTIVE_WITH_PURCHASE_HISTORY,"Keep: Has active purchase/return activity"
"6428-L",TRUE,1,1,0,1,1,0,0,1,1,ACTIVE_WITH_PURCHASE_HISTORY,"Keep: Has active purchase/return activity"
"644",TRUE,3,1,0,2,2,0,1,3,3,ACTIVE_WITH_PURCHASE_HISTORY,"Keep: Has active purchase/return activity"
"6444",TRUE,1,1,0,0,0,0,1,1,1,ACTIVE_WITH_PURCHASE_HISTORY,"Keep: Has active purchase/return activity"
"6445",TRUE,1,1,0,0,0,0,1,1,1,ACTIVE_WITH_PURCHASE_HISTORY,"Keep: Has active purchase/return activity"
"645",TRUE,2,1,0,2,2,0,0,2,2,ACTIVE_WITH_PURCHASE_HISTORY,"Keep: Has active purchase/return activity"
"6458",TRUE,1,1,0,0,0,0,1,1,1,ACTIVE_WITH_PURCHASE_HISTORY,"Keep: Has active purchase/return activity"
"6458A",TRUE,1,1,0,1,1,0,0,1,1,ACTIVE_WITH_PURCHASE_HISTORY,"Keep: Has active purchase/return activity"
"647",TRUE,1,1,0,1,1,0,0,1,1,ACTIVE_WITH_PURCHASE_HISTORY,"Keep: Has active purchase/return activity"
"6473",TRUE,1,1,0,1,1,0,0,1,1,ACTIVE_WITH_PURCHASE_HISTORY,"Keep: Has active purchase/return activity"
"6475",TRUE,1,1,0,0,0,0,2,2,1,ACTIVE_WITH_PURCHASE_HISTORY,"Keep: Has active purchase/return activity"
"6475-B",TRUE,1,1,0,0,0,0,1,1,1,ACTIVE_WITH_PURCHASE_HISTORY,"Keep: Has active purchase/return activity"
"6476-B",TRUE,1,1,0,0,0,0,1,1,1,ACTIVE_WITH_PURCHASE_HISTORY,"Keep: Has active purchase/return activity"
"6494",TRUE,1,1,0,0,0,0,1,1,1,ACTIVE_WITH_PURCHASE_HISTORY,"Keep: Has active purchase/return activity"
"6498-01",TRUE,2,1,0,0,0,0,2,2,1,ACTIVE_WITH_PURCHASE_HISTORY,"Keep: Has active purchase/return activity"
"6498-02",TRUE,1,1,0,0,0,0,1,1,1,ACTIVE_WITH_PURCHASE_HISTORY,"Keep: Has active purchase/return activity"
"6498-03",TRUE,1,1,0,0,0,0,1,1,1,ACTIVE_WITH_PURCHASE_HISTORY,"Keep: Has active purchase/return activity"
"6498-04",TRUE,1,1,0,0,0,0,1,1,1,ACTIVE_WITH_PURCHASE_HISTORY,"Keep: Has active purchase/return activity"
"65",TRUE,1,1,0,1,1,0,0,1,1,ACTIVE_WITH_PURCHASE_HISTORY,"Keep: Has active purchase/return activity"
"65-B",TRUE,1,1,0,1,1,0,0,1,1,ACTIVE_WITH_PURCHASE_HISTORY,"Keep: Has active purchase/return activity"
"6521",TRUE,1,1,0,0,0,0,1,1,1,ACTIVE_WITH_PURCHASE_HISTORY,"Keep: Has active purchase/return activity"
"653",TRUE,1,1,0,0,0,0,1,1,1,ACTIVE_WITH_PURCHASE_HISTORY,"Keep: Has active purchase/return activity"
"656",TRUE,8,2,0,2,2,0,2,4,2,ACTIVE_WITH_PURCHASE_HISTORY,"Keep: Has active purchase/return activity"
"6560A-RNI",TRUE,1,1,0,0,0,0,1,1,1,ACTIVE_WITH_PURCHASE_HISTORY,"Keep: Has active purchase/return activity"
"658",TRUE,4,1,0,0,0,0,4,4,1,ACTIVE_WITH_PURCHASE_HISTORY,"Keep: Has active purchase/return activity"
"659",TRUE,1,1,0,0,0,0,1,1,1,ACTIVE_WITH_PURCHASE_HISTORY,"Keep: Has active purchase/return activity"
"6607",TRUE,2,1,0,2,2,0,0,2,2,ACTIVE_WITH_PURCHASE_HISTORY,"Keep: Has active purchase/return activity"
"661-BROWN",TRUE,3,1,0,0,0,0,2,2,2,ACTIVE_WITH_PURCHASE_HISTORY,"Keep: Has active purchase/return activity"
"661-PEACH",TRUE,3,1,0,0,0,0,2,2,2,ACTIVE_WITH_PURCHASE_HISTORY,"Keep: Has active purchase/return activity"
"662",TRUE,8,1,0,0,0,0,4,4,2,ACTIVE_WITH_PURCHASE_HISTORY,"Keep: Has active purchase/return activity"
"6643 LC",TRUE,1,1,0,0,0,0,1,1,1,ACTIVE_WITH_PURCHASE_HISTORY,"Keep: Has active purchase/return activity"
"665",TRUE,5,1,0,1,1,0,4,5,1,ACTIVE_WITH_PURCHASE_HISTORY,"Keep: Has active purchase/return activity"
"6654",TRUE,3,1,0,1,1,1,2,3,1,ACTIVE_WITH_PURCHASE_HISTORY,"Keep: Has active purchase/return activity"
"6655",TRUE,2,1,0,0,0,0,2,2,1,ACTIVE_WITH_PURCHASE_HISTORY,"Keep: Has active purchase/return activity"
"6655 LC",TRUE,1,1,0,0,0,0,1,1,1,ACTIVE_WITH_PURCHASE_HISTORY,"Keep: Has active purchase/return activity"
"6658",TRUE,1,1,0,0,0,0,1,1,1,ACTIVE_WITH_PURCHASE_HISTORY,"Keep: Has active purchase/return activity"
"6659 LC",TRUE,1,1,0,0,0,0,1,1,1,ACTIVE_WITH_PURCHASE_HISTORY,"Keep: Has active purchase/return activity"
"6661",TRUE,1,1,0,0,0,0,1,1,1,ACTIVE_WITH_PURCHASE_HISTORY,"Keep: Has active purchase/return activity"
"6666",TRUE,2,1,0,2,2,0,0,2,2,ACTIVE_WITH_PURCHASE_HISTORY,"Keep: Has active purchase/return activity"
"670",TRUE,3,1,0,0,0,0,2,2,2,ACTIVE_WITH_PURCHASE_HISTORY,"Keep: Has active purchase/return activity"
"671",TRUE,4,1,0,3,3,0,0,2,2,ACTIVE_WITH_PURCHASE_HISTORY,"Keep: Has active purchase/return activity"
"6713",TRUE,7,1,0,4,4,0,3,7,7,ACTIVE_WITH_PURCHASE_HISTORY,"Keep: Has active purchase/return activity"
"672",TRUE,2,1,0,1,1,0,1,2,1,ACTIVE_WITH_PURCHASE_HISTORY,"Keep: Has active purchase/return activity"
"6729",TRUE,2,1,0,0,0,0,2,2,1,ACTIVE_WITH_PURCHASE_HISTORY,"Keep: Has active purchase/return activity"
"6734",TRUE,1,1,0,0,0,0,1,1,1,ACTIVE_WITH_PURCHASE_HISTORY,"Keep: Has active purchase/return activity"
"6735",TRUE,1,1,0,1,1,0,0,1,1,ACTIVE_WITH_PURCHASE_HISTORY,"Keep: Has active purchase/return activity"
"6737",TRUE,2,1,0,2,2,0,0,2,1,ACTIVE_WITH_PURCHASE_HISTORY,"Keep: Has active purchase/return activity"
"676",TRUE,5,1,0,0,0,0,5,5,1,ACTIVE_WITH_PURCHASE_HISTORY,"Keep: Has active purchase/return activity"
"6760",TRUE,2,1,0,2,2,0,0,2,2,ACTIVE_WITH_PURCHASE_HISTORY,"Keep: Has active purchase/return activity"
"677",TRUE,6,1,0,0,0,0,6,6,1,ACTIVE_WITH_PURCHASE_HISTORY,"Keep: Has active purchase/return activity"
"6770",TRUE,1,1,0,0,0,0,1,1,1,ACTIVE_WITH_PURCHASE_HISTORY,"Keep: Has active purchase/return activity"
"6791 A",TRUE,1,1,0,0,0,0,1,1,1,ACTIVE_WITH_PURCHASE_HISTORY,"Keep: Has active purchase/return activity"
"6798",TRUE,4,1,0,0,0,0,4,4,4,ACTIVE_WITH_PURCHASE_HISTORY,"Keep: Has active purchase/return activity"
"6798-B",TRUE,3,1,0,0,0,0,3,3,3,ACTIVE_WITH_PURCHASE_HISTORY,"Keep: Has active purchase/return activity"
"68",TRUE,3,3,2,0,0,0,1,3,3,ACTIVE_WITH_PURCHASE_HISTORY,"Keep: Has active purchase/return activity"
"68-B",TRUE,2,2,1,0,0,0,1,2,2,ACTIVE_WITH_PURCHASE_HISTORY,"Keep: Has active purchase/return activity"
"6801",TRUE,1,1,0,0,0,0,1,1,1,ACTIVE_WITH_PURCHASE_HISTORY,"Keep: Has active purchase/return activity"
"6805",TRUE,1,1,0,1,1,0,0,1,1,ACTIVE_WITH_PURCHASE_HISTORY,"Keep: Has active purchase/return activity"
"682-5606",TRUE,3,1,0,1,1,0,2,3,3,ACTIVE_WITH_PURCHASE_HISTORY,"Keep: Has active purchase/return activity"
"6824 1",TRUE,7,1,7,0,0,0,0,7,7,ACTIVE_WITH_PURCHASE_HISTORY,"Keep: Has active purchase/return activity"
"6836",TRUE,2,1,0,2,2,0,0,2,2,ACTIVE_WITH_PURCHASE_HISTORY,"Keep: Has active purchase/return activity"
"6839 1",TRUE,5,1,0,3,3,0,2,5,5,ACTIVE_WITH_PURCHASE_HISTORY,"Keep: Has active purchase/return activity"
"6844",TRUE,2,1,0,0,0,0,2,2,2,ACTIVE_WITH_PURCHASE_HISTORY,"Keep: Has active purchase/return activity"
"6853 1",TRUE,4,1,0,2,2,0,2,4,4,ACTIVE_WITH_PURCHASE_HISTORY,"Keep: Has active purchase/return activity"
"6854 1",TRUE,5,1,0,3,3,0,2,5,5,ACTIVE_WITH_PURCHASE_HISTORY,"Keep: Has active purchase/return activity"
"6874 B",TRUE,6,1,0,0,0,0,6,6,6,ACTIVE_WITH_PURCHASE_HISTORY,"Keep: Has active purchase/return activity"
"6874 G",TRUE,7,1,0,0,0,0,7,7,7,ACTIVE_WITH_PURCHASE_HISTORY,"Keep: Has active purchase/return activity"
"6879 1",TRUE,7,1,0,1,1,0,6,7,7,ACTIVE_WITH_PURCHASE_HISTORY,"Keep: Has active purchase/return activity"
"688",TRUE,4,1,0,1,1,0,3,4,1,ACTIVE_WITH_PURCHASE_HISTORY,"Keep: Has active purchase/return activity"
"6888",TRUE,3,1,0,2,2,0,1,3,3,ACTIVE_WITH_PURCHASE_HISTORY,"Keep: Has active purchase/return activity"
"6888-2",TRUE,1,1,0,1,1,0,0,1,1,ACTIVE_WITH_PURCHASE_HISTORY,"Keep: Has active purchase/return activity"
"6890",TRUE,8,1,0,6,6,0,2,8,4,ACTIVE_WITH_PURCHASE_HISTORY,"Keep: Has active purchase/return activity"
"6890-2",TRUE,3,1,0,0,0,0,2,2,2,ACTIVE_WITH_PURCHASE_HISTORY,"Keep: Has active purchase/return activity"
"6891",TRUE,8,1,0,8,8,2,1,7,4,ACTIVE_WITH_PURCHASE_HISTORY,"Keep: Has active purchase/return activity"
"6891-B",TRUE,3,1,0,0,0,0,3,3,3,ACTIVE_WITH_PURCHASE_HISTORY,"Keep: Has active purchase/return activity"
"6894",TRUE,8,1,0,2,2,0,4,6,4,ACTIVE_WITH_PURCHASE_HISTORY,"Keep: Has active purchase/return activity"
"6898 1",TRUE,10,1,0,1,1,0,7,8,5,ACTIVE_WITH_PURCHASE_HISTORY,"Keep: Has active purchase/return activity"
"6899",TRUE,16,2,0,11,11,0,3,12,8,ACTIVE_WITH_PURCHASE_HISTORY,"Keep: Has active purchase/return activity"
"6899-B",TRUE,2,2,0,1,1,0,1,2,2,ACTIVE_WITH_PURCHASE_HISTORY,"Keep: Has active purchase/return activity"
"69 SCRFS",TRUE,1,1,0,1,1,0,0,1,1,ACTIVE_WITH_PURCHASE_HISTORY,"Keep: Has active purchase/return activity"
"69 SCRFS-G",TRUE,1,1,0,0,0,0,1,1,1,ACTIVE_WITH_PURCHASE_HISTORY,"Keep: Has active purchase/return activity"
"69 SCRFS-W",TRUE,1,1,0,1,1,0,0,1,1,ACTIVE_WITH_PURCHASE_HISTORY,"Keep: Has active purchase/return activity"
"6901",TRUE,4,1,0,0,0,0,4,4,4,ACTIVE_WITH_PURCHASE_HISTORY,"Keep: Has active purchase/return activity"
"6901- B",TRUE,3,1,0,0,0,0,3,3,3,ACTIVE_WITH_PURCHASE_HISTORY,"Keep: Has active purchase/return activity"
"6903",TRUE,8,1,0,8,8,0,0,7,4,ACTIVE_WITH_PURCHASE_HISTORY,"Keep: Has active purchase/return activity"
"6903-2",TRUE,1,1,0,1,1,0,0,1,1,ACTIVE_WITH_PURCHASE_HISTORY,"Keep: Has active purchase/return activity"
"6903 NB",TRUE,8,1,0,8,8,0,0,6,4,ACTIVE_WITH_PURCHASE_HISTORY,"Keep: Has active purchase/return activity"
"6903 NB2",TRUE,1,1,0,1,1,0,0,1,1,ACTIVE_WITH_PURCHASE_HISTORY,"Keep: Has active purchase/return activity"
"6903 OP",TRUE,8,1,0,8,8,0,0,8,4,ACTIVE_WITH_PURCHASE_HISTORY,"Keep: Has active purchase/return activity"
"6903 OP2",TRUE,1,1,0,1,1,0,0,1,1,ACTIVE_WITH_PURCHASE_HISTORY,"Keep: Has active purchase/return activity"
"6905",TRUE,7,2,0,1,1,0,5,6,4,ACTIVE_WITH_PURCHASE_HISTORY,"Keep: Has active purchase/return activity"
"6905-B",TRUE,2,2,0,0,0,0,2,2,1,ACTIVE_WITH_PURCHASE_HISTORY,"Keep: Has active purchase/return activity"
"6906",TRUE,6,1,0,5,5,0,0,4,3,ACTIVE_WITH_PURCHASE_HISTORY,"Keep: Has active purchase/return activity"
"6906-2",TRUE,1,1,0,1,1,0,0,1,1,ACTIVE_WITH_PURCHASE_HISTORY,"Keep: Has active purchase/return activity"
"6908",TRUE,4,1,0,3,3,0,1,4,4,ACTIVE_WITH_PURCHASE_HISTORY,"Keep: Has active purchase/return activity"
"6908-B",TRUE,1,1,0,1,1,0,0,1,1,ACTIVE_WITH_PURCHASE_HISTORY,"Keep: Has active purchase/return activity"
"6911-A",TRUE,4,1,0,0,0,0,4,4,4,ACTIVE_WITH_PURCHASE_HISTORY,"Keep: Has active purchase/return activity"
"6911-B",TRUE,3,1,0,0,0,0,3,3,3,ACTIVE_WITH_PURCHASE_HISTORY,"Keep: Has active purchase/return activity"
"6913-A",TRUE,4,1,0,0,0,0,4,4,4,ACTIVE_WITH_PURCHASE_HISTORY,"Keep: Has active purchase/return activity"
"6913-B",TRUE,2,1,0,0,0,0,2,2,2,ACTIVE_WITH_PURCHASE_HISTORY,"Keep: Has active purchase/return activity"
"6987",TRUE,1,1,0,0,0,0,1,1,1,ACTIVE_WITH_PURCHASE_HISTORY,"Keep: Has active purchase/return activity"
"7",TRUE,18,6,1,1,1,0,16,18,6,ACTIVE_WITH_PURCHASE_HISTORY,"Keep: Has active purchase/return activity"
"7-15297",TRUE,1,1,1,0,0,0,0,1,1,ACTIVE_WITH_PURCHASE_HISTORY,"Keep: Has active purchase/return activity"
"7-201",TRUE,1,1,0,0,0,0,1,1,1,ACTIVE_WITH_PURCHASE_HISTORY,"Keep: Has active purchase/return activity"
"7-2352",TRUE,1,1,0,0,0,0,1,1,1,ACTIVE_WITH_PURCHASE_HISTORY,"Keep: Has active purchase/return activity"
"7-3149",TRUE,1,1,0,1,1,0,0,1,1,ACTIVE_WITH_PURCHASE_HISTORY,"Keep: Has active purchase/return activity"
"7-318",TRUE,1,1,1,0,0,0,0,1,1,ACTIVE_WITH_PURCHASE_HISTORY,"Keep: Has active purchase/return activity"
"7-323",TRUE,1,1,0,0,0,0,1,1,1,ACTIVE_WITH_PURCHASE_HISTORY,"Keep: Has active purchase/return activity"
"7-378",TRUE,2,1,0,1,1,0,1,2,2,ACTIVE_WITH_PURCHASE_HISTORY,"Keep: Has active purchase/return activity"
"7-3910A-G",TRUE,1,1,0,0,0,0,1,1,1,ACTIVE_WITH_PURCHASE_HISTORY,"Keep: Has active purchase/return activity"
"7-3910A-P",TRUE,2,1,0,1,1,0,1,2,2,ACTIVE_WITH_PURCHASE_HISTORY,"Keep: Has active purchase/return activity"
"7-543M",TRUE,1,1,0,0,0,0,1,1,1,ACTIVE_WITH_PURCHASE_HISTORY,"Keep: Has active purchase/return activity"
"7-593",TRUE,2,1,0,0,0,0,2,2,2,ACTIVE_WITH_PURCHASE_HISTORY,"Keep: Has active purchase/return activity"
"7-P",TRUE,2,1,0,0,0,0,2,2,2,ACTIVE_WITH_PURCHASE_HISTORY,"Keep: Has active purchase/return activity"
"7-Y",TRUE,1,1,0,0,0,0,1,1,1,ACTIVE_WITH_PURCHASE_HISTORY,"Keep: Has active purchase/return activity"
"7/1",TRUE,2,2,1,1,1,0,0,2,2,ACTIVE_WITH_PURCHASE_HISTORY,"Keep: Has active purchase/return activity"
"7/1-SPJ",TRUE,1,1,0,1,1,0,0,1,1,ACTIVE_WITH_PURCHASE_HISTORY,"Keep: Has active purchase/return activity"
"7/2",TRUE,2,1,0,0,0,0,2,2,1,ACTIVE_WITH_PURCHASE_HISTORY,"Keep: Has active purchase/return activity"
"7/2-M P",TRUE,2,1,0,0,0,0,2,2,1,ACTIVE_WITH_PURCHASE_HISTORY,"Keep: Has active purchase/return activity"
"7/3",TRUE,9,3,3,3,3,0,4,10,6,ACTIVE_WITH_PURCHASE_HISTORY,"Keep: Has active purchase/return activity"
"7/4",TRUE,3,1,0,2,2,0,2,4,3,ACTIVE_WITH_PURCHASE_HISTORY,"Keep: Has active purchase/return activity"
"7/4-A",TRUE,1,1,0,0,0,0,1,1,1,ACTIVE_WITH_PURCHASE_HISTORY,"Keep: Has active purchase/return activity"
"7/6",TRUE,6,1,3,0,0,0,3,6,1,ACTIVE_WITH_PURCHASE_HISTORY,"Keep: Has active purchase/return activity"
"7/7-G",TRUE,2,1,2,0,0,0,0,2,1,ACTIVE_WITH_PURCHASE_HISTORY,"Keep: Has active purchase/return activity"
"70-RED",TRUE,1,1,1,0,0,0,1,2,2,ACTIVE_WITH_PURCHASE_HISTORY,"Keep: Has active purchase/return activity"
"70 SCRFS",TRUE,1,1,0,1,1,0,0,1,1,ACTIVE_WITH_PURCHASE_HISTORY,"Keep: Has active purchase/return activity"
"70 SCRFS-G",TRUE,1,1,0,0,0,0,1,1,1,ACTIVE_WITH_PURCHASE_HISTORY,"Keep: Has active purchase/return activity"
"70 SCRFS-W",TRUE,1,1,0,1,1,0,0,1,1,ACTIVE_WITH_PURCHASE_HISTORY,"Keep: Has active purchase/return activity"
"7010A-BEG",TRUE,1,1,0,0,0,0,1,1,1,ACTIVE_WITH_PURCHASE_HISTORY,"Keep: Has active purchase/return activity"
"7012",TRUE,3,1,0,1,1,0,2,3,3,ACTIVE_WITH_PURCHASE_HISTORY,"Keep: Has active purchase/return activity"
"7012-B",TRUE,1,1,0,0,0,0,1,1,1,ACTIVE_WITH_PURCHASE_HISTORY,"Keep: Has active purchase/return activity"
"7017",TRUE,1,1,0,0,0,0,1,1,1,ACTIVE_WITH_PURCHASE_HISTORY,"Keep: Has active purchase/return activity"
"7018",TRUE,3,1,0,0,0,0,3,3,3,ACTIVE_WITH_PURCHASE_HISTORY,"Keep: Has active purchase/return activity"
"7018-B",TRUE,1,1,0,0,0,0,1,1,1,ACTIVE_WITH_PURCHASE_HISTORY,"Keep: Has active purchase/return activity"
"7023",TRUE,1,1,0,1,1,0,0,1,1,ACTIVE_WITH_PURCHASE_HISTORY,"Keep: Has active purchase/return activity"
"7031",TRUE,1,1,0,0,0,0,1,1,1,ACTIVE_WITH_PURCHASE_HISTORY,"Keep: Has active purchase/return activity"
"704",TRUE,3,1,0,2,2,0,1,3,1,ACTIVE_WITH_PURCHASE_HISTORY,"Keep: Has active purchase/return activity"
"7040",TRUE,1,1,0,1,1,0,0,1,1,ACTIVE_WITH_PURCHASE_HISTORY,"Keep: Has active purchase/return activity"
"7042",TRUE,1,1,0,1,1,0,0,1,1,ACTIVE_WITH_PURCHASE_HISTORY,"Keep: Has active purchase/return activity"
"7043",TRUE,2,1,0,2,2,0,0,2,2,ACTIVE_WITH_PURCHASE_HISTORY,"Keep: Has active purchase/return activity"
"7045",TRUE,4,1,0,2,2,0,2,4,1,ACTIVE_WITH_PURCHASE_HISTORY,"Keep: Has active purchase/return activity"
"7048",TRUE,1,1,0,0,0,0,1,1,1,ACTIVE_WITH_PURCHASE_HISTORY,"Keep: Has active purchase/return activity"
"7049",TRUE,1,1,0,0,0,0,1,1,1,ACTIVE_WITH_PURCHASE_HISTORY,"Keep: Has active purchase/return activity"
"7053",TRUE,1,1,0,0,0,0,1,1,1,ACTIVE_WITH_PURCHASE_HISTORY,"Keep: Has active purchase/return activity"
"706",TRUE,2,1,0,0,0,0,2,2,1,ACTIVE_WITH_PURCHASE_HISTORY,"Keep: Has active purchase/return activity"
"7064",TRUE,2,1,0,0,0,0,2,2,2,ACTIVE_WITH_PURCHASE_HISTORY,"Keep: Has active purchase/return activity"
"7066",TRUE,1,1,0,0,0,0,1,1,1,ACTIVE_WITH_PURCHASE_HISTORY,"Keep: Has active purchase/return activity"
"7077",TRUE,2,1,0,2,2,0,0,2,1,ACTIVE_WITH_PURCHASE_HISTORY,"Keep: Has active purchase/return activity"
"7077 M",TRUE,0,0,0,0,0,0,0,0,0,SAFE_TO_DELETE_IDLE,"Safe to Delete: No purchases, returns, sales, or stock"
"7079",TRUE,1,1,0,1,1,0,0,1,1,ACTIVE_WITH_PURCHASE_HISTORY,"Keep: Has active purchase/return activity"
"7079 PU",TRUE,1,1,0,1,1,0,0,1,1,ACTIVE_WITH_PURCHASE_HISTORY,"Keep: Has active purchase/return activity"
"7080",TRUE,1,1,0,0,0,0,1,1,1,ACTIVE_WITH_PURCHASE_HISTORY,"Keep: Has active purchase/return activity"
"7082",TRUE,1,1,0,0,0,0,1,1,1,ACTIVE_WITH_PURCHASE_HISTORY,"Keep: Has active purchase/return activity"
"7082 GN",TRUE,1,1,0,0,0,0,1,1,1,ACTIVE_WITH_PURCHASE_HISTORY,"Keep: Has active purchase/return activity"
"7090-A",TRUE,1,1,0,0,0,0,1,1,1,ACTIVE_WITH_PURCHASE_HISTORY,"Keep: Has active purchase/return activity"
"7092-A",TRUE,1,1,0,0,0,0,1,1,1,ACTIVE_WITH_PURCHASE_HISTORY,"Keep: Has active purchase/return activity"
"71-PINK",TRUE,1,1,1,0,0,0,1,2,2,ACTIVE_WITH_PURCHASE_HISTORY,"Keep: Has active purchase/return activity"
"7104",TRUE,1,1,0,0,0,0,1,1,1,ACTIVE_WITH_PURCHASE_HISTORY,"Keep: Has active purchase/return activity"
"7112-GREEN",TRUE,1,1,0,0,0,0,1,1,1,ACTIVE_WITH_PURCHASE_HISTORY,"Keep: Has active purchase/return activity"
"7112-PINK",TRUE,1,1,0,0,0,0,1,1,1,ACTIVE_WITH_PURCHASE_HISTORY,"Keep: Has active purchase/return activity"
"7112-PURPLE",TRUE,1,1,0,0,0,0,1,1,1,ACTIVE_WITH_PURCHASE_HISTORY,"Keep: Has active purchase/return activity"
"7112-YELLOW",TRUE,1,1,0,0,0,0,1,1,1,ACTIVE_WITH_PURCHASE_HISTORY,"Keep: Has active purchase/return activity"
"7117-A",TRUE,1,1,0,1,1,0,0,1,1,ACTIVE_WITH_PURCHASE_HISTORY,"Keep: Has active purchase/return activity"
"713",TRUE,1,1,0,0,0,0,1,1,1,ACTIVE_WITH_PURCHASE_HISTORY,"Keep: Has active purchase/return activity"
"7134",TRUE,4,1,0,1,1,0,3,4,4,ACTIVE_WITH_PURCHASE_HISTORY,"Keep: Has active purchase/return activity"
"7139",TRUE,1,1,0,0,0,0,1,1,1,ACTIVE_WITH_PURCHASE_HISTORY,"Keep: Has active purchase/return activity"
"7139-02",TRUE,1,1,0,0,0,0,1,1,1,ACTIVE_WITH_PURCHASE_HISTORY,"Keep: Has active purchase/return activity"
"7182-BEG",TRUE,1,1,0,1,1,0,0,1,1,ACTIVE_WITH_PURCHASE_HISTORY,"Keep: Has active purchase/return activity"
"7184",TRUE,4,1,0,0,0,0,4,4,1,ACTIVE_WITH_PURCHASE_HISTORY,"Keep: Has active purchase/return activity"
"7185",TRUE,1,1,0,0,0,0,1,1,1,ACTIVE_WITH_PURCHASE_HISTORY,"Keep: Has active purchase/return activity"
"7185 M",TRUE,1,1,0,1,1,0,0,1,1,ACTIVE_WITH_PURCHASE_HISTORY,"Keep: Has active purchase/return activity"
"7196",TRUE,2,1,0,0,0,0,4,4,4,ACTIVE_WITH_PURCHASE_HISTORY,"Keep: Has active purchase/return activity"
"7197",TRUE,2,1,0,0,0,0,4,4,4,ACTIVE_WITH_PURCHASE_HISTORY,"Keep: Has active purchase/return activity"
"7198",TRUE,1,1,0,0,0,0,2,2,2,ACTIVE_WITH_PURCHASE_HISTORY,"Keep: Has active purchase/return activity"
"7203",TRUE,1,1,0,1,1,0,0,1,1,ACTIVE_WITH_PURCHASE_HISTORY,"Keep: Has active purchase/return activity"
"7205",TRUE,1,1,0,0,0,0,1,1,1,ACTIVE_WITH_PURCHASE_HISTORY,"Keep: Has active purchase/return activity"
"7211",TRUE,1,1,0,1,1,0,0,1,1,ACTIVE_WITH_PURCHASE_HISTORY,"Keep: Has active purchase/return activity"
"7211 GN",TRUE,1,1,0,1,1,0,0,1,1,ACTIVE_WITH_PURCHASE_HISTORY,"Keep: Has active purchase/return activity"
"7213",TRUE,1,1,0,0,0,0,1,1,1,ACTIVE_WITH_PURCHASE_HISTORY,"Keep: Has active purchase/return activity"
"7219-PNK",TRUE,1,1,0,0,0,0,1,1,1,ACTIVE_WITH_PURCHASE_HISTORY,"Keep: Has active purchase/return activity"
"7219-W",TRUE,1,1,0,1,1,0,0,1,1,ACTIVE_WITH_PURCHASE_HISTORY,"Keep: Has active purchase/return activity"
"7220-A",TRUE,1,1,0,0,0,0,1,1,1,ACTIVE_WITH_PURCHASE_HISTORY,"Keep: Has active purchase/return activity"
"7220-B",TRUE,1,1,0,0,0,0,1,1,1,ACTIVE_WITH_PURCHASE_HISTORY,"Keep: Has active purchase/return activity"
"7223-PRP",TRUE,1,1,0,0,0,0,1,1,1,ACTIVE_WITH_PURCHASE_HISTORY,"Keep: Has active purchase/return activity"
"7225",TRUE,1,1,0,0,0,0,1,1,1,ACTIVE_WITH_PURCHASE_HISTORY,"Keep: Has active purchase/return activity"
"72252",TRUE,1,1,0,0,0,0,1,1,1,ACTIVE_WITH_PURCHASE_HISTORY,"Keep: Has active purchase/return activity"
"7227",TRUE,1,1,0,1,1,0,0,1,1,ACTIVE_WITH_PURCHASE_HISTORY,"Keep: Has active purchase/return activity"
"7228",TRUE,3,1,0,0,0,0,3,3,1,ACTIVE_WITH_PURCHASE_HISTORY,"Keep: Has active purchase/return activity"
"723",TRUE,8,1,0,8,8,0,0,8,1,ACTIVE_WITH_PURCHASE_HISTORY,"Keep: Has active purchase/return activity"
"7231",TRUE,1,1,0,1,1,0,0,1,1,ACTIVE_WITH_PURCHASE_HISTORY,"Keep: Has active purchase/return activity"
"7232",TRUE,1,1,0,0,0,0,1,1,1,ACTIVE_WITH_PURCHASE_HISTORY,"Keep: Has active purchase/return activity"
"7237",TRUE,3,1,0,1,1,0,2,3,1,ACTIVE_WITH_PURCHASE_HISTORY,"Keep: Has active purchase/return activity"
"7242",TRUE,1,1,0,1,1,0,0,1,1,ACTIVE_WITH_PURCHASE_HISTORY,"Keep: Has active purchase/return activity"
"7243",TRUE,1,1,0,0,0,0,1,1,1,ACTIVE_WITH_PURCHASE_HISTORY,"Keep: Has active purchase/return activity"
"7246",TRUE,4,1,0,0,0,0,4,4,1,ACTIVE_WITH_PURCHASE_HISTORY,"Keep: Has active purchase/return activity"
"7248-RNI",TRUE,1,1,0,0,0,0,1,1,1,ACTIVE_WITH_PURCHASE_HISTORY,"Keep: Has active purchase/return activity"
"7259",TRUE,4,1,0,0,0,0,4,4,1,ACTIVE_WITH_PURCHASE_HISTORY,"Keep: Has active purchase/return activity"
"726",TRUE,1,1,0,0,0,0,1,1,1,ACTIVE_WITH_PURCHASE_HISTORY,"Keep: Has active purchase/return activity"
"7263",TRUE,1,1,0,0,0,0,1,1,1,ACTIVE_WITH_PURCHASE_HISTORY,"Keep: Has active purchase/return activity"
"7263 GR",TRUE,1,1,0,0,0,0,1,1,1,ACTIVE_WITH_PURCHASE_HISTORY,"Keep: Has active purchase/return activity"
"7264-",TRUE,1,1,0,0,0,0,1,1,1,ACTIVE_WITH_PURCHASE_HISTORY,"Keep: Has active purchase/return activity"
"7264-A",TRUE,1,1,0,0,0,0,1,1,1,ACTIVE_WITH_PURCHASE_HISTORY,"Keep: Has active purchase/return activity"
"7264-B",TRUE,1,1,0,0,0,0,1,1,1,ACTIVE_WITH_PURCHASE_HISTORY,"Keep: Has active purchase/return activity"
"7267",TRUE,2,1,0,0,0,0,2,2,2,ACTIVE_WITH_PURCHASE_HISTORY,"Keep: Has active purchase/return activity"
"7268",TRUE,4,1,0,0,0,0,4,4,1,ACTIVE_WITH_PURCHASE_HISTORY,"Keep: Has active purchase/return activity"
"7269",TRUE,2,1,0,0,0,0,2,2,2,ACTIVE_WITH_PURCHASE_HISTORY,"Keep: Has active purchase/return activity"
"7274",TRUE,4,1,0,0,0,0,4,4,1,ACTIVE_WITH_PURCHASE_HISTORY,"Keep: Has active purchase/return activity"
"7303",TRUE,1,1,0,0,0,0,1,1,1,ACTIVE_WITH_PURCHASE_HISTORY,"Keep: Has active purchase/return activity"
"7314",TRUE,1,1,0,1,1,0,0,1,1,ACTIVE_WITH_PURCHASE_HISTORY,"Keep: Has active purchase/return activity"
"7330",TRUE,2,1,0,0,0,0,2,2,1,ACTIVE_WITH_PURCHASE_HISTORY,"Keep: Has active purchase/return activity"
"735",TRUE,2,1,0,0,0,0,2,2,2,ACTIVE_WITH_PURCHASE_HISTORY,"Keep: Has active purchase/return activity"
"7362",TRUE,1,1,0,1,1,0,0,1,1,ACTIVE_WITH_PURCHASE_HISTORY,"Keep: Has active purchase/return activity"
"7377",TRUE,2,1,0,0,0,0,4,4,4,ACTIVE_WITH_PURCHASE_HISTORY,"Keep: Has active purchase/return activity"
"739",TRUE,2,1,0,0,0,0,2,2,2,ACTIVE_WITH_PURCHASE_HISTORY,"Keep: Has active purchase/return activity"
"740",TRUE,4,2,0,0,0,0,4,4,4,ACTIVE_WITH_PURCHASE_HISTORY,"Keep: Has active purchase/return activity"
"7402 L",TRUE,1,1,0,0,0,0,1,1,1,ACTIVE_WITH_PURCHASE_HISTORY,"Keep: Has active purchase/return activity"
"7403",TRUE,1,1,1,0,0,0,0,1,1,ACTIVE_WITH_PURCHASE_HISTORY,"Keep: Has active purchase/return activity"
"7408",TRUE,1,1,0,1,1,0,0,1,1,ACTIVE_WITH_PURCHASE_HISTORY,"Keep: Has active purchase/return activity"
"7417",TRUE,1,1,0,0,0,0,1,1,1,ACTIVE_WITH_PURCHASE_HISTORY,"Keep: Has active purchase/return activity"
"7418-Y",TRUE,1,1,0,1,1,0,0,1,1,ACTIVE_WITH_PURCHASE_HISTORY,"Keep: Has active purchase/return activity"
"742",TRUE,2,1,0,0,0,0,2,2,2,ACTIVE_WITH_PURCHASE_HISTORY,"Keep: Has active purchase/return activity"
"7426",TRUE,1,1,0,1,1,0,0,1,1,ACTIVE_WITH_PURCHASE_HISTORY,"Keep: Has active purchase/return activity"
"7428",TRUE,2,2,0,2,2,0,0,2,2,ACTIVE_WITH_PURCHASE_HISTORY,"Keep: Has active purchase/return activity"
"7428 L",TRUE,1,1,0,0,0,0,1,1,1,ACTIVE_WITH_PURCHASE_HISTORY,"Keep: Has active purchase/return activity"
"7429",TRUE,1,1,0,0,0,0,1,1,1,ACTIVE_WITH_PURCHASE_HISTORY,"Keep: Has active purchase/return activity"
"743",TRUE,2,1,0,1,1,0,1,2,2,ACTIVE_WITH_PURCHASE_HISTORY,"Keep: Has active purchase/return activity"
"7430",TRUE,1,1,0,1,1,0,0,1,1,ACTIVE_WITH_PURCHASE_HISTORY,"Keep: Has active purchase/return activity"
"7433",TRUE,1,1,0,1,1,0,0,1,1,ACTIVE_WITH_PURCHASE_HISTORY,"Keep: Has active purchase/return activity"
"7434",TRUE,1,1,0,1,1,0,0,1,1,ACTIVE_WITH_PURCHASE_HISTORY,"Keep: Has active purchase/return activity"
"744",TRUE,2,1,0,1,1,0,1,2,2,ACTIVE_WITH_PURCHASE_HISTORY,"Keep: Has active purchase/return activity"
"745",TRUE,2,1,0,0,0,0,2,2,2,ACTIVE_WITH_PURCHASE_HISTORY,"Keep: Has active purchase/return activity"
"7453",TRUE,1,1,0,0,0,0,1,1,1,ACTIVE_WITH_PURCHASE_HISTORY,"Keep: Has active purchase/return activity"
"7454",TRUE,1,1,0,1,1,0,0,1,1,ACTIVE_WITH_PURCHASE_HISTORY,"Keep: Has active purchase/return activity"
"7456",TRUE,1,1,0,0,0,0,1,1,1,ACTIVE_WITH_PURCHASE_HISTORY,"Keep: Has active purchase/return activity"
"7459",TRUE,1,1,0,1,1,0,0,1,1,ACTIVE_WITH_PURCHASE_HISTORY,"Keep: Has active purchase/return activity"
"75",TRUE,3,2,0,0,0,0,5,5,3,ACTIVE_WITH_PURCHASE_HISTORY,"Keep: Has active purchase/return activity"
"75-B",TRUE,1,1,0,1,1,0,0,1,1,ACTIVE_WITH_PURCHASE_HISTORY,"Keep: Has active purchase/return activity"
"75-GREEN",TRUE,1,1,0,1,1,0,0,1,1,ACTIVE_WITH_PURCHASE_HISTORY,"Keep: Has active purchase/return activity"
"753",TRUE,4,2,0,3,3,0,1,4,2,ACTIVE_WITH_PURCHASE_HISTORY,"Keep: Has active purchase/return activity"
"754",TRUE,13,2,0,5,5,0,4,9,3,ACTIVE_WITH_PURCHASE_HISTORY,"Keep: Has active purchase/return activity"
"757",TRUE,3,1,0,0,0,0,3,3,1,ACTIVE_WITH_PURCHASE_HISTORY,"Keep: Has active purchase/return activity"
"758",TRUE,20,1,0,6,5,0,14,20,1,ACTIVE_WITH_PURCHASE_HISTORY,"Keep: Has active purchase/return activity"
"760",TRUE,5,2,0,4,4,1,1,5,3,ACTIVE_WITH_PURCHASE_HISTORY,"Keep: Has active purchase/return activity"
"768",TRUE,1,1,0,1,1,0,0,1,1,ACTIVE_WITH_PURCHASE_HISTORY,"Keep: Has active purchase/return activity"
"7688 L",TRUE,1,1,0,0,0,0,1,1,1,ACTIVE_WITH_PURCHASE_HISTORY,"Keep: Has active purchase/return activity"
"7694",TRUE,1,1,0,0,0,0,1,1,1,ACTIVE_WITH_PURCHASE_HISTORY,"Keep: Has active purchase/return activity"
"770",TRUE,2,1,0,0,0,0,2,2,2,ACTIVE_WITH_PURCHASE_HISTORY,"Keep: Has active purchase/return activity"
"7750",TRUE,1,1,0,0,0,0,1,1,1,ACTIVE_WITH_PURCHASE_HISTORY,"Keep: Has active purchase/return activity"
"7790",TRUE,1,1,0,0,0,0,1,1,1,ACTIVE_WITH_PURCHASE_HISTORY,"Keep: Has active purchase/return activity"
"78",TRUE,1,1,0,1,1,0,0,1,1,ACTIVE_WITH_PURCHASE_HISTORY,"Keep: Has active purchase/return activity"
"78-PINK",TRUE,1,1,0,1,1,0,0,1,1,ACTIVE_WITH_PURCHASE_HISTORY,"Keep: Has active purchase/return activity"
"7829",TRUE,1,1,0,0,0,0,1,1,1,ACTIVE_WITH_PURCHASE_HISTORY,"Keep: Has active purchase/return activity"
"7845 L",TRUE,1,1,0,0,0,0,1,1,1,ACTIVE_WITH_PURCHASE_HISTORY,"Keep: Has active purchase/return activity"
"785",TRUE,1,1,0,1,1,0,0,1,1,ACTIVE_WITH_PURCHASE_HISTORY,"Keep: Has active purchase/return activity"
"7850-GOLD",TRUE,1,1,0,0,0,0,1,1,1,ACTIVE_WITH_PURCHASE_HISTORY,"Keep: Has active purchase/return activity"
"7850-RANI",TRUE,1,1,0,0,0,0,1,1,1,ACTIVE_WITH_PURCHASE_HISTORY,"Keep: Has active purchase/return activity"
"7868",TRUE,1,1,0,0,0,0,1,1,1,ACTIVE_WITH_PURCHASE_HISTORY,"Keep: Has active purchase/return activity"
"789",TRUE,2,1,0,0,0,0,2,2,2,ACTIVE_WITH_PURCHASE_HISTORY,"Keep: Has active purchase/return activity"
"790",TRUE,1,1,0,0,0,0,1,1,1,ACTIVE_WITH_PURCHASE_HISTORY,"Keep: Has active purchase/return activity"
"7902",TRUE,1,1,0,0,0,0,1,1,1,ACTIVE_WITH_PURCHASE_HISTORY,"Keep: Has active purchase/return activity"
"793",TRUE,2,1,0,2,2,0,0,2,2,ACTIVE_WITH_PURCHASE_HISTORY,"Keep: Has active purchase/return activity"
"795",TRUE,5,2,1,3,3,0,1,5,3,ACTIVE_WITH_PURCHASE_HISTORY,"Keep: Has active purchase/return activity"
"7964",TRUE,1,1,0,0,0,0,1,1,1,ACTIVE_WITH_PURCHASE_HISTORY,"Keep: Has active purchase/return activity"
"7975-R",TRUE,1,1,0,0,0,0,1,1,1,ACTIVE_WITH_PURCHASE_HISTORY,"Keep: Has active purchase/return activity"
"7983-R",TRUE,2,1,0,0,0,0,2,2,2,ACTIVE_WITH_PURCHASE_HISTORY,"Keep: Has active purchase/return activity"
"8",TRUE,18,6,0,1,1,0,17,18,6,ACTIVE_WITH_PURCHASE_HISTORY,"Keep: Has active purchase/return activity"
"8-1",TRUE,1,1,1,0,0,0,0,1,1,ACTIVE_WITH_PURCHASE_HISTORY,"Keep: Has active purchase/return activity"
"8-15290",TRUE,1,1,1,0,0,0,0,1,1,ACTIVE_WITH_PURCHASE_HISTORY,"Keep: Has active purchase/return activity"
"8-2557",TRUE,1,1,0,1,1,0,0,1,1,ACTIVE_WITH_PURCHASE_HISTORY,"Keep: Has active purchase/return activity"
"8-4007-B",TRUE,1,1,0,0,0,0,1,1,1,ACTIVE_WITH_PURCHASE_HISTORY,"Keep: Has active purchase/return activity"
"8-4007-G",TRUE,1,1,0,0,0,0,1,1,1,ACTIVE_WITH_PURCHASE_HISTORY,"Keep: Has active purchase/return activity"
"8-4007-R",TRUE,1,1,0,0,0,0,1,1,1,ACTIVE_WITH_PURCHASE_HISTORY,"Keep: Has active purchase/return activity"
"8-C",TRUE,1,1,0,0,0,0,1,1,1,ACTIVE_WITH_PURCHASE_HISTORY,"Keep: Has active purchase/return activity"
"8-P",TRUE,1,1,0,0,0,0,1,1,1,ACTIVE_WITH_PURCHASE_HISTORY,"Keep: Has active purchase/return activity"
"8/1",TRUE,3,3,1,0,0,0,2,3,3,ACTIVE_WITH_PURCHASE_HISTORY,"Keep: Has active purchase/return activity"
"8/1-11753",TRUE,1,1,0,1,1,0,0,1,1,ACTIVE_WITH_PURCHASE_HISTORY,"Keep: Has active purchase/return activity"
"8/1-GSFJ",TRUE,1,1,1,0,0,0,0,1,1,ACTIVE_WITH_PURCHASE_HISTORY,"Keep: Has active purchase/return activity"
"8/2",TRUE,2,1,1,0,0,0,1,2,2,ACTIVE_WITH_PURCHASE_HISTORY,"Keep: Has active purchase/return activity"
"8/2-11753",TRUE,1,1,0,2,2,1,0,1,1,ACTIVE_WITH_PURCHASE_HISTORY,"Keep: Has active purchase/return activity"
"8/2-S P",TRUE,2,1,2,0,0,0,0,2,1,ACTIVE_WITH_PURCHASE_HISTORY,"Keep: Has active purchase/return activity"
"8/3-11753",TRUE,1,1,0,1,1,0,0,1,1,ACTIVE_WITH_PURCHASE_HISTORY,"Keep: Has active purchase/return activity"
"8/4",TRUE,8,2,0,1,1,0,7,8,5,ACTIVE_WITH_PURCHASE_HISTORY,"Keep: Has active purchase/return activity"
"8/8-H",TRUE,1,1,1,0,0,0,0,1,1,ACTIVE_WITH_PURCHASE_HISTORY,"Keep: Has active purchase/return activity"
"800",TRUE,1,1,0,0,0,0,1,1,1,ACTIVE_WITH_PURCHASE_HISTORY,"Keep: Has active purchase/return activity"
"8027-R",TRUE,1,1,0,0,0,0,1,1,1,ACTIVE_WITH_PURCHASE_HISTORY,"Keep: Has active purchase/return activity"
"8036",TRUE,2,1,0,0,0,0,2,2,1,ACTIVE_WITH_PURCHASE_HISTORY,"Keep: Has active purchase/return activity"
"8052-BLUE",TRUE,1,1,0,0,0,0,1,1,1,ACTIVE_WITH_PURCHASE_HISTORY,"Keep: Has active purchase/return activity"
"8052-PINK",TRUE,1,1,0,0,0,0,1,1,1,ACTIVE_WITH_PURCHASE_HISTORY,"Keep: Has active purchase/return activity"
"8069-P",TRUE,2,1,0,1,1,0,1,2,1,ACTIVE_WITH_PURCHASE_HISTORY,"Keep: Has active purchase/return activity"
"8070-R",TRUE,1,1,0,0,0,0,1,1,1,ACTIVE_WITH_PURCHASE_HISTORY,"Keep: Has active purchase/return activity"
"8121",TRUE,1,1,0,0,0,0,1,1,1,ACTIVE_WITH_PURCHASE_HISTORY,"Keep: Has active purchase/return activity"
"813-MAROON",TRUE,0,0,0,0,0,0,0,0,0,SAFE_TO_DELETE_IDLE,"Safe to Delete: No purchases, returns, sales, or stock"
"813-ORANGE",TRUE,0,0,0,0,0,0,0,0,0,SAFE_TO_DELETE_IDLE,"Safe to Delete: No purchases, returns, sales, or stock"
"813-PURPLE",TRUE,0,0,0,0,0,0,0,0,0,SAFE_TO_DELETE_IDLE,"Safe to Delete: No purchases, returns, sales, or stock"
"813-PURPLE-02",TRUE,0,0,0,0,0,0,0,0,0,SAFE_TO_DELETE_IDLE,"Safe to Delete: No purchases, returns, sales, or stock"
"814-PA",TRUE,8,1,0,2,2,0,6,8,8,ACTIVE_WITH_PURCHASE_HISTORY,"Keep: Has active purchase/return activity"
"816-PA",TRUE,8,1,0,0,0,0,8,8,8,ACTIVE_WITH_PURCHASE_HISTORY,"Keep: Has active purchase/return activity"
"816-PURPLE",TRUE,0,0,0,0,0,0,0,0,0,SAFE_TO_DELETE_IDLE,"Safe to Delete: No purchases, returns, sales, or stock"
"817T",TRUE,3,1,0,1,1,0,2,3,3,ACTIVE_WITH_PURCHASE_HISTORY,"Keep: Has active purchase/return activity"
"817T-B",TRUE,1,1,0,0,0,0,1,1,1,ACTIVE_WITH_PURCHASE_HISTORY,"Keep: Has active purchase/return activity"
"818",TRUE,3,1,0,2,2,0,1,3,1,ACTIVE_WITH_PURCHASE_HISTORY,"Keep: Has active purchase/return activity"
"819",TRUE,3,1,0,2,2,0,1,3,1,ACTIVE_WITH_PURCHASE_HISTORY,"Keep: Has active purchase/return activity"
"820",TRUE,3,1,0,1,1,0,2,3,1,ACTIVE_WITH_PURCHASE_HISTORY,"Keep: Has active purchase/return activity"
"821",TRUE,3,1,0,0,0,0,3,3,1,ACTIVE_WITH_PURCHASE_HISTORY,"Keep: Has active purchase/return activity"
"822",TRUE,3,1,0,2,2,0,1,3,1,ACTIVE_WITH_PURCHASE_HISTORY,"Keep: Has active purchase/return activity"
"8222",TRUE,1,1,0,0,0,0,1,1,1,ACTIVE_WITH_PURCHASE_HISTORY,"Keep: Has active purchase/return activity"
"8226 L",TRUE,1,1,0,0,0,0,1,1,1,ACTIVE_WITH_PURCHASE_HISTORY,"Keep: Has active purchase/return activity"
"823",TRUE,8,1,0,6,6,1,5,10,9,ACTIVE_WITH_PURCHASE_HISTORY,"Keep: Has active purchase/return activity"
"823-GREEN",TRUE,0,0,0,0,0,0,0,0,0,SAFE_TO_DELETE_IDLE,"Safe to Delete: No purchases, returns, sales, or stock"
"824",TRUE,6,1,0,2,2,0,4,6,6,ACTIVE_WITH_PURCHASE_HISTORY,"Keep: Has active purchase/return activity"
"825",TRUE,8,1,0,9,9,1,0,8,8,ACTIVE_WITH_PURCHASE_HISTORY,"Keep: Has active purchase/return activity"
"8250",TRUE,1,1,0,1,1,0,0,1,1,ACTIVE_WITH_PURCHASE_HISTORY,"Keep: Has active purchase/return activity"
"8251",TRUE,1,1,0,0,0,0,1,1,1,ACTIVE_WITH_PURCHASE_HISTORY,"Keep: Has active purchase/return activity"
"8251-R",TRUE,1,1,0,0,0,0,1,1,1,ACTIVE_WITH_PURCHASE_HISTORY,"Keep: Has active purchase/return activity"
"825T",TRUE,3,1,0,0,0,0,3,3,3,ACTIVE_WITH_PURCHASE_HISTORY,"Keep: Has active purchase/return activity"
"825T-B",TRUE,1,1,0,0,0,0,1,1,1,ACTIVE_WITH_PURCHASE_HISTORY,"Keep: Has active purchase/return activity"
"825T-C",TRUE,1,1,0,1,1,0,0,1,1,ACTIVE_WITH_PURCHASE_HISTORY,"Keep: Has active purchase/return activity"
"825T-D",TRUE,1,1,0,0,0,0,1,1,1,ACTIVE_WITH_PURCHASE_HISTORY,"Keep: Has active purchase/return activity"
"8264",TRUE,1,1,0,0,0,0,1,1,1,ACTIVE_WITH_PURCHASE_HISTORY,"Keep: Has active purchase/return activity"
"8278-R",TRUE,1,1,0,0,0,0,1,1,1,ACTIVE_WITH_PURCHASE_HISTORY,"Keep: Has active purchase/return activity"
"828",TRUE,8,1,0,6,6,3,2,8,7,ACTIVE_WITH_PURCHASE_HISTORY,"Keep: Has active purchase/return activity"
"8280",TRUE,1,1,0,0,0,0,1,1,1,ACTIVE_WITH_PURCHASE_HISTORY,"Keep: Has active purchase/return activity"
"8283-R",TRUE,1,1,0,0,0,0,1,1,1,ACTIVE_WITH_PURCHASE_HISTORY,"Keep: Has active purchase/return activity"
"8295",TRUE,1,1,0,0,0,0,1,1,1,ACTIVE_WITH_PURCHASE_HISTORY,"Keep: Has active purchase/return activity"
"8308",TRUE,3,1,0,1,1,1,2,3,3,ACTIVE_WITH_PURCHASE_HISTORY,"Keep: Has active purchase/return activity"
"8309",TRUE,2,1,0,1,1,0,1,2,1,ACTIVE_WITH_PURCHASE_HISTORY,"Keep: Has active purchase/return activity"
"831",TRUE,6,1,0,6,6,1,1,6,6,ACTIVE_WITH_PURCHASE_HISTORY,"Keep: Has active purchase/return activity"
"8325-R",TRUE,2,1,0,0,0,0,2,2,2,ACTIVE_WITH_PURCHASE_HISTORY,"Keep: Has active purchase/return activity"
"8332",TRUE,1,1,0,0,0,0,1,1,1,ACTIVE_WITH_PURCHASE_HISTORY,"Keep: Has active purchase/return activity"
"8341-R",TRUE,2,1,0,0,0,0,2,2,2,ACTIVE_WITH_PURCHASE_HISTORY,"Keep: Has active purchase/return activity"
"8350",TRUE,1,1,0,0,0,0,1,1,1,ACTIVE_WITH_PURCHASE_HISTORY,"Keep: Has active purchase/return activity"
"8351-R",TRUE,2,1,0,0,0,0,2,2,1,ACTIVE_WITH_PURCHASE_HISTORY,"Keep: Has active purchase/return activity"
"8351-R01",TRUE,0,0,0,0,0,0,0,0,0,SAFE_TO_DELETE_IDLE,"Safe to Delete: No purchases, returns, sales, or stock"
"836-GREEN",TRUE,0,0,0,0,0,0,0,0,0,SAFE_TO_DELETE_IDLE,"Safe to Delete: No purchases, returns, sales, or stock"
"8363",TRUE,1,1,0,0,0,0,1,1,1,ACTIVE_WITH_PURCHASE_HISTORY,"Keep: Has active purchase/return activity"
"8363-R",TRUE,1,1,0,1,1,0,0,1,1,ACTIVE_WITH_PURCHASE_HISTORY,"Keep: Has active purchase/return activity"
"8365",TRUE,2,2,0,0,0,0,2,2,2,ACTIVE_WITH_PURCHASE_HISTORY,"Keep: Has active purchase/return activity"
"837",TRUE,3,1,0,3,3,0,0,3,1,ACTIVE_WITH_PURCHASE_HISTORY,"Keep: Has active purchase/return activity"
"8371 GN",TRUE,1,1,0,1,1,0,0,1,1,ACTIVE_WITH_PURCHASE_HISTORY,"Keep: Has active purchase/return activity"
"8371 P",TRUE,1,1,0,1,1,0,0,1,1,ACTIVE_WITH_PURCHASE_HISTORY,"Keep: Has active purchase/return activity"
"8371R",TRUE,0,0,0,0,0,0,0,0,0,SAFE_TO_DELETE_IDLE,"Safe to Delete: No purchases, returns, sales, or stock"
"8373",TRUE,1,1,0,0,0,0,1,1,1,ACTIVE_WITH_PURCHASE_HISTORY,"Keep: Has active purchase/return activity"
"8389",TRUE,1,1,0,0,0,0,1,1,1,ACTIVE_WITH_PURCHASE_HISTORY,"Keep: Has active purchase/return activity"
"8393",TRUE,1,1,0,0,0,0,1,1,1,ACTIVE_WITH_PURCHASE_HISTORY,"Keep: Has active purchase/return activity"
"8393-B",TRUE,1,1,0,0,0,0,1,1,1,ACTIVE_WITH_PURCHASE_HISTORY,"Keep: Has active purchase/return activity"
"8393-R",TRUE,1,1,0,1,1,0,0,1,1,ACTIVE_WITH_PURCHASE_HISTORY,"Keep: Has active purchase/return activity"
"8396",TRUE,1,1,0,0,0,0,1,1,1,ACTIVE_WITH_PURCHASE_HISTORY,"Keep: Has active purchase/return activity"
"8400-R",TRUE,1,1,0,1,1,0,0,1,1,ACTIVE_WITH_PURCHASE_HISTORY,"Keep: Has active purchase/return activity"
"8403",TRUE,1,1,0,0,0,0,1,1,1,ACTIVE_WITH_PURCHASE_HISTORY,"Keep: Has active purchase/return activity"
"8404",TRUE,1,1,0,1,1,0,0,1,1,ACTIVE_WITH_PURCHASE_HISTORY,"Keep: Has active purchase/return activity"
"8404 L",TRUE,1,1,0,0,0,0,1,1,1,ACTIVE_WITH_PURCHASE_HISTORY,"Keep: Has active purchase/return activity"
"8405 L",TRUE,1,1,0,0,0,0,1,1,1,ACTIVE_WITH_PURCHASE_HISTORY,"Keep: Has active purchase/return activity"
"8408-R",TRUE,1,1,0,1,1,0,0,1,1,ACTIVE_WITH_PURCHASE_HISTORY,"Keep: Has active purchase/return activity"
"8415 L",TRUE,1,1,0,0,0,0,1,1,1,ACTIVE_WITH_PURCHASE_HISTORY,"Keep: Has active purchase/return activity"
"8416",TRUE,1,1,0,0,0,0,1,1,1,ACTIVE_WITH_PURCHASE_HISTORY,"Keep: Has active purchase/return activity"
"8419",TRUE,1,1,0,0,0,0,1,1,1,ACTIVE_WITH_PURCHASE_HISTORY,"Keep: Has active purchase/return activity"
"8430-R",TRUE,1,1,0,0,0,0,1,1,1,ACTIVE_WITH_PURCHASE_HISTORY,"Keep: Has active purchase/return activity"
"8430 L",TRUE,1,1,0,1,1,0,0,1,1,ACTIVE_WITH_PURCHASE_HISTORY,"Keep: Has active purchase/return activity"
"8439-R",TRUE,1,1,0,0,0,0,1,1,1,ACTIVE_WITH_PURCHASE_HISTORY,"Keep: Has active purchase/return activity"
"844",TRUE,1,1,0,0,0,0,1,1,1,ACTIVE_WITH_PURCHASE_HISTORY,"Keep: Has active purchase/return activity"
"8450",TRUE,2,1,0,1,1,0,1,2,1,ACTIVE_WITH_PURCHASE_HISTORY,"Keep: Has active purchase/return activity"
"8463",TRUE,1,1,1,0,0,0,0,1,1,ACTIVE_WITH_PURCHASE_HISTORY,"Keep: Has active purchase/return activity"
"8466-A",TRUE,1,1,0,0,0,0,1,1,1,ACTIVE_WITH_PURCHASE_HISTORY,"Keep: Has active purchase/return activity"
"8466-B",TRUE,1,1,0,0,0,0,1,1,1,ACTIVE_WITH_PURCHASE_HISTORY,"Keep: Has active purchase/return activity"
"84664",TRUE,5,1,0,3,3,0,2,5,5,ACTIVE_WITH_PURCHASE_HISTORY,"Keep: Has active purchase/return activity"
"84664-05",TRUE,1,1,0,0,0,0,2,2,2,ACTIVE_WITH_PURCHASE_HISTORY,"Keep: Has active purchase/return activity"
"84664 -05",TRUE,3,1,0,3,3,0,5,8,8,ACTIVE_WITH_PURCHASE_HISTORY,"Keep: Has active purchase/return activity"
"8472",TRUE,1,1,0,0,0,0,1,1,1,ACTIVE_WITH_PURCHASE_HISTORY,"Keep: Has active purchase/return activity"
"8479-R",TRUE,1,1,0,0,0,0,1,1,1,ACTIVE_WITH_PURCHASE_HISTORY,"Keep: Has active purchase/return activity"
"8484",TRUE,1,1,0,1,1,0,0,1,1,ACTIVE_WITH_PURCHASE_HISTORY,"Keep: Has active purchase/return activity"
"8485",TRUE,1,1,0,1,1,0,0,1,1,ACTIVE_WITH_PURCHASE_HISTORY,"Keep: Has active purchase/return activity"
"8487",TRUE,1,1,0,0,0,0,1,1,1,ACTIVE_WITH_PURCHASE_HISTORY,"Keep: Has active purchase/return activity"
"8487-R",TRUE,1,1,0,0,0,0,1,1,1,ACTIVE_WITH_PURCHASE_HISTORY,"Keep: Has active purchase/return activity"
"849",TRUE,3,1,0,0,0,0,3,3,1,ACTIVE_WITH_PURCHASE_HISTORY,"Keep: Has active purchase/return activity"
"8494",TRUE,1,1,0,0,0,0,1,1,1,ACTIVE_WITH_PURCHASE_HISTORY,"Keep: Has active purchase/return activity"
"8495",TRUE,1,1,0,0,0,0,1,1,1,ACTIVE_WITH_PURCHASE_HISTORY,"Keep: Has active purchase/return activity"
"849ASU",TRUE,1,1,0,0,0,0,1,1,1,ACTIVE_WITH_PURCHASE_HISTORY,"Keep: Has active purchase/return activity"
"85",TRUE,1,1,0,0,0,0,1,1,1,ACTIVE_WITH_PURCHASE_HISTORY,"Keep: Has active purchase/return activity"
"85-B",TRUE,1,1,0,1,1,0,0,1,1,ACTIVE_WITH_PURCHASE_HISTORY,"Keep: Has active purchase/return activity"
"85-BROWN",TRUE,1,1,0,0,0,0,1,1,1,ACTIVE_WITH_PURCHASE_HISTORY,"Keep: Has active purchase/return activity"
"8514",TRUE,1,1,0,0,0,0,1,1,1,ACTIVE_WITH_PURCHASE_HISTORY,"Keep: Has active purchase/return activity"
"854",TRUE,3,1,0,0,0,0,2,2,1,ACTIVE_WITH_PURCHASE_HISTORY,"Keep: Has active purchase/return activity"
"855",TRUE,1,1,0,0,0,0,1,1,1,ACTIVE_WITH_PURCHASE_HISTORY,"Keep: Has active purchase/return activity"
"85682",TRUE,4,1,0,3,3,0,1,4,4,ACTIVE_WITH_PURCHASE_HISTORY,"Keep: Has active purchase/return activity"
"85682-02",TRUE,5,1,0,3,3,0,2,5,5,ACTIVE_WITH_PURCHASE_HISTORY,"Keep: Has active purchase/return activity"
"85724",TRUE,5,1,0,6,6,0,27,33,9,ACTIVE_WITH_PURCHASE_HISTORY,"Keep: Has active purchase/return activity"
"85724-02",TRUE,5,1,0,5,5,0,1,5,5,ACTIVE_WITH_PURCHASE_HISTORY,"Keep: Has active purchase/return activity"
"85801",TRUE,5,1,0,3,3,0,7,10,10,ACTIVE_WITH_PURCHASE_HISTORY,"Keep: Has active purchase/return activity"
"85801-14",TRUE,5,1,0,4,4,0,2,5,5,ACTIVE_WITH_PURCHASE_HISTORY,"Keep: Has active purchase/return activity"
"85801-15",TRUE,5,1,0,2,2,0,3,5,5,ACTIVE_WITH_PURCHASE_HISTORY,"Keep: Has active purchase/return activity"
"85801-A",TRUE,4,1,0,2,2,0,2,4,4,ACTIVE_WITH_PURCHASE_HISTORY,"Keep: Has active purchase/return activity"
"85801-B",TRUE,1,1,0,0,0,0,1,1,1,ACTIVE_WITH_PURCHASE_HISTORY,"Keep: Has active purchase/return activity"
"85965",TRUE,5,1,0,5,5,0,5,10,10,ACTIVE_WITH_PURCHASE_HISTORY,"Keep: Has active purchase/return activity"
"86",TRUE,2,2,1,0,0,0,1,2,2,ACTIVE_WITH_PURCHASE_HISTORY,"Keep: Has active purchase/return activity"
"86-B",TRUE,1,1,0,0,0,0,1,1,1,ACTIVE_WITH_PURCHASE_HISTORY,"Keep: Has active purchase/return activity"
"860",TRUE,4,1,0,1,1,0,3,4,1,ACTIVE_WITH_PURCHASE_HISTORY,"Keep: Has active purchase/return activity"
"8611",TRUE,4,1,0,0,0,0,4,4,1,ACTIVE_WITH_PURCHASE_HISTORY,"Keep: Has active purchase/return activity"
"8615",TRUE,1,1,0,0,0,0,1,1,1,ACTIVE_WITH_PURCHASE_HISTORY,"Keep: Has active purchase/return activity"
"86151",TRUE,4,1,0,4,4,0,0,4,4,ACTIVE_WITH_PURCHASE_HISTORY,"Keep: Has active purchase/return activity"
"86151-12",TRUE,1,1,0,1,1,0,0,1,1,ACTIVE_WITH_PURCHASE_HISTORY,"Keep: Has active purchase/return activity"
"8616",TRUE,3,1,0,0,0,0,3,3,1,ACTIVE_WITH_PURCHASE_HISTORY,"Keep: Has active purchase/return activity"
"8618",TRUE,1,1,0,0,0,0,1,1,1,ACTIVE_WITH_PURCHASE_HISTORY,"Keep: Has active purchase/return activity"
"8619",TRUE,2,1,0,0,0,0,2,2,1,ACTIVE_WITH_PURCHASE_HISTORY,"Keep: Has active purchase/return activity"
"862",TRUE,4,1,0,0,0,0,4,4,1,ACTIVE_WITH_PURCHASE_HISTORY,"Keep: Has active purchase/return activity"
"8620",TRUE,1,1,0,1,1,0,0,1,1,ACTIVE_WITH_PURCHASE_HISTORY,"Keep: Has active purchase/return activity"
"862SU",TRUE,1,1,0,0,0,0,1,1,1,ACTIVE_WITH_PURCHASE_HISTORY,"Keep: Has active purchase/return activity"
"863",TRUE,1,1,0,0,0,0,1,1,1,ACTIVE_WITH_PURCHASE_HISTORY,"Keep: Has active purchase/return activity"
"86330",TRUE,5,1,0,6,6,0,0,5,5,ACTIVE_WITH_PURCHASE_HISTORY,"Keep: Has active purchase/return activity"
"86376",TRUE,5,1,0,4,4,0,1,5,5,ACTIVE_WITH_PURCHASE_HISTORY,"Keep: Has active purchase/return activity"
"864",TRUE,7,2,0,3,3,0,4,7,2,ACTIVE_WITH_PURCHASE_HISTORY,"Keep: Has active purchase/return activity"
"86453",TRUE,3,1,0,0,0,0,3,3,3,ACTIVE_WITH_PURCHASE_HISTORY,"Keep: Has active purchase/return activity"
"86542",TRUE,4,1,0,4,4,0,0,4,4,ACTIVE_WITH_PURCHASE_HISTORY,"Keep: Has active purchase/return activity"
"86578",TRUE,5,1,0,3,3,0,2,5,5,ACTIVE_WITH_PURCHASE_HISTORY,"Keep: Has active purchase/return activity"
"86586",TRUE,5,1,0,2,2,0,3,5,5,ACTIVE_WITH_PURCHASE_HISTORY,"Keep: Has active purchase/return activity"
"866",TRUE,2,1,0,1,1,0,1,2,1,ACTIVE_WITH_PURCHASE_HISTORY,"Keep: Has active purchase/return activity"
"86624",TRUE,5,1,0,1,1,0,4,5,5,ACTIVE_WITH_PURCHASE_HISTORY,"Keep: Has active purchase/return activity"
"86626",TRUE,4,1,0,0,0,0,4,4,4,ACTIVE_WITH_PURCHASE_HISTORY,"Keep: Has active purchase/return activity"
"86626-B",TRUE,1,1,0,0,0,0,1,1,1,ACTIVE_WITH_PURCHASE_HISTORY,"Keep: Has active purchase/return activity"
"86671-BG",TRUE,5,1,0,0,0,0,5,5,5,ACTIVE_WITH_PURCHASE_HISTORY,"Keep: Has active purchase/return activity"
"86671-BR",TRUE,5,1,0,0,0,0,5,5,5,ACTIVE_WITH_PURCHASE_HISTORY,"Keep: Has active purchase/return activity"
"86894",TRUE,5,1,0,5,5,1,0,5,5,ACTIVE_WITH_PURCHASE_HISTORY,"Keep: Has active purchase/return activity"
"86911",TRUE,5,1,0,5,5,0,0,5,5,ACTIVE_WITH_PURCHASE_HISTORY,"Keep: Has active purchase/return activity"
"86923-A",TRUE,4,1,0,1,1,0,3,4,4,ACTIVE_WITH_PURCHASE_HISTORY,"Keep: Has active purchase/return activity"
"86923-B",TRUE,1,1,0,0,0,0,1,1,1,ACTIVE_WITH_PURCHASE_HISTORY,"Keep: Has active purchase/return activity"
"86927-A",TRUE,4,1,0,0,0,0,4,4,4,ACTIVE_WITH_PURCHASE_HISTORY,"Keep: Has active purchase/return activity"
"86927-B",TRUE,1,1,0,0,0,0,1,1,1,ACTIVE_WITH_PURCHASE_HISTORY,"Keep: Has active purchase/return activity"
"86927-B-G",TRUE,1,1,0,0,0,0,1,1,1,ACTIVE_WITH_PURCHASE_HISTORY,"Keep: Has active purchase/return activity"
"86927-G-A",TRUE,4,1,1,3,3,0,0,4,4,ACTIVE_WITH_PURCHASE_HISTORY,"Keep: Has active purchase/return activity"
"86941",TRUE,0,0,0,0,0,0,5,5,5,ORPHAN_WITH_STOCK,"Audit: Has physical stock/printed barcodes but no purchase record"
"86941-A",TRUE,8,2,0,3,3,0,5,8,8,ACTIVE_WITH_PURCHASE_HISTORY,"Keep: Has active purchase/return activity"
"86941-B",TRUE,2,2,0,1,1,0,1,2,2,ACTIVE_WITH_PURCHASE_HISTORY,"Keep: Has active purchase/return activity"
"86943",TRUE,5,1,0,0,0,0,5,5,5,ACTIVE_WITH_PURCHASE_HISTORY,"Keep: Has active purchase/return activity"
"86945",TRUE,7,2,0,1,1,0,6,7,7,ACTIVE_WITH_PURCHASE_HISTORY,"Keep: Has active purchase/return activity"
"86945-A",TRUE,4,1,0,2,2,0,2,4,4,ACTIVE_WITH_PURCHASE_HISTORY,"Keep: Has active purchase/return activity"
"86945-B",TRUE,1,1,0,0,0,0,1,1,1,ACTIVE_WITH_PURCHASE_HISTORY,"Keep: Has active purchase/return activity"
"86948",TRUE,5,1,0,2,2,0,3,5,5,ACTIVE_WITH_PURCHASE_HISTORY,"Keep: Has active purchase/return activity"
"86952",TRUE,0,0,0,0,0,0,5,5,5,ORPHAN_WITH_STOCK,"Audit: Has physical stock/printed barcodes but no purchase record"
"86952-A",TRUE,4,1,0,0,0,0,4,4,4,ACTIVE_WITH_PURCHASE_HISTORY,"Keep: Has active purchase/return activity"
"86952-B",TRUE,1,1,0,0,0,0,1,1,1,ACTIVE_WITH_PURCHASE_HISTORY,"Keep: Has active purchase/return activity"
"86969",TRUE,1,1,0,0,0,0,1,1,1,ACTIVE_WITH_PURCHASE_HISTORY,"Keep: Has active purchase/return activity"
"86969-A",TRUE,4,1,0,2,2,0,2,4,4,ACTIVE_WITH_PURCHASE_HISTORY,"Keep: Has active purchase/return activity"
"86969-B",TRUE,1,1,0,0,0,0,1,1,1,ACTIVE_WITH_PURCHASE_HISTORY,"Keep: Has active purchase/return activity"
"86969-C-A",TRUE,4,1,0,2,2,0,2,4,4,ACTIVE_WITH_PURCHASE_HISTORY,"Keep: Has active purchase/return activity"
"86969-C-B",TRUE,1,1,0,0,0,0,1,1,1,ACTIVE_WITH_PURCHASE_HISTORY,"Keep: Has active purchase/return activity"
"87112",TRUE,5,1,0,5,5,0,0,5,5,ACTIVE_WITH_PURCHASE_HISTORY,"Keep: Has active purchase/return activity"
"87113",TRUE,5,1,0,4,4,0,2,5,5,ACTIVE_WITH_PURCHASE_HISTORY,"Keep: Has active purchase/return activity"
"87115",TRUE,5,1,0,7,7,0,26,31,5,ACTIVE_WITH_PURCHASE_HISTORY,"Keep: Has active purchase/return activity"
"87115-02",TRUE,5,1,0,3,3,0,2,5,5,ACTIVE_WITH_PURCHASE_HISTORY,"Keep: Has active purchase/return activity"
"87226",TRUE,5,1,0,3,3,0,2,5,5,ACTIVE_WITH_PURCHASE_HISTORY,"Keep: Has active purchase/return activity"
"87230",TRUE,5,1,0,4,4,0,1,5,5,ACTIVE_WITH_PURCHASE_HISTORY,"Keep: Has active purchase/return activity"
"87230-04",TRUE,5,1,0,5,5,1,1,5,5,ACTIVE_WITH_PURCHASE_HISTORY,"Keep: Has active purchase/return activity"
"87239",TRUE,5,1,0,5,4,0,0,5,5,ACTIVE_WITH_PURCHASE_HISTORY,"Keep: Has active purchase/return activity"
"87239-02",TRUE,5,1,0,3,3,0,2,5,5,ACTIVE_WITH_PURCHASE_HISTORY,"Keep: Has active purchase/return activity"
"87253-BG",TRUE,5,1,0,0,0,0,5,5,5,ACTIVE_WITH_PURCHASE_HISTORY,"Keep: Has active purchase/return activity"
"87253-WH",TRUE,5,1,0,0,0,0,5,5,5,ACTIVE_WITH_PURCHASE_HISTORY,"Keep: Has active purchase/return activity"
"87260",TRUE,6,2,0,6,6,1,1,6,6,ACTIVE_WITH_PURCHASE_HISTORY,"Keep: Has active purchase/return activity"
"87264",TRUE,5,1,0,3,3,0,2,5,5,ACTIVE_WITH_PURCHASE_HISTORY,"Keep: Has active purchase/return activity"
"8733",TRUE,4,1,0,0,0,0,4,4,1,ACTIVE_WITH_PURCHASE_HISTORY,"Keep: Has active purchase/return activity"
"8738",TRUE,4,1,0,0,0,0,4,4,1,ACTIVE_WITH_PURCHASE_HISTORY,"Keep: Has active purchase/return activity"
"87384-BR",TRUE,5,1,0,0,0,0,5,5,5,ACTIVE_WITH_PURCHASE_HISTORY,"Keep: Has active purchase/return activity"
"87384-WH",TRUE,5,1,0,0,0,0,5,5,5,ACTIVE_WITH_PURCHASE_HISTORY,"Keep: Has active purchase/return activity"
"87385",TRUE,6,2,0,7,7,0,0,6,6,ACTIVE_WITH_PURCHASE_HISTORY,"Keep: Has active purchase/return activity"
"87385-02",TRUE,5,1,0,3,3,0,2,5,5,ACTIVE_WITH_PURCHASE_HISTORY,"Keep: Has active purchase/return activity"
"8739",TRUE,8,1,0,0,0,0,8,8,1,ACTIVE_WITH_PURCHASE_HISTORY,"Keep: Has active purchase/return activity"
"8740",TRUE,4,1,0,0,0,0,4,4,1,ACTIVE_WITH_PURCHASE_HISTORY,"Keep: Has active purchase/return activity"
"87424",TRUE,4,1,0,0,0,0,4,4,4,ACTIVE_WITH_PURCHASE_HISTORY,"Keep: Has active purchase/return activity"
"87424-B",TRUE,1,1,0,0,0,0,1,1,1,ACTIVE_WITH_PURCHASE_HISTORY,"Keep: Has active purchase/return activity"
"87432",TRUE,5,1,0,5,5,0,0,5,5,ACTIVE_WITH_PURCHASE_HISTORY,"Keep: Has active purchase/return activity"
"87433",TRUE,5,1,0,5,5,0,0,5,5,ACTIVE_WITH_PURCHASE_HISTORY,"Keep: Has active purchase/return activity"
"87439",TRUE,4,1,0,0,0,0,4,4,4,ACTIVE_WITH_PURCHASE_HISTORY,"Keep: Has active purchase/return activity"
"87439-B",TRUE,1,1,0,0,0,0,1,1,1,ACTIVE_WITH_PURCHASE_HISTORY,"Keep: Has active purchase/return activity"
"87446-SB",TRUE,5,1,0,0,0,0,5,5,5,ACTIVE_WITH_PURCHASE_HISTORY,"Keep: Has active purchase/return activity"
"87446-WH",TRUE,5,1,0,0,0,0,5,5,5,ACTIVE_WITH_PURCHASE_HISTORY,"Keep: Has active purchase/return activity"
"87447-PK",TRUE,5,1,0,0,0,0,5,5,5,ACTIVE_WITH_PURCHASE_HISTORY,"Keep: Has active purchase/return activity"
"87447-YL",TRUE,5,1,0,0,0,0,5,5,5,ACTIVE_WITH_PURCHASE_HISTORY,"Keep: Has active purchase/return activity"
"87491",TRUE,5,1,0,3,3,1,15,18,10,ACTIVE_WITH_PURCHASE_HISTORY,"Keep: Has active purchase/return activity"
"87491-02",TRUE,5,1,0,4,4,0,1,5,5,ACTIVE_WITH_PURCHASE_HISTORY,"Keep: Has active purchase/return activity"
"87492-A",TRUE,8,1,0,4,4,0,1,5,4,ACTIVE_WITH_PURCHASE_HISTORY,"Keep: Has active purchase/return activity"
"87492-B",TRUE,2,1,0,0,0,0,2,2,1,ACTIVE_WITH_PURCHASE_HISTORY,"Keep: Has active purchase/return activity"
"87493",TRUE,4,1,0,3,3,0,5,8,8,ACTIVE_WITH_PURCHASE_HISTORY,"Keep: Has active purchase/return activity"
"87493-10",TRUE,1,1,0,0,0,0,1,1,1,ACTIVE_WITH_PURCHASE_HISTORY,"Keep: Has active purchase/return activity"
"87493-8",TRUE,1,1,0,0,0,0,1,1,1,ACTIVE_WITH_PURCHASE_HISTORY,"Keep: Has active purchase/return activity"
"87493-9",TRUE,4,1,0,4,4,0,0,4,4,ACTIVE_WITH_PURCHASE_HISTORY,"Keep: Has active purchase/return activity"
"87493-B",TRUE,0,0,0,0,0,0,1,1,1,ORPHAN_WITH_STOCK,"Audit: Has physical stock/printed barcodes but no purchase record"
"87498-BR",TRUE,5,1,0,0,0,0,5,5,5,ACTIVE_WITH_PURCHASE_HISTORY,"Keep: Has active purchase/return activity"
"87498-GY",TRUE,5,1,0,0,0,0,5,5,5,ACTIVE_WITH_PURCHASE_HISTORY,"Keep: Has active purchase/return activity"
"87503",TRUE,5,1,0,3,3,0,2,5,5,ACTIVE_WITH_PURCHASE_HISTORY,"Keep: Has active purchase/return activity"
"87503-06",TRUE,6,2,0,6,6,0,0,6,6,ACTIVE_WITH_PURCHASE_HISTORY,"Keep: Has active purchase/return activity"
"87504",TRUE,5,1,1,4,4,0,1,5,5,ACTIVE_WITH_PURCHASE_HISTORY,"Keep: Has active purchase/return activity"
"87504-04",TRUE,6,2,0,5,5,0,1,6,6,ACTIVE_WITH_PURCHASE_HISTORY,"Keep: Has active purchase/return activity"
"87521",TRUE,5,1,0,0,0,0,5,5,5,ACTIVE_WITH_PURCHASE_HISTORY,"Keep: Has active purchase/return activity"
"87540",TRUE,4,1,0,0,0,0,4,4,4,ACTIVE_WITH_PURCHASE_HISTORY,"Keep: Has active purchase/return activity"
"87540-02",TRUE,4,1,0,0,0,0,4,4,4,ACTIVE_WITH_PURCHASE_HISTORY,"Keep: Has active purchase/return activity"
"87540-02-B",TRUE,1,1,0,0,0,0,1,1,1,ACTIVE_WITH_PURCHASE_HISTORY,"Keep: Has active purchase/return activity"
"87540-B",TRUE,1,1,0,0,0,0,1,1,1,ACTIVE_WITH_PURCHASE_HISTORY,"Keep: Has active purchase/return activity"
"876",TRUE,8,2,0,3,3,0,5,8,2,ACTIVE_WITH_PURCHASE_HISTORY,"Keep: Has active purchase/return activity"
"879",TRUE,1,1,0,1,1,0,0,1,1,ACTIVE_WITH_PURCHASE_HISTORY,"Keep: Has active purchase/return activity"
"88",TRUE,1,1,0,1,1,0,0,1,1,ACTIVE_WITH_PURCHASE_HISTORY,"Keep: Has active purchase/return activity"
"8800/3914",TRUE,1,1,0,2,2,4,0,1,1,ACTIVE_WITH_PURCHASE_HISTORY,"Keep: Has active purchase/return activity"
"8800/3936",TRUE,1,1,0,1,1,0,0,1,1,ACTIVE_WITH_PURCHASE_HISTORY,"Keep: Has active purchase/return activity"
"8800/3999",TRUE,1,1,0,0,0,0,1,1,1,ACTIVE_WITH_PURCHASE_HISTORY,"Keep: Has active purchase/return activity"
"8800/4039",TRUE,1,1,0,1,1,0,0,1,1,ACTIVE_WITH_PURCHASE_HISTORY,"Keep: Has active purchase/return activity"
"8800/4063",TRUE,1,1,0,1,1,0,0,1,1,ACTIVE_WITH_PURCHASE_HISTORY,"Keep: Has active purchase/return activity"
"8800/4074",TRUE,1,1,0,0,0,0,1,1,1,ACTIVE_WITH_PURCHASE_HISTORY,"Keep: Has active purchase/return activity"
"8800/4077",TRUE,1,1,0,0,0,0,1,1,1,ACTIVE_WITH_PURCHASE_HISTORY,"Keep: Has active purchase/return activity"
"8800/4119",TRUE,2,2,0,1,1,0,1,2,2,ACTIVE_WITH_PURCHASE_HISTORY,"Keep: Has active purchase/return activity"
"8800/4146",TRUE,1,1,0,1,1,0,0,1,1,ACTIVE_WITH_PURCHASE_HISTORY,"Keep: Has active purchase/return activity"
"8800/4224",TRUE,1,1,0,1,1,0,0,1,1,ACTIVE_WITH_PURCHASE_HISTORY,"Keep: Has active purchase/return activity"
"8800/4230",TRUE,1,1,0,1,1,0,0,1,1,ACTIVE_WITH_PURCHASE_HISTORY,"Keep: Has active purchase/return activity"
"8800/4242",TRUE,1,1,0,1,1,0,0,1,1,ACTIVE_WITH_PURCHASE_HISTORY,"Keep: Has active purchase/return activity"
"8852",TRUE,2,1,0,1,1,0,1,2,2,ACTIVE_WITH_PURCHASE_HISTORY,"Keep: Has active purchase/return activity"
"8919",TRUE,1,1,0,0,0,0,1,1,1,ACTIVE_WITH_PURCHASE_HISTORY,"Keep: Has active purchase/return activity"
"891SU",TRUE,3,1,0,0,0,0,3,3,1,ACTIVE_WITH_PURCHASE_HISTORY,"Keep: Has active purchase/return activity"
"894",TRUE,2,1,0,1,1,0,1,2,1,ACTIVE_WITH_PURCHASE_HISTORY,"Keep: Has active purchase/return activity"
"8956",TRUE,4,1,0,0,0,0,4,4,1,ACTIVE_WITH_PURCHASE_HISTORY,"Keep: Has active purchase/return activity"
"8973",TRUE,1,1,0,1,1,0,0,1,1,ACTIVE_WITH_PURCHASE_HISTORY,"Keep: Has active purchase/return activity"
"8973-02",TRUE,1,1,0,0,0,0,1,1,1,ACTIVE_WITH_PURCHASE_HISTORY,"Keep: Has active purchase/return activity"
"8973-03",TRUE,1,1,0,1,1,0,0,1,1,ACTIVE_WITH_PURCHASE_HISTORY,"Keep: Has active purchase/return activity"
"8984",TRUE,1,1,0,0,0,0,1,1,1,ACTIVE_WITH_PURCHASE_HISTORY,"Keep: Has active purchase/return activity"
"8984 1",TRUE,4,1,0,2,2,0,2,4,4,ACTIVE_WITH_PURCHASE_HISTORY,"Keep: Has active purchase/return activity"
"8998",TRUE,1,1,0,0,0,0,1,1,1,ACTIVE_WITH_PURCHASE_HISTORY,"Keep: Has active purchase/return activity"
"9",TRUE,20,6,0,5,5,0,15,20,6,ACTIVE_WITH_PURCHASE_HISTORY,"Keep: Has active purchase/return activity"
"9-15",TRUE,1,1,1,0,0,0,0,1,1,ACTIVE_WITH_PURCHASE_HISTORY,"Keep: Has active purchase/return activity"
"9-15169",TRUE,1,1,0,0,0,0,1,1,1,ACTIVE_WITH_PURCHASE_HISTORY,"Keep: Has active purchase/return activity"
"9-2504",TRUE,1,1,0,0,0,0,1,1,1,ACTIVE_WITH_PURCHASE_HISTORY,"Keep: Has active purchase/return activity"
"9-C",TRUE,1,1,0,0,0,0,1,1,1,ACTIVE_WITH_PURCHASE_HISTORY,"Keep: Has active purchase/return activity"
"9/1",TRUE,3,3,1,0,0,0,2,3,3,ACTIVE_WITH_PURCHASE_HISTORY,"Keep: Has active purchase/return activity"
"9/1-5675",TRUE,1,1,0,0,0,0,1,1,1,ACTIVE_WITH_PURCHASE_HISTORY,"Keep: Has active purchase/return activity"
"9/1-BSABD",TRUE,1,1,0,1,1,0,0,1,1,ACTIVE_WITH_PURCHASE_HISTORY,"Keep: Has active purchase/return activity"
"9/2",TRUE,2,1,0,1,1,0,1,2,1,ACTIVE_WITH_PURCHASE_HISTORY,"Keep: Has active purchase/return activity"
"9/2-5675",TRUE,1,1,0,0,0,0,1,1,1,ACTIVE_WITH_PURCHASE_HISTORY,"Keep: Has active purchase/return activity"
"9/3",TRUE,3,1,1,0,0,0,2,3,1,ACTIVE_WITH_PURCHASE_HISTORY,"Keep: Has active purchase/return activity"
"9/4",TRUE,4,1,0,1,1,0,4,5,5,ACTIVE_WITH_PURCHASE_HISTORY,"Keep: Has active purchase/return activity"
"9/9-I",TRUE,1,1,1,0,0,0,0,1,1,ACTIVE_WITH_PURCHASE_HISTORY,"Keep: Has active purchase/return activity"
"90",TRUE,3,2,0,2,2,0,0,2,2,ACTIVE_WITH_PURCHASE_HISTORY,"Keep: Has active purchase/return activity"
"90-BROWN",TRUE,3,1,0,1,1,0,2,3,2,ACTIVE_WITH_PURCHASE_HISTORY,"Keep: Has active purchase/return activity"
"90-PINK",TRUE,1,1,0,1,1,1,1,1,1,ACTIVE_WITH_PURCHASE_HISTORY,"Keep: Has active purchase/return activity"
"90-PURPLE",TRUE,1,1,0,1,1,0,0,1,1,ACTIVE_WITH_PURCHASE_HISTORY,"Keep: Has active purchase/return activity"
"9000",TRUE,6,1,0,2,2,1,4,6,6,ACTIVE_WITH_PURCHASE_HISTORY,"Keep: Has active purchase/return activity"
"9001",TRUE,9,2,0,7,7,0,1,8,6,ACTIVE_WITH_PURCHASE_HISTORY,"Keep: Has active purchase/return activity"
"9001-B",TRUE,2,1,0,0,0,0,2,2,2,ACTIVE_WITH_PURCHASE_HISTORY,"Keep: Has active purchase/return activity"
"9002",TRUE,2,1,0,0,0,0,2,2,2,ACTIVE_WITH_PURCHASE_HISTORY,"Keep: Has active purchase/return activity"
"9003",TRUE,8,1,0,0,0,0,6,6,4,ACTIVE_WITH_PURCHASE_HISTORY,"Keep: Has active purchase/return activity"
"9003-B",TRUE,3,1,0,0,0,0,3,3,3,ACTIVE_WITH_PURCHASE_HISTORY,"Keep: Has active purchase/return activity"
"9005",TRUE,1,1,0,0,0,0,1,1,1,ACTIVE_WITH_PURCHASE_HISTORY,"Keep: Has active purchase/return activity"
"9006 1",TRUE,6,1,0,1,1,0,5,6,6,ACTIVE_WITH_PURCHASE_HISTORY,"Keep: Has active purchase/return activity"
"9009 1",TRUE,10,1,0,2,2,0,6,8,6,ACTIVE_WITH_PURCHASE_HISTORY,"Keep: Has active purchase/return activity"
"9010 1",TRUE,4,1,0,0,0,0,4,4,4,ACTIVE_WITH_PURCHASE_HISTORY,"Keep: Has active purchase/return activity"
"9011-A",TRUE,8,1,0,0,0,0,6,6,4,ACTIVE_WITH_PURCHASE_HISTORY,"Keep: Has active purchase/return activity"
"9011-B",TRUE,2,1,0,0,0,0,2,2,2,ACTIVE_WITH_PURCHASE_HISTORY,"Keep: Has active purchase/return activity"
"9012",TRUE,5,1,0,1,1,0,4,5,5,ACTIVE_WITH_PURCHASE_HISTORY,"Keep: Has active purchase/return activity"
"9013",TRUE,8,1,0,0,0,0,6,6,4,ACTIVE_WITH_PURCHASE_HISTORY,"Keep: Has active purchase/return activity"
"9013-B",TRUE,3,1,0,1,1,0,2,3,3,ACTIVE_WITH_PURCHASE_HISTORY,"Keep: Has active purchase/return activity"
"9014",TRUE,8,1,0,0,0,0,6,6,4,ACTIVE_WITH_PURCHASE_HISTORY,"Keep: Has active purchase/return activity"
"9014-B",TRUE,3,1,0,1,1,0,2,3,3,ACTIVE_WITH_PURCHASE_HISTORY,"Keep: Has active purchase/return activity"
"9015 1",TRUE,6,1,0,2,2,0,4,6,6,ACTIVE_WITH_PURCHASE_HISTORY,"Keep: Has active purchase/return activity"
"9019",TRUE,8,1,0,0,0,0,6,6,4,ACTIVE_WITH_PURCHASE_HISTORY,"Keep: Has active purchase/return activity"
"9019-B",TRUE,1,1,0,0,0,0,1,1,1,ACTIVE_WITH_PURCHASE_HISTORY,"Keep: Has active purchase/return activity"
"907-B",TRUE,4,1,0,1,1,0,3,4,4,ACTIVE_WITH_PURCHASE_HISTORY,"Keep: Has active purchase/return activity"
"907-G",TRUE,4,1,0,2,2,0,2,4,4,ACTIVE_WITH_PURCHASE_HISTORY,"Keep: Has active purchase/return activity"
"9109-A",TRUE,1,1,0,0,0,0,1,1,1,ACTIVE_WITH_PURCHASE_HISTORY,"Keep: Has active purchase/return activity"
"921",TRUE,1,1,0,0,0,0,1,1,1,ACTIVE_WITH_PURCHASE_HISTORY,"Keep: Has active purchase/return activity"
"922",TRUE,5,1,0,2,2,0,1,2,2,ACTIVE_WITH_PURCHASE_HISTORY,"Keep: Has active purchase/return activity"
"923SU",TRUE,5,1,0,0,0,0,5,5,1,ACTIVE_WITH_PURCHASE_HISTORY,"Keep: Has active purchase/return activity"
"925SU",TRUE,2,1,0,0,0,0,2,2,1,ACTIVE_WITH_PURCHASE_HISTORY,"Keep: Has active purchase/return activity"
"932SU",TRUE,2,1,0,1,1,0,1,2,1,ACTIVE_WITH_PURCHASE_HISTORY,"Keep: Has active purchase/return activity"
"9335-R RD",TRUE,1,1,0,0,0,0,1,1,1,ACTIVE_WITH_PURCHASE_HISTORY,"Keep: Has active purchase/return activity"
"9338-BEIGE",TRUE,1,1,0,0,0,0,1,1,1,ACTIVE_WITH_PURCHASE_HISTORY,"Keep: Has active purchase/return activity"
"9338-LAVENDER",TRUE,1,1,0,1,1,0,0,1,1,ACTIVE_WITH_PURCHASE_HISTORY,"Keep: Has active purchase/return activity"
"9338-PINK",TRUE,1,1,0,0,0,0,1,1,1,ACTIVE_WITH_PURCHASE_HISTORY,"Keep: Has active purchase/return activity"
"9458A",TRUE,2,1,0,2,2,0,0,2,2,ACTIVE_WITH_PURCHASE_HISTORY,"Keep: Has active purchase/return activity"
"9480",TRUE,3,1,0,2,2,0,1,3,1,ACTIVE_WITH_PURCHASE_HISTORY,"Keep: Has active purchase/return activity"
"9492",TRUE,2,1,0,1,1,0,1,2,2,ACTIVE_WITH_PURCHASE_HISTORY,"Keep: Has active purchase/return activity"
"9493",TRUE,1,1,0,1,1,0,0,1,1,ACTIVE_WITH_PURCHASE_HISTORY,"Keep: Has active purchase/return activity"
"9502",TRUE,1,1,0,2,2,2,0,1,1,ACTIVE_WITH_PURCHASE_HISTORY,"Keep: Has active purchase/return activity"
"9507",TRUE,1,1,0,0,0,0,1,1,1,ACTIVE_WITH_PURCHASE_HISTORY,"Keep: Has active purchase/return activity"
"9507 P",TRUE,1,1,0,1,1,0,0,1,1,ACTIVE_WITH_PURCHASE_HISTORY,"Keep: Has active purchase/return activity"
"950CSU",TRUE,5,2,0,0,0,0,5,5,2,ACTIVE_WITH_PURCHASE_HISTORY,"Keep: Has active purchase/return activity"
"952SU",TRUE,3,1,0,1,1,0,2,3,1,ACTIVE_WITH_PURCHASE_HISTORY,"Keep: Has active purchase/return activity"
"9539",TRUE,1,1,0,0,0,0,1,1,1,ACTIVE_WITH_PURCHASE_HISTORY,"Keep: Has active purchase/return activity"
"953SU",TRUE,2,1,0,1,1,0,1,2,1,ACTIVE_WITH_PURCHASE_HISTORY,"Keep: Has active purchase/return activity"
"96",TRUE,2,1,0,1,1,0,1,2,1,ACTIVE_WITH_PURCHASE_HISTORY,"Keep: Has active purchase/return activity"
"9613",TRUE,1,1,0,0,0,0,1,1,1,ACTIVE_WITH_PURCHASE_HISTORY,"Keep: Has active purchase/return activity"
"961SU",TRUE,3,1,0,0,0,0,2,2,2,ACTIVE_WITH_PURCHASE_HISTORY,"Keep: Has active purchase/return activity"
"962SU",TRUE,3,1,0,1,1,0,2,3,1,ACTIVE_WITH_PURCHASE_HISTORY,"Keep: Has active purchase/return activity"
"9638",TRUE,1,1,0,0,0,0,1,1,1,ACTIVE_WITH_PURCHASE_HISTORY,"Keep: Has active purchase/return activity"
"964SU",TRUE,6,2,0,1,1,0,5,6,2,ACTIVE_WITH_PURCHASE_HISTORY,"Keep: Has active purchase/return activity"
"965SU",TRUE,2,2,0,0,0,0,2,2,2,ACTIVE_WITH_PURCHASE_HISTORY,"Keep: Has active purchase/return activity"
"9669",TRUE,1,1,0,0,0,0,1,1,1,ACTIVE_WITH_PURCHASE_HISTORY,"Keep: Has active purchase/return activity"
"9678M",TRUE,1,1,0,1,1,0,0,1,1,ACTIVE_WITH_PURCHASE_HISTORY,"Keep: Has active purchase/return activity"
"97",TRUE,4,1,0,1,1,0,3,4,1,ACTIVE_WITH_PURCHASE_HISTORY,"Keep: Has active purchase/return activity"
"9717",TRUE,2,2,0,0,0,0,5,5,2,ACTIVE_WITH_PURCHASE_HISTORY,"Keep: Has active purchase/return activity"
"9718-R",TRUE,1,1,0,0,0,0,1,1,1,ACTIVE_WITH_PURCHASE_HISTORY,"Keep: Has active purchase/return activity"
"9719-R",TRUE,1,1,0,0,0,0,1,1,1,ACTIVE_WITH_PURCHASE_HISTORY,"Keep: Has active purchase/return activity"
"972ASU",TRUE,3,1,0,0,0,0,3,3,1,ACTIVE_WITH_PURCHASE_HISTORY,"Keep: Has active purchase/return activity"
"9733-R",TRUE,1,1,0,1,1,0,0,1,1,ACTIVE_WITH_PURCHASE_HISTORY,"Keep: Has active purchase/return activity"
"9734",TRUE,1,1,0,0,0,0,1,1,1,ACTIVE_WITH_PURCHASE_HISTORY,"Keep: Has active purchase/return activity"
"973ASU",TRUE,2,1,0,0,0,0,2,2,1,ACTIVE_WITH_PURCHASE_HISTORY,"Keep: Has active purchase/return activity"
"977A-PNK",TRUE,1,1,0,0,0,0,1,1,1,ACTIVE_WITH_PURCHASE_HISTORY,"Keep: Has active purchase/return activity"
"98",TRUE,2,1,0,0,0,0,2,2,1,ACTIVE_WITH_PURCHASE_HISTORY,"Keep: Has active purchase/return activity"
"9811 RANI",TRUE,1,1,0,1,1,0,0,1,1,ACTIVE_WITH_PURCHASE_HISTORY,"Keep: Has active purchase/return activity"
"9813-R",TRUE,1,1,0,0,0,0,1,1,1,ACTIVE_WITH_PURCHASE_HISTORY,"Keep: Has active purchase/return activity"
"9813 R",TRUE,1,1,0,0,0,0,1,1,1,ACTIVE_WITH_PURCHASE_HISTORY,"Keep: Has active purchase/return activity"
"9821",TRUE,1,1,0,0,0,0,1,1,1,ACTIVE_WITH_PURCHASE_HISTORY,"Keep: Has active purchase/return activity"
"9827-R",TRUE,1,1,0,0,0,0,1,1,1,ACTIVE_WITH_PURCHASE_HISTORY,"Keep: Has active purchase/return activity"
"9863",TRUE,1,1,0,0,0,0,1,1,1,ACTIVE_WITH_PURCHASE_HISTORY,"Keep: Has active purchase/return activity"
"9867",TRUE,2,1,0,0,0,0,2,2,2,ACTIVE_WITH_PURCHASE_HISTORY,"Keep: Has active purchase/return activity"
"9872-R",TRUE,1,1,0,0,0,0,1,1,1,ACTIVE_WITH_PURCHASE_HISTORY,"Keep: Has active purchase/return activity"
"9882",TRUE,1,1,0,0,0,0,1,1,1,ACTIVE_WITH_PURCHASE_HISTORY,"Keep: Has active purchase/return activity"
"9882 R",TRUE,1,1,1,0,0,0,0,1,1,ACTIVE_WITH_PURCHASE_HISTORY,"Keep: Has active purchase/return activity"
"9888-R",TRUE,1,1,0,0,0,0,1,1,1,ACTIVE_WITH_PURCHASE_HISTORY,"Keep: Has active purchase/return activity"
"99",TRUE,2,1,0,1,1,0,3,4,2,ACTIVE_WITH_PURCHASE_HISTORY,"Keep: Has active purchase/return activity"
"99-1750",TRUE,1,1,0,1,1,0,0,1,1,ACTIVE_WITH_PURCHASE_HISTORY,"Keep: Has active purchase/return activity"
"99-Z02926",TRUE,1,1,0,1,1,0,0,1,1,ACTIVE_WITH_PURCHASE_HISTORY,"Keep: Has active purchase/return activity"
"9948",TRUE,2,1,0,0,0,0,2,2,1,ACTIVE_WITH_PURCHASE_HISTORY,"Keep: Has active purchase/return activity"
"A-1",TRUE,1,1,0,0,0,0,1,1,1,ACTIVE_WITH_PURCHASE_HISTORY,"Keep: Has active purchase/return activity"
"A-1057",TRUE,1,1,0,0,0,0,1,1,1,ACTIVE_WITH_PURCHASE_HISTORY,"Keep: Has active purchase/return activity"
"A-2",TRUE,1,1,0,0,0,0,1,1,1,ACTIVE_WITH_PURCHASE_HISTORY,"Keep: Has active purchase/return activity"
"A-3",TRUE,1,1,0,0,0,0,1,1,1,ACTIVE_WITH_PURCHASE_HISTORY,"Keep: Has active purchase/return activity"
"A-4",TRUE,1,1,0,0,0,0,1,1,1,ACTIVE_WITH_PURCHASE_HISTORY,"Keep: Has active purchase/return activity"
"A1-109-M8/SP01// 12884",TRUE,1,1,0,0,0,0,1,1,1,ACTIVE_WITH_PURCHASE_HISTORY,"Keep: Has active purchase/return activity"
"A1360",TRUE,2,1,0,0,0,0,2,2,2,ACTIVE_WITH_PURCHASE_HISTORY,"Keep: Has active purchase/return activity"
"A136127",TRUE,1,1,0,0,0,0,1,1,1,ACTIVE_WITH_PURCHASE_HISTORY,"Keep: Has active purchase/return activity"
"A2023-M702/D11/ORZ/SELF// 12885",TRUE,1,1,0,0,0,0,1,1,1,ACTIVE_WITH_PURCHASE_HISTORY,"Keep: Has active purchase/return activity"
"A2024-TS11/TS01// 12883",TRUE,1,1,0,0,0,0,1,1,1,ACTIVE_WITH_PURCHASE_HISTORY,"Keep: Has active purchase/return activity"
"A2027-M94/D1/NET/SELF// 12887",TRUE,1,1,0,0,0,0,1,1,1,ACTIVE_WITH_PURCHASE_HISTORY,"Keep: Has active purchase/return activity"
"A2061-M7/D23",TRUE,1,1,0,0,0,0,1,1,1,ACTIVE_WITH_PURCHASE_HISTORY,"Keep: Has active purchase/return activity"
"A2122",TRUE,1,1,0,1,1,0,0,1,1,ACTIVE_WITH_PURCHASE_HISTORY,"Keep: Has active purchase/return activity"
"A2127",TRUE,2,1,0,1,1,0,1,2,2,ACTIVE_WITH_PURCHASE_HISTORY,"Keep: Has active purchase/return activity"
"A2338",TRUE,2,1,0,1,1,0,1,2,2,ACTIVE_WITH_PURCHASE_HISTORY,"Keep: Has active purchase/return activity"
"A2414",TRUE,1,1,0,1,1,0,0,1,1,ACTIVE_WITH_PURCHASE_HISTORY,"Keep: Has active purchase/return activity"
"A2418",TRUE,1,1,0,1,1,0,0,1,1,ACTIVE_WITH_PURCHASE_HISTORY,"Keep: Has active purchase/return activity"
"A2430",TRUE,1,1,0,0,0,0,1,1,1,ACTIVE_WITH_PURCHASE_HISTORY,"Keep: Has active purchase/return activity"
"A48123",TRUE,1,1,0,1,1,0,0,1,1,ACTIVE_WITH_PURCHASE_HISTORY,"Keep: Has active purchase/return activity"
"A7820",TRUE,7,1,0,0,0,0,7,7,7,ACTIVE_WITH_PURCHASE_HISTORY,"Keep: Has active purchase/return activity"
"AA-1006",TRUE,2,1,0,2,2,0,0,2,2,ACTIVE_WITH_PURCHASE_HISTORY,"Keep: Has active purchase/return activity"
"AA-1022",TRUE,1,1,0,1,1,0,0,1,1,ACTIVE_WITH_PURCHASE_HISTORY,"Keep: Has active purchase/return activity"
"AA-1026",TRUE,1,1,0,1,1,0,0,1,1,ACTIVE_WITH_PURCHASE_HISTORY,"Keep: Has active purchase/return activity"
"AA-1277 P",TRUE,2,1,0,2,2,0,0,2,2,ACTIVE_WITH_PURCHASE_HISTORY,"Keep: Has active purchase/return activity"
"AA-1286-G",TRUE,1,1,0,0,0,0,1,1,1,ACTIVE_WITH_PURCHASE_HISTORY,"Keep: Has active purchase/return activity"
"AA-1286-P",TRUE,1,1,0,0,0,0,1,1,1,ACTIVE_WITH_PURCHASE_HISTORY,"Keep: Has active purchase/return activity"
"AA-1286 B",TRUE,1,1,0,0,0,0,1,1,1,ACTIVE_WITH_PURCHASE_HISTORY,"Keep: Has active purchase/return activity"
"AA-1294 F",TRUE,2,1,0,2,2,0,0,2,2,ACTIVE_WITH_PURCHASE_HISTORY,"Keep: Has active purchase/return activity"
"AA-434",TRUE,2,1,0,1,1,0,1,2,2,ACTIVE_WITH_PURCHASE_HISTORY,"Keep: Has active purchase/return activity"
"AA-461",TRUE,1,1,0,1,1,0,0,1,1,ACTIVE_WITH_PURCHASE_HISTORY,"Keep: Has active purchase/return activity"
"AA-471 GY",TRUE,1,1,0,0,0,0,1,1,1,ACTIVE_WITH_PURCHASE_HISTORY,"Keep: Has active purchase/return activity"
"AA-481",TRUE,1,1,0,1,1,0,0,1,1,ACTIVE_WITH_PURCHASE_HISTORY,"Keep: Has active purchase/return activity"
"AA-481 PK",TRUE,1,1,0,0,0,0,1,1,1,ACTIVE_WITH_PURCHASE_HISTORY,"Keep: Has active purchase/return activity"
"AA-482",TRUE,1,1,0,0,0,0,1,1,1,ACTIVE_WITH_PURCHASE_HISTORY,"Keep: Has active purchase/return activity"
"AA-492",TRUE,2,1,0,1,1,0,1,2,2,ACTIVE_WITH_PURCHASE_HISTORY,"Keep: Has active purchase/return activity"
"AA 1304",TRUE,1,1,0,0,0,0,1,1,1,ACTIVE_WITH_PURCHASE_HISTORY,"Keep: Has active purchase/return activity"
"AA 1308",TRUE,1,1,0,0,0,0,1,1,1,ACTIVE_WITH_PURCHASE_HISTORY,"Keep: Has active purchase/return activity"
"AA 1319",TRUE,1,1,0,0,0,0,1,1,1,ACTIVE_WITH_PURCHASE_HISTORY,"Keep: Has active purchase/return activity"
"AA 1341",TRUE,1,1,0,0,0,0,1,1,1,ACTIVE_WITH_PURCHASE_HISTORY,"Keep: Has active purchase/return activity"
"AA 1346",TRUE,1,1,0,0,0,0,1,1,1,ACTIVE_WITH_PURCHASE_HISTORY,"Keep: Has active purchase/return activity"
"AAROHI",TRUE,1,1,0,1,1,0,0,1,1,ACTIVE_WITH_PURCHASE_HISTORY,"Keep: Has active purchase/return activity"
"AB/032/24",TRUE,1,1,0,0,0,0,1,1,1,ACTIVE_WITH_PURCHASE_HISTORY,"Keep: Has active purchase/return activity"
"AB/084/24",TRUE,1,1,0,1,1,2,1,1,1,ACTIVE_WITH_PURCHASE_HISTORY,"Keep: Has active purchase/return activity"
"AB/092/24",TRUE,1,1,0,1,1,1,0,1,1,ACTIVE_WITH_PURCHASE_HISTORY,"Keep: Has active purchase/return activity"
"AB/117/24A",TRUE,1,1,0,0,0,0,1,1,1,ACTIVE_WITH_PURCHASE_HISTORY,"Keep: Has active purchase/return activity"
"AB/139/24A",TRUE,1,1,0,0,0,0,1,1,1,ACTIVE_WITH_PURCHASE_HISTORY,"Keep: Has active purchase/return activity"
"AB/162/24",TRUE,1,1,0,0,0,0,1,1,1,ACTIVE_WITH_PURCHASE_HISTORY,"Keep: Has active purchase/return activity"
"AB/163/24",TRUE,1,1,0,0,0,0,1,1,1,ACTIVE_WITH_PURCHASE_HISTORY,"Keep: Has active purchase/return activity"
"AB/196/24",TRUE,1,1,0,1,1,0,0,1,1,ACTIVE_WITH_PURCHASE_HISTORY,"Keep: Has active purchase/return activity"
"AB/213/24",TRUE,1,1,0,0,0,0,1,1,1,ACTIVE_WITH_PURCHASE_HISTORY,"Keep: Has active purchase/return activity"
"AB101",TRUE,1,1,0,0,0,0,1,1,1,ACTIVE_WITH_PURCHASE_HISTORY,"Keep: Has active purchase/return activity"
"AB103",TRUE,1,1,0,0,0,0,1,1,1,ACTIVE_WITH_PURCHASE_HISTORY,"Keep: Has active purchase/return activity"
"AE-375",TRUE,1,1,0,1,1,0,0,1,1,ACTIVE_WITH_PURCHASE_HISTORY,"Keep: Has active purchase/return activity"
"AE-382",TRUE,2,1,0,2,2,0,0,2,2,ACTIVE_WITH_PURCHASE_HISTORY,"Keep: Has active purchase/return activity"
"AF2052-M4/D21/M9/SELF// 12886",TRUE,1,1,0,0,0,0,1,1,1,ACTIVE_WITH_PURCHASE_HISTORY,"Keep: Has active purchase/return activity"
"AG-1890SH-AN",TRUE,1,1,0,0,0,0,1,1,1,ACTIVE_WITH_PURCHASE_HISTORY,"Keep: Has active purchase/return activity"
"AG1872",TRUE,1,1,0,0,0,0,1,1,1,ACTIVE_WITH_PURCHASE_HISTORY,"Keep: Has active purchase/return activity"
"AGNI",TRUE,1,1,0,0,0,0,1,1,1,ACTIVE_WITH_PURCHASE_HISTORY,"Keep: Has active purchase/return activity"
"AGNI-P",TRUE,1,1,0,1,1,0,0,1,1,ACTIVE_WITH_PURCHASE_HISTORY,"Keep: Has active purchase/return activity"
"AGNI-R",TRUE,1,1,0,1,1,0,0,1,1,ACTIVE_WITH_PURCHASE_HISTORY,"Keep: Has active purchase/return activity"
"AH/UR535/1803",TRUE,1,1,0,0,0,0,1,1,1,ACTIVE_WITH_PURCHASE_HISTORY,"Keep: Has active purchase/return activity"
"AHFM-19",TRUE,2,1,0,0,0,0,2,2,1,ACTIVE_WITH_PURCHASE_HISTORY,"Keep: Has active purchase/return activity"
"AHFM-61",TRUE,2,1,0,0,0,0,2,2,1,ACTIVE_WITH_PURCHASE_HISTORY,"Keep: Has active purchase/return activity"
"AHFM-62",TRUE,2,1,0,1,1,0,1,2,1,ACTIVE_WITH_PURCHASE_HISTORY,"Keep: Has active purchase/return activity"
"AHFM-78",TRUE,2,1,2,0,0,0,0,2,1,ACTIVE_WITH_PURCHASE_HISTORY,"Keep: Has active purchase/return activity"
"AHR-284",TRUE,2,1,0,0,0,0,2,2,2,ACTIVE_WITH_PURCHASE_HISTORY,"Keep: Has active purchase/return activity"
"AHR-297",TRUE,2,1,0,0,0,0,2,2,2,ACTIVE_WITH_PURCHASE_HISTORY,"Keep: Has active purchase/return activity"
"AHR-394",TRUE,1,1,0,0,0,0,1,1,1,ACTIVE_WITH_PURCHASE_HISTORY,"Keep: Has active purchase/return activity"
"AHR-407",TRUE,3,1,0,1,1,1,2,3,3,ACTIVE_WITH_PURCHASE_HISTORY,"Keep: Has active purchase/return activity"
"AHR329",TRUE,1,1,0,0,0,0,1,1,1,ACTIVE_WITH_PURCHASE_HISTORY,"Keep: Has active purchase/return activity"
"AHR380",TRUE,1,1,0,0,0,0,1,1,1,ACTIVE_WITH_PURCHASE_HISTORY,"Keep: Has active purchase/return activity"
"AHR380-B",TRUE,1,1,0,0,0,0,1,1,1,ACTIVE_WITH_PURCHASE_HISTORY,"Keep: Has active purchase/return activity"
"AHR406",TRUE,2,1,0,0,0,0,2,2,1,ACTIVE_WITH_PURCHASE_HISTORY,"Keep: Has active purchase/return activity"
"AHR410",TRUE,1,1,0,0,0,0,1,1,1,ACTIVE_WITH_PURCHASE_HISTORY,"Keep: Has active purchase/return activity"
"AJANTA",TRUE,1,1,0,0,0,0,1,1,1,ACTIVE_WITH_PURCHASE_HISTORY,"Keep: Has active purchase/return activity"
"AK-W09",TRUE,1,1,1,0,0,0,0,1,1,ACTIVE_WITH_PURCHASE_HISTORY,"Keep: Has active purchase/return activity"
"AK-W10",TRUE,1,1,1,0,0,0,0,1,1,ACTIVE_WITH_PURCHASE_HISTORY,"Keep: Has active purchase/return activity"
"AK-W11",TRUE,1,1,1,0,0,0,0,1,1,ACTIVE_WITH_PURCHASE_HISTORY,"Keep: Has active purchase/return activity"
"AK-W12",TRUE,1,1,1,0,0,0,0,1,1,ACTIVE_WITH_PURCHASE_HISTORY,"Keep: Has active purchase/return activity"
"AK-W13",TRUE,1,1,1,0,0,0,0,1,1,ACTIVE_WITH_PURCHASE_HISTORY,"Keep: Has active purchase/return activity"
"AK-W14",TRUE,1,1,1,0,0,0,0,1,1,ACTIVE_WITH_PURCHASE_HISTORY,"Keep: Has active purchase/return activity"
"AK-W15",TRUE,1,1,1,0,0,0,0,1,1,ACTIVE_WITH_PURCHASE_HISTORY,"Keep: Has active purchase/return activity"
"AK-W16",TRUE,1,1,1,0,0,0,0,1,1,ACTIVE_WITH_PURCHASE_HISTORY,"Keep: Has active purchase/return activity"
"AK-W17",TRUE,1,1,1,0,0,0,0,1,1,ACTIVE_WITH_PURCHASE_HISTORY,"Keep: Has active purchase/return activity"
"AK-W18",TRUE,1,1,1,0,0,0,0,1,1,ACTIVE_WITH_PURCHASE_HISTORY,"Keep: Has active purchase/return activity"
"AK-W19",TRUE,1,1,1,0,0,0,0,1,1,ACTIVE_WITH_PURCHASE_HISTORY,"Keep: Has active purchase/return activity"
"AKM17-1/3",TRUE,3,1,0,1,1,0,2,3,1,ACTIVE_WITH_PURCHASE_HISTORY,"Keep: Has active purchase/return activity"
"AKM17-1/6",TRUE,6,1,0,0,0,0,6,6,1,ACTIVE_WITH_PURCHASE_HISTORY,"Keep: Has active purchase/return activity"
"AKR-4193",TRUE,1,1,0,0,0,0,1,1,1,ACTIVE_WITH_PURCHASE_HISTORY,"Keep: Has active purchase/return activity"
"AKR-4284",TRUE,3,1,0,0,0,0,2,2,2,ACTIVE_WITH_PURCHASE_HISTORY,"Keep: Has active purchase/return activity"
"AKR-4284 ",TRUE,0,0,0,0,0,0,2,2,1,ORPHAN_WITH_STOCK,"Audit: Has physical stock/printed barcodes but no purchase record"
"AKR-4383",TRUE,2,1,0,1,1,0,1,2,2,ACTIVE_WITH_PURCHASE_HISTORY,"Keep: Has active purchase/return activity"
"AKR-4384",TRUE,2,1,0,0,0,0,2,2,2,ACTIVE_WITH_PURCHASE_HISTORY,"Keep: Has active purchase/return activity"
"AKR-4390",TRUE,2,1,0,0,0,0,2,2,2,ACTIVE_WITH_PURCHASE_HISTORY,"Keep: Has active purchase/return activity"
"AKR-4462",TRUE,1,1,0,0,0,0,1,1,1,ACTIVE_WITH_PURCHASE_HISTORY,"Keep: Has active purchase/return activity"
"AKR 3999",TRUE,1,1,0,0,0,0,1,1,1,ACTIVE_WITH_PURCHASE_HISTORY,"Keep: Has active purchase/return activity"
"AKR 4202",TRUE,1,1,0,1,1,0,0,1,1,ACTIVE_WITH_PURCHASE_HISTORY,"Keep: Has active purchase/return activity"
"AKR 4278",TRUE,2,1,0,0,0,0,2,2,2,ACTIVE_WITH_PURCHASE_HISTORY,"Keep: Has active purchase/return activity"
"AKR 4375",TRUE,2,1,0,1,1,0,1,2,2,ACTIVE_WITH_PURCHASE_HISTORY,"Keep: Has active purchase/return activity"
"AL-442",TRUE,1,1,0,0,0,0,1,1,1,ACTIVE_WITH_PURCHASE_HISTORY,"Keep: Has active purchase/return activity"
"AL-456",TRUE,1,1,0,0,0,0,1,1,1,ACTIVE_WITH_PURCHASE_HISTORY,"Keep: Has active purchase/return activity"
"AL-460",TRUE,1,1,0,0,0,0,1,1,1,ACTIVE_WITH_PURCHASE_HISTORY,"Keep: Has active purchase/return activity"
"AL-468",TRUE,1,1,0,0,0,0,1,1,1,ACTIVE_WITH_PURCHASE_HISTORY,"Keep: Has active purchase/return activity"
"AL-500",TRUE,1,1,0,1,1,0,0,1,1,ACTIVE_WITH_PURCHASE_HISTORY,"Keep: Has active purchase/return activity"
"AL-524",TRUE,1,1,0,0,0,0,1,1,1,ACTIVE_WITH_PURCHASE_HISTORY,"Keep: Has active purchase/return activity"
"AL-551",TRUE,1,1,0,0,0,0,1,1,1,ACTIVE_WITH_PURCHASE_HISTORY,"Keep: Has active purchase/return activity"
"AL-554",TRUE,1,1,0,0,0,0,1,1,1,ACTIVE_WITH_PURCHASE_HISTORY,"Keep: Has active purchase/return activity"
"AL-555",TRUE,1,1,0,1,1,0,0,1,1,ACTIVE_WITH_PURCHASE_HISTORY,"Keep: Has active purchase/return activity"
"AL-560",TRUE,1,1,0,0,0,0,1,1,1,ACTIVE_WITH_PURCHASE_HISTORY,"Keep: Has active purchase/return activity"
"AL-563",TRUE,1,1,0,0,0,0,1,1,1,ACTIVE_WITH_PURCHASE_HISTORY,"Keep: Has active purchase/return activity"
"ALIA",TRUE,1,1,0,1,1,0,0,1,1,ACTIVE_WITH_PURCHASE_HISTORY,"Keep: Has active purchase/return activity"
"AM01",TRUE,1,1,0,0,0,0,1,1,1,ACTIVE_WITH_PURCHASE_HISTORY,"Keep: Has active purchase/return activity"
"AMRITA",TRUE,1,1,0,0,0,0,1,1,1,ACTIVE_WITH_PURCHASE_HISTORY,"Keep: Has active purchase/return activity"
"AND-01",TRUE,1,1,0,0,0,0,1,1,1,ACTIVE_WITH_PURCHASE_HISTORY,"Keep: Has active purchase/return activity"
"ANM48",TRUE,1,1,0,0,0,0,1,1,1,ACTIVE_WITH_PURCHASE_HISTORY,"Keep: Has active purchase/return activity"
"ANM62",TRUE,1,1,0,0,0,0,1,1,1,ACTIVE_WITH_PURCHASE_HISTORY,"Keep: Has active purchase/return activity"
"ANM70",TRUE,1,1,0,0,0,0,1,1,1,ACTIVE_WITH_PURCHASE_HISTORY,"Keep: Has active purchase/return activity"
"ANNU",TRUE,1,1,0,1,1,0,0,1,1,ACTIVE_WITH_PURCHASE_HISTORY,"Keep: Has active purchase/return activity"
"ANNU-G",TRUE,1,1,0,0,0,0,1,1,1,ACTIVE_WITH_PURCHASE_HISTORY,"Keep: Has active purchase/return activity"
"ANV-1845",TRUE,4,1,0,0,0,0,4,4,4,ACTIVE_WITH_PURCHASE_HISTORY,"Keep: Has active purchase/return activity"
"ARADHYA",TRUE,1,1,0,0,0,0,1,1,1,ACTIVE_WITH_PURCHASE_HISTORY,"Keep: Has active purchase/return activity"
"ARSHIN",TRUE,1,1,0,0,0,0,1,1,1,ACTIVE_WITH_PURCHASE_HISTORY,"Keep: Has active purchase/return activity"
"AS-145",TRUE,1,1,0,1,1,0,0,1,1,ACTIVE_WITH_PURCHASE_HISTORY,"Keep: Has active purchase/return activity"
"AS-228",TRUE,1,1,0,1,1,0,0,1,1,ACTIVE_WITH_PURCHASE_HISTORY,"Keep: Has active purchase/return activity"
"AS001",TRUE,1,1,0,1,1,0,0,1,1,ACTIVE_WITH_PURCHASE_HISTORY,"Keep: Has active purchase/return activity"
"AS01",TRUE,0,0,0,0,0,0,0,0,0,SAFE_TO_DELETE_IDLE,"Safe to Delete: No purchases, returns, sales, or stock"
"AT-1187",TRUE,1,1,0,0,0,0,1,1,1,ACTIVE_WITH_PURCHASE_HISTORY,"Keep: Has active purchase/return activity"
"AT-1212",TRUE,1,1,0,0,0,0,1,1,1,ACTIVE_WITH_PURCHASE_HISTORY,"Keep: Has active purchase/return activity"
"AT-1213",TRUE,1,1,0,1,1,0,0,1,1,ACTIVE_WITH_PURCHASE_HISTORY,"Keep: Has active purchase/return activity"
"B-1",TRUE,1,1,0,0,0,0,1,1,1,ACTIVE_WITH_PURCHASE_HISTORY,"Keep: Has active purchase/return activity"
"B-1/1",TRUE,1,1,1,0,0,0,0,1,1,ACTIVE_WITH_PURCHASE_HISTORY,"Keep: Has active purchase/return activity"
"B-10",TRUE,1,1,0,0,0,0,1,1,1,ACTIVE_WITH_PURCHASE_HISTORY,"Keep: Has active purchase/return activity"
"B-11",TRUE,1,1,0,0,0,0,1,1,1,ACTIVE_WITH_PURCHASE_HISTORY,"Keep: Has active purchase/return activity"
"B-12",TRUE,1,1,0,0,0,0,1,1,1,ACTIVE_WITH_PURCHASE_HISTORY,"Keep: Has active purchase/return activity"
"B-13",TRUE,1,1,1,0,0,0,0,1,1,ACTIVE_WITH_PURCHASE_HISTORY,"Keep: Has active purchase/return activity"
"B-14",TRUE,1,1,0,0,0,0,1,1,1,ACTIVE_WITH_PURCHASE_HISTORY,"Keep: Has active purchase/return activity"
"B-2",TRUE,1,1,1,0,0,0,0,1,1,ACTIVE_WITH_PURCHASE_HISTORY,"Keep: Has active purchase/return activity"
"B-3",TRUE,1,1,0,0,0,0,1,1,1,ACTIVE_WITH_PURCHASE_HISTORY,"Keep: Has active purchase/return activity"
"B-4",TRUE,1,1,0,1,1,0,0,1,1,ACTIVE_WITH_PURCHASE_HISTORY,"Keep: Has active purchase/return activity"
"B-5",TRUE,1,1,0,0,0,0,1,1,1,ACTIVE_WITH_PURCHASE_HISTORY,"Keep: Has active purchase/return activity"
"B-6",TRUE,1,1,0,0,0,0,1,1,1,ACTIVE_WITH_PURCHASE_HISTORY,"Keep: Has active purchase/return activity"
"B-7",TRUE,1,1,0,0,0,0,1,1,1,ACTIVE_WITH_PURCHASE_HISTORY,"Keep: Has active purchase/return activity"
"B-8",TRUE,1,1,0,0,0,0,1,1,1,ACTIVE_WITH_PURCHASE_HISTORY,"Keep: Has active purchase/return activity"
"B-9",TRUE,1,1,0,0,0,0,1,1,1,ACTIVE_WITH_PURCHASE_HISTORY,"Keep: Has active purchase/return activity"
"B.B.003080-BX-B",TRUE,1,1,0,1,1,0,0,1,1,ACTIVE_WITH_PURCHASE_HISTORY,"Keep: Has active purchase/return activity"
"B.B.003080-BX-C",TRUE,1,1,0,1,1,0,0,1,1,ACTIVE_WITH_PURCHASE_HISTORY,"Keep: Has active purchase/return activity"
"B.B.003080-BX-G",TRUE,1,1,0,1,1,0,0,1,1,ACTIVE_WITH_PURCHASE_HISTORY,"Keep: Has active purchase/return activity"
"B.B.003080-BX-P",TRUE,1,1,0,1,1,0,0,1,1,ACTIVE_WITH_PURCHASE_HISTORY,"Keep: Has active purchase/return activity"
"B.B.003080-BX-W",TRUE,1,1,0,1,1,0,0,1,1,ACTIVE_WITH_PURCHASE_HISTORY,"Keep: Has active purchase/return activity"
"B.B.003095-BX-B",TRUE,1,1,0,1,1,0,0,1,1,ACTIVE_WITH_PURCHASE_HISTORY,"Keep: Has active purchase/return activity"
"B.B.003095-BX-BG",TRUE,1,1,0,0,0,0,1,1,1,ACTIVE_WITH_PURCHASE_HISTORY,"Keep: Has active purchase/return activity"
"B.B.003095-BX-L",TRUE,1,1,0,0,0,0,1,1,1,ACTIVE_WITH_PURCHASE_HISTORY,"Keep: Has active purchase/return activity"
"B.B.003095-BX-Y",TRUE,1,1,0,0,0,0,1,1,1,ACTIVE_WITH_PURCHASE_HISTORY,"Keep: Has active purchase/return activity"
"B1",TRUE,1,1,0,1,1,0,0,1,1,ACTIVE_WITH_PURCHASE_HISTORY,"Keep: Has active purchase/return activity"
"B2",TRUE,19,1,0,9,9,0,10,19,19,ACTIVE_WITH_PURCHASE_HISTORY,"Keep: Has active purchase/return activity"
"B3",TRUE,1,1,0,0,0,0,1,1,1,ACTIVE_WITH_PURCHASE_HISTORY,"Keep: Has active purchase/return activity"
"BD65",TRUE,3,1,0,0,0,0,3,3,1,ACTIVE_WITH_PURCHASE_HISTORY,"Keep: Has active purchase/return activity"
"BDR-161",TRUE,2,1,0,0,0,0,2,2,2,ACTIVE_WITH_PURCHASE_HISTORY,"Keep: Has active purchase/return activity"
"BDR-296",TRUE,2,1,0,1,1,0,1,2,2,ACTIVE_WITH_PURCHASE_HISTORY,"Keep: Has active purchase/return activity"
"BDR-301",TRUE,2,1,0,1,1,0,1,2,2,ACTIVE_WITH_PURCHASE_HISTORY,"Keep: Has active purchase/return activity"
"BDR-305",TRUE,2,1,0,1,1,0,1,2,2,ACTIVE_WITH_PURCHASE_HISTORY,"Keep: Has active purchase/return activity"
"BDR 269",TRUE,2,1,0,0,0,0,2,2,2,ACTIVE_WITH_PURCHASE_HISTORY,"Keep: Has active purchase/return activity"
"BDR 306",TRUE,1,1,0,1,1,0,0,1,1,ACTIVE_WITH_PURCHASE_HISTORY,"Keep: Has active purchase/return activity"
"BDR 309",TRUE,1,1,0,1,1,0,0,1,1,ACTIVE_WITH_PURCHASE_HISTORY,"Keep: Has active purchase/return activity"
"BF-1152",TRUE,1,1,0,0,0,0,1,1,1,ACTIVE_WITH_PURCHASE_HISTORY,"Keep: Has active purchase/return activity"
"BF-1152L",TRUE,1,1,0,1,1,0,0,1,1,ACTIVE_WITH_PURCHASE_HISTORY,"Keep: Has active purchase/return activity"
"BF-1158",TRUE,2,2,0,2,2,0,0,2,2,ACTIVE_WITH_PURCHASE_HISTORY,"Keep: Has active purchase/return activity"
"BF-1162",TRUE,2,1,0,2,2,0,0,2,2,ACTIVE_WITH_PURCHASE_HISTORY,"Keep: Has active purchase/return activity"
"BF-1752",TRUE,2,1,0,0,0,0,2,2,2,ACTIVE_WITH_PURCHASE_HISTORY,"Keep: Has active purchase/return activity"
"BF-1755",TRUE,2,1,0,2,2,0,0,2,2,ACTIVE_WITH_PURCHASE_HISTORY,"Keep: Has active purchase/return activity"
"BF-1812",TRUE,2,1,0,1,1,0,1,2,2,ACTIVE_WITH_PURCHASE_HISTORY,"Keep: Has active purchase/return activity"
"BF-1857",TRUE,1,1,0,0,0,0,1,1,1,ACTIVE_WITH_PURCHASE_HISTORY,"Keep: Has active purchase/return activity"
"BF-1861",TRUE,1,1,0,1,1,0,0,1,1,ACTIVE_WITH_PURCHASE_HISTORY,"Keep: Has active purchase/return activity"
"BF-1883",TRUE,1,1,0,0,0,0,1,1,1,ACTIVE_WITH_PURCHASE_HISTORY,"Keep: Has active purchase/return activity"
"BF-1892",TRUE,2,1,0,2,2,0,0,2,2,ACTIVE_WITH_PURCHASE_HISTORY,"Keep: Has active purchase/return activity"
"BF-1913",TRUE,1,1,0,0,0,0,1,1,1,ACTIVE_WITH_PURCHASE_HISTORY,"Keep: Has active purchase/return activity"
"BF-1914",TRUE,1,1,0,1,1,0,0,1,1,ACTIVE_WITH_PURCHASE_HISTORY,"Keep: Has active purchase/return activity"
"BF-1915",TRUE,1,1,0,0,0,0,1,1,1,ACTIVE_WITH_PURCHASE_HISTORY,"Keep: Has active purchase/return activity"
"BF-1942",TRUE,1,1,0,1,1,0,0,1,1,ACTIVE_WITH_PURCHASE_HISTORY,"Keep: Has active purchase/return activity"
"BF-1947",TRUE,2,1,0,1,1,0,1,2,2,ACTIVE_WITH_PURCHASE_HISTORY,"Keep: Has active purchase/return activity"
"BF-1948",TRUE,1,1,0,1,1,0,0,1,1,ACTIVE_WITH_PURCHASE_HISTORY,"Keep: Has active purchase/return activity"
"BF 1761",TRUE,1,1,0,0,0,0,1,1,1,ACTIVE_WITH_PURCHASE_HISTORY,"Keep: Has active purchase/return activity"
"BF 1772",TRUE,2,1,0,0,0,0,2,2,2,ACTIVE_WITH_PURCHASE_HISTORY,"Keep: Has active purchase/return activity"
"BF 1914",TRUE,1,1,0,0,0,0,1,1,1,ACTIVE_WITH_PURCHASE_HISTORY,"Keep: Has active purchase/return activity"
"BF 1918",TRUE,1,1,0,1,1,0,0,1,1,ACTIVE_WITH_PURCHASE_HISTORY,"Keep: Has active purchase/return activity"
"BF 1987",TRUE,2,1,0,1,1,0,1,2,2,ACTIVE_WITH_PURCHASE_HISTORY,"Keep: Has active purchase/return activity"
"BF1765",TRUE,1,1,0,1,1,0,0,1,1,ACTIVE_WITH_PURCHASE_HISTORY,"Keep: Has active purchase/return activity"
"BG-093",TRUE,1,1,0,1,1,0,0,1,1,ACTIVE_WITH_PURCHASE_HISTORY,"Keep: Has active purchase/return activity"
"BG-093 PK",TRUE,1,1,0,1,1,0,0,1,1,ACTIVE_WITH_PURCHASE_HISTORY,"Keep: Has active purchase/return activity"
"BG-095 PK",TRUE,1,1,0,1,1,0,0,1,1,ACTIVE_WITH_PURCHASE_HISTORY,"Keep: Has active purchase/return activity"
"BG-118",TRUE,1,1,0,0,0,0,1,1,1,ACTIVE_WITH_PURCHASE_HISTORY,"Keep: Has active purchase/return activity"
"BI-95A",TRUE,5,1,0,0,0,0,5,5,1,ACTIVE_WITH_PURCHASE_HISTORY,"Keep: Has active purchase/return activity"
"BK-112",TRUE,2,1,0,2,2,0,0,2,2,ACTIVE_WITH_PURCHASE_HISTORY,"Keep: Has active purchase/return activity"
"BK-112-LILAC",TRUE,1,1,0,0,0,0,1,1,1,ACTIVE_WITH_PURCHASE_HISTORY,"Keep: Has active purchase/return activity"
"BK-112-PINK",TRUE,1,1,0,0,0,0,1,1,1,ACTIVE_WITH_PURCHASE_HISTORY,"Keep: Has active purchase/return activity"
"BK-150",TRUE,3,1,0,3,3,0,0,3,2,ACTIVE_WITH_PURCHASE_HISTORY,"Keep: Has active purchase/return activity"
"BK-271",TRUE,1,1,0,1,1,0,0,1,1,ACTIVE_WITH_PURCHASE_HISTORY,"Keep: Has active purchase/return activity"
"BK-311",TRUE,2,1,0,1,1,0,1,2,2,ACTIVE_WITH_PURCHASE_HISTORY,"Keep: Has active purchase/return activity"
"BK-315",TRUE,1,1,0,0,0,0,1,1,1,ACTIVE_WITH_PURCHASE_HISTORY,"Keep: Has active purchase/return activity"
"BK 288",TRUE,2,1,0,2,2,0,0,2,2,ACTIVE_WITH_PURCHASE_HISTORY,"Keep: Has active purchase/return activity"
"BK 315",TRUE,1,1,0,1,1,0,0,1,1,ACTIVE_WITH_PURCHASE_HISTORY,"Keep: Has active purchase/return activity"
"BM262G",TRUE,1,1,0,0,0,0,1,1,1,ACTIVE_WITH_PURCHASE_HISTORY,"Keep: Has active purchase/return activity"
"BM262N",TRUE,1,1,0,1,1,0,0,1,1,ACTIVE_WITH_PURCHASE_HISTORY,"Keep: Has active purchase/return activity"
"BM262P",TRUE,1,1,0,1,1,0,0,1,1,ACTIVE_WITH_PURCHASE_HISTORY,"Keep: Has active purchase/return activity"
"BR 1765",TRUE,0,0,0,0,0,0,1,1,1,ORPHAN_WITH_STOCK,"Audit: Has physical stock/printed barcodes but no purchase record"
"BR1772",TRUE,0,0,0,0,0,0,1,1,1,ORPHAN_WITH_STOCK,"Audit: Has physical stock/printed barcodes but no purchase record"
"BS-01",TRUE,1,1,0,0,0,0,1,1,1,ACTIVE_WITH_PURCHASE_HISTORY,"Keep: Has active purchase/return activity"
"BS-02",TRUE,1,1,0,0,0,0,1,1,1,ACTIVE_WITH_PURCHASE_HISTORY,"Keep: Has active purchase/return activity"
"BS-09",TRUE,2,1,0,0,0,0,2,2,1,ACTIVE_WITH_PURCHASE_HISTORY,"Keep: Has active purchase/return activity"
"BS-109 EE",TRUE,1,1,0,0,0,0,1,1,1,ACTIVE_WITH_PURCHASE_HISTORY,"Keep: Has active purchase/return activity"
"BS-125J",TRUE,1,1,0,1,1,0,0,1,1,ACTIVE_WITH_PURCHASE_HISTORY,"Keep: Has active purchase/return activity"
"BS-21",TRUE,4,1,0,0,0,0,4,4,1,ACTIVE_WITH_PURCHASE_HISTORY,"Keep: Has active purchase/return activity"
"BS-22",TRUE,3,1,0,0,0,0,3,3,1,ACTIVE_WITH_PURCHASE_HISTORY,"Keep: Has active purchase/return activity"
"BS-229-01",TRUE,1,1,0,0,0,0,1,1,1,ACTIVE_WITH_PURCHASE_HISTORY,"Keep: Has active purchase/return activity"
"BS-229-02",TRUE,1,1,0,0,0,0,1,1,1,ACTIVE_WITH_PURCHASE_HISTORY,"Keep: Has active purchase/return activity"
"BS-234-01",TRUE,1,1,0,0,0,0,1,1,1,ACTIVE_WITH_PURCHASE_HISTORY,"Keep: Has active purchase/return activity"
"BS-234-02",TRUE,1,1,0,0,0,0,1,1,1,ACTIVE_WITH_PURCHASE_HISTORY,"Keep: Has active purchase/return activity"
"BS-234-03",TRUE,1,1,0,0,0,0,1,1,1,ACTIVE_WITH_PURCHASE_HISTORY,"Keep: Has active purchase/return activity"
"BS-574",TRUE,2,1,0,0,0,0,2,2,2,ACTIVE_WITH_PURCHASE_HISTORY,"Keep: Has active purchase/return activity"
"BS-578",TRUE,1,1,0,1,1,0,0,1,1,ACTIVE_WITH_PURCHASE_HISTORY,"Keep: Has active purchase/return activity"
"BW-01",TRUE,1,1,0,0,0,0,1,1,1,ACTIVE_WITH_PURCHASE_HISTORY,"Keep: Has active purchase/return activity"
"C-1",TRUE,1,1,0,0,0,0,1,1,1,ACTIVE_WITH_PURCHASE_HISTORY,"Keep: Has active purchase/return activity"
"C-10",TRUE,1,1,0,1,1,0,0,1,1,ACTIVE_WITH_PURCHASE_HISTORY,"Keep: Has active purchase/return activity"
"C-1001 XL",TRUE,1,1,1,0,0,0,0,1,1,ACTIVE_WITH_PURCHASE_HISTORY,"Keep: Has active purchase/return activity"
"C-1001(R)",TRUE,1,1,0,1,1,0,0,1,1,ACTIVE_WITH_PURCHASE_HISTORY,"Keep: Has active purchase/return activity"
"C-1003",TRUE,1,1,0,0,0,0,1,1,1,ACTIVE_WITH_PURCHASE_HISTORY,"Keep: Has active purchase/return activity"
"C-1023",TRUE,1,1,0,0,0,0,1,1,1,ACTIVE_WITH_PURCHASE_HISTORY,"Keep: Has active purchase/return activity"
"C-1038",TRUE,1,1,0,0,0,0,1,1,1,ACTIVE_WITH_PURCHASE_HISTORY,"Keep: Has active purchase/return activity"
"C-1044",TRUE,1,1,0,0,0,0,1,1,1,ACTIVE_WITH_PURCHASE_HISTORY,"Keep: Has active purchase/return activity"
"C-1082",TRUE,1,1,0,0,0,0,1,1,1,ACTIVE_WITH_PURCHASE_HISTORY,"Keep: Has active purchase/return activity"
"C-1087",TRUE,1,1,0,0,0,0,1,1,1,ACTIVE_WITH_PURCHASE_HISTORY,"Keep: Has active purchase/return activity"
"C-11",TRUE,1,1,0,0,0,0,1,1,1,ACTIVE_WITH_PURCHASE_HISTORY,"Keep: Has active purchase/return activity"
"C-2",TRUE,1,1,0,0,0,0,1,1,1,ACTIVE_WITH_PURCHASE_HISTORY,"Keep: Has active purchase/return activity"
"C-3",TRUE,1,1,0,0,0,0,1,1,1,ACTIVE_WITH_PURCHASE_HISTORY,"Keep: Has active purchase/return activity"
"C-4",TRUE,1,1,0,0,0,0,1,1,1,ACTIVE_WITH_PURCHASE_HISTORY,"Keep: Has active purchase/return activity"
"C-4496",TRUE,1,1,0,0,0,0,1,1,1,ACTIVE_WITH_PURCHASE_HISTORY,"Keep: Has active purchase/return activity"
"C-5",TRUE,1,1,0,0,0,0,1,1,1,ACTIVE_WITH_PURCHASE_HISTORY,"Keep: Has active purchase/return activity"
"C-6",TRUE,1,1,1,0,0,0,0,1,1,ACTIVE_WITH_PURCHASE_HISTORY,"Keep: Has active purchase/return activity"
"C-7",TRUE,1,1,0,0,0,0,1,1,1,ACTIVE_WITH_PURCHASE_HISTORY,"Keep: Has active purchase/return activity"
"C-8",TRUE,1,1,0,0,0,0,1,1,1,ACTIVE_WITH_PURCHASE_HISTORY,"Keep: Has active purchase/return activity"
"C-893",TRUE,1,1,0,0,0,0,1,1,1,ACTIVE_WITH_PURCHASE_HISTORY,"Keep: Has active purchase/return activity"
"C-9",TRUE,1,1,1,0,0,0,0,1,1,ACTIVE_WITH_PURCHASE_HISTORY,"Keep: Has active purchase/return activity"
"C-967",TRUE,1,1,0,0,0,0,1,1,1,ACTIVE_WITH_PURCHASE_HISTORY,"Keep: Has active purchase/return activity"
"C-973",TRUE,1,1,0,0,0,0,1,1,1,ACTIVE_WITH_PURCHASE_HISTORY,"Keep: Has active purchase/return activity"
"C-994",TRUE,1,1,0,0,0,0,1,1,1,ACTIVE_WITH_PURCHASE_HISTORY,"Keep: Has active purchase/return activity"
"C-994 R",TRUE,1,1,0,0,0,0,1,1,1,ACTIVE_WITH_PURCHASE_HISTORY,"Keep: Has active purchase/return activity"
"C 1074-LC",TRUE,1,1,0,0,0,0,1,1,1,ACTIVE_WITH_PURCHASE_HISTORY,"Keep: Has active purchase/return activity"
"C1093",TRUE,1,1,0,0,0,0,1,1,1,ACTIVE_WITH_PURCHASE_HISTORY,"Keep: Has active purchase/return activity"
"C4",TRUE,4,1,0,4,4,0,0,4,4,ACTIVE_WITH_PURCHASE_HISTORY,"Keep: Has active purchase/return activity"
"C764",TRUE,1,1,0,1,1,0,0,1,1,ACTIVE_WITH_PURCHASE_HISTORY,"Keep: Has active purchase/return activity"
"C765",TRUE,1,1,0,0,0,0,1,1,1,ACTIVE_WITH_PURCHASE_HISTORY,"Keep: Has active purchase/return activity"
"C771",TRUE,1,1,0,1,1,0,0,1,1,ACTIVE_WITH_PURCHASE_HISTORY,"Keep: Has active purchase/return activity"
"C773",TRUE,1,1,0,0,0,0,1,1,1,ACTIVE_WITH_PURCHASE_HISTORY,"Keep: Has active purchase/return activity"
"C785",TRUE,1,1,0,0,0,0,1,1,1,ACTIVE_WITH_PURCHASE_HISTORY,"Keep: Has active purchase/return activity"
"C816",TRUE,1,1,0,0,0,0,1,1,1,ACTIVE_WITH_PURCHASE_HISTORY,"Keep: Has active purchase/return activity"
"C818",TRUE,1,1,0,0,0,0,1,1,1,ACTIVE_WITH_PURCHASE_HISTORY,"Keep: Has active purchase/return activity"
"C868",TRUE,1,1,0,0,0,0,1,1,1,ACTIVE_WITH_PURCHASE_HISTORY,"Keep: Has active purchase/return activity"
"C871",TRUE,1,1,0,0,0,0,1,1,1,ACTIVE_WITH_PURCHASE_HISTORY,"Keep: Has active purchase/return activity"
"C893",TRUE,0,0,0,0,0,0,1,1,1,ORPHAN_WITH_STOCK,"Audit: Has physical stock/printed barcodes but no purchase record"
"C995 LC",TRUE,1,1,0,0,0,0,1,1,1,ACTIVE_WITH_PURCHASE_HISTORY,"Keep: Has active purchase/return activity"
"CCRS-25/03-B",TRUE,1,1,0,0,0,0,1,1,1,ACTIVE_WITH_PURCHASE_HISTORY,"Keep: Has active purchase/return activity"
"CCRS/25/02",TRUE,2,1,2,0,0,0,2,4,3,ACTIVE_WITH_PURCHASE_HISTORY,"Keep: Has active purchase/return activity"
"CCRS/25/03",TRUE,0,0,0,1,1,0,1,2,2,ORPHAN_WITH_SALES,"Audit: Sold but lacks purchase invoice in database"
"CCRS/25/03-S",TRUE,1,1,0,1,1,0,0,1,1,ACTIVE_WITH_PURCHASE_HISTORY,"Keep: Has active purchase/return activity"
"CCRS/25/105",TRUE,2,1,0,0,0,0,2,2,2,ACTIVE_WITH_PURCHASE_HISTORY,"Keep: Has active purchase/return activity"
"CCRS/25/106",TRUE,0,0,0,0,0,0,3,3,3,ORPHAN_WITH_STOCK,"Audit: Has physical stock/printed barcodes but no purchase record"
"CCRS/25/106-B",TRUE,1,1,0,0,0,0,1,1,1,ACTIVE_WITH_PURCHASE_HISTORY,"Keep: Has active purchase/return activity"
"CCRS/25/106-S",TRUE,1,1,0,0,0,0,1,1,1,ACTIVE_WITH_PURCHASE_HISTORY,"Keep: Has active purchase/return activity"
"CCRS/25/209",TRUE,2,1,0,0,0,0,2,2,2,ACTIVE_WITH_PURCHASE_HISTORY,"Keep: Has active purchase/return activity"
"CCRS/25/210",TRUE,2,1,2,0,0,0,0,2,2,ACTIVE_WITH_PURCHASE_HISTORY,"Keep: Has active purchase/return activity"
"CCRS/25/213",TRUE,0,0,0,0,0,0,2,2,2,ORPHAN_WITH_STOCK,"Audit: Has physical stock/printed barcodes but no purchase record"
"CCRS/25/213-B",TRUE,1,1,0,1,1,0,0,1,1,ACTIVE_WITH_PURCHASE_HISTORY,"Keep: Has active purchase/return activity"
"CCRS/25/213-S",TRUE,1,1,0,1,1,0,0,1,1,ACTIVE_WITH_PURCHASE_HISTORY,"Keep: Has active purchase/return activity"
"CCRS/25/65",TRUE,2,1,1,0,0,0,1,2,2,ACTIVE_WITH_PURCHASE_HISTORY,"Keep: Has active purchase/return activity"
"CD5",TRUE,10,1,0,4,4,0,6,10,1,ACTIVE_WITH_PURCHASE_HISTORY,"Keep: Has active purchase/return activity"
"CE341",TRUE,1,1,0,1,1,0,0,1,1,ACTIVE_WITH_PURCHASE_HISTORY,"Keep: Has active purchase/return activity"
"CHAND FEB",TRUE,35,1,0,3,3,0,32,35,1,ACTIVE_WITH_PURCHASE_HISTORY,"Keep: Has active purchase/return activity"
"CL-1401",TRUE,1,1,0,0,0,0,1,1,1,ACTIVE_WITH_PURCHASE_HISTORY,"Keep: Has active purchase/return activity"
"CL-428",TRUE,1,1,0,1,1,0,0,1,1,ACTIVE_WITH_PURCHASE_HISTORY,"Keep: Has active purchase/return activity"
"CL-433",TRUE,1,1,0,1,1,0,0,1,1,ACTIVE_WITH_PURCHASE_HISTORY,"Keep: Has active purchase/return activity"
"CL-443",TRUE,1,1,0,0,0,0,1,1,1,ACTIVE_WITH_PURCHASE_HISTORY,"Keep: Has active purchase/return activity"
"CL-453",TRUE,1,1,0,0,0,0,1,1,1,ACTIVE_WITH_PURCHASE_HISTORY,"Keep: Has active purchase/return activity"
"COT FEB",TRUE,12,1,0,6,5,0,0,6,1,ACTIVE_WITH_PURCHASE_HISTORY,"Keep: Has active purchase/return activity"
"COT FEB 2",TRUE,13,1,0,5,4,0,2,7,1,ACTIVE_WITH_PURCHASE_HISTORY,"Keep: Has active purchase/return activity"
"CP13",TRUE,22,1,0,15,15,0,7,22,1,ACTIVE_WITH_PURCHASE_HISTORY,"Keep: Has active purchase/return activity"
"CP8",TRUE,9,1,0,3,3,0,6,9,1,ACTIVE_WITH_PURCHASE_HISTORY,"Keep: Has active purchase/return activity"
"CQ-1076",TRUE,1,1,0,0,0,0,1,1,1,ACTIVE_WITH_PURCHASE_HISTORY,"Keep: Has active purchase/return activity"
"CQ1045",TRUE,1,1,0,1,1,0,0,1,1,ACTIVE_WITH_PURCHASE_HISTORY,"Keep: Has active purchase/return activity"
"CQ1058",TRUE,1,1,0,1,1,0,0,1,1,ACTIVE_WITH_PURCHASE_HISTORY,"Keep: Has active purchase/return activity"
"CS-21-BLACK",TRUE,1,1,0,0,0,0,1,1,1,ACTIVE_WITH_PURCHASE_HISTORY,"Keep: Has active purchase/return activity"
"CS-22-BACK",TRUE,1,1,0,0,0,0,1,1,1,ACTIVE_WITH_PURCHASE_HISTORY,"Keep: Has active purchase/return activity"
"CS-23-BLACK",TRUE,1,1,0,0,0,0,1,1,1,ACTIVE_WITH_PURCHASE_HISTORY,"Keep: Has active purchase/return activity"
"CS-24-BLACK",TRUE,1,1,0,0,0,0,1,1,1,ACTIVE_WITH_PURCHASE_HISTORY,"Keep: Has active purchase/return activity"
"CS-317",TRUE,2,1,0,1,1,0,1,2,1,ACTIVE_WITH_PURCHASE_HISTORY,"Keep: Has active purchase/return activity"
"D-0125",TRUE,1,1,0,1,1,0,0,1,1,ACTIVE_WITH_PURCHASE_HISTORY,"Keep: Has active purchase/return activity"
"D-1",TRUE,1,1,1,0,0,0,0,1,1,ACTIVE_WITH_PURCHASE_HISTORY,"Keep: Has active purchase/return activity"
"D-109",TRUE,1,1,0,1,1,0,0,1,1,ACTIVE_WITH_PURCHASE_HISTORY,"Keep: Has active purchase/return activity"
"D-11",TRUE,1,1,0,0,0,0,1,1,1,ACTIVE_WITH_PURCHASE_HISTORY,"Keep: Has active purchase/return activity"
"D-11284",TRUE,1,1,0,1,1,0,0,1,1,ACTIVE_WITH_PURCHASE_HISTORY,"Keep: Has active purchase/return activity"
"D-11291",TRUE,2,1,0,0,0,0,2,2,1,ACTIVE_WITH_PURCHASE_HISTORY,"Keep: Has active purchase/return activity"
"D-11686",TRUE,2,1,0,0,0,0,2,2,2,ACTIVE_WITH_PURCHASE_HISTORY,"Keep: Has active purchase/return activity"
"D-11721",TRUE,2,1,0,0,0,0,2,2,2,ACTIVE_WITH_PURCHASE_HISTORY,"Keep: Has active purchase/return activity"
"D-1228",TRUE,1,1,0,1,1,0,0,1,1,ACTIVE_WITH_PURCHASE_HISTORY,"Keep: Has active purchase/return activity"
"D-12376",TRUE,14,1,0,2,2,0,3,4,3,ACTIVE_WITH_PURCHASE_HISTORY,"Keep: Has active purchase/return activity"
"D-1256",TRUE,1,1,0,0,0,0,1,1,1,ACTIVE_WITH_PURCHASE_HISTORY,"Keep: Has active purchase/return activity"
"D-13401",TRUE,1,1,0,0,0,0,1,1,1,ACTIVE_WITH_PURCHASE_HISTORY,"Keep: Has active purchase/return activity"
"D-13594",TRUE,1,1,0,0,0,0,1,1,1,ACTIVE_WITH_PURCHASE_HISTORY,"Keep: Has active purchase/return activity"
"D-138",TRUE,1,1,0,1,1,0,0,1,1,ACTIVE_WITH_PURCHASE_HISTORY,"Keep: Has active purchase/return activity"
"D-140",TRUE,2,1,0,2,2,0,0,2,2,ACTIVE_WITH_PURCHASE_HISTORY,"Keep: Has active purchase/return activity"
"D-14498",TRUE,1,1,0,0,0,0,1,1,1,ACTIVE_WITH_PURCHASE_HISTORY,"Keep: Has active purchase/return activity"
"D-147",TRUE,2,1,0,1,1,0,1,2,1,ACTIVE_WITH_PURCHASE_HISTORY,"Keep: Has active purchase/return activity"
"D-149",TRUE,1,1,0,0,0,0,1,1,1,ACTIVE_WITH_PURCHASE_HISTORY,"Keep: Has active purchase/return activity"
"D-158",TRUE,1,1,0,0,0,0,1,1,1,ACTIVE_WITH_PURCHASE_HISTORY,"Keep: Has active purchase/return activity"
"D-15882",TRUE,3,1,0,1,1,0,2,3,1,ACTIVE_WITH_PURCHASE_HISTORY,"Keep: Has active purchase/return activity"
"D-15914",TRUE,2,1,0,0,0,0,2,2,1,ACTIVE_WITH_PURCHASE_HISTORY,"Keep: Has active purchase/return activity"
"D-16492",TRUE,1,1,0,0,0,0,1,1,1,ACTIVE_WITH_PURCHASE_HISTORY,"Keep: Has active purchase/return activity"
"D-16566",TRUE,4,1,0,0,0,0,4,4,1,ACTIVE_WITH_PURCHASE_HISTORY,"Keep: Has active purchase/return activity"
"D-16580",TRUE,2,1,0,0,0,0,2,2,1,ACTIVE_WITH_PURCHASE_HISTORY,"Keep: Has active purchase/return activity"
"D-16603",TRUE,3,1,0,0,0,0,3,3,1,ACTIVE_WITH_PURCHASE_HISTORY,"Keep: Has active purchase/return activity"
"D-16631",TRUE,1,1,0,1,1,0,0,1,1,ACTIVE_WITH_PURCHASE_HISTORY,"Keep: Has active purchase/return activity"
"D-16756",TRUE,3,1,0,0,0,0,3,3,1,ACTIVE_WITH_PURCHASE_HISTORY,"Keep: Has active purchase/return activity"
"D-17004",TRUE,1,1,0,0,0,0,1,1,1,ACTIVE_WITH_PURCHASE_HISTORY,"Keep: Has active purchase/return activity"
"D-171",TRUE,2,1,0,0,0,0,2,2,2,ACTIVE_WITH_PURCHASE_HISTORY,"Keep: Has active purchase/return activity"
"D-17256",TRUE,5,1,0,2,2,0,3,5,4,ACTIVE_WITH_PURCHASE_HISTORY,"Keep: Has active purchase/return activity"
"D-2021",TRUE,3,1,0,2,2,0,1,3,3,ACTIVE_WITH_PURCHASE_HISTORY,"Keep: Has active purchase/return activity"
"D-2251",TRUE,3,1,3,0,0,0,0,3,3,ACTIVE_WITH_PURCHASE_HISTORY,"Keep: Has active purchase/return activity"
"D-226-64-YELLOW",TRUE,1,1,0,1,1,0,0,1,1,ACTIVE_WITH_PURCHASE_HISTORY,"Keep: Has active purchase/return activity"
"D-2264",TRUE,2,2,0,0,0,0,2,2,2,ACTIVE_WITH_PURCHASE_HISTORY,"Keep: Has active purchase/return activity"
"D-2264-BLUE",TRUE,1,1,0,1,1,0,0,1,1,ACTIVE_WITH_PURCHASE_HISTORY,"Keep: Has active purchase/return activity"
"D-2264-PINK",TRUE,1,1,0,1,1,0,0,1,1,ACTIVE_WITH_PURCHASE_HISTORY,"Keep: Has active purchase/return activity"
"D-2264-WINE",TRUE,1,1,0,1,1,0,0,1,1,ACTIVE_WITH_PURCHASE_HISTORY,"Keep: Has active purchase/return activity"
"D-2297",TRUE,2,1,0,1,1,0,1,2,2,ACTIVE_WITH_PURCHASE_HISTORY,"Keep: Has active purchase/return activity"
"D-2327",TRUE,1,1,1,0,0,0,0,1,1,ACTIVE_WITH_PURCHASE_HISTORY,"Keep: Has active purchase/return activity"
"D-2334",TRUE,4,1,4,0,0,0,0,4,4,ACTIVE_WITH_PURCHASE_HISTORY,"Keep: Has active purchase/return activity"
"D-2355",TRUE,1,1,0,0,0,0,1,1,1,ACTIVE_WITH_PURCHASE_HISTORY,"Keep: Has active purchase/return activity"
"D-2369-GREEN",TRUE,1,1,0,0,0,0,1,1,1,ACTIVE_WITH_PURCHASE_HISTORY,"Keep: Has active purchase/return activity"
"D-2369-ORANGE",TRUE,1,1,0,1,1,0,0,1,1,ACTIVE_WITH_PURCHASE_HISTORY,"Keep: Has active purchase/return activity"
"D-2369-RANI",TRUE,1,1,0,0,0,0,1,1,1,ACTIVE_WITH_PURCHASE_HISTORY,"Keep: Has active purchase/return activity"
"D-2375-BLUE",TRUE,1,1,1,0,0,0,0,1,1,ACTIVE_WITH_PURCHASE_HISTORY,"Keep: Has active purchase/return activity"
"D-2375-PINK",TRUE,1,1,1,0,0,0,0,1,1,ACTIVE_WITH_PURCHASE_HISTORY,"Keep: Has active purchase/return activity"
"D-24",TRUE,2,1,0,0,0,0,2,2,2,ACTIVE_WITH_PURCHASE_HISTORY,"Keep: Has active purchase/return activity"
"D-25",TRUE,1,1,0,1,1,0,0,1,1,ACTIVE_WITH_PURCHASE_HISTORY,"Keep: Has active purchase/return activity"
"D-38",TRUE,1,1,0,1,1,1,0,1,1,ACTIVE_WITH_PURCHASE_HISTORY,"Keep: Has active purchase/return activity"
"D-52",TRUE,1,1,0,0,0,0,1,1,1,ACTIVE_WITH_PURCHASE_HISTORY,"Keep: Has active purchase/return activity"
"D-74",TRUE,1,1,0,0,0,0,1,1,1,ACTIVE_WITH_PURCHASE_HISTORY,"Keep: Has active purchase/return activity"
"D-799",TRUE,2,1,0,2,2,0,2,4,4,ACTIVE_WITH_PURCHASE_HISTORY,"Keep: Has active purchase/return activity"
"D-799-A",TRUE,1,1,0,1,1,0,0,1,1,ACTIVE_WITH_PURCHASE_HISTORY,"Keep: Has active purchase/return activity"
"D-8402",TRUE,1,1,0,0,0,0,1,1,1,ACTIVE_WITH_PURCHASE_HISTORY,"Keep: Has active purchase/return activity"
"D-8727",TRUE,3,1,0,0,0,0,3,3,3,ACTIVE_WITH_PURCHASE_HISTORY,"Keep: Has active purchase/return activity"
"D-8921",TRUE,1,1,0,1,1,0,0,1,1,ACTIVE_WITH_PURCHASE_HISTORY,"Keep: Has active purchase/return activity"
"D 1",TRUE,12,1,0,2,2,0,2,4,1,ACTIVE_WITH_PURCHASE_HISTORY,"Keep: Has active purchase/return activity"
"D 10",TRUE,2,1,0,0,0,0,1,1,1,ACTIVE_WITH_PURCHASE_HISTORY,"Keep: Has active purchase/return activity"
"D 11",TRUE,3,1,0,0,0,0,2,2,1,ACTIVE_WITH_PURCHASE_HISTORY,"Keep: Has active purchase/return activity"
"D 12",TRUE,3,1,0,0,0,0,2,2,1,ACTIVE_WITH_PURCHASE_HISTORY,"Keep: Has active purchase/return activity"
"D 13",TRUE,9,1,0,0,0,0,5,5,1,ACTIVE_WITH_PURCHASE_HISTORY,"Keep: Has active purchase/return activity"
"D 2",TRUE,4,1,0,0,0,0,4,4,1,ACTIVE_WITH_PURCHASE_HISTORY,"Keep: Has active purchase/return activity"
"D 3",TRUE,3,1,0,0,0,0,3,3,1,ACTIVE_WITH_PURCHASE_HISTORY,"Keep: Has active purchase/return activity"
"D 4",TRUE,16,1,0,1,1,1,15,16,1,ACTIVE_WITH_PURCHASE_HISTORY,"Keep: Has active purchase/return activity"
"D 5",TRUE,2,1,0,0,0,0,2,2,1,ACTIVE_WITH_PURCHASE_HISTORY,"Keep: Has active purchase/return activity"
"D 6",TRUE,4,1,0,2,1,0,2,4,1,ACTIVE_WITH_PURCHASE_HISTORY,"Keep: Has active purchase/return activity"
"D 7",TRUE,2,1,0,0,0,0,2,2,1,ACTIVE_WITH_PURCHASE_HISTORY,"Keep: Has active purchase/return activity"
"D 8",TRUE,11,1,0,2,2,0,9,11,1,ACTIVE_WITH_PURCHASE_HISTORY,"Keep: Has active purchase/return activity"
"D 9",TRUE,4,1,0,0,0,0,4,4,1,ACTIVE_WITH_PURCHASE_HISTORY,"Keep: Has active purchase/return activity"
"D10563",TRUE,2,1,0,1,1,0,1,2,1,ACTIVE_WITH_PURCHASE_HISTORY,"Keep: Has active purchase/return activity"
"D10908",TRUE,1,1,0,0,0,0,1,1,1,ACTIVE_WITH_PURCHASE_HISTORY,"Keep: Has active purchase/return activity"
"D11012",TRUE,3,1,0,0,0,0,3,3,1,ACTIVE_WITH_PURCHASE_HISTORY,"Keep: Has active purchase/return activity"
"D11016",TRUE,1,1,0,0,0,0,1,1,1,ACTIVE_WITH_PURCHASE_HISTORY,"Keep: Has active purchase/return activity"
"D11231",TRUE,1,1,0,0,0,0,1,1,1,ACTIVE_WITH_PURCHASE_HISTORY,"Keep: Has active purchase/return activity"
"D11889",TRUE,3,1,0,0,0,0,3,3,3,ACTIVE_WITH_PURCHASE_HISTORY,"Keep: Has active purchase/return activity"
"D1204",TRUE,3,1,0,2,2,0,1,3,1,ACTIVE_WITH_PURCHASE_HISTORY,"Keep: Has active purchase/return activity"
"D1300",TRUE,4,1,0,0,0,0,4,4,3,ACTIVE_WITH_PURCHASE_HISTORY,"Keep: Has active purchase/return activity"
"D13111",TRUE,2,1,0,0,0,0,2,2,1,ACTIVE_WITH_PURCHASE_HISTORY,"Keep: Has active purchase/return activity"
"D13953",TRUE,3,1,0,0,0,0,2,2,2,ACTIVE_WITH_PURCHASE_HISTORY,"Keep: Has active purchase/return activity"
"D14072",TRUE,2,1,0,0,0,0,2,2,2,ACTIVE_WITH_PURCHASE_HISTORY,"Keep: Has active purchase/return activity"
"D14073",TRUE,1,1,0,0,0,0,1,1,1,ACTIVE_WITH_PURCHASE_HISTORY,"Keep: Has active purchase/return activity"
"D14263",TRUE,2,1,0,0,0,0,1,1,1,ACTIVE_WITH_PURCHASE_HISTORY,"Keep: Has active purchase/return activity"
"D14263-02",TRUE,1,1,0,0,0,0,1,1,1,ACTIVE_WITH_PURCHASE_HISTORY,"Keep: Has active purchase/return activity"
"D14937",TRUE,2,1,0,0,0,0,2,2,1,ACTIVE_WITH_PURCHASE_HISTORY,"Keep: Has active purchase/return activity"
"D15270",TRUE,1,1,0,1,1,0,0,1,1,ACTIVE_WITH_PURCHASE_HISTORY,"Keep: Has active purchase/return activity"
"D15619",TRUE,1,1,0,1,1,0,0,1,1,ACTIVE_WITH_PURCHASE_HISTORY,"Keep: Has active purchase/return activity"
"D15790",TRUE,1,1,0,0,0,0,1,1,1,ACTIVE_WITH_PURCHASE_HISTORY,"Keep: Has active purchase/return activity"
"D2058",TRUE,2,1,2,0,0,0,0,2,1,ACTIVE_WITH_PURCHASE_HISTORY,"Keep: Has active purchase/return activity"
"D2209",TRUE,1,1,1,0,0,0,0,1,1,ACTIVE_WITH_PURCHASE_HISTORY,"Keep: Has active purchase/return activity"
"D2237",TRUE,2,1,0,0,0,0,2,2,1,ACTIVE_WITH_PURCHASE_HISTORY,"Keep: Has active purchase/return activity"
"D2252",TRUE,2,1,0,2,2,0,0,2,2,ACTIVE_WITH_PURCHASE_HISTORY,"Keep: Has active purchase/return activity"
"D2262",TRUE,1,1,0,1,1,0,0,1,1,ACTIVE_WITH_PURCHASE_HISTORY,"Keep: Has active purchase/return activity"
"D2264",TRUE,5,1,0,8,8,3,0,5,5,ACTIVE_WITH_PURCHASE_HISTORY,"Keep: Has active purchase/return activity"
"D2265",TRUE,1,1,0,0,0,0,1,1,1,ACTIVE_WITH_PURCHASE_HISTORY,"Keep: Has active purchase/return activity"
"D2304",TRUE,2,1,0,0,0,0,2,2,1,ACTIVE_WITH_PURCHASE_HISTORY,"Keep: Has active purchase/return activity"
"D2307",TRUE,2,1,0,0,0,0,2,2,1,ACTIVE_WITH_PURCHASE_HISTORY,"Keep: Has active purchase/return activity"
"D2312",TRUE,1,1,0,0,0,0,1,1,1,ACTIVE_WITH_PURCHASE_HISTORY,"Keep: Has active purchase/return activity"
"D2329",TRUE,1,1,0,1,1,0,0,1,1,ACTIVE_WITH_PURCHASE_HISTORY,"Keep: Has active purchase/return activity"
"D2329-B",TRUE,1,1,0,1,1,0,0,1,1,ACTIVE_WITH_PURCHASE_HISTORY,"Keep: Has active purchase/return activity"
"D2330",TRUE,1,1,0,1,1,0,0,1,1,ACTIVE_WITH_PURCHASE_HISTORY,"Keep: Has active purchase/return activity"
"D2330 R",TRUE,1,1,0,1,1,0,0,1,1,ACTIVE_WITH_PURCHASE_HISTORY,"Keep: Has active purchase/return activity"
"D2340",TRUE,2,1,2,0,0,0,0,2,2,ACTIVE_WITH_PURCHASE_HISTORY,"Keep: Has active purchase/return activity"
"D2344",TRUE,1,1,0,1,1,0,0,1,1,ACTIVE_WITH_PURCHASE_HISTORY,"Keep: Has active purchase/return activity"
"D2344 BK",TRUE,1,1,0,1,1,0,0,1,1,ACTIVE_WITH_PURCHASE_HISTORY,"Keep: Has active purchase/return activity"
"D2344 PK",TRUE,1,1,0,1,1,0,0,1,1,ACTIVE_WITH_PURCHASE_HISTORY,"Keep: Has active purchase/return activity"
"D2344 PUR",TRUE,1,1,0,1,1,0,0,1,1,ACTIVE_WITH_PURCHASE_HISTORY,"Keep: Has active purchase/return activity"
"D2344 RD",TRUE,1,1,0,1,1,0,0,1,1,ACTIVE_WITH_PURCHASE_HISTORY,"Keep: Has active purchase/return activity"
"D2359",TRUE,2,1,0,0,0,0,2,2,1,ACTIVE_WITH_PURCHASE_HISTORY,"Keep: Has active purchase/return activity"
"D406",TRUE,1,1,0,1,1,0,0,1,1,ACTIVE_WITH_PURCHASE_HISTORY,"Keep: Has active purchase/return activity"
"D406 RD",TRUE,1,1,0,1,1,0,0,1,1,ACTIVE_WITH_PURCHASE_HISTORY,"Keep: Has active purchase/return activity"
"D42",TRUE,2,1,0,0,0,0,2,2,1,ACTIVE_WITH_PURCHASE_HISTORY,"Keep: Has active purchase/return activity"
"D619",TRUE,3,1,0,0,0,0,3,3,1,ACTIVE_WITH_PURCHASE_HISTORY,"Keep: Has active purchase/return activity"
"D707",TRUE,1,1,0,0,0,0,1,1,1,ACTIVE_WITH_PURCHASE_HISTORY,"Keep: Has active purchase/return activity"
"D7463",TRUE,1,1,0,0,0,0,1,1,1,ACTIVE_WITH_PURCHASE_HISTORY,"Keep: Has active purchase/return activity"
"D863",TRUE,1,1,0,1,1,0,0,1,1,ACTIVE_WITH_PURCHASE_HISTORY,"Keep: Has active purchase/return activity"
"D863 BK",TRUE,1,1,0,0,0,0,1,1,1,ACTIVE_WITH_PURCHASE_HISTORY,"Keep: Has active purchase/return activity"
"D863 BL",TRUE,1,1,0,1,1,0,0,1,1,ACTIVE_WITH_PURCHASE_HISTORY,"Keep: Has active purchase/return activity"
"D863 BR 2",TRUE,1,1,0,1,1,0,0,1,1,ACTIVE_WITH_PURCHASE_HISTORY,"Keep: Has active purchase/return activity"
"D912",TRUE,2,1,0,2,2,0,0,2,1,ACTIVE_WITH_PURCHASE_HISTORY,"Keep: Has active purchase/return activity"
"D914904",TRUE,1,1,0,0,0,0,1,1,1,ACTIVE_WITH_PURCHASE_HISTORY,"Keep: Has active purchase/return activity"
"D943 BL",TRUE,1,1,0,1,1,0,0,1,1,ACTIVE_WITH_PURCHASE_HISTORY,"Keep: Has active purchase/return activity"
"D943 BR",TRUE,1,1,0,1,1,0,0,1,1,ACTIVE_WITH_PURCHASE_HISTORY,"Keep: Has active purchase/return activity"
"DA-1706",TRUE,3,1,0,0,0,0,3,3,3,ACTIVE_WITH_PURCHASE_HISTORY,"Keep: Has active purchase/return activity"
"DA1451",TRUE,1,1,0,0,0,0,1,1,1,ACTIVE_WITH_PURCHASE_HISTORY,"Keep: Has active purchase/return activity"
"DA1479",TRUE,1,1,0,1,1,0,0,1,1,ACTIVE_WITH_PURCHASE_HISTORY,"Keep: Has active purchase/return activity"
"DBP-02",TRUE,1,1,0,0,0,0,1,1,1,ACTIVE_WITH_PURCHASE_HISTORY,"Keep: Has active purchase/return activity"
"DBP-03",TRUE,1,1,0,1,1,0,0,1,1,ACTIVE_WITH_PURCHASE_HISTORY,"Keep: Has active purchase/return activity"
"DBP-04",TRUE,1,1,0,1,1,0,0,1,1,ACTIVE_WITH_PURCHASE_HISTORY,"Keep: Has active purchase/return activity"
"DBP-05",TRUE,1,1,0,0,0,0,1,1,1,ACTIVE_WITH_PURCHASE_HISTORY,"Keep: Has active purchase/return activity"
"DBP-06",TRUE,1,1,0,0,0,0,1,1,1,ACTIVE_WITH_PURCHASE_HISTORY,"Keep: Has active purchase/return activity"
"DC-25022",TRUE,1,1,0,0,0,0,1,1,1,ACTIVE_WITH_PURCHASE_HISTORY,"Keep: Has active purchase/return activity"
"DC-25058",TRUE,1,1,0,1,1,0,0,1,1,ACTIVE_WITH_PURCHASE_HISTORY,"Keep: Has active purchase/return activity"
"DC-251009",TRUE,1,1,0,0,0,0,2,2,2,ACTIVE_WITH_PURCHASE_HISTORY,"Keep: Has active purchase/return activity"
"DC-251033",TRUE,1,1,0,0,0,0,1,1,1,ACTIVE_WITH_PURCHASE_HISTORY,"Keep: Has active purchase/return activity"
"DC-251050",TRUE,1,1,0,0,0,0,1,1,1,ACTIVE_WITH_PURCHASE_HISTORY,"Keep: Has active purchase/return activity"
"DC-25116",TRUE,1,1,0,1,1,0,0,1,1,ACTIVE_WITH_PURCHASE_HISTORY,"Keep: Has active purchase/return activity"
"DC-251505`",TRUE,1,1,0,0,0,0,1,1,1,ACTIVE_WITH_PURCHASE_HISTORY,"Keep: Has active purchase/return activity"
"DC-251558",TRUE,1,1,0,0,0,0,1,1,1,ACTIVE_WITH_PURCHASE_HISTORY,"Keep: Has active purchase/return activity"
"DC-251577",TRUE,1,1,0,0,0,0,1,1,1,ACTIVE_WITH_PURCHASE_HISTORY,"Keep: Has active purchase/return activity"
"DC-25212",TRUE,1,1,0,1,1,1,0,1,1,ACTIVE_WITH_PURCHASE_HISTORY,"Keep: Has active purchase/return activity"
"DC-25876",TRUE,1,1,0,0,0,0,1,1,1,ACTIVE_WITH_PURCHASE_HISTORY,"Keep: Has active purchase/return activity"
"DC 23057",TRUE,1,1,0,0,0,0,1,1,1,ACTIVE_WITH_PURCHASE_HISTORY,"Keep: Has active purchase/return activity"
"DC 23077",TRUE,1,1,0,0,0,0,1,1,1,ACTIVE_WITH_PURCHASE_HISTORY,"Keep: Has active purchase/return activity"
"DC 241046 LC",TRUE,1,1,0,0,0,0,1,1,1,ACTIVE_WITH_PURCHASE_HISTORY,"Keep: Has active purchase/return activity"
"DC 242527",TRUE,1,1,0,0,0,0,1,1,1,ACTIVE_WITH_PURCHASE_HISTORY,"Keep: Has active purchase/return activity"
"DC 24702 LC",TRUE,1,1,0,0,0,0,1,1,1,ACTIVE_WITH_PURCHASE_HISTORY,"Keep: Has active purchase/return activity"
"DC 251560",TRUE,1,1,0,0,0,0,1,1,1,ACTIVE_WITH_PURCHASE_HISTORY,"Keep: Has active purchase/return activity"
"DC 25214",TRUE,1,1,0,0,0,0,1,1,1,ACTIVE_WITH_PURCHASE_HISTORY,"Keep: Has active purchase/return activity"
"DC 25219",TRUE,1,1,0,0,0,0,1,1,1,ACTIVE_WITH_PURCHASE_HISTORY,"Keep: Has active purchase/return activity"
"DC 25220",TRUE,1,1,0,0,0,0,1,1,1,ACTIVE_WITH_PURCHASE_HISTORY,"Keep: Has active purchase/return activity"
"DC 25892 LC",TRUE,1,1,0,0,0,0,1,1,1,ACTIVE_WITH_PURCHASE_HISTORY,"Keep: Has active purchase/return activity"
"DCP1",TRUE,14,1,0,8,6,0,1,6,4,ACTIVE_WITH_PURCHASE_HISTORY,"Keep: Has active purchase/return activity"
"DES-2764350",TRUE,2,1,0,0,0,0,2,2,2,ACTIVE_WITH_PURCHASE_HISTORY,"Keep: Has active purchase/return activity"
"DES-352",TRUE,1,1,0,0,0,0,1,1,1,ACTIVE_WITH_PURCHASE_HISTORY,"Keep: Has active purchase/return activity"
"DES-352600700",TRUE,2,1,0,1,1,0,1,2,2,ACTIVE_WITH_PURCHASE_HISTORY,"Keep: Has active purchase/return activity"
"DES-357",TRUE,1,1,0,0,0,0,1,1,1,ACTIVE_WITH_PURCHASE_HISTORY,"Keep: Has active purchase/return activity"
"DES-36309750",TRUE,2,1,0,0,0,0,2,2,2,ACTIVE_WITH_PURCHASE_HISTORY,"Keep: Has active purchase/return activity"
"DES-39309995",TRUE,4,1,0,2,2,1,2,4,4,ACTIVE_WITH_PURCHASE_HISTORY,"Keep: Has active purchase/return activity"
"DES-4362495",TRUE,2,1,0,2,2,0,0,2,2,ACTIVE_WITH_PURCHASE_HISTORY,"Keep: Has active purchase/return activity"
"DES-5601",TRUE,1,1,1,0,0,0,0,1,1,ACTIVE_WITH_PURCHASE_HISTORY,"Keep: Has active purchase/return activity"
"DES-5712150",TRUE,3,1,0,0,0,0,3,3,3,ACTIVE_WITH_PURCHASE_HISTORY,"Keep: Has active purchase/return activity"
"DES-5901",TRUE,1,1,0,1,1,0,0,1,1,ACTIVE_WITH_PURCHASE_HISTORY,"Keep: Has active purchase/return activity"
"DES-5925",TRUE,4,1,3,1,1,0,0,4,4,ACTIVE_WITH_PURCHASE_HISTORY,"Keep: Has active purchase/return activity"
"DES-5959",TRUE,1,1,0,1,1,0,0,1,1,ACTIVE_WITH_PURCHASE_HISTORY,"Keep: Has active purchase/return activity"
"DES-5962",TRUE,2,1,1,0,0,0,1,2,2,ACTIVE_WITH_PURCHASE_HISTORY,"Keep: Has active purchase/return activity"
"DES-6054",TRUE,1,1,1,1,1,0,2,4,3,ACTIVE_WITH_PURCHASE_HISTORY,"Keep: Has active purchase/return activity"
"DES-6054-1",TRUE,2,1,1,0,0,0,1,2,1,ACTIVE_WITH_PURCHASE_HISTORY,"Keep: Has active purchase/return activity"
"DES-6056",TRUE,1,1,1,0,0,0,0,1,1,ACTIVE_WITH_PURCHASE_HISTORY,"Keep: Has active purchase/return activity"
"DES-6060",TRUE,4,3,3,0,0,0,1,4,4,ACTIVE_WITH_PURCHASE_HISTORY,"Keep: Has active purchase/return activity"
"DES-6060-P",TRUE,1,1,1,0,0,0,0,1,1,ACTIVE_WITH_PURCHASE_HISTORY,"Keep: Has active purchase/return activity"
"DES-6148",TRUE,2,1,1,1,1,0,0,2,2,ACTIVE_WITH_PURCHASE_HISTORY,"Keep: Has active purchase/return activity"
"DES-6162",TRUE,1,1,1,0,0,0,0,1,1,ACTIVE_WITH_PURCHASE_HISTORY,"Keep: Has active purchase/return activity"
"DES-6193",TRUE,3,3,2,0,0,0,1,3,3,ACTIVE_WITH_PURCHASE_HISTORY,"Keep: Has active purchase/return activity"
"DES-6195",TRUE,1,1,0,0,0,0,1,1,1,ACTIVE_WITH_PURCHASE_HISTORY,"Keep: Has active purchase/return activity"
"DES-6197",TRUE,6,3,6,0,0,0,0,6,6,ACTIVE_WITH_PURCHASE_HISTORY,"Keep: Has active purchase/return activity"
"DES-6197-B",TRUE,1,1,0,1,1,0,0,1,1,ACTIVE_WITH_PURCHASE_HISTORY,"Keep: Has active purchase/return activity"
"DES-6197-P",TRUE,1,1,0,0,0,0,1,1,1,ACTIVE_WITH_PURCHASE_HISTORY,"Keep: Has active purchase/return activity"
"DES-6199",TRUE,1,1,0,0,0,0,1,1,1,ACTIVE_WITH_PURCHASE_HISTORY,"Keep: Has active purchase/return activity"
"DES-6200",TRUE,1,1,0,0,0,0,1,1,1,ACTIVE_WITH_PURCHASE_HISTORY,"Keep: Has active purchase/return activity"
"DES-6206",TRUE,3,2,2,0,0,0,1,3,3,ACTIVE_WITH_PURCHASE_HISTORY,"Keep: Has active purchase/return activity"
"DES-6207",TRUE,1,1,1,0,0,0,0,1,1,ACTIVE_WITH_PURCHASE_HISTORY,"Keep: Has active purchase/return activity"
"DES-6214",TRUE,1,1,0,0,0,0,1,1,1,ACTIVE_WITH_PURCHASE_HISTORY,"Keep: Has active purchase/return activity"
"DES-6218",TRUE,1,1,1,0,0,0,0,1,1,ACTIVE_WITH_PURCHASE_HISTORY,"Keep: Has active purchase/return activity"
"DES-6239",TRUE,1,1,0,0,0,0,1,1,1,ACTIVE_WITH_PURCHASE_HISTORY,"Keep: Has active purchase/return activity"
"DES-6265",TRUE,1,1,1,0,0,0,0,1,1,ACTIVE_WITH_PURCHASE_HISTORY,"Keep: Has active purchase/return activity"
"DES-6270",TRUE,1,1,0,1,1,0,0,1,1,ACTIVE_WITH_PURCHASE_HISTORY,"Keep: Has active purchase/return activity"
"DES-6272",TRUE,2,2,1,1,1,0,0,2,2,ACTIVE_WITH_PURCHASE_HISTORY,"Keep: Has active purchase/return activity"
"DES-6277",TRUE,4,1,0,2,2,0,1,3,3,ACTIVE_WITH_PURCHASE_HISTORY,"Keep: Has active purchase/return activity"
"DES-6286",TRUE,1,1,1,0,0,0,0,1,1,ACTIVE_WITH_PURCHASE_HISTORY,"Keep: Has active purchase/return activity"
"DES-6298",TRUE,2,2,1,0,0,0,1,2,2,ACTIVE_WITH_PURCHASE_HISTORY,"Keep: Has active purchase/return activity"
"DES-6299-A",TRUE,1,1,0,0,0,0,1,1,1,ACTIVE_WITH_PURCHASE_HISTORY,"Keep: Has active purchase/return activity"
"DES-6299-B",TRUE,1,1,0,0,0,0,1,1,1,ACTIVE_WITH_PURCHASE_HISTORY,"Keep: Has active purchase/return activity"
"DES-6316",TRUE,2,1,2,0,0,0,0,2,2,ACTIVE_WITH_PURCHASE_HISTORY,"Keep: Has active purchase/return activity"
"DES-6322",TRUE,3,2,0,2,2,2,2,3,3,ACTIVE_WITH_PURCHASE_HISTORY,"Keep: Has active purchase/return activity"
"DES-6324",TRUE,2,1,1,0,0,0,1,2,2,ACTIVE_WITH_PURCHASE_HISTORY,"Keep: Has active purchase/return activity"
"DES-6350",TRUE,2,1,1,0,0,0,1,2,2,ACTIVE_WITH_PURCHASE_HISTORY,"Keep: Has active purchase/return activity"
"DES-6351",TRUE,1,1,1,0,0,0,0,1,1,ACTIVE_WITH_PURCHASE_HISTORY,"Keep: Has active purchase/return activity"
"DES-6354",TRUE,3,2,1,0,0,0,2,3,3,ACTIVE_WITH_PURCHASE_HISTORY,"Keep: Has active purchase/return activity"
"DES-6355",TRUE,2,2,1,0,0,0,1,2,2,ACTIVE_WITH_PURCHASE_HISTORY,"Keep: Has active purchase/return activity"
"DES-6357",TRUE,3,1,1,0,0,0,2,3,3,ACTIVE_WITH_PURCHASE_HISTORY,"Keep: Has active purchase/return activity"
"DES-6358",TRUE,1,1,1,0,0,0,0,1,1,ACTIVE_WITH_PURCHASE_HISTORY,"Keep: Has active purchase/return activity"
"DES-6369",TRUE,1,1,0,0,0,0,1,1,1,ACTIVE_WITH_PURCHASE_HISTORY,"Keep: Has active purchase/return activity"
"DES-6374",TRUE,3,2,3,0,0,0,0,3,3,ACTIVE_WITH_PURCHASE_HISTORY,"Keep: Has active purchase/return activity"
"DES-6374-A",TRUE,1,1,0,1,1,0,0,1,1,ACTIVE_WITH_PURCHASE_HISTORY,"Keep: Has active purchase/return activity"
"DES-6374-B",TRUE,1,1,0,0,0,0,1,1,1,ACTIVE_WITH_PURCHASE_HISTORY,"Keep: Has active purchase/return activity"
"DES-6374-C",TRUE,1,1,0,1,1,0,0,1,1,ACTIVE_WITH_PURCHASE_HISTORY,"Keep: Has active purchase/return activity"
"DES-6375-G",TRUE,1,1,0,0,0,0,1,1,1,ACTIVE_WITH_PURCHASE_HISTORY,"Keep: Has active purchase/return activity"
"DES-6375-L",TRUE,1,1,0,0,0,0,1,1,1,ACTIVE_WITH_PURCHASE_HISTORY,"Keep: Has active purchase/return activity"
"DES-6379",TRUE,4,2,3,0,0,0,1,4,4,ACTIVE_WITH_PURCHASE_HISTORY,"Keep: Has active purchase/return activity"
"DES-6385",TRUE,2,1,1,1,1,0,0,2,2,ACTIVE_WITH_PURCHASE_HISTORY,"Keep: Has active purchase/return activity"
"DES-6386",TRUE,1,1,0,0,0,0,1,1,1,ACTIVE_WITH_PURCHASE_HISTORY,"Keep: Has active purchase/return activity"
"DES-6391",TRUE,1,1,0,1,1,0,0,1,1,ACTIVE_WITH_PURCHASE_HISTORY,"Keep: Has active purchase/return activity"
"DES-6400",TRUE,2,1,2,0,0,0,0,2,2,ACTIVE_WITH_PURCHASE_HISTORY,"Keep: Has active purchase/return activity"
"DES-6408",TRUE,1,1,0,0,0,0,1,1,1,ACTIVE_WITH_PURCHASE_HISTORY,"Keep: Has active purchase/return activity"
"DES-6410",TRUE,3,2,2,0,0,0,1,3,3,ACTIVE_WITH_PURCHASE_HISTORY,"Keep: Has active purchase/return activity"
"DES-6417",TRUE,3,1,3,0,0,0,0,3,3,ACTIVE_WITH_PURCHASE_HISTORY,"Keep: Has active purchase/return activity"
"DES-6417-G",TRUE,1,1,0,0,0,0,1,1,1,ACTIVE_WITH_PURCHASE_HISTORY,"Keep: Has active purchase/return activity"
"DES-6417-YL",TRUE,1,1,0,1,1,1,0,1,1,ACTIVE_WITH_PURCHASE_HISTORY,"Keep: Has active purchase/return activity"
"DES-6420",TRUE,2,2,1,0,0,0,1,2,2,ACTIVE_WITH_PURCHASE_HISTORY,"Keep: Has active purchase/return activity"
"DES-6438",TRUE,1,1,0,0,0,0,1,1,1,ACTIVE_WITH_PURCHASE_HISTORY,"Keep: Has active purchase/return activity"
"DES-6445",TRUE,2,2,1,1,1,0,0,2,2,ACTIVE_WITH_PURCHASE_HISTORY,"Keep: Has active purchase/return activity"
"DES-6458",TRUE,1,1,1,0,0,0,0,1,1,ACTIVE_WITH_PURCHASE_HISTORY,"Keep: Has active purchase/return activity"
"DES-6461",TRUE,1,1,0,1,1,0,0,1,1,ACTIVE_WITH_PURCHASE_HISTORY,"Keep: Has active purchase/return activity"
"DES-6475",TRUE,4,2,2,1,1,0,1,4,4,ACTIVE_WITH_PURCHASE_HISTORY,"Keep: Has active purchase/return activity"
"DES-6485",TRUE,1,1,0,0,0,0,1,1,1,ACTIVE_WITH_PURCHASE_HISTORY,"Keep: Has active purchase/return activity"
"DES-6492",TRUE,1,1,0,0,0,0,1,1,1,ACTIVE_WITH_PURCHASE_HISTORY,"Keep: Has active purchase/return activity"
"DES-6495",TRUE,2,1,0,1,1,0,1,2,2,ACTIVE_WITH_PURCHASE_HISTORY,"Keep: Has active purchase/return activity"
"DES-8036",TRUE,1,1,0,0,0,0,1,1,1,ACTIVE_WITH_PURCHASE_HISTORY,"Keep: Has active purchase/return activity"
"DES-8080",TRUE,1,1,0,1,1,0,0,1,1,ACTIVE_WITH_PURCHASE_HISTORY,"Keep: Has active purchase/return activity"
"DES-8243",TRUE,1,1,0,0,0,0,1,1,1,ACTIVE_WITH_PURCHASE_HISTORY,"Keep: Has active purchase/return activity"
"DES 36309750",TRUE,1,1,0,0,0,0,1,1,1,ACTIVE_WITH_PURCHASE_HISTORY,"Keep: Has active purchase/return activity"
"DES 6054",TRUE,1,1,1,0,0,0,4,5,5,ACTIVE_WITH_PURCHASE_HISTORY,"Keep: Has active purchase/return activity"
"DES 6054-01",TRUE,0,0,1,0,0,0,0,1,1,ACTIVE_WITH_PURCHASE_HISTORY,"Keep: Has active purchase/return activity"
"DES 6054-02",TRUE,1,1,1,0,0,0,0,1,1,ACTIVE_WITH_PURCHASE_HISTORY,"Keep: Has active purchase/return activity"
"DES 6146",TRUE,1,1,0,1,1,0,0,1,1,ACTIVE_WITH_PURCHASE_HISTORY,"Keep: Has active purchase/return activity"
"DES 6193",TRUE,1,1,2,0,0,0,0,2,2,ACTIVE_WITH_PURCHASE_HISTORY,"Keep: Has active purchase/return activity"
"DES 6193-A",TRUE,1,1,1,0,0,0,0,1,1,ACTIVE_WITH_PURCHASE_HISTORY,"Keep: Has active purchase/return activity"
"DES 6201",TRUE,2,1,0,1,1,0,1,2,2,ACTIVE_WITH_PURCHASE_HISTORY,"Keep: Has active purchase/return activity"
"DES 6214",TRUE,2,1,0,1,1,0,1,2,2,ACTIVE_WITH_PURCHASE_HISTORY,"Keep: Has active purchase/return activity"
"DES 6218",TRUE,1,1,0,1,1,0,0,1,1,ACTIVE_WITH_PURCHASE_HISTORY,"Keep: Has active purchase/return activity"
"DES 6223",TRUE,2,1,0,1,1,0,1,2,2,ACTIVE_WITH_PURCHASE_HISTORY,"Keep: Has active purchase/return activity"
"DES 6244",TRUE,1,1,1,0,0,0,0,1,1,ACTIVE_WITH_PURCHASE_HISTORY,"Keep: Has active purchase/return activity"
"DES 6265",TRUE,2,1,1,0,0,0,1,2,2,ACTIVE_WITH_PURCHASE_HISTORY,"Keep: Has active purchase/return activity"
"DES 6272",TRUE,2,1,1,1,1,0,0,2,2,ACTIVE_WITH_PURCHASE_HISTORY,"Keep: Has active purchase/return activity"
"DES 6273",TRUE,3,1,0,0,0,0,17,17,8,ACTIVE_WITH_PURCHASE_HISTORY,"Keep: Has active purchase/return activity"
"DES 6276",TRUE,1,1,0,0,0,0,2,2,2,ACTIVE_WITH_PURCHASE_HISTORY,"Keep: Has active purchase/return activity"
"DES 6297",TRUE,2,1,0,1,1,0,1,2,2,ACTIVE_WITH_PURCHASE_HISTORY,"Keep: Has active purchase/return activity"
"DES 6298",TRUE,2,1,1,0,0,0,3,4,4,ACTIVE_WITH_PURCHASE_HISTORY,"Keep: Has active purchase/return activity"
"DES 6299",TRUE,2,1,2,0,0,0,0,2,2,ACTIVE_WITH_PURCHASE_HISTORY,"Keep: Has active purchase/return activity"
"DES 6322",TRUE,1,1,1,0,0,0,1,2,2,ACTIVE_WITH_PURCHASE_HISTORY,"Keep: Has active purchase/return activity"
"DES 6345",TRUE,2,1,0,0,0,0,4,4,4,ACTIVE_WITH_PURCHASE_HISTORY,"Keep: Has active purchase/return activity"
"DES 6350",TRUE,1,1,0,0,0,0,1,1,1,ACTIVE_WITH_PURCHASE_HISTORY,"Keep: Has active purchase/return activity"
"DES 6352",TRUE,1,1,1,0,0,0,3,4,4,ACTIVE_WITH_PURCHASE_HISTORY,"Keep: Has active purchase/return activity"
"DES 6352-1",TRUE,0,0,1,0,0,0,0,1,1,ACTIVE_WITH_PURCHASE_HISTORY,"Keep: Has active purchase/return activity"
"DES 6352-2",TRUE,1,1,0,0,0,0,1,1,1,ACTIVE_WITH_PURCHASE_HISTORY,"Keep: Has active purchase/return activity"
"DES 6369",TRUE,3,1,3,0,0,0,1,4,4,ACTIVE_WITH_PURCHASE_HISTORY,"Keep: Has active purchase/return activity"
"DES 6369-A",TRUE,1,1,1,0,0,0,0,1,1,ACTIVE_WITH_PURCHASE_HISTORY,"Keep: Has active purchase/return activity"
"DES 6374",TRUE,1,1,1,0,0,0,0,1,1,ACTIVE_WITH_PURCHASE_HISTORY,"Keep: Has active purchase/return activity"
"DES 6375",TRUE,3,1,2,0,0,0,4,6,6,ACTIVE_WITH_PURCHASE_HISTORY,"Keep: Has active purchase/return activity"
"DES 6377",TRUE,0,0,1,0,0,0,1,2,2,ACTIVE_WITH_PURCHASE_HISTORY,"Keep: Has active purchase/return activity"
"DES 6377-01",TRUE,1,1,1,0,0,0,0,1,1,ACTIVE_WITH_PURCHASE_HISTORY,"Keep: Has active purchase/return activity"
"DES 6383",TRUE,1,1,0,0,0,0,1,1,1,ACTIVE_WITH_PURCHASE_HISTORY,"Keep: Has active purchase/return activity"
"DES 6386",TRUE,2,1,2,0,0,0,4,6,6,ACTIVE_WITH_PURCHASE_HISTORY,"Keep: Has active purchase/return activity"
"DES 6386-01",TRUE,1,1,1,0,0,0,0,1,1,ACTIVE_WITH_PURCHASE_HISTORY,"Keep: Has active purchase/return activity"
"DES 6392",TRUE,1,1,0,1,1,0,1,2,2,ACTIVE_WITH_PURCHASE_HISTORY,"Keep: Has active purchase/return activity"
"DES 6400",TRUE,3,1,2,1,1,0,3,6,6,ACTIVE_WITH_PURCHASE_HISTORY,"Keep: Has active purchase/return activity"
"DES 6404",TRUE,4,1,3,0,0,0,4,7,6,ACTIVE_WITH_PURCHASE_HISTORY,"Keep: Has active purchase/return activity"
"DES 6431",TRUE,3,1,1,1,1,0,1,3,3,ACTIVE_WITH_PURCHASE_HISTORY,"Keep: Has active purchase/return activity"
"DES 6435",TRUE,1,1,0,0,0,0,1,1,1,ACTIVE_WITH_PURCHASE_HISTORY,"Keep: Has active purchase/return activity"
"DES 6444",TRUE,2,1,1,1,1,0,0,2,2,ACTIVE_WITH_PURCHASE_HISTORY,"Keep: Has active purchase/return activity"
"DES 6458",TRUE,1,1,1,0,0,0,3,4,4,ACTIVE_WITH_PURCHASE_HISTORY,"Keep: Has active purchase/return activity"
"DES 6498 BR",TRUE,0,0,1,0,0,0,1,2,2,ACTIVE_WITH_PURCHASE_HISTORY,"Keep: Has active purchase/return activity"
"DES 6498 BR-1",TRUE,1,1,1,0,0,0,0,1,1,ACTIVE_WITH_PURCHASE_HISTORY,"Keep: Has active purchase/return activity"
"DES 6498 GR",TRUE,0,0,1,0,0,0,1,2,2,ACTIVE_WITH_PURCHASE_HISTORY,"Keep: Has active purchase/return activity"
"DES 6498 GR-1",TRUE,1,1,1,0,0,0,0,1,1,ACTIVE_WITH_PURCHASE_HISTORY,"Keep: Has active purchase/return activity"
"DES 6498 PK",TRUE,0,0,1,0,0,0,1,2,2,ACTIVE_WITH_PURCHASE_HISTORY,"Keep: Has active purchase/return activity"
"DES 6498 PK-1",TRUE,1,1,1,0,0,0,0,1,1,ACTIVE_WITH_PURCHASE_HISTORY,"Keep: Has active purchase/return activity"
"DF-2434",TRUE,2,1,0,1,1,0,1,2,1,ACTIVE_WITH_PURCHASE_HISTORY,"Keep: Has active purchase/return activity"
"DF-2452",TRUE,3,1,0,3,3,0,0,3,1,ACTIVE_WITH_PURCHASE_HISTORY,"Keep: Has active purchase/return activity"
"DF-2545",TRUE,3,1,0,2,2,0,1,3,1,ACTIVE_WITH_PURCHASE_HISTORY,"Keep: Has active purchase/return activity"
"DF-2547",TRUE,2,1,0,1,1,0,1,2,1,ACTIVE_WITH_PURCHASE_HISTORY,"Keep: Has active purchase/return activity"
"DF-2575",TRUE,2,1,0,2,2,0,0,2,1,ACTIVE_WITH_PURCHASE_HISTORY,"Keep: Has active purchase/return activity"
"DF-2578",TRUE,2,1,0,1,1,0,1,2,1,ACTIVE_WITH_PURCHASE_HISTORY,"Keep: Has active purchase/return activity"
"DF-2586",TRUE,2,1,0,3,3,2,0,2,1,ACTIVE_WITH_PURCHASE_HISTORY,"Keep: Has active purchase/return activity"
"DF-2587",TRUE,2,1,0,1,1,0,1,2,1,ACTIVE_WITH_PURCHASE_HISTORY,"Keep: Has active purchase/return activity"
"DF-2594",TRUE,3,1,0,3,3,0,0,3,1,ACTIVE_WITH_PURCHASE_HISTORY,"Keep: Has active purchase/return activity"
"DF-2605",TRUE,1,1,0,1,1,0,0,1,1,ACTIVE_WITH_PURCHASE_HISTORY,"Keep: Has active purchase/return activity"
"DF-2625",TRUE,2,1,0,1,1,0,1,2,1,ACTIVE_WITH_PURCHASE_HISTORY,"Keep: Has active purchase/return activity"
"DF-2627",TRUE,2,1,0,2,2,0,0,2,1,ACTIVE_WITH_PURCHASE_HISTORY,"Keep: Has active purchase/return activity"
"DF-2630",TRUE,2,1,0,0,0,0,2,2,1,ACTIVE_WITH_PURCHASE_HISTORY,"Keep: Has active purchase/return activity"
"DF-2639",TRUE,2,1,0,0,0,0,2,2,1,ACTIVE_WITH_PURCHASE_HISTORY,"Keep: Has active purchase/return activity"
"DF-2651",TRUE,2,1,0,2,2,0,0,2,1,ACTIVE_WITH_PURCHASE_HISTORY,"Keep: Has active purchase/return activity"
"DF-2657",TRUE,2,1,0,0,0,0,2,2,1,ACTIVE_WITH_PURCHASE_HISTORY,"Keep: Has active purchase/return activity"
"DF-2663",TRUE,2,1,0,0,0,0,2,2,1,ACTIVE_WITH_PURCHASE_HISTORY,"Keep: Has active purchase/return activity"
"DG-4910",TRUE,2,1,0,0,0,0,2,2,1,ACTIVE_WITH_PURCHASE_HISTORY,"Keep: Has active purchase/return activity"
"DG-503",TRUE,2,1,0,1,1,0,1,2,2,ACTIVE_WITH_PURCHASE_HISTORY,"Keep: Has active purchase/return activity"
"DG-536",TRUE,1,1,0,0,0,0,1,1,1,ACTIVE_WITH_PURCHASE_HISTORY,"Keep: Has active purchase/return activity"
"DH-1784",TRUE,1,1,0,0,0,0,1,1,1,ACTIVE_WITH_PURCHASE_HISTORY,"Keep: Has active purchase/return activity"
"DH/PG-590/1685",TRUE,1,1,0,1,1,0,0,1,1,ACTIVE_WITH_PURCHASE_HISTORY,"Keep: Has active purchase/return activity"
"DIS34",TRUE,3,1,0,2,2,0,0,2,2,ACTIVE_WITH_PURCHASE_HISTORY,"Keep: Has active purchase/return activity"
"DIS41",TRUE,2,1,0,1,1,0,1,2,2,ACTIVE_WITH_PURCHASE_HISTORY,"Keep: Has active purchase/return activity"
"DIS74",TRUE,3,1,0,2,2,0,1,3,3,ACTIVE_WITH_PURCHASE_HISTORY,"Keep: Has active purchase/return activity"
"DIS97",TRUE,3,1,0,2,2,0,1,3,3,ACTIVE_WITH_PURCHASE_HISTORY,"Keep: Has active purchase/return activity"
"DITYA",TRUE,1,1,0,0,0,0,1,1,1,ACTIVE_WITH_PURCHASE_HISTORY,"Keep: Has active purchase/return activity"
"DM-100",TRUE,1,1,0,0,0,0,1,1,1,ACTIVE_WITH_PURCHASE_HISTORY,"Keep: Has active purchase/return activity"
"DM-47",TRUE,1,1,0,0,0,0,1,1,1,ACTIVE_WITH_PURCHASE_HISTORY,"Keep: Has active purchase/return activity"
"DN-132-S",TRUE,1,1,0,0,0,0,1,1,1,ACTIVE_WITH_PURCHASE_HISTORY,"Keep: Has active purchase/return activity"
"DN-134-S",TRUE,1,1,0,1,1,0,0,1,1,ACTIVE_WITH_PURCHASE_HISTORY,"Keep: Has active purchase/return activity"
"DN-161-S",TRUE,1,1,0,1,1,1,0,1,1,ACTIVE_WITH_PURCHASE_HISTORY,"Keep: Has active purchase/return activity"
"DN-56D",TRUE,1,1,0,0,0,0,1,1,1,ACTIVE_WITH_PURCHASE_HISTORY,"Keep: Has active purchase/return activity"
"DP-1520",TRUE,1,1,0,0,0,0,1,1,1,ACTIVE_WITH_PURCHASE_HISTORY,"Keep: Has active purchase/return activity"
"DP-1587",TRUE,1,1,0,0,0,0,1,1,1,ACTIVE_WITH_PURCHASE_HISTORY,"Keep: Has active purchase/return activity"
"DP-1592",TRUE,1,1,0,0,0,0,1,1,1,ACTIVE_WITH_PURCHASE_HISTORY,"Keep: Has active purchase/return activity"
"DS-0416",TRUE,1,1,0,0,0,0,1,1,1,ACTIVE_WITH_PURCHASE_HISTORY,"Keep: Has active purchase/return activity"
"DS-075",TRUE,1,1,0,0,0,0,1,1,1,ACTIVE_WITH_PURCHASE_HISTORY,"Keep: Has active purchase/return activity"
"DS-1068",TRUE,1,1,0,0,0,0,1,1,1,ACTIVE_WITH_PURCHASE_HISTORY,"Keep: Has active purchase/return activity"
"DS-1128",TRUE,1,1,0,1,1,1,0,1,1,ACTIVE_WITH_PURCHASE_HISTORY,"Keep: Has active purchase/return activity"
"DS-1147",TRUE,1,1,0,1,1,0,0,1,1,ACTIVE_WITH_PURCHASE_HISTORY,"Keep: Has active purchase/return activity"
"DS-1149",TRUE,1,1,0,0,0,0,1,1,1,ACTIVE_WITH_PURCHASE_HISTORY,"Keep: Has active purchase/return activity"
"DS-1155",TRUE,0,0,0,0,0,0,1,1,1,ORPHAN_WITH_STOCK,"Audit: Has physical stock/printed barcodes but no purchase record"
"DS-1166",TRUE,1,1,0,0,0,0,1,1,1,ACTIVE_WITH_PURCHASE_HISTORY,"Keep: Has active purchase/return activity"
"DS-1170",TRUE,1,1,0,0,0,0,1,1,1,ACTIVE_WITH_PURCHASE_HISTORY,"Keep: Has active purchase/return activity"
"DS-19",TRUE,1,1,0,0,0,0,1,1,1,ACTIVE_WITH_PURCHASE_HISTORY,"Keep: Has active purchase/return activity"
"DS-22",TRUE,1,1,0,0,0,0,1,1,1,ACTIVE_WITH_PURCHASE_HISTORY,"Keep: Has active purchase/return activity"
"DS-322",TRUE,1,1,0,0,0,0,1,1,1,ACTIVE_WITH_PURCHASE_HISTORY,"Keep: Has active purchase/return activity"
"DS-358",TRUE,1,1,0,1,1,0,0,1,1,ACTIVE_WITH_PURCHASE_HISTORY,"Keep: Has active purchase/return activity"
"DS-359",TRUE,1,1,0,0,0,0,1,1,1,ACTIVE_WITH_PURCHASE_HISTORY,"Keep: Has active purchase/return activity"
"DS-418",TRUE,1,1,0,0,0,0,1,1,1,ACTIVE_WITH_PURCHASE_HISTORY,"Keep: Has active purchase/return activity"
"DS-42",TRUE,1,1,0,1,1,0,0,1,1,ACTIVE_WITH_PURCHASE_HISTORY,"Keep: Has active purchase/return activity"
"DS-601",TRUE,3,1,0,2,2,0,1,3,3,ACTIVE_WITH_PURCHASE_HISTORY,"Keep: Has active purchase/return activity"
"DS-601 PK",TRUE,0,0,0,0,0,0,0,0,0,SAFE_TO_DELETE_IDLE,"Safe to Delete: No purchases, returns, sales, or stock"
"DS-601 YL",TRUE,2,1,0,0,0,0,3,3,2,ACTIVE_WITH_PURCHASE_HISTORY,"Keep: Has active purchase/return activity"
"DS-611 BR",TRUE,5,1,0,3,3,0,2,5,5,ACTIVE_WITH_PURCHASE_HISTORY,"Keep: Has active purchase/return activity"
"DS-611 YE",TRUE,5,1,0,2,2,0,3,5,5,ACTIVE_WITH_PURCHASE_HISTORY,"Keep: Has active purchase/return activity"
"DS 104",TRUE,1,1,0,0,0,0,1,1,1,ACTIVE_WITH_PURCHASE_HISTORY,"Keep: Has active purchase/return activity"
"DS104",TRUE,1,1,0,0,0,0,1,1,1,ACTIVE_WITH_PURCHASE_HISTORY,"Keep: Has active purchase/return activity"
"DS1066",TRUE,1,1,0,1,1,0,0,1,1,ACTIVE_WITH_PURCHASE_HISTORY,"Keep: Has active purchase/return activity"
"DS1068",TRUE,1,1,0,1,1,1,0,1,1,ACTIVE_WITH_PURCHASE_HISTORY,"Keep: Has active purchase/return activity"
"DS1069",TRUE,1,1,0,0,0,0,1,1,1,ACTIVE_WITH_PURCHASE_HISTORY,"Keep: Has active purchase/return activity"
"DS1071",TRUE,1,1,0,1,1,0,0,1,1,ACTIVE_WITH_PURCHASE_HISTORY,"Keep: Has active purchase/return activity"
"DS1085",TRUE,1,1,0,0,0,0,1,1,1,ACTIVE_WITH_PURCHASE_HISTORY,"Keep: Has active purchase/return activity"
"DS1104",TRUE,1,1,0,0,0,0,1,1,1,ACTIVE_WITH_PURCHASE_HISTORY,"Keep: Has active purchase/return activity"
"DS1107",TRUE,1,1,0,1,1,0,0,1,1,ACTIVE_WITH_PURCHASE_HISTORY,"Keep: Has active purchase/return activity"
"DS1110",TRUE,1,1,0,1,1,0,0,1,1,ACTIVE_WITH_PURCHASE_HISTORY,"Keep: Has active purchase/return activity"
"DS1115",TRUE,1,1,0,1,1,0,0,1,1,ACTIVE_WITH_PURCHASE_HISTORY,"Keep: Has active purchase/return activity"
"DS1128",TRUE,1,1,0,0,0,0,1,1,1,ACTIVE_WITH_PURCHASE_HISTORY,"Keep: Has active purchase/return activity"
"DS1131",TRUE,1,1,0,0,0,0,1,1,1,ACTIVE_WITH_PURCHASE_HISTORY,"Keep: Has active purchase/return activity"
"DS1145",TRUE,1,1,0,0,0,0,1,1,1,ACTIVE_WITH_PURCHASE_HISTORY,"Keep: Has active purchase/return activity"
"DS1155",TRUE,1,1,0,0,0,0,1,1,1,ACTIVE_WITH_PURCHASE_HISTORY,"Keep: Has active purchase/return activity"
"DS1171",TRUE,1,1,0,1,1,0,0,1,1,ACTIVE_WITH_PURCHASE_HISTORY,"Keep: Has active purchase/return activity"
"DS1181",TRUE,1,1,0,1,1,0,0,1,1,ACTIVE_WITH_PURCHASE_HISTORY,"Keep: Has active purchase/return activity"
"DS1201",TRUE,1,1,0,0,0,0,1,1,1,ACTIVE_WITH_PURCHASE_HISTORY,"Keep: Has active purchase/return activity"
"DS1203",TRUE,1,1,0,1,1,0,0,1,1,ACTIVE_WITH_PURCHASE_HISTORY,"Keep: Has active purchase/return activity"
"DS997",TRUE,1,1,0,0,0,0,1,1,1,ACTIVE_WITH_PURCHASE_HISTORY,"Keep: Has active purchase/return activity"
"DT149",TRUE,3,1,0,0,0,0,3,3,1,ACTIVE_WITH_PURCHASE_HISTORY,"Keep: Has active purchase/return activity"
"DUR-E-NAYAB-102",TRUE,1,1,0,0,0,0,1,1,1,ACTIVE_WITH_PURCHASE_HISTORY,"Keep: Has active purchase/return activity"
"DUR-E-NAYAB-103",TRUE,1,1,0,0,0,0,1,1,1,ACTIVE_WITH_PURCHASE_HISTORY,"Keep: Has active purchase/return activity"
"DUR-E-NAYAB-104",TRUE,1,1,0,1,1,0,0,1,1,ACTIVE_WITH_PURCHASE_HISTORY,"Keep: Has active purchase/return activity"
"DYEF16357",TRUE,1,1,0,0,0,0,1,1,1,ACTIVE_WITH_PURCHASE_HISTORY,"Keep: Has active purchase/return activity"
"DYEG12730",TRUE,2,1,0,0,0,0,2,2,2,ACTIVE_WITH_PURCHASE_HISTORY,"Keep: Has active purchase/return activity"
"DYEG13445",TRUE,1,1,0,0,0,0,1,1,1,ACTIVE_WITH_PURCHASE_HISTORY,"Keep: Has active purchase/return activity"
"DYEG13771",TRUE,1,1,0,0,0,0,1,1,1,ACTIVE_WITH_PURCHASE_HISTORY,"Keep: Has active purchase/return activity"
"DYEG15534",TRUE,2,1,0,0,0,0,2,2,2,ACTIVE_WITH_PURCHASE_HISTORY,"Keep: Has active purchase/return activity"
"DYEG15890",TRUE,1,1,0,0,0,0,1,1,1,ACTIVE_WITH_PURCHASE_HISTORY,"Keep: Has active purchase/return activity"
"DYEG16060",TRUE,2,1,0,0,0,0,2,2,2,ACTIVE_WITH_PURCHASE_HISTORY,"Keep: Has active purchase/return activity"
"DYEG16357",TRUE,1,1,0,0,0,0,1,1,1,ACTIVE_WITH_PURCHASE_HISTORY,"Keep: Has active purchase/return activity"
"DYEG16358",TRUE,2,1,0,0,0,0,2,2,2,ACTIVE_WITH_PURCHASE_HISTORY,"Keep: Has active purchase/return activity"
"E-01",TRUE,5,1,0,0,0,0,5,5,5,ACTIVE_WITH_PURCHASE_HISTORY,"Keep: Has active purchase/return activity"
"E-02",TRUE,6,2,0,2,2,1,4,6,6,ACTIVE_WITH_PURCHASE_HISTORY,"Keep: Has active purchase/return activity"
"E-02-B",TRUE,2,1,0,0,0,0,2,2,2,ACTIVE_WITH_PURCHASE_HISTORY,"Keep: Has active purchase/return activity"
"E-03",TRUE,3,1,0,1,1,0,2,3,3,ACTIVE_WITH_PURCHASE_HISTORY,"Keep: Has active purchase/return activity"
"E-03 B",TRUE,2,1,0,1,1,0,1,2,2,ACTIVE_WITH_PURCHASE_HISTORY,"Keep: Has active purchase/return activity"
"E-05",TRUE,13,3,0,8,8,2,7,13,13,ACTIVE_WITH_PURCHASE_HISTORY,"Keep: Has active purchase/return activity"
"E-05-B",TRUE,1,1,0,0,0,0,1,1,1,ACTIVE_WITH_PURCHASE_HISTORY,"Keep: Has active purchase/return activity"
"E-06",TRUE,4,2,0,0,0,0,4,4,4,ACTIVE_WITH_PURCHASE_HISTORY,"Keep: Has active purchase/return activity"
"E-06-B",TRUE,3,2,0,0,0,0,3,3,3,ACTIVE_WITH_PURCHASE_HISTORY,"Keep: Has active purchase/return activity"
"E-1",TRUE,1,1,0,1,1,0,0,1,1,ACTIVE_WITH_PURCHASE_HISTORY,"Keep: Has active purchase/return activity"
"E-104",TRUE,5,1,0,3,3,0,6,9,8,ACTIVE_WITH_PURCHASE_HISTORY,"Keep: Has active purchase/return activity"
"E-107",TRUE,5,1,0,5,5,1,1,5,5,ACTIVE_WITH_PURCHASE_HISTORY,"Keep: Has active purchase/return activity"
"E-118",TRUE,3,1,0,0,0,0,3,3,3,ACTIVE_WITH_PURCHASE_HISTORY,"Keep: Has active purchase/return activity"
"E-118-B",TRUE,1,1,0,0,0,0,1,1,1,ACTIVE_WITH_PURCHASE_HISTORY,"Keep: Has active purchase/return activity"
"E-122-1",TRUE,1,1,0,0,0,0,1,1,1,ACTIVE_WITH_PURCHASE_HISTORY,"Keep: Has active purchase/return activity"
"E-122-2",TRUE,1,1,0,0,0,0,1,1,1,ACTIVE_WITH_PURCHASE_HISTORY,"Keep: Has active purchase/return activity"
"E-122-3",TRUE,1,1,0,0,0,0,1,1,1,ACTIVE_WITH_PURCHASE_HISTORY,"Keep: Has active purchase/return activity"
"E-122-4",TRUE,1,1,0,0,0,0,1,1,1,ACTIVE_WITH_PURCHASE_HISTORY,"Keep: Has active purchase/return activity"
"E-122-5",TRUE,1,1,0,0,0,0,1,1,1,ACTIVE_WITH_PURCHASE_HISTORY,"Keep: Has active purchase/return activity"
"E-122-6",TRUE,1,1,0,0,0,0,1,1,1,ACTIVE_WITH_PURCHASE_HISTORY,"Keep: Has active purchase/return activity"
"E-125",TRUE,2,1,0,0,0,0,2,2,2,ACTIVE_WITH_PURCHASE_HISTORY,"Keep: Has active purchase/return activity"
"E-126-R",TRUE,2,1,0,0,0,0,2,2,2,ACTIVE_WITH_PURCHASE_HISTORY,"Keep: Has active purchase/return activity"
"E-126-Y",TRUE,2,1,0,0,0,0,2,2,2,ACTIVE_WITH_PURCHASE_HISTORY,"Keep: Has active purchase/return activity"
"E-129",TRUE,5,2,0,0,0,0,5,5,5,ACTIVE_WITH_PURCHASE_HISTORY,"Keep: Has active purchase/return activity"
"E-133",TRUE,4,3,0,1,1,0,3,4,4,ACTIVE_WITH_PURCHASE_HISTORY,"Keep: Has active purchase/return activity"
"E-133-02",TRUE,2,1,0,0,0,0,2,2,2,ACTIVE_WITH_PURCHASE_HISTORY,"Keep: Has active purchase/return activity"
"E-138-01",TRUE,1,1,0,1,1,0,0,1,1,ACTIVE_WITH_PURCHASE_HISTORY,"Keep: Has active purchase/return activity"
"E-138-02",TRUE,1,1,0,0,0,0,1,1,1,ACTIVE_WITH_PURCHASE_HISTORY,"Keep: Has active purchase/return activity"
"E-138-03",TRUE,1,1,0,0,0,0,1,1,1,ACTIVE_WITH_PURCHASE_HISTORY,"Keep: Has active purchase/return activity"
"E-138-04",TRUE,1,1,0,1,1,0,0,1,1,ACTIVE_WITH_PURCHASE_HISTORY,"Keep: Has active purchase/return activity"
"E-143",TRUE,2,1,0,0,0,0,2,2,2,ACTIVE_WITH_PURCHASE_HISTORY,"Keep: Has active purchase/return activity"
"E-143-02",TRUE,2,1,0,0,0,0,2,2,2,ACTIVE_WITH_PURCHASE_HISTORY,"Keep: Has active purchase/return activity"
"E-19",TRUE,3,1,0,0,0,0,3,3,3,ACTIVE_WITH_PURCHASE_HISTORY,"Keep: Has active purchase/return activity"
"E-19-02",TRUE,2,1,0,0,0,0,2,2,2,ACTIVE_WITH_PURCHASE_HISTORY,"Keep: Has active purchase/return activity"
"E-196-BLUE",TRUE,2,1,0,0,0,0,2,2,2,ACTIVE_WITH_PURCHASE_HISTORY,"Keep: Has active purchase/return activity"
"E-196-YELLOW",TRUE,2,1,0,0,0,0,2,2,2,ACTIVE_WITH_PURCHASE_HISTORY,"Keep: Has active purchase/return activity"
"E-198-P",TRUE,1,1,0,0,0,0,1,1,1,ACTIVE_WITH_PURCHASE_HISTORY,"Keep: Has active purchase/return activity"
"E-198 G",TRUE,2,1,1,1,1,0,0,2,2,ACTIVE_WITH_PURCHASE_HISTORY,"Keep: Has active purchase/return activity"
"E-198 P",TRUE,1,1,0,1,1,1,0,1,1,ACTIVE_WITH_PURCHASE_HISTORY,"Keep: Has active purchase/return activity"
"E-199",TRUE,2,1,0,0,0,0,2,2,1,ACTIVE_WITH_PURCHASE_HISTORY,"Keep: Has active purchase/return activity"
"E-199-B",TRUE,1,1,0,1,1,0,0,1,1,ACTIVE_WITH_PURCHASE_HISTORY,"Keep: Has active purchase/return activity"
"E-199-C",TRUE,1,1,0,0,0,0,1,1,1,ACTIVE_WITH_PURCHASE_HISTORY,"Keep: Has active purchase/return activity"
"E-2",TRUE,1,1,0,0,0,0,1,1,1,ACTIVE_WITH_PURCHASE_HISTORY,"Keep: Has active purchase/return activity"
"E-201-G",TRUE,1,1,0,0,0,0,1,1,1,ACTIVE_WITH_PURCHASE_HISTORY,"Keep: Has active purchase/return activity"
"E-201-GY",TRUE,1,1,0,0,0,0,1,1,1,ACTIVE_WITH_PURCHASE_HISTORY,"Keep: Has active purchase/return activity"
"E-201-P",TRUE,1,1,0,0,0,0,1,1,1,ACTIVE_WITH_PURCHASE_HISTORY,"Keep: Has active purchase/return activity"
"E-201-R",TRUE,1,1,0,0,0,0,1,1,1,ACTIVE_WITH_PURCHASE_HISTORY,"Keep: Has active purchase/return activity"
"E-202",TRUE,1,1,0,0,0,0,1,1,1,ACTIVE_WITH_PURCHASE_HISTORY,"Keep: Has active purchase/return activity"
"E-202-02",TRUE,2,1,0,1,1,0,1,2,2,ACTIVE_WITH_PURCHASE_HISTORY,"Keep: Has active purchase/return activity"
"E-215-01",TRUE,1,1,0,0,0,0,1,1,1,ACTIVE_WITH_PURCHASE_HISTORY,"Keep: Has active purchase/return activity"
"E-215-02",TRUE,1,1,0,0,0,0,1,1,1,ACTIVE_WITH_PURCHASE_HISTORY,"Keep: Has active purchase/return activity"
"E-215-03",TRUE,1,1,0,0,0,0,1,1,1,ACTIVE_WITH_PURCHASE_HISTORY,"Keep: Has active purchase/return activity"
"E-215-04",TRUE,1,1,0,1,1,0,0,1,1,ACTIVE_WITH_PURCHASE_HISTORY,"Keep: Has active purchase/return activity"
"E-216-1",TRUE,1,1,0,0,0,0,1,1,1,ACTIVE_WITH_PURCHASE_HISTORY,"Keep: Has active purchase/return activity"
"E-216-2",TRUE,1,1,0,0,0,0,1,1,1,ACTIVE_WITH_PURCHASE_HISTORY,"Keep: Has active purchase/return activity"
"E-216-3",TRUE,1,1,0,0,0,0,1,1,1,ACTIVE_WITH_PURCHASE_HISTORY,"Keep: Has active purchase/return activity"
"E-216-4",TRUE,1,1,0,0,0,0,1,1,1,ACTIVE_WITH_PURCHASE_HISTORY,"Keep: Has active purchase/return activity"
"E-218-1",TRUE,1,1,0,0,0,0,1,1,1,ACTIVE_WITH_PURCHASE_HISTORY,"Keep: Has active purchase/return activity"
"E-218-2",TRUE,1,1,0,0,0,0,1,1,1,ACTIVE_WITH_PURCHASE_HISTORY,"Keep: Has active purchase/return activity"
"E-218-3",TRUE,1,1,0,0,0,0,1,1,1,ACTIVE_WITH_PURCHASE_HISTORY,"Keep: Has active purchase/return activity"
"E-218-4",TRUE,1,1,0,0,0,0,1,1,1,ACTIVE_WITH_PURCHASE_HISTORY,"Keep: Has active purchase/return activity"
"E-221-01",TRUE,1,1,0,1,1,0,0,1,1,ACTIVE_WITH_PURCHASE_HISTORY,"Keep: Has active purchase/return activity"
"E-221-02",TRUE,1,1,0,0,0,0,1,1,1,ACTIVE_WITH_PURCHASE_HISTORY,"Keep: Has active purchase/return activity"
"E-221-03",TRUE,2,1,0,0,0,0,2,2,2,ACTIVE_WITH_PURCHASE_HISTORY,"Keep: Has active purchase/return activity"
"E-222",TRUE,2,1,0,1,1,0,1,2,2,ACTIVE_WITH_PURCHASE_HISTORY,"Keep: Has active purchase/return activity"
"E-24",TRUE,3,1,0,0,0,0,3,3,3,ACTIVE_WITH_PURCHASE_HISTORY,"Keep: Has active purchase/return activity"
"E-24-B",TRUE,2,1,0,0,0,0,2,2,2,ACTIVE_WITH_PURCHASE_HISTORY,"Keep: Has active purchase/return activity"
"E-25",TRUE,2,1,0,1,1,0,1,2,2,ACTIVE_WITH_PURCHASE_HISTORY,"Keep: Has active purchase/return activity"
"E-25-02",TRUE,1,1,0,0,0,0,2,2,2,ACTIVE_WITH_PURCHASE_HISTORY,"Keep: Has active purchase/return activity"
"E-25-03",TRUE,1,1,0,0,0,0,1,1,1,ACTIVE_WITH_PURCHASE_HISTORY,"Keep: Has active purchase/return activity"
"E-2631",TRUE,2,1,0,0,0,0,2,2,1,ACTIVE_WITH_PURCHASE_HISTORY,"Keep: Has active purchase/return activity"
"E-305",TRUE,4,1,0,1,1,0,3,4,4,ACTIVE_WITH_PURCHASE_HISTORY,"Keep: Has active purchase/return activity"
"E-39",TRUE,3,1,0,0,0,0,3,3,3,ACTIVE_WITH_PURCHASE_HISTORY,"Keep: Has active purchase/return activity"
"E-39-B",TRUE,1,1,0,0,0,0,1,1,1,ACTIVE_WITH_PURCHASE_HISTORY,"Keep: Has active purchase/return activity"
"E-49",TRUE,5,1,0,1,1,0,4,5,5,ACTIVE_WITH_PURCHASE_HISTORY,"Keep: Has active purchase/return activity"
"E-52",TRUE,3,1,0,0,0,0,3,3,3,ACTIVE_WITH_PURCHASE_HISTORY,"Keep: Has active purchase/return activity"
"E-52-B",TRUE,2,1,0,0,0,0,2,2,2,ACTIVE_WITH_PURCHASE_HISTORY,"Keep: Has active purchase/return activity"
"E-53",TRUE,3,1,0,2,2,0,1,3,3,ACTIVE_WITH_PURCHASE_HISTORY,"Keep: Has active purchase/return activity"
"E-53-02",TRUE,2,1,0,0,0,0,2,2,2,ACTIVE_WITH_PURCHASE_HISTORY,"Keep: Has active purchase/return activity"
"E-612",TRUE,4,1,0,1,1,0,3,4,4,ACTIVE_WITH_PURCHASE_HISTORY,"Keep: Has active purchase/return activity"
"E-623",TRUE,4,1,0,0,0,0,4,4,4,ACTIVE_WITH_PURCHASE_HISTORY,"Keep: Has active purchase/return activity"
"E-66",TRUE,5,1,0,1,1,0,4,5,5,ACTIVE_WITH_PURCHASE_HISTORY,"Keep: Has active purchase/return activity"
"E-69",TRUE,5,1,0,0,0,0,5,5,5,ACTIVE_WITH_PURCHASE_HISTORY,"Keep: Has active purchase/return activity"
"E-84",TRUE,5,1,0,2,2,0,3,5,5,ACTIVE_WITH_PURCHASE_HISTORY,"Keep: Has active purchase/return activity"
"E-88",TRUE,5,1,0,4,4,0,3,7,5,ACTIVE_WITH_PURCHASE_HISTORY,"Keep: Has active purchase/return activity"
"E-89",TRUE,3,1,0,3,3,0,2,5,5,ACTIVE_WITH_PURCHASE_HISTORY,"Keep: Has active purchase/return activity"
"E-89-A",TRUE,2,1,0,0,0,0,2,2,2,ACTIVE_WITH_PURCHASE_HISTORY,"Keep: Has active purchase/return activity"
"E-90",TRUE,3,1,0,0,0,0,3,3,3,ACTIVE_WITH_PURCHASE_HISTORY,"Keep: Has active purchase/return activity"
"E-90-B",TRUE,2,1,0,0,0,0,2,2,2,ACTIVE_WITH_PURCHASE_HISTORY,"Keep: Has active purchase/return activity"
"E-96",TRUE,2,1,0,0,0,0,2,2,2,ACTIVE_WITH_PURCHASE_HISTORY,"Keep: Has active purchase/return activity"
"E-96-B",TRUE,1,1,0,0,0,0,1,1,1,ACTIVE_WITH_PURCHASE_HISTORY,"Keep: Has active purchase/return activity"
"E 1",TRUE,10,1,0,0,0,0,10,10,1,ACTIVE_WITH_PURCHASE_HISTORY,"Keep: Has active purchase/return activity"
"E 2",TRUE,23,1,0,3,3,0,20,23,1,ACTIVE_WITH_PURCHASE_HISTORY,"Keep: Has active purchase/return activity"
"E 3",TRUE,4,1,0,2,2,0,2,4,1,ACTIVE_WITH_PURCHASE_HISTORY,"Keep: Has active purchase/return activity"
"E 5",TRUE,22,1,0,3,3,0,19,22,1,ACTIVE_WITH_PURCHASE_HISTORY,"Keep: Has active purchase/return activity"
"E221-04",TRUE,1,1,0,0,0,0,1,1,1,ACTIVE_WITH_PURCHASE_HISTORY,"Keep: Has active purchase/return activity"
"EC13-2/2",TRUE,2,1,0,1,1,0,1,2,1,ACTIVE_WITH_PURCHASE_HISTORY,"Keep: Has active purchase/return activity"
"EC13-2/3",TRUE,9,1,0,1,1,0,2,3,3,ACTIVE_WITH_PURCHASE_HISTORY,"Keep: Has active purchase/return activity"
"EC13-2/9",TRUE,9,1,0,1,1,0,8,9,1,ACTIVE_WITH_PURCHASE_HISTORY,"Keep: Has active purchase/return activity"
"EC17",TRUE,8,1,0,0,0,0,6,6,4,ACTIVE_WITH_PURCHASE_HISTORY,"Keep: Has active purchase/return activity"
"EH1533 PK",TRUE,1,1,0,0,0,0,1,1,1,ACTIVE_WITH_PURCHASE_HISTORY,"Keep: Has active purchase/return activity"
"EL-IW9",TRUE,1,1,0,1,1,0,0,1,1,ACTIVE_WITH_PURCHASE_HISTORY,"Keep: Has active purchase/return activity"
"ELS-02",TRUE,1,1,0,1,1,0,0,1,1,ACTIVE_WITH_PURCHASE_HISTORY,"Keep: Has active purchase/return activity"
"ELS-02-2",TRUE,1,1,0,1,1,0,0,1,1,ACTIVE_WITH_PURCHASE_HISTORY,"Keep: Has active purchase/return activity"
"ELS-02/B",TRUE,1,1,0,0,0,0,1,1,1,ACTIVE_WITH_PURCHASE_HISTORY,"Keep: Has active purchase/return activity"
"ELS-02/B-2",TRUE,1,1,0,0,0,0,1,1,1,ACTIVE_WITH_PURCHASE_HISTORY,"Keep: Has active purchase/return activity"
"ELS-13",TRUE,1,1,0,1,1,0,0,1,1,ACTIVE_WITH_PURCHASE_HISTORY,"Keep: Has active purchase/return activity"
"ELS-13-2",TRUE,1,1,0,1,1,0,0,1,1,ACTIVE_WITH_PURCHASE_HISTORY,"Keep: Has active purchase/return activity"
"EMB-108",TRUE,0,0,0,0,0,0,1,1,1,ORPHAN_WITH_STOCK,"Audit: Has physical stock/printed barcodes but no purchase record"
"ET M-1-P",TRUE,1,1,0,1,1,0,0,1,1,ACTIVE_WITH_PURCHASE_HISTORY,"Keep: Has active purchase/return activity"
"ET M-1-Y",TRUE,1,1,0,0,0,0,1,1,1,ACTIVE_WITH_PURCHASE_HISTORY,"Keep: Has active purchase/return activity"
"ET M-9-A",TRUE,1,1,0,0,0,0,1,1,1,ACTIVE_WITH_PURCHASE_HISTORY,"Keep: Has active purchase/return activity"
"ET M-9-B",TRUE,1,1,0,0,0,0,1,1,1,ACTIVE_WITH_PURCHASE_HISTORY,"Keep: Has active purchase/return activity"
"ET M-9-C",TRUE,1,1,0,0,0,0,1,1,1,ACTIVE_WITH_PURCHASE_HISTORY,"Keep: Has active purchase/return activity"
"EV-D-67",TRUE,2,2,0,3,3,4,0,2,2,ACTIVE_WITH_PURCHASE_HISTORY,"Keep: Has active purchase/return activity"
"EV-D-79",TRUE,1,1,0,1,1,0,0,1,1,ACTIVE_WITH_PURCHASE_HISTORY,"Keep: Has active purchase/return activity"
"EV-G-06",TRUE,1,1,0,1,1,0,0,1,1,ACTIVE_WITH_PURCHASE_HISTORY,"Keep: Has active purchase/return activity"
"F-1127",TRUE,3,1,0,1,1,0,2,3,1,ACTIVE_WITH_PURCHASE_HISTORY,"Keep: Has active purchase/return activity"
"F-1876",TRUE,1,1,0,1,1,0,0,1,1,ACTIVE_WITH_PURCHASE_HISTORY,"Keep: Has active purchase/return activity"
"F-1893",TRUE,1,1,0,0,0,0,1,1,1,ACTIVE_WITH_PURCHASE_HISTORY,"Keep: Has active purchase/return activity"
"F-1894",TRUE,1,1,0,0,0,0,1,1,1,ACTIVE_WITH_PURCHASE_HISTORY,"Keep: Has active purchase/return activity"
"FC-003",TRUE,4,1,0,0,0,0,4,4,4,ACTIVE_WITH_PURCHASE_HISTORY,"Keep: Has active purchase/return activity"
"FC-007-BLUE",TRUE,1,1,0,0,0,0,1,1,1,ACTIVE_WITH_PURCHASE_HISTORY,"Keep: Has active purchase/return activity"
"FC-007-BROWN",TRUE,1,1,0,0,0,0,1,1,1,ACTIVE_WITH_PURCHASE_HISTORY,"Keep: Has active purchase/return activity"
"FC-007-PEACH",TRUE,1,1,0,0,0,0,1,1,1,ACTIVE_WITH_PURCHASE_HISTORY,"Keep: Has active purchase/return activity"
"FC-007 CREAM",TRUE,1,1,0,0,0,0,1,1,1,ACTIVE_WITH_PURCHASE_HISTORY,"Keep: Has active purchase/return activity"
"FC104",TRUE,3,1,0,0,0,0,3,3,1,ACTIVE_WITH_PURCHASE_HISTORY,"Keep: Has active purchase/return activity"
"FC107",TRUE,3,1,0,2,2,0,1,3,1,ACTIVE_WITH_PURCHASE_HISTORY,"Keep: Has active purchase/return activity"
"FC111",TRUE,3,1,0,3,3,0,0,3,1,ACTIVE_WITH_PURCHASE_HISTORY,"Keep: Has active purchase/return activity"
"FC122",TRUE,3,1,0,0,0,0,3,3,1,ACTIVE_WITH_PURCHASE_HISTORY,"Keep: Has active purchase/return activity"
"FC129",TRUE,3,1,0,0,0,0,3,3,1,ACTIVE_WITH_PURCHASE_HISTORY,"Keep: Has active purchase/return activity"
"FC138",TRUE,3,1,0,0,0,0,3,3,1,ACTIVE_WITH_PURCHASE_HISTORY,"Keep: Has active purchase/return activity"
"FC139",TRUE,3,1,0,0,0,0,3,3,1,ACTIVE_WITH_PURCHASE_HISTORY,"Keep: Has active purchase/return activity"
"FC81405",TRUE,3,1,0,3,3,0,0,3,1,ACTIVE_WITH_PURCHASE_HISTORY,"Keep: Has active purchase/return activity"
"FF-1341",TRUE,4,1,0,0,0,0,4,4,1,ACTIVE_WITH_PURCHASE_HISTORY,"Keep: Has active purchase/return activity"
"FF-1796",TRUE,1,1,0,1,1,0,0,1,1,ACTIVE_WITH_PURCHASE_HISTORY,"Keep: Has active purchase/return activity"
"FF-1959",TRUE,4,1,0,0,0,0,4,4,1,ACTIVE_WITH_PURCHASE_HISTORY,"Keep: Has active purchase/return activity"
"FF-2012",TRUE,6,1,0,3,2,0,3,6,1,ACTIVE_WITH_PURCHASE_HISTORY,"Keep: Has active purchase/return activity"
"FF-2022",TRUE,5,1,0,1,1,0,4,5,1,ACTIVE_WITH_PURCHASE_HISTORY,"Keep: Has active purchase/return activity"
"FF-2027",TRUE,5,1,0,0,0,0,5,5,1,ACTIVE_WITH_PURCHASE_HISTORY,"Keep: Has active purchase/return activity"
"FF-7250",TRUE,5,1,0,0,0,0,5,5,1,ACTIVE_WITH_PURCHASE_HISTORY,"Keep: Has active purchase/return activity"
"FF/112D/67",TRUE,4,1,0,4,3,0,0,4,4,ACTIVE_WITH_PURCHASE_HISTORY,"Keep: Has active purchase/return activity"
"FF/112L/02E",TRUE,4,1,0,4,2,0,0,4,4,ACTIVE_WITH_PURCHASE_HISTORY,"Keep: Has active purchase/return activity"
"FF/335/1900",TRUE,6,1,0,0,0,0,6,6,6,ACTIVE_WITH_PURCHASE_HISTORY,"Keep: Has active purchase/return activity"
"FF/335/1915",TRUE,4,1,0,1,1,0,3,4,4,ACTIVE_WITH_PURCHASE_HISTORY,"Keep: Has active purchase/return activity"
"FF/335/1994",TRUE,4,1,0,3,3,0,1,4,4,ACTIVE_WITH_PURCHASE_HISTORY,"Keep: Has active purchase/return activity"
"FF/335/2006",TRUE,3,1,0,0,0,0,3,3,3,ACTIVE_WITH_PURCHASE_HISTORY,"Keep: Has active purchase/return activity"
"FF/335/2014",TRUE,6,1,0,1,1,0,5,6,6,ACTIVE_WITH_PURCHASE_HISTORY,"Keep: Has active purchase/return activity"
"FF/335/2036",TRUE,5,1,0,0,0,0,4,4,4,ACTIVE_WITH_PURCHASE_HISTORY,"Keep: Has active purchase/return activity"
"FF/335/2055",TRUE,5,1,0,1,1,0,4,5,5,ACTIVE_WITH_PURCHASE_HISTORY,"Keep: Has active purchase/return activity"
"FF/335/2056",TRUE,5,1,0,0,0,0,5,5,5,ACTIVE_WITH_PURCHASE_HISTORY,"Keep: Has active purchase/return activity"
"FF/335/2057",TRUE,5,1,0,0,0,0,5,5,5,ACTIVE_WITH_PURCHASE_HISTORY,"Keep: Has active purchase/return activity"
"FF/335/7248",TRUE,5,1,0,0,0,0,5,5,5,ACTIVE_WITH_PURCHASE_HISTORY,"Keep: Has active purchase/return activity"
"FF/335/7249",TRUE,5,1,0,0,0,0,5,5,5,ACTIVE_WITH_PURCHASE_HISTORY,"Keep: Has active purchase/return activity"
"FF/395/0009",TRUE,4,1,0,1,1,0,3,4,4,ACTIVE_WITH_PURCHASE_HISTORY,"Keep: Has active purchase/return activity"
"FF/670/1796",TRUE,3,1,0,2,2,0,1,3,3,ACTIVE_WITH_PURCHASE_HISTORY,"Keep: Has active purchase/return activity"
"FF/FANCY",TRUE,1,1,0,0,0,0,1,1,1,ACTIVE_WITH_PURCHASE_HISTORY,"Keep: Has active purchase/return activity"
"FGH",TRUE,0,0,0,0,0,0,1,1,1,ORPHAN_WITH_STOCK,"Audit: Has physical stock/printed barcodes but no purchase record"
"FMAN-01",TRUE,2,1,2,0,0,0,0,2,1,ACTIVE_WITH_PURCHASE_HISTORY,"Keep: Has active purchase/return activity"
"FMAS-3499",TRUE,2,1,2,0,0,0,0,2,1,ACTIVE_WITH_PURCHASE_HISTORY,"Keep: Has active purchase/return activity"
"FMBKS-293-I",TRUE,2,1,0,0,0,0,2,2,1,ACTIVE_WITH_PURCHASE_HISTORY,"Keep: Has active purchase/return activity"
"FMBKS-293-J",TRUE,2,1,2,0,0,0,0,2,1,ACTIVE_WITH_PURCHASE_HISTORY,"Keep: Has active purchase/return activity"
"FMBKS-761",TRUE,2,1,2,0,0,0,0,2,1,ACTIVE_WITH_PURCHASE_HISTORY,"Keep: Has active purchase/return activity"
"FMDE-1077",TRUE,2,1,2,0,0,0,0,2,1,ACTIVE_WITH_PURCHASE_HISTORY,"Keep: Has active purchase/return activity"
"FMDE-1078",TRUE,2,1,2,0,0,0,0,2,1,ACTIVE_WITH_PURCHASE_HISTORY,"Keep: Has active purchase/return activity"
"FMDE-1080",TRUE,2,1,2,0,0,0,0,2,1,ACTIVE_WITH_PURCHASE_HISTORY,"Keep: Has active purchase/return activity"
"FMDE-1100",TRUE,1,1,0,0,0,0,1,1,1,ACTIVE_WITH_PURCHASE_HISTORY,"Keep: Has active purchase/return activity"
"FMDE-1106",TRUE,1,1,0,0,0,0,1,1,1,ACTIVE_WITH_PURCHASE_HISTORY,"Keep: Has active purchase/return activity"
"FMDE-1112",TRUE,1,1,0,0,0,0,1,1,1,ACTIVE_WITH_PURCHASE_HISTORY,"Keep: Has active purchase/return activity"
"FMDE-1115",TRUE,1,1,0,0,0,0,1,1,1,ACTIVE_WITH_PURCHASE_HISTORY,"Keep: Has active purchase/return activity"
"FMDE-1117",TRUE,1,1,0,0,0,0,1,1,1,ACTIVE_WITH_PURCHASE_HISTORY,"Keep: Has active purchase/return activity"
"FMDE-1118",TRUE,2,1,0,2,2,0,0,2,1,ACTIVE_WITH_PURCHASE_HISTORY,"Keep: Has active purchase/return activity"
"FMDE-1119",TRUE,1,1,0,1,1,0,0,1,1,ACTIVE_WITH_PURCHASE_HISTORY,"Keep: Has active purchase/return activity"
"FMDE-328",TRUE,2,1,2,0,0,0,0,2,1,ACTIVE_WITH_PURCHASE_HISTORY,"Keep: Has active purchase/return activity"
"FMDE-331",TRUE,2,1,0,2,2,0,0,2,1,ACTIVE_WITH_PURCHASE_HISTORY,"Keep: Has active purchase/return activity"
"FMDE-543",TRUE,3,1,3,0,0,0,0,3,1,ACTIVE_WITH_PURCHASE_HISTORY,"Keep: Has active purchase/return activity"
"FMDE-771",TRUE,2,1,0,1,1,0,1,2,1,ACTIVE_WITH_PURCHASE_HISTORY,"Keep: Has active purchase/return activity"
"FMDE-844",TRUE,1,1,0,0,0,0,1,1,1,ACTIVE_WITH_PURCHASE_HISTORY,"Keep: Has active purchase/return activity"
"FMDE-846",TRUE,2,1,2,0,0,0,0,2,1,ACTIVE_WITH_PURCHASE_HISTORY,"Keep: Has active purchase/return activity"
"FMDE-860",TRUE,2,1,2,0,0,0,0,2,1,ACTIVE_WITH_PURCHASE_HISTORY,"Keep: Has active purchase/return activity"
"FMDE-864",TRUE,2,1,2,0,0,0,0,2,1,ACTIVE_WITH_PURCHASE_HISTORY,"Keep: Has active purchase/return activity"
"FMDE-871",TRUE,1,1,0,0,0,0,1,1,1,ACTIVE_WITH_PURCHASE_HISTORY,"Keep: Has active purchase/return activity"
"FMDE-902",TRUE,2,1,2,0,0,0,0,2,1,ACTIVE_WITH_PURCHASE_HISTORY,"Keep: Has active purchase/return activity"
"FMDE-903",TRUE,2,1,2,0,0,0,0,2,1,ACTIVE_WITH_PURCHASE_HISTORY,"Keep: Has active purchase/return activity"
"FMGDC-184",TRUE,2,1,0,2,2,0,0,2,1,ACTIVE_WITH_PURCHASE_HISTORY,"Keep: Has active purchase/return activity"
"FMGDC-94",TRUE,2,1,2,0,0,0,0,2,1,ACTIVE_WITH_PURCHASE_HISTORY,"Keep: Has active purchase/return activity"
"FMHA-286 B",TRUE,2,1,0,0,0,0,2,2,1,ACTIVE_WITH_PURCHASE_HISTORY,"Keep: Has active purchase/return activity"
"FMHJK-01",TRUE,2,1,0,1,1,0,1,2,1,ACTIVE_WITH_PURCHASE_HISTORY,"Keep: Has active purchase/return activity"
"FMNK-SBFA",TRUE,2,1,0,2,2,0,0,2,1,ACTIVE_WITH_PURCHASE_HISTORY,"Keep: Has active purchase/return activity"
"FMNKP-7005",TRUE,2,1,0,0,0,0,2,2,1,ACTIVE_WITH_PURCHASE_HISTORY,"Keep: Has active purchase/return activity"
"FMOFVK-86",TRUE,2,1,0,0,0,0,2,2,1,ACTIVE_WITH_PURCHASE_HISTORY,"Keep: Has active purchase/return activity"
"FMPFF-88",TRUE,2,1,0,1,1,0,1,2,1,ACTIVE_WITH_PURCHASE_HISTORY,"Keep: Has active purchase/return activity"
"FMPFVK-84",TRUE,2,1,0,2,2,0,0,2,1,ACTIVE_WITH_PURCHASE_HISTORY,"Keep: Has active purchase/return activity"
"FMPRC-284",TRUE,2,1,0,0,0,0,2,2,1,ACTIVE_WITH_PURCHASE_HISTORY,"Keep: Has active purchase/return activity"
"FMPRC-28A",TRUE,2,1,0,1,1,0,1,2,1,ACTIVE_WITH_PURCHASE_HISTORY,"Keep: Has active purchase/return activity"
"FMPS-2724",TRUE,2,1,2,0,0,0,0,2,1,ACTIVE_WITH_PURCHASE_HISTORY,"Keep: Has active purchase/return activity"
"FMRSG-3719",TRUE,2,1,0,2,2,0,0,2,1,ACTIVE_WITH_PURCHASE_HISTORY,"Keep: Has active purchase/return activity"
"FMSFVK-57",TRUE,2,1,0,0,0,0,2,2,1,ACTIVE_WITH_PURCHASE_HISTORY,"Keep: Has active purchase/return activity"
"FY-008",TRUE,0,0,0,0,0,0,1,1,1,ORPHAN_WITH_STOCK,"Audit: Has physical stock/printed barcodes but no purchase record"
"FY-008-A",TRUE,1,1,0,0,0,0,1,1,1,ACTIVE_WITH_PURCHASE_HISTORY,"Keep: Has active purchase/return activity"
"G-125D",TRUE,4,1,0,3,3,0,1,4,4,ACTIVE_WITH_PURCHASE_HISTORY,"Keep: Has active purchase/return activity"
"G-2884DR",TRUE,2,1,0,0,0,0,2,2,2,ACTIVE_WITH_PURCHASE_HISTORY,"Keep: Has active purchase/return activity"
"G-2894DR",TRUE,2,1,0,1,1,0,1,2,2,ACTIVE_WITH_PURCHASE_HISTORY,"Keep: Has active purchase/return activity"
"G-2896DR",TRUE,2,1,0,1,1,1,1,2,2,ACTIVE_WITH_PURCHASE_HISTORY,"Keep: Has active purchase/return activity"
"G-2901",TRUE,2,1,0,0,0,0,2,2,2,ACTIVE_WITH_PURCHASE_HISTORY,"Keep: Has active purchase/return activity"
"G-2913D",TRUE,4,1,0,3,3,0,1,4,4,ACTIVE_WITH_PURCHASE_HISTORY,"Keep: Has active purchase/return activity"
"G-2920D",TRUE,4,1,0,1,1,1,3,4,4,ACTIVE_WITH_PURCHASE_HISTORY,"Keep: Has active purchase/return activity"
"G-3058D",TRUE,4,1,0,1,1,0,3,4,4,ACTIVE_WITH_PURCHASE_HISTORY,"Keep: Has active purchase/return activity"
"G-3132D",TRUE,4,1,0,1,1,0,3,4,4,ACTIVE_WITH_PURCHASE_HISTORY,"Keep: Has active purchase/return activity"
"G-3273D",TRUE,4,1,0,1,1,1,3,4,4,ACTIVE_WITH_PURCHASE_HISTORY,"Keep: Has active purchase/return activity"
"G/S/1/266",TRUE,1,1,0,1,1,1,0,1,1,ACTIVE_WITH_PURCHASE_HISTORY,"Keep: Has active purchase/return activity"
"G/S/1/270",TRUE,1,1,0,0,0,0,1,1,1,ACTIVE_WITH_PURCHASE_HISTORY,"Keep: Has active purchase/return activity"
"G839",TRUE,1,1,0,1,1,0,0,1,1,ACTIVE_WITH_PURCHASE_HISTORY,"Keep: Has active purchase/return activity"
"G870",TRUE,1,1,0,0,0,0,1,1,1,ACTIVE_WITH_PURCHASE_HISTORY,"Keep: Has active purchase/return activity"
"G884",TRUE,1,1,0,0,0,0,1,1,1,ACTIVE_WITH_PURCHASE_HISTORY,"Keep: Has active purchase/return activity"
"G885",TRUE,1,1,0,1,1,0,0,1,1,ACTIVE_WITH_PURCHASE_HISTORY,"Keep: Has active purchase/return activity"
"G886",TRUE,1,1,0,1,1,0,0,1,1,ACTIVE_WITH_PURCHASE_HISTORY,"Keep: Has active purchase/return activity"
"GBPL-0093",TRUE,1,1,0,1,1,0,0,1,1,ACTIVE_WITH_PURCHASE_HISTORY,"Keep: Has active purchase/return activity"
"GD-2577",TRUE,1,1,0,0,0,0,1,1,1,ACTIVE_WITH_PURCHASE_HISTORY,"Keep: Has active purchase/return activity"
"GD2516",TRUE,1,1,0,0,0,0,1,1,1,ACTIVE_WITH_PURCHASE_HISTORY,"Keep: Has active purchase/return activity"
"GD2561",TRUE,1,1,0,0,0,0,1,1,1,ACTIVE_WITH_PURCHASE_HISTORY,"Keep: Has active purchase/return activity"
"GD2566",TRUE,1,1,0,0,0,0,1,1,1,ACTIVE_WITH_PURCHASE_HISTORY,"Keep: Has active purchase/return activity"
"GD2571",TRUE,1,1,0,0,0,0,1,1,1,ACTIVE_WITH_PURCHASE_HISTORY,"Keep: Has active purchase/return activity"
"GDA-80",TRUE,1,1,0,0,0,0,1,1,1,ACTIVE_WITH_PURCHASE_HISTORY,"Keep: Has active purchase/return activity"
"GF-138",TRUE,3,1,0,0,0,0,3,3,3,ACTIVE_WITH_PURCHASE_HISTORY,"Keep: Has active purchase/return activity"
"GH-315",TRUE,2,1,0,0,0,0,2,2,1,ACTIVE_WITH_PURCHASE_HISTORY,"Keep: Has active purchase/return activity"
"GH 1088",TRUE,1,1,0,0,0,0,1,1,1,ACTIVE_WITH_PURCHASE_HISTORY,"Keep: Has active purchase/return activity"
"GH 1134",TRUE,1,1,0,0,0,0,1,1,1,ACTIVE_WITH_PURCHASE_HISTORY,"Keep: Has active purchase/return activity"
"GH 1140",TRUE,1,1,0,0,0,0,1,1,1,ACTIVE_WITH_PURCHASE_HISTORY,"Keep: Has active purchase/return activity"
"GH 1177",TRUE,1,1,0,0,0,0,1,1,1,ACTIVE_WITH_PURCHASE_HISTORY,"Keep: Has active purchase/return activity"
"GH 1178",TRUE,1,1,0,0,0,0,1,1,1,ACTIVE_WITH_PURCHASE_HISTORY,"Keep: Has active purchase/return activity"
"GH 1182",TRUE,1,1,0,0,0,0,1,1,1,ACTIVE_WITH_PURCHASE_HISTORY,"Keep: Has active purchase/return activity"
"GH 1189",TRUE,1,1,0,0,0,0,1,1,1,ACTIVE_WITH_PURCHASE_HISTORY,"Keep: Has active purchase/return activity"
"GH 1190",TRUE,1,1,0,0,0,0,1,1,1,ACTIVE_WITH_PURCHASE_HISTORY,"Keep: Has active purchase/return activity"
"GH 1212",TRUE,1,1,0,0,0,0,1,1,1,ACTIVE_WITH_PURCHASE_HISTORY,"Keep: Has active purchase/return activity"
"GH 978",TRUE,1,1,0,0,0,0,1,1,1,ACTIVE_WITH_PURCHASE_HISTORY,"Keep: Has active purchase/return activity"
"GH/SC/00040",TRUE,1,1,0,0,0,0,1,1,1,ACTIVE_WITH_PURCHASE_HISTORY,"Keep: Has active purchase/return activity"
"GH/SC/10/00111",TRUE,1,1,0,0,0,0,1,1,1,ACTIVE_WITH_PURCHASE_HISTORY,"Keep: Has active purchase/return activity"
"GH/SC/16/183",TRUE,1,1,0,0,0,0,1,1,1,ACTIVE_WITH_PURCHASE_HISTORY,"Keep: Has active purchase/return activity"
"GI-189",TRUE,3,1,0,0,0,0,3,3,1,ACTIVE_WITH_PURCHASE_HISTORY,"Keep: Has active purchase/return activity"
"GKDG-142",TRUE,1,1,0,0,0,0,1,1,1,ACTIVE_WITH_PURCHASE_HISTORY,"Keep: Has active purchase/return activity"
"GKDG-144",TRUE,1,1,0,0,0,0,1,1,1,ACTIVE_WITH_PURCHASE_HISTORY,"Keep: Has active purchase/return activity"
"GLA-141",TRUE,1,1,0,0,0,0,1,1,1,ACTIVE_WITH_PURCHASE_HISTORY,"Keep: Has active purchase/return activity"
"GLA-149",TRUE,1,1,0,0,0,0,1,1,1,ACTIVE_WITH_PURCHASE_HISTORY,"Keep: Has active purchase/return activity"
"GLA-40",TRUE,1,1,0,0,0,0,1,1,1,ACTIVE_WITH_PURCHASE_HISTORY,"Keep: Has active purchase/return activity"
"GLC-22",TRUE,1,1,0,0,0,0,1,1,1,ACTIVE_WITH_PURCHASE_HISTORY,"Keep: Has active purchase/return activity"
"GLR-03",TRUE,1,1,0,0,0,0,1,1,1,ACTIVE_WITH_PURCHASE_HISTORY,"Keep: Has active purchase/return activity"
"GLR-117",TRUE,1,1,0,0,0,0,1,1,1,ACTIVE_WITH_PURCHASE_HISTORY,"Keep: Has active purchase/return activity"
"GLR-226",TRUE,2,1,0,0,0,0,2,2,2,ACTIVE_WITH_PURCHASE_HISTORY,"Keep: Has active purchase/return activity"
"GP-01",TRUE,1,1,0,0,0,0,1,1,1,ACTIVE_WITH_PURCHASE_HISTORY,"Keep: Has active purchase/return activity"
"GP-01-10",TRUE,3,1,0,0,0,0,2,2,1,ACTIVE_WITH_PURCHASE_HISTORY,"Keep: Has active purchase/return activity"
"GP-01-11",TRUE,1,1,0,0,0,0,1,1,1,ACTIVE_WITH_PURCHASE_HISTORY,"Keep: Has active purchase/return activity"
"GP-01-12",TRUE,1,1,0,0,0,0,1,1,1,ACTIVE_WITH_PURCHASE_HISTORY,"Keep: Has active purchase/return activity"
"GP-21",TRUE,2,1,0,0,0,0,2,2,2,ACTIVE_WITH_PURCHASE_HISTORY,"Keep: Has active purchase/return activity"
"GP-22",TRUE,1,1,0,0,0,0,1,1,1,ACTIVE_WITH_PURCHASE_HISTORY,"Keep: Has active purchase/return activity"
"GUS-305",TRUE,2,1,0,0,0,0,2,2,2,ACTIVE_WITH_PURCHASE_HISTORY,"Keep: Has active purchase/return activity"
"GUS-328",TRUE,3,1,0,0,0,0,3,3,1,ACTIVE_WITH_PURCHASE_HISTORY,"Keep: Has active purchase/return activity"
"GW28",TRUE,4,1,0,0,0,0,4,4,1,ACTIVE_WITH_PURCHASE_HISTORY,"Keep: Has active purchase/return activity"
"GW39",TRUE,2,1,0,0,0,0,2,2,1,ACTIVE_WITH_PURCHASE_HISTORY,"Keep: Has active purchase/return activity"
"GW40",TRUE,4,1,0,3,3,0,1,4,1,ACTIVE_WITH_PURCHASE_HISTORY,"Keep: Has active purchase/return activity"
"GW42",TRUE,4,1,0,1,1,0,3,4,1,ACTIVE_WITH_PURCHASE_HISTORY,"Keep: Has active purchase/return activity"
"HA-2078",TRUE,1,1,0,0,0,0,1,1,1,ACTIVE_WITH_PURCHASE_HISTORY,"Keep: Has active purchase/return activity"
"HA-3007",TRUE,2,1,0,1,1,0,1,2,2,ACTIVE_WITH_PURCHASE_HISTORY,"Keep: Has active purchase/return activity"
"HA-3007-P",TRUE,2,1,0,2,2,0,0,2,2,ACTIVE_WITH_PURCHASE_HISTORY,"Keep: Has active purchase/return activity"
"HA-5018",TRUE,2,1,0,0,0,0,2,2,2,ACTIVE_WITH_PURCHASE_HISTORY,"Keep: Has active purchase/return activity"
"HA-6023",TRUE,1,1,0,0,0,0,1,1,1,ACTIVE_WITH_PURCHASE_HISTORY,"Keep: Has active purchase/return activity"
"HA-6059-A",TRUE,1,1,0,0,0,0,1,1,1,ACTIVE_WITH_PURCHASE_HISTORY,"Keep: Has active purchase/return activity"
"HA-6059-B",TRUE,1,1,0,0,0,0,1,1,1,ACTIVE_WITH_PURCHASE_HISTORY,"Keep: Has active purchase/return activity"
"HA-6081",TRUE,2,2,0,1,1,0,2,3,3,ACTIVE_WITH_PURCHASE_HISTORY,"Keep: Has active purchase/return activity"
"HA-6095",TRUE,1,1,0,0,0,0,1,1,1,ACTIVE_WITH_PURCHASE_HISTORY,"Keep: Has active purchase/return activity"
"HA-7009",TRUE,4,1,0,0,0,0,4,4,4,ACTIVE_WITH_PURCHASE_HISTORY,"Keep: Has active purchase/return activity"
"HA-7022",TRUE,1,1,0,1,1,0,0,1,1,ACTIVE_WITH_PURCHASE_HISTORY,"Keep: Has active purchase/return activity"
"HA-7023",TRUE,1,1,0,0,0,0,1,1,1,ACTIVE_WITH_PURCHASE_HISTORY,"Keep: Has active purchase/return activity"
"HA-7061",TRUE,2,1,0,0,0,0,2,2,2,ACTIVE_WITH_PURCHASE_HISTORY,"Keep: Has active purchase/return activity"
"HA-7090",TRUE,1,1,0,0,0,0,1,1,1,ACTIVE_WITH_PURCHASE_HISTORY,"Keep: Has active purchase/return activity"
"HAPN16024",TRUE,1,1,0,0,0,0,1,1,1,ACTIVE_WITH_PURCHASE_HISTORY,"Keep: Has active purchase/return activity"
"HAPN16374",TRUE,2,1,0,1,1,0,1,2,1,ACTIVE_WITH_PURCHASE_HISTORY,"Keep: Has active purchase/return activity"
"HB-1003",TRUE,2,1,0,0,0,0,2,2,2,ACTIVE_WITH_PURCHASE_HISTORY,"Keep: Has active purchase/return activity"
"HB-1017",TRUE,3,1,0,0,0,0,3,3,3,ACTIVE_WITH_PURCHASE_HISTORY,"Keep: Has active purchase/return activity"
"HB-1036",TRUE,3,1,0,1,1,0,2,3,3,ACTIVE_WITH_PURCHASE_HISTORY,"Keep: Has active purchase/return activity"
"HB-1046-G",TRUE,2,1,0,1,1,0,1,2,2,ACTIVE_WITH_PURCHASE_HISTORY,"Keep: Has active purchase/return activity"
"HB-1046-GY",TRUE,2,1,0,1,1,0,1,2,2,ACTIVE_WITH_PURCHASE_HISTORY,"Keep: Has active purchase/return activity"
"HB-1046-ON",TRUE,2,1,0,2,2,0,0,2,2,ACTIVE_WITH_PURCHASE_HISTORY,"Keep: Has active purchase/return activity"
"HB-1046-P",TRUE,2,1,0,1,1,0,1,2,2,ACTIVE_WITH_PURCHASE_HISTORY,"Keep: Has active purchase/return activity"
"HB-1051",TRUE,2,1,0,0,0,0,2,2,2,ACTIVE_WITH_PURCHASE_HISTORY,"Keep: Has active purchase/return activity"
"HB-1052",TRUE,1,1,0,0,0,0,1,1,1,ACTIVE_WITH_PURCHASE_HISTORY,"Keep: Has active purchase/return activity"
"HBP-01",TRUE,1,1,0,0,0,0,1,1,1,ACTIVE_WITH_PURCHASE_HISTORY,"Keep: Has active purchase/return activity"
"HD-21",TRUE,3,1,0,2,2,0,1,3,3,ACTIVE_WITH_PURCHASE_HISTORY,"Keep: Has active purchase/return activity"
"HD-28",TRUE,2,1,0,1,1,0,1,2,2,ACTIVE_WITH_PURCHASE_HISTORY,"Keep: Has active purchase/return activity"
"HES-4714",TRUE,1,1,0,0,0,0,1,1,1,ACTIVE_WITH_PURCHASE_HISTORY,"Keep: Has active purchase/return activity"
"HF-327",TRUE,3,1,0,0,0,0,3,3,3,ACTIVE_WITH_PURCHASE_HISTORY,"Keep: Has active purchase/return activity"
"HF-346",TRUE,1,1,0,0,0,0,1,1,1,ACTIVE_WITH_PURCHASE_HISTORY,"Keep: Has active purchase/return activity"
"HF-4",TRUE,6,1,0,0,0,0,6,6,6,ACTIVE_WITH_PURCHASE_HISTORY,"Keep: Has active purchase/return activity"
"HF346",TRUE,5,1,0,0,0,0,5,5,1,ACTIVE_WITH_PURCHASE_HISTORY,"Keep: Has active purchase/return activity"
"HF420",TRUE,2,1,0,2,2,0,0,2,1,ACTIVE_WITH_PURCHASE_HISTORY,"Keep: Has active purchase/return activity"
"HG37",TRUE,3,1,0,0,0,0,3,3,1,ACTIVE_WITH_PURCHASE_HISTORY,"Keep: Has active purchase/return activity"
"HJA65",TRUE,1,1,0,1,1,0,0,1,1,ACTIVE_WITH_PURCHASE_HISTORY,"Keep: Has active purchase/return activity"
"HKD-189",TRUE,3,1,0,2,2,0,0,2,2,ACTIVE_WITH_PURCHASE_HISTORY,"Keep: Has active purchase/return activity"
"HKD-192",TRUE,1,1,0,1,1,0,0,1,1,ACTIVE_WITH_PURCHASE_HISTORY,"Keep: Has active purchase/return activity"
"HKD-196",TRUE,2,1,0,0,0,0,2,2,2,ACTIVE_WITH_PURCHASE_HISTORY,"Keep: Has active purchase/return activity"
"HKD-212",TRUE,1,1,0,0,0,0,1,1,1,ACTIVE_WITH_PURCHASE_HISTORY,"Keep: Has active purchase/return activity"
"HKD-218",TRUE,1,1,0,0,0,0,1,1,1,ACTIVE_WITH_PURCHASE_HISTORY,"Keep: Has active purchase/return activity"
"HKD-228",TRUE,2,1,0,1,1,0,1,2,2,ACTIVE_WITH_PURCHASE_HISTORY,"Keep: Has active purchase/return activity"
"HKD-235",TRUE,2,1,0,2,2,0,0,2,2,ACTIVE_WITH_PURCHASE_HISTORY,"Keep: Has active purchase/return activity"
"HKD-245",TRUE,2,1,0,0,0,0,2,2,2,ACTIVE_WITH_PURCHASE_HISTORY,"Keep: Has active purchase/return activity"
"HL-082A",TRUE,5,1,0,2,1,0,3,5,1,ACTIVE_WITH_PURCHASE_HISTORY,"Keep: Has active purchase/return activity"
"HL-083E",TRUE,3,1,0,1,1,0,2,3,1,ACTIVE_WITH_PURCHASE_HISTORY,"Keep: Has active purchase/return activity"
"HL-105",TRUE,3,1,0,1,1,0,2,3,1,ACTIVE_WITH_PURCHASE_HISTORY,"Keep: Has active purchase/return activity"
"HL-107",TRUE,6,1,0,2,2,0,4,6,1,ACTIVE_WITH_PURCHASE_HISTORY,"Keep: Has active purchase/return activity"
"HM85",TRUE,3,1,0,0,0,0,3,3,1,ACTIVE_WITH_PURCHASE_HISTORY,"Keep: Has active purchase/return activity"
"HP-101",TRUE,3,1,0,1,1,0,2,3,1,ACTIVE_WITH_PURCHASE_HISTORY,"Keep: Has active purchase/return activity"
"HP-156",TRUE,5,1,0,1,1,0,4,5,1,ACTIVE_WITH_PURCHASE_HISTORY,"Keep: Has active purchase/return activity"
"HP-202",TRUE,4,1,0,1,1,0,3,4,1,ACTIVE_WITH_PURCHASE_HISTORY,"Keep: Has active purchase/return activity"
"HP-212",TRUE,3,1,0,2,2,1,0,1,1,ACTIVE_WITH_PURCHASE_HISTORY,"Keep: Has active purchase/return activity"
"HP-212E",TRUE,4,1,0,2,2,0,0,2,1,ACTIVE_WITH_PURCHASE_HISTORY,"Keep: Has active purchase/return activity"
"HP-415A",TRUE,3,1,0,1,1,0,2,3,3,ACTIVE_WITH_PURCHASE_HISTORY,"Keep: Has active purchase/return activity"
"HP-415E",TRUE,3,1,0,0,0,0,3,3,3,ACTIVE_WITH_PURCHASE_HISTORY,"Keep: Has active purchase/return activity"
"HP-739",TRUE,2,1,1,1,1,0,0,2,1,ACTIVE_WITH_PURCHASE_HISTORY,"Keep: Has active purchase/return activity"
"HP-901",TRUE,9,1,1,1,1,0,7,9,1,ACTIVE_WITH_PURCHASE_HISTORY,"Keep: Has active purchase/return activity"
"HT-13",TRUE,5,1,0,0,0,0,4,4,3,ACTIVE_WITH_PURCHASE_HISTORY,"Keep: Has active purchase/return activity"
"HT-40",TRUE,1,1,0,0,0,0,1,1,1,ACTIVE_WITH_PURCHASE_HISTORY,"Keep: Has active purchase/return activity"
"I 10045",TRUE,1,1,0,0,0,0,1,1,1,ACTIVE_WITH_PURCHASE_HISTORY,"Keep: Has active purchase/return activity"
"I 10067",TRUE,0,0,0,0,0,0,0,0,0,SAFE_TO_DELETE_IDLE,"Safe to Delete: No purchases, returns, sales, or stock"
"IA-1",TRUE,2,1,0,0,0,0,2,2,2,ACTIVE_WITH_PURCHASE_HISTORY,"Keep: Has active purchase/return activity"
"IA-1-5",TRUE,2,1,0,0,0,0,3,3,2,ACTIVE_WITH_PURCHASE_HISTORY,"Keep: Has active purchase/return activity"
"IA-1-6",TRUE,1,1,0,0,0,0,1,1,1,ACTIVE_WITH_PURCHASE_HISTORY,"Keep: Has active purchase/return activity"
"IG-119",TRUE,1,1,0,0,0,0,1,1,1,ACTIVE_WITH_PURCHASE_HISTORY,"Keep: Has active purchase/return activity"
"IG-124",TRUE,1,1,0,1,1,0,0,1,1,ACTIVE_WITH_PURCHASE_HISTORY,"Keep: Has active purchase/return activity"
"IK-192",TRUE,1,1,0,0,0,0,1,1,1,ACTIVE_WITH_PURCHASE_HISTORY,"Keep: Has active purchase/return activity"
"IK-276",TRUE,1,1,0,0,0,0,1,1,1,ACTIVE_WITH_PURCHASE_HISTORY,"Keep: Has active purchase/return activity"
"IK-79",TRUE,2,1,0,1,1,0,1,2,2,ACTIVE_WITH_PURCHASE_HISTORY,"Keep: Has active purchase/return activity"
"IK-83",TRUE,6,1,0,5,5,0,1,5,4,ACTIVE_WITH_PURCHASE_HISTORY,"Keep: Has active purchase/return activity"
"IK 307",TRUE,1,1,0,0,0,0,1,1,1,ACTIVE_WITH_PURCHASE_HISTORY,"Keep: Has active purchase/return activity"
"IQ-181",TRUE,1,1,0,0,0,0,1,1,1,ACTIVE_WITH_PURCHASE_HISTORY,"Keep: Has active purchase/return activity"
"IQ-199",TRUE,1,1,0,1,1,0,0,1,1,ACTIVE_WITH_PURCHASE_HISTORY,"Keep: Has active purchase/return activity"
"IQ-212",TRUE,1,1,0,0,0,0,1,1,1,ACTIVE_WITH_PURCHASE_HISTORY,"Keep: Has active purchase/return activity"
"IQ-217",TRUE,2,1,0,0,0,0,2,2,2,ACTIVE_WITH_PURCHASE_HISTORY,"Keep: Has active purchase/return activity"
"IQ-227",TRUE,1,1,0,0,0,0,1,1,1,ACTIVE_WITH_PURCHASE_HISTORY,"Keep: Has active purchase/return activity"
"IRT-278",TRUE,1,1,0,1,1,0,0,1,1,ACTIVE_WITH_PURCHASE_HISTORY,"Keep: Has active purchase/return activity"
"IRT-DR-278",TRUE,1,1,0,1,1,0,0,1,1,ACTIVE_WITH_PURCHASE_HISTORY,"Keep: Has active purchase/return activity"
"IRT/CW/321",TRUE,3,1,0,0,0,0,3,3,3,ACTIVE_WITH_PURCHASE_HISTORY,"Keep: Has active purchase/return activity"
"IRT/CW/322",TRUE,9,1,0,3,3,0,6,9,6,ACTIVE_WITH_PURCHASE_HISTORY,"Keep: Has active purchase/return activity"
"IRT/DR/278",TRUE,1,1,0,1,1,0,0,1,1,ACTIVE_WITH_PURCHASE_HISTORY,"Keep: Has active purchase/return activity"
"IRT/KC/324",TRUE,6,1,0,1,1,0,1,2,2,ACTIVE_WITH_PURCHASE_HISTORY,"Keep: Has active purchase/return activity"
"IRT/KC/327",TRUE,3,1,0,0,0,0,2,2,2,ACTIVE_WITH_PURCHASE_HISTORY,"Keep: Has active purchase/return activity"
"IRT/KC/328",TRUE,3,1,0,1,1,0,1,2,2,ACTIVE_WITH_PURCHASE_HISTORY,"Keep: Has active purchase/return activity"
"IRT/KC/332",TRUE,3,1,0,1,1,0,1,2,2,ACTIVE_WITH_PURCHASE_HISTORY,"Keep: Has active purchase/return activity"
"IRT/KR/354",TRUE,1,1,0,0,0,0,1,1,1,ACTIVE_WITH_PURCHASE_HISTORY,"Keep: Has active purchase/return activity"
"IRT/KR/355",TRUE,1,1,0,0,0,0,1,1,1,ACTIVE_WITH_PURCHASE_HISTORY,"Keep: Has active purchase/return activity"
"IRT/KR/358",TRUE,1,1,0,0,0,0,1,1,1,ACTIVE_WITH_PURCHASE_HISTORY,"Keep: Has active purchase/return activity"
"ISH 652",TRUE,3,1,0,1,1,0,1,2,2,ACTIVE_WITH_PURCHASE_HISTORY,"Keep: Has active purchase/return activity"
"ISH 652 B",TRUE,3,1,0,1,1,0,2,3,2,ACTIVE_WITH_PURCHASE_HISTORY,"Keep: Has active purchase/return activity"
"ISH 652 W",TRUE,0,0,0,0,0,0,0,0,0,SAFE_TO_DELETE_IDLE,"Safe to Delete: No purchases, returns, sales, or stock"
"ISH 652B",TRUE,0,0,0,0,0,0,0,0,0,SAFE_TO_DELETE_IDLE,"Safe to Delete: No purchases, returns, sales, or stock"
"ISH 654",TRUE,3,1,0,0,0,0,3,3,2,ACTIVE_WITH_PURCHASE_HISTORY,"Keep: Has active purchase/return activity"
"ISH 654 1",TRUE,3,1,0,0,0,0,2,2,2,ACTIVE_WITH_PURCHASE_HISTORY,"Keep: Has active purchase/return activity"
"ITU-3-C",TRUE,1,1,0,0,0,0,1,1,1,ACTIVE_WITH_PURCHASE_HISTORY,"Keep: Has active purchase/return activity"
"ITU-3-G",TRUE,1,1,0,0,0,0,1,1,1,ACTIVE_WITH_PURCHASE_HISTORY,"Keep: Has active purchase/return activity"
"ITU-6",TRUE,2,1,0,0,0,0,2,2,1,ACTIVE_WITH_PURCHASE_HISTORY,"Keep: Has active purchase/return activity"
"IW-1164",TRUE,1,1,0,1,1,0,0,1,1,ACTIVE_WITH_PURCHASE_HISTORY,"Keep: Has active purchase/return activity"
"IW-1184A",TRUE,2,2,0,1,1,0,1,2,2,ACTIVE_WITH_PURCHASE_HISTORY,"Keep: Has active purchase/return activity"
"IW-1185",TRUE,1,1,0,0,0,0,1,1,1,ACTIVE_WITH_PURCHASE_HISTORY,"Keep: Has active purchase/return activity"
"IW-1189",TRUE,1,1,0,1,1,0,0,1,1,ACTIVE_WITH_PURCHASE_HISTORY,"Keep: Has active purchase/return activity"
"IW-1206",TRUE,2,2,0,1,1,0,1,2,2,ACTIVE_WITH_PURCHASE_HISTORY,"Keep: Has active purchase/return activity"
"IW-1234",TRUE,1,1,0,1,1,0,0,1,1,ACTIVE_WITH_PURCHASE_HISTORY,"Keep: Has active purchase/return activity"
"IW-1251",TRUE,2,2,0,1,1,0,1,2,2,ACTIVE_WITH_PURCHASE_HISTORY,"Keep: Has active purchase/return activity"
"IW-1276",TRUE,1,1,0,0,0,0,1,1,1,ACTIVE_WITH_PURCHASE_HISTORY,"Keep: Has active purchase/return activity"
"IW-1280",TRUE,2,2,0,1,1,0,1,2,2,ACTIVE_WITH_PURCHASE_HISTORY,"Keep: Has active purchase/return activity"
"IW-1294",TRUE,1,1,0,1,1,0,0,1,1,ACTIVE_WITH_PURCHASE_HISTORY,"Keep: Has active purchase/return activity"
"IW-1309",TRUE,1,1,0,1,1,1,1,1,1,ACTIVE_WITH_PURCHASE_HISTORY,"Keep: Has active purchase/return activity"
"IW-1310",TRUE,1,1,0,0,0,0,1,1,1,ACTIVE_WITH_PURCHASE_HISTORY,"Keep: Has active purchase/return activity"
"IW-1358R",TRUE,1,1,0,0,0,0,1,1,1,ACTIVE_WITH_PURCHASE_HISTORY,"Keep: Has active purchase/return activity"
"IW-1362",TRUE,1,1,0,1,1,0,0,1,1,ACTIVE_WITH_PURCHASE_HISTORY,"Keep: Has active purchase/return activity"
"IW-1384X",TRUE,1,1,0,1,1,0,0,1,1,ACTIVE_WITH_PURCHASE_HISTORY,"Keep: Has active purchase/return activity"
"IW1166",TRUE,1,1,0,1,1,0,0,1,1,ACTIVE_WITH_PURCHASE_HISTORY,"Keep: Has active purchase/return activity"
"IW1182A",TRUE,1,1,0,0,0,0,1,1,1,ACTIVE_WITH_PURCHASE_HISTORY,"Keep: Has active purchase/return activity"
"IW1185",TRUE,1,1,0,1,1,0,0,1,1,ACTIVE_WITH_PURCHASE_HISTORY,"Keep: Has active purchase/return activity"
"IW1229",TRUE,1,1,0,0,0,0,1,1,1,ACTIVE_WITH_PURCHASE_HISTORY,"Keep: Has active purchase/return activity"
"IW1239",TRUE,1,1,0,0,0,0,1,1,1,ACTIVE_WITH_PURCHASE_HISTORY,"Keep: Has active purchase/return activity"
"IW1313",TRUE,1,1,0,0,0,0,1,1,1,ACTIVE_WITH_PURCHASE_HISTORY,"Keep: Has active purchase/return activity"
"IW1337A",TRUE,1,1,0,0,0,0,1,1,1,ACTIVE_WITH_PURCHASE_HISTORY,"Keep: Has active purchase/return activity"
"IW1346",TRUE,1,1,0,0,0,0,1,1,1,ACTIVE_WITH_PURCHASE_HISTORY,"Keep: Has active purchase/return activity"
"IW1348",TRUE,1,1,0,0,0,0,1,1,1,ACTIVE_WITH_PURCHASE_HISTORY,"Keep: Has active purchase/return activity"
"J1",TRUE,28,1,0,2,2,0,26,28,1,ACTIVE_WITH_PURCHASE_HISTORY,"Keep: Has active purchase/return activity"
"J2",TRUE,8,1,0,2,2,0,6,8,1,ACTIVE_WITH_PURCHASE_HISTORY,"Keep: Has active purchase/return activity"
"JAN-26-01",TRUE,1,1,0,1,1,0,0,1,1,ACTIVE_WITH_PURCHASE_HISTORY,"Keep: Has active purchase/return activity"
"JG-109",TRUE,1,1,0,0,0,0,1,1,1,ACTIVE_WITH_PURCHASE_HISTORY,"Keep: Has active purchase/return activity"
"JI-181J",TRUE,1,1,0,1,1,0,0,1,1,ACTIVE_WITH_PURCHASE_HISTORY,"Keep: Has active purchase/return activity"
"JK-662",TRUE,4,1,0,0,0,0,4,4,4,ACTIVE_WITH_PURCHASE_HISTORY,"Keep: Has active purchase/return activity"
"JK-671",TRUE,4,1,0,1,1,0,3,4,4,ACTIVE_WITH_PURCHASE_HISTORY,"Keep: Has active purchase/return activity"
"JK-675",TRUE,4,1,0,0,0,0,4,4,4,ACTIVE_WITH_PURCHASE_HISTORY,"Keep: Has active purchase/return activity"
"JK-687",TRUE,4,1,0,0,0,0,4,4,4,ACTIVE_WITH_PURCHASE_HISTORY,"Keep: Has active purchase/return activity"
"JK-689",TRUE,4,1,0,0,0,0,4,4,4,ACTIVE_WITH_PURCHASE_HISTORY,"Keep: Has active purchase/return activity"
"JK-697",TRUE,0,0,0,0,0,0,8,8,8,ORPHAN_WITH_STOCK,"Audit: Has physical stock/printed barcodes but no purchase record"
"JK-697-",TRUE,0,0,0,0,0,0,4,4,4,ORPHAN_WITH_STOCK,"Audit: Has physical stock/printed barcodes but no purchase record"
"JK-697-BEIGE",TRUE,4,1,0,0,0,0,4,4,4,ACTIVE_WITH_PURCHASE_HISTORY,"Keep: Has active purchase/return activity"
"JLM92",TRUE,1,1,0,0,0,0,1,1,1,ACTIVE_WITH_PURCHASE_HISTORY,"Keep: Has active purchase/return activity"
"JLM94",TRUE,2,1,0,0,0,0,2,2,1,ACTIVE_WITH_PURCHASE_HISTORY,"Keep: Has active purchase/return activity"
"JLM95",TRUE,1,1,0,0,0,0,1,1,1,ACTIVE_WITH_PURCHASE_HISTORY,"Keep: Has active purchase/return activity"
"JLM96",TRUE,2,1,0,0,0,0,2,2,1,ACTIVE_WITH_PURCHASE_HISTORY,"Keep: Has active purchase/return activity"
"JS438718",TRUE,1,1,0,0,0,0,1,1,1,ACTIVE_WITH_PURCHASE_HISTORY,"Keep: Has active purchase/return activity"
"JS438720",TRUE,1,1,0,0,0,0,1,1,1,ACTIVE_WITH_PURCHASE_HISTORY,"Keep: Has active purchase/return activity"
"JS438723",TRUE,1,1,0,0,0,0,1,1,1,ACTIVE_WITH_PURCHASE_HISTORY,"Keep: Has active purchase/return activity"
"JS438726",TRUE,1,1,0,0,0,0,1,1,1,ACTIVE_WITH_PURCHASE_HISTORY,"Keep: Has active purchase/return activity"
"JS438729",TRUE,1,1,0,0,0,0,1,1,1,ACTIVE_WITH_PURCHASE_HISTORY,"Keep: Has active purchase/return activity"
"JS439840",TRUE,1,1,0,1,1,0,0,1,1,ACTIVE_WITH_PURCHASE_HISTORY,"Keep: Has active purchase/return activity"
"JS439842",TRUE,1,1,0,0,0,0,1,1,1,ACTIVE_WITH_PURCHASE_HISTORY,"Keep: Has active purchase/return activity"
"JS439844",TRUE,1,1,0,0,0,0,1,1,1,ACTIVE_WITH_PURCHASE_HISTORY,"Keep: Has active purchase/return activity"
"JS439847",TRUE,1,1,0,0,0,0,1,1,1,ACTIVE_WITH_PURCHASE_HISTORY,"Keep: Has active purchase/return activity"
"JS439850",TRUE,1,1,0,0,0,0,1,1,1,ACTIVE_WITH_PURCHASE_HISTORY,"Keep: Has active purchase/return activity"
"JS439861",TRUE,1,1,0,0,0,0,1,1,1,ACTIVE_WITH_PURCHASE_HISTORY,"Keep: Has active purchase/return activity"
"JS439863",TRUE,1,1,0,0,0,0,1,1,1,ACTIVE_WITH_PURCHASE_HISTORY,"Keep: Has active purchase/return activity"
"JS439865",TRUE,1,1,0,0,0,0,1,1,1,ACTIVE_WITH_PURCHASE_HISTORY,"Keep: Has active purchase/return activity"
"JS439866",TRUE,2,1,0,0,0,0,1,1,1,ACTIVE_WITH_PURCHASE_HISTORY,"Keep: Has active purchase/return activity"
"JS439872",TRUE,1,1,0,0,0,0,1,1,1,ACTIVE_WITH_PURCHASE_HISTORY,"Keep: Has active purchase/return activity"
"JS439875",TRUE,1,1,0,0,0,0,1,1,1,ACTIVE_WITH_PURCHASE_HISTORY,"Keep: Has active purchase/return activity"
"JS439876",TRUE,1,1,0,0,0,0,1,1,1,ACTIVE_WITH_PURCHASE_HISTORY,"Keep: Has active purchase/return activity"
"JS439877",TRUE,1,1,0,0,0,0,1,1,1,ACTIVE_WITH_PURCHASE_HISTORY,"Keep: Has active purchase/return activity"
"JS439878",TRUE,1,1,0,0,0,0,1,1,1,ACTIVE_WITH_PURCHASE_HISTORY,"Keep: Has active purchase/return activity"
"JS439880",TRUE,1,1,0,0,0,0,1,1,1,ACTIVE_WITH_PURCHASE_HISTORY,"Keep: Has active purchase/return activity"
"JS439886",TRUE,1,1,0,0,0,0,1,1,1,ACTIVE_WITH_PURCHASE_HISTORY,"Keep: Has active purchase/return activity"
"JS439887",TRUE,1,1,0,0,0,0,1,1,1,ACTIVE_WITH_PURCHASE_HISTORY,"Keep: Has active purchase/return activity"
"JS4398948",TRUE,1,1,0,0,0,0,1,1,1,ACTIVE_WITH_PURCHASE_HISTORY,"Keep: Has active purchase/return activity"
"JS440066",TRUE,0,0,0,0,0,0,1,1,1,ORPHAN_WITH_STOCK,"Audit: Has physical stock/printed barcodes but no purchase record"
"JS440072",TRUE,1,1,0,0,0,0,1,1,1,ACTIVE_WITH_PURCHASE_HISTORY,"Keep: Has active purchase/return activity"
"JS440073",TRUE,1,1,0,0,0,0,1,1,1,ACTIVE_WITH_PURCHASE_HISTORY,"Keep: Has active purchase/return activity"
"JS440086",TRUE,1,1,0,0,0,0,1,1,1,ACTIVE_WITH_PURCHASE_HISTORY,"Keep: Has active purchase/return activity"
"JS440529",TRUE,1,1,0,0,0,0,1,1,1,ACTIVE_WITH_PURCHASE_HISTORY,"Keep: Has active purchase/return activity"
"JS440530",TRUE,1,1,0,0,0,0,1,1,1,ACTIVE_WITH_PURCHASE_HISTORY,"Keep: Has active purchase/return activity"
"JS440532",TRUE,1,1,0,0,0,0,1,1,1,ACTIVE_WITH_PURCHASE_HISTORY,"Keep: Has active purchase/return activity"
"JY-473",TRUE,1,1,0,1,1,0,0,1,1,ACTIVE_WITH_PURCHASE_HISTORY,"Keep: Has active purchase/return activity"
"K-0356 1",TRUE,7,1,0,2,2,0,5,7,7,ACTIVE_WITH_PURCHASE_HISTORY,"Keep: Has active purchase/return activity"
"K-0651",TRUE,3,1,0,1,1,0,2,3,3,ACTIVE_WITH_PURCHASE_HISTORY,"Keep: Has active purchase/return activity"
"K-0651-B",TRUE,1,1,0,1,1,0,0,1,1,ACTIVE_WITH_PURCHASE_HISTORY,"Keep: Has active purchase/return activity"
"K-070C",TRUE,5,1,0,1,1,0,4,5,4,ACTIVE_WITH_PURCHASE_HISTORY,"Keep: Has active purchase/return activity"
"K-070R",TRUE,3,1,0,0,0,0,3,3,3,ACTIVE_WITH_PURCHASE_HISTORY,"Keep: Has active purchase/return activity"
"K-0807",TRUE,4,1,0,0,0,0,4,4,4,ACTIVE_WITH_PURCHASE_HISTORY,"Keep: Has active purchase/return activity"
"K-0807-B",TRUE,3,1,0,0,0,0,3,3,3,ACTIVE_WITH_PURCHASE_HISTORY,"Keep: Has active purchase/return activity"
"K-0878",TRUE,8,1,0,0,0,0,6,6,4,ACTIVE_WITH_PURCHASE_HISTORY,"Keep: Has active purchase/return activity"
"K-0878-B",TRUE,3,1,0,0,0,0,3,3,3,ACTIVE_WITH_PURCHASE_HISTORY,"Keep: Has active purchase/return activity"
"K-1007",TRUE,8,1,0,8,8,0,0,7,4,ACTIVE_WITH_PURCHASE_HISTORY,"Keep: Has active purchase/return activity"
"K-1007-B",TRUE,4,1,0,2,2,3,3,4,3,ACTIVE_WITH_PURCHASE_HISTORY,"Keep: Has active purchase/return activity"
"K-1007-WB",TRUE,3,1,0,2,2,0,1,3,3,ACTIVE_WITH_PURCHASE_HISTORY,"Keep: Has active purchase/return activity"
"K-1007 -W",TRUE,4,1,0,4,4,0,0,4,4,ACTIVE_WITH_PURCHASE_HISTORY,"Keep: Has active purchase/return activity"
"K-1025-A",TRUE,7,1,0,0,0,0,6,6,4,ACTIVE_WITH_PURCHASE_HISTORY,"Keep: Has active purchase/return activity"
"K-1025-B",TRUE,2,1,0,1,1,0,1,2,2,ACTIVE_WITH_PURCHASE_HISTORY,"Keep: Has active purchase/return activity"
"K-1026",TRUE,8,1,0,0,0,0,6,6,4,ACTIVE_WITH_PURCHASE_HISTORY,"Keep: Has active purchase/return activity"
"K-1026-B",TRUE,3,1,0,1,1,0,2,3,3,ACTIVE_WITH_PURCHASE_HISTORY,"Keep: Has active purchase/return activity"
"K-2711",TRUE,3,1,0,1,1,0,2,3,3,ACTIVE_WITH_PURCHASE_HISTORY,"Keep: Has active purchase/return activity"
"K-2919",TRUE,3,1,0,2,2,0,1,3,3,ACTIVE_WITH_PURCHASE_HISTORY,"Keep: Has active purchase/return activity"
"K-2941",TRUE,4,1,0,2,2,0,2,4,4,ACTIVE_WITH_PURCHASE_HISTORY,"Keep: Has active purchase/return activity"
"K-2978",TRUE,3,1,0,0,0,0,3,3,3,ACTIVE_WITH_PURCHASE_HISTORY,"Keep: Has active purchase/return activity"
"K-3007",TRUE,3,1,0,0,0,0,3,3,3,ACTIVE_WITH_PURCHASE_HISTORY,"Keep: Has active purchase/return activity"
"K-3008",TRUE,3,1,0,0,0,0,3,3,3,ACTIVE_WITH_PURCHASE_HISTORY,"Keep: Has active purchase/return activity"
"K-3822",TRUE,1,1,0,1,1,0,0,1,1,ACTIVE_WITH_PURCHASE_HISTORY,"Keep: Has active purchase/return activity"
"K-3874",TRUE,1,1,0,0,0,0,1,1,1,ACTIVE_WITH_PURCHASE_HISTORY,"Keep: Has active purchase/return activity"
"K-3884",TRUE,1,1,0,1,1,0,0,1,1,ACTIVE_WITH_PURCHASE_HISTORY,"Keep: Has active purchase/return activity"
"K-38880",TRUE,1,1,0,1,1,0,0,1,1,ACTIVE_WITH_PURCHASE_HISTORY,"Keep: Has active purchase/return activity"
"K-3946",TRUE,1,1,0,0,0,0,1,1,1,ACTIVE_WITH_PURCHASE_HISTORY,"Keep: Has active purchase/return activity"
"K-6761 1",TRUE,7,1,0,1,1,0,6,7,7,ACTIVE_WITH_PURCHASE_HISTORY,"Keep: Has active purchase/return activity"
"K-6762 1",TRUE,7,1,0,2,2,0,5,7,7,ACTIVE_WITH_PURCHASE_HISTORY,"Keep: Has active purchase/return activity"
"K03SR",TRUE,1,1,0,0,0,0,1,1,1,ACTIVE_WITH_PURCHASE_HISTORY,"Keep: Has active purchase/return activity"
"K2002-M7//",TRUE,1,1,0,0,0,0,1,1,1,ACTIVE_WITH_PURCHASE_HISTORY,"Keep: Has active purchase/return activity"
"K2076-M7// 12879",TRUE,1,1,0,0,0,0,1,1,1,ACTIVE_WITH_PURCHASE_HISTORY,"Keep: Has active purchase/return activity"
"K2121-M08// 12877",TRUE,1,1,0,0,0,0,1,1,1,ACTIVE_WITH_PURCHASE_HISTORY,"Keep: Has active purchase/return activity"
"K2124-TSC/C107//",TRUE,1,1,0,0,0,0,1,1,1,ACTIVE_WITH_PURCHASE_HISTORY,"Keep: Has active purchase/return activity"
"K2126-TS/C128// 12881",TRUE,1,1,0,0,0,0,1,1,1,ACTIVE_WITH_PURCHASE_HISTORY,"Keep: Has active purchase/return activity"
"K2128-M7// 12880",TRUE,1,1,0,0,0,0,1,1,1,ACTIVE_WITH_PURCHASE_HISTORY,"Keep: Has active purchase/return activity"
"K2985",TRUE,3,1,0,1,1,0,2,3,1,ACTIVE_WITH_PURCHASE_HISTORY,"Keep: Has active purchase/return activity"
"K2989",TRUE,3,1,0,0,0,0,3,3,1,ACTIVE_WITH_PURCHASE_HISTORY,"Keep: Has active purchase/return activity"
"K9270",TRUE,3,1,0,2,2,0,1,3,3,ACTIVE_WITH_PURCHASE_HISTORY,"Keep: Has active purchase/return activity"
"K9270-B",TRUE,1,1,0,0,0,0,1,1,1,ACTIVE_WITH_PURCHASE_HISTORY,"Keep: Has active purchase/return activity"
"K9270-C",TRUE,1,1,0,0,0,0,1,1,1,ACTIVE_WITH_PURCHASE_HISTORY,"Keep: Has active purchase/return activity"
"K9270-D",TRUE,1,1,0,0,0,0,1,1,1,ACTIVE_WITH_PURCHASE_HISTORY,"Keep: Has active purchase/return activity"
"K9271T",TRUE,3,1,0,3,2,0,0,3,3,ACTIVE_WITH_PURCHASE_HISTORY,"Keep: Has active purchase/return activity"
"K9271T-B",TRUE,1,1,0,0,0,0,1,1,1,ACTIVE_WITH_PURCHASE_HISTORY,"Keep: Has active purchase/return activity"
"K9271T-C",TRUE,1,1,0,0,0,0,1,1,1,ACTIVE_WITH_PURCHASE_HISTORY,"Keep: Has active purchase/return activity"
"K9271T-D",TRUE,1,1,0,0,0,0,1,1,1,ACTIVE_WITH_PURCHASE_HISTORY,"Keep: Has active purchase/return activity"
"K9274",TRUE,3,1,0,2,2,0,1,3,3,ACTIVE_WITH_PURCHASE_HISTORY,"Keep: Has active purchase/return activity"
"K9274-B",TRUE,1,1,0,0,0,0,1,1,1,ACTIVE_WITH_PURCHASE_HISTORY,"Keep: Has active purchase/return activity"
"K9274-C",TRUE,1,1,0,0,0,0,1,1,1,ACTIVE_WITH_PURCHASE_HISTORY,"Keep: Has active purchase/return activity"
"K9274-D",TRUE,1,1,0,0,0,0,1,1,1,ACTIVE_WITH_PURCHASE_HISTORY,"Keep: Has active purchase/return activity"
"KA025",TRUE,5,1,0,1,1,0,4,5,5,ACTIVE_WITH_PURCHASE_HISTORY,"Keep: Has active purchase/return activity"
"KA027",TRUE,5,1,0,2,2,0,3,5,5,ACTIVE_WITH_PURCHASE_HISTORY,"Keep: Has active purchase/return activity"
"KAN11043",TRUE,1,1,0,0,0,0,1,1,1,ACTIVE_WITH_PURCHASE_HISTORY,"Keep: Has active purchase/return activity"
"KAN11626",TRUE,1,1,0,0,0,0,1,1,1,ACTIVE_WITH_PURCHASE_HISTORY,"Keep: Has active purchase/return activity"
"KAN12682",TRUE,1,1,0,1,1,0,0,1,1,ACTIVE_WITH_PURCHASE_HISTORY,"Keep: Has active purchase/return activity"
"KAN12683",TRUE,1,1,0,0,0,0,1,1,1,ACTIVE_WITH_PURCHASE_HISTORY,"Keep: Has active purchase/return activity"
"KAN1273",TRUE,0,0,0,0,0,0,0,0,0,SAFE_TO_DELETE_IDLE,"Safe to Delete: No purchases, returns, sales, or stock"
"KAN12733",TRUE,2,1,0,0,0,0,1,1,1,ACTIVE_WITH_PURCHASE_HISTORY,"Keep: Has active purchase/return activity"
"KAN13620",TRUE,1,1,0,0,0,0,1,1,1,ACTIVE_WITH_PURCHASE_HISTORY,"Keep: Has active purchase/return activity"
"KAN15335",TRUE,1,1,0,0,0,0,1,1,1,ACTIVE_WITH_PURCHASE_HISTORY,"Keep: Has active purchase/return activity"
"KAN18182",TRUE,1,1,0,0,0,0,1,1,1,ACTIVE_WITH_PURCHASE_HISTORY,"Keep: Has active purchase/return activity"
"KAN18202",TRUE,1,1,0,0,0,0,1,1,1,ACTIVE_WITH_PURCHASE_HISTORY,"Keep: Has active purchase/return activity"
"KAN18449",TRUE,1,1,0,0,0,0,1,1,1,ACTIVE_WITH_PURCHASE_HISTORY,"Keep: Has active purchase/return activity"
"KAN18663",TRUE,1,1,0,0,0,0,1,1,1,ACTIVE_WITH_PURCHASE_HISTORY,"Keep: Has active purchase/return activity"
"KAN19000",TRUE,1,1,0,0,0,0,1,1,1,ACTIVE_WITH_PURCHASE_HISTORY,"Keep: Has active purchase/return activity"
"KAN19248",TRUE,1,1,0,1,1,0,0,1,1,ACTIVE_WITH_PURCHASE_HISTORY,"Keep: Has active purchase/return activity"
"KAN19271",TRUE,1,1,0,0,0,0,1,1,1,ACTIVE_WITH_PURCHASE_HISTORY,"Keep: Has active purchase/return activity"
"KAN19398",TRUE,1,1,0,0,0,0,1,1,1,ACTIVE_WITH_PURCHASE_HISTORY,"Keep: Has active purchase/return activity"
"KAN19965",TRUE,1,1,0,0,0,0,1,1,1,ACTIVE_WITH_PURCHASE_HISTORY,"Keep: Has active purchase/return activity"
"KAN20606",TRUE,1,1,0,0,0,0,1,1,1,ACTIVE_WITH_PURCHASE_HISTORY,"Keep: Has active purchase/return activity"
"KAN6105",TRUE,1,1,0,0,0,0,1,1,1,ACTIVE_WITH_PURCHASE_HISTORY,"Keep: Has active purchase/return activity"
"KAN8264",TRUE,1,1,0,0,0,0,1,1,1,ACTIVE_WITH_PURCHASE_HISTORY,"Keep: Has active purchase/return activity"
"KAN8763",TRUE,1,1,0,0,0,0,1,1,1,ACTIVE_WITH_PURCHASE_HISTORY,"Keep: Has active purchase/return activity"
"KAN9280",TRUE,1,1,0,0,0,0,1,1,1,ACTIVE_WITH_PURCHASE_HISTORY,"Keep: Has active purchase/return activity"
"KAN9967",TRUE,1,1,0,1,1,0,0,1,1,ACTIVE_WITH_PURCHASE_HISTORY,"Keep: Has active purchase/return activity"
"KASHISH-5001-B",TRUE,1,1,0,0,0,0,1,1,1,ACTIVE_WITH_PURCHASE_HISTORY,"Keep: Has active purchase/return activity"
"KASHISH-5001-P",TRUE,1,1,0,1,1,0,0,1,1,ACTIVE_WITH_PURCHASE_HISTORY,"Keep: Has active purchase/return activity"
"KASHISH-5002-C",TRUE,1,1,0,0,0,0,1,1,1,ACTIVE_WITH_PURCHASE_HISTORY,"Keep: Has active purchase/return activity"
"KASHISH-5002-Y",TRUE,1,1,0,0,0,0,1,1,1,ACTIVE_WITH_PURCHASE_HISTORY,"Keep: Has active purchase/return activity"
"KDS-25/112",TRUE,1,1,0,0,0,0,1,1,1,ACTIVE_WITH_PURCHASE_HISTORY,"Keep: Has active purchase/return activity"
"KDS-25/140",TRUE,1,1,0,1,1,0,0,1,1,ACTIVE_WITH_PURCHASE_HISTORY,"Keep: Has active purchase/return activity"
"KDS-25/167",TRUE,1,1,0,1,1,0,0,1,1,ACTIVE_WITH_PURCHASE_HISTORY,"Keep: Has active purchase/return activity"
"KDS-25/170",TRUE,1,1,0,0,0,0,1,1,1,ACTIVE_WITH_PURCHASE_HISTORY,"Keep: Has active purchase/return activity"
"KDS-25/174",TRUE,1,1,0,0,0,0,1,1,1,ACTIVE_WITH_PURCHASE_HISTORY,"Keep: Has active purchase/return activity"
"KDS-26/04",TRUE,1,1,0,1,1,0,0,1,1,ACTIVE_WITH_PURCHASE_HISTORY,"Keep: Has active purchase/return activity"
"KDS-26/07",TRUE,1,1,0,0,0,0,1,1,1,ACTIVE_WITH_PURCHASE_HISTORY,"Keep: Has active purchase/return activity"
"KFS-102",TRUE,4,1,0,4,4,0,2,4,2,ACTIVE_WITH_PURCHASE_HISTORY,"Keep: Has active purchase/return activity"
"KFS-113",TRUE,4,1,0,4,4,0,2,4,2,ACTIVE_WITH_PURCHASE_HISTORY,"Keep: Has active purchase/return activity"
"KFS-92",TRUE,3,1,0,0,0,0,3,3,2,ACTIVE_WITH_PURCHASE_HISTORY,"Keep: Has active purchase/return activity"
"KFS105",TRUE,3,1,0,0,0,0,3,3,2,ACTIVE_WITH_PURCHASE_HISTORY,"Keep: Has active purchase/return activity"
"KFS115",TRUE,2,1,0,0,0,0,2,2,2,ACTIVE_WITH_PURCHASE_HISTORY,"Keep: Has active purchase/return activity"
"KFS120",TRUE,4,1,0,0,0,0,4,4,2,ACTIVE_WITH_PURCHASE_HISTORY,"Keep: Has active purchase/return activity"
"KFS55",TRUE,3,1,0,0,0,0,3,3,2,ACTIVE_WITH_PURCHASE_HISTORY,"Keep: Has active purchase/return activity"
"KFS58",TRUE,3,1,0,2,2,0,3,5,4,ACTIVE_WITH_PURCHASE_HISTORY,"Keep: Has active purchase/return activity"
"KFS95",TRUE,3,1,0,0,0,0,3,3,2,ACTIVE_WITH_PURCHASE_HISTORY,"Keep: Has active purchase/return activity"
"KI-25/315",TRUE,1,1,0,0,0,0,1,1,1,ACTIVE_WITH_PURCHASE_HISTORY,"Keep: Has active purchase/return activity"
"KJ-091",TRUE,1,1,0,0,0,0,1,1,1,ACTIVE_WITH_PURCHASE_HISTORY,"Keep: Has active purchase/return activity"
"KKK-531-KL",TRUE,1,1,0,0,0,0,1,1,1,ACTIVE_WITH_PURCHASE_HISTORY,"Keep: Has active purchase/return activity"
"KKK-531-P",TRUE,1,1,0,0,0,0,1,1,1,ACTIVE_WITH_PURCHASE_HISTORY,"Keep: Has active purchase/return activity"
"KKK-531-Y",TRUE,1,1,0,0,0,0,1,1,1,ACTIVE_WITH_PURCHASE_HISTORY,"Keep: Has active purchase/return activity"
"KKK-601-G",TRUE,1,1,0,0,0,0,1,1,1,ACTIVE_WITH_PURCHASE_HISTORY,"Keep: Has active purchase/return activity"
"KKK-601-P",TRUE,2,1,0,0,0,0,2,2,2,ACTIVE_WITH_PURCHASE_HISTORY,"Keep: Has active purchase/return activity"
"KKK-610-W",TRUE,4,1,0,0,0,0,4,4,1,ACTIVE_WITH_PURCHASE_HISTORY,"Keep: Has active purchase/return activity"
"KKK-615-G",TRUE,1,1,0,0,0,0,1,1,1,ACTIVE_WITH_PURCHASE_HISTORY,"Keep: Has active purchase/return activity"
"KKK-615-P",TRUE,1,1,0,1,1,0,0,1,1,ACTIVE_WITH_PURCHASE_HISTORY,"Keep: Has active purchase/return activity"
"KKK-615-Y",TRUE,1,1,0,0,0,0,1,1,1,ACTIVE_WITH_PURCHASE_HISTORY,"Keep: Has active purchase/return activity"
"KKK-617-G",TRUE,1,1,0,0,0,0,1,1,1,ACTIVE_WITH_PURCHASE_HISTORY,"Keep: Has active purchase/return activity"
"KKK-617-P",TRUE,1,1,0,0,0,0,1,1,1,ACTIVE_WITH_PURCHASE_HISTORY,"Keep: Has active purchase/return activity"
"KKK-617-Y",TRUE,1,1,0,0,0,0,1,1,1,ACTIVE_WITH_PURCHASE_HISTORY,"Keep: Has active purchase/return activity"
"KKK-618-G",TRUE,1,1,0,1,1,0,0,1,1,ACTIVE_WITH_PURCHASE_HISTORY,"Keep: Has active purchase/return activity"
"KKK-618-P",TRUE,1,1,0,1,1,0,0,1,1,ACTIVE_WITH_PURCHASE_HISTORY,"Keep: Has active purchase/return activity"
"KKK-618-Y",TRUE,1,1,0,0,0,0,1,1,1,ACTIVE_WITH_PURCHASE_HISTORY,"Keep: Has active purchase/return activity"
"KKK-628-B",TRUE,1,1,0,1,1,0,0,1,1,ACTIVE_WITH_PURCHASE_HISTORY,"Keep: Has active purchase/return activity"
"KKK-628-P",TRUE,1,1,0,0,0,0,1,1,1,ACTIVE_WITH_PURCHASE_HISTORY,"Keep: Has active purchase/return activity"
"KKK-628-R",TRUE,1,1,0,1,1,0,0,1,1,ACTIVE_WITH_PURCHASE_HISTORY,"Keep: Has active purchase/return activity"
"KKK-628-Y",TRUE,1,1,0,1,1,0,0,1,1,ACTIVE_WITH_PURCHASE_HISTORY,"Keep: Has active purchase/return activity"
"KO2523937",TRUE,2,1,0,0,0,0,2,2,2,ACTIVE_WITH_PURCHASE_HISTORY,"Keep: Has active purchase/return activity"
"KO2524456",TRUE,1,1,0,0,0,0,1,1,1,ACTIVE_WITH_PURCHASE_HISTORY,"Keep: Has active purchase/return activity"
"KOHINOOR-001-G",TRUE,1,1,0,1,1,0,0,1,1,ACTIVE_WITH_PURCHASE_HISTORY,"Keep: Has active purchase/return activity"
"KOHINOOR-001-P",TRUE,1,1,0,0,0,0,1,1,1,ACTIVE_WITH_PURCHASE_HISTORY,"Keep: Has active purchase/return activity"
"KOHINOOR-001-W",TRUE,1,1,0,1,1,0,0,1,1,ACTIVE_WITH_PURCHASE_HISTORY,"Keep: Has active purchase/return activity"
"KOHINOOR-003-B",TRUE,1,1,0,0,0,0,1,1,1,ACTIVE_WITH_PURCHASE_HISTORY,"Keep: Has active purchase/return activity"
"KOHINOOR-003-G",TRUE,1,1,0,0,0,0,1,1,1,ACTIVE_WITH_PURCHASE_HISTORY,"Keep: Has active purchase/return activity"
"KOHINOOR-003-P",TRUE,1,1,0,0,0,0,1,1,1,ACTIVE_WITH_PURCHASE_HISTORY,"Keep: Has active purchase/return activity"
"KOHINOOR-014-B",TRUE,1,1,0,0,0,0,1,1,1,ACTIVE_WITH_PURCHASE_HISTORY,"Keep: Has active purchase/return activity"
"KOHINOOR-014-C",TRUE,1,1,0,0,0,0,1,1,1,ACTIVE_WITH_PURCHASE_HISTORY,"Keep: Has active purchase/return activity"
"KOHINOOR-014-G",TRUE,1,1,0,0,0,0,1,1,1,ACTIVE_WITH_PURCHASE_HISTORY,"Keep: Has active purchase/return activity"
"KOHINOOR-014-P",TRUE,1,1,0,0,0,0,1,1,1,ACTIVE_WITH_PURCHASE_HISTORY,"Keep: Has active purchase/return activity"
"KOHINOOR-015-B",TRUE,1,1,0,0,0,0,1,1,1,ACTIVE_WITH_PURCHASE_HISTORY,"Keep: Has active purchase/return activity"
"KOHINOOR-015-C",TRUE,1,1,0,0,0,0,1,1,1,ACTIVE_WITH_PURCHASE_HISTORY,"Keep: Has active purchase/return activity"
"KOHINOOR-015-G",TRUE,1,1,0,0,0,0,1,1,1,ACTIVE_WITH_PURCHASE_HISTORY,"Keep: Has active purchase/return activity"
"KOHINOOR-024-G",TRUE,3,1,0,0,0,0,3,3,1,ACTIVE_WITH_PURCHASE_HISTORY,"Keep: Has active purchase/return activity"
"KOHINOOR-028-C",TRUE,1,1,0,1,1,0,0,1,1,ACTIVE_WITH_PURCHASE_HISTORY,"Keep: Has active purchase/return activity"
"KOHINOOR-028-P",TRUE,1,1,0,1,1,0,0,1,1,ACTIVE_WITH_PURCHASE_HISTORY,"Keep: Has active purchase/return activity"
"KOHINOOR-028-Y",TRUE,1,1,0,1,1,0,0,1,1,ACTIVE_WITH_PURCHASE_HISTORY,"Keep: Has active purchase/return activity"
"KOHINOOR-029-G",TRUE,1,1,0,1,1,0,0,1,1,ACTIVE_WITH_PURCHASE_HISTORY,"Keep: Has active purchase/return activity"
"KOHINOOR-029-L",TRUE,1,1,0,1,1,0,0,1,1,ACTIVE_WITH_PURCHASE_HISTORY,"Keep: Has active purchase/return activity"
"KOHINOOR-029-W",TRUE,1,1,0,0,0,0,1,1,1,ACTIVE_WITH_PURCHASE_HISTORY,"Keep: Has active purchase/return activity"
"KOHINOOR-029-Y",TRUE,1,1,0,0,0,0,1,1,1,ACTIVE_WITH_PURCHASE_HISTORY,"Keep: Has active purchase/return activity"
"KP-153",TRUE,3,1,0,2,2,0,1,3,3,ACTIVE_WITH_PURCHASE_HISTORY,"Keep: Has active purchase/return activity"
"KP-174",TRUE,3,1,0,4,4,1,0,3,3,ACTIVE_WITH_PURCHASE_HISTORY,"Keep: Has active purchase/return activity"
"KP-206",TRUE,3,1,0,3,3,0,0,3,3,ACTIVE_WITH_PURCHASE_HISTORY,"Keep: Has active purchase/return activity"
"KP-266",TRUE,4,2,0,3,3,0,1,4,4,ACTIVE_WITH_PURCHASE_HISTORY,"Keep: Has active purchase/return activity"
"KP-270",TRUE,3,1,0,1,1,0,2,3,3,ACTIVE_WITH_PURCHASE_HISTORY,"Keep: Has active purchase/return activity"
"KP-273",TRUE,3,1,0,3,3,0,0,3,3,ACTIVE_WITH_PURCHASE_HISTORY,"Keep: Has active purchase/return activity"
"KP-285",TRUE,3,1,0,1,1,0,2,3,3,ACTIVE_WITH_PURCHASE_HISTORY,"Keep: Has active purchase/return activity"
"KP-360",TRUE,3,1,0,1,1,0,2,3,3,ACTIVE_WITH_PURCHASE_HISTORY,"Keep: Has active purchase/return activity"
"KP-361",TRUE,3,1,0,1,1,0,2,3,3,ACTIVE_WITH_PURCHASE_HISTORY,"Keep: Has active purchase/return activity"
"KP-363",TRUE,3,1,0,1,1,0,2,3,3,ACTIVE_WITH_PURCHASE_HISTORY,"Keep: Has active purchase/return activity"
"KP-364",TRUE,3,1,0,0,0,0,3,3,3,ACTIVE_WITH_PURCHASE_HISTORY,"Keep: Has active purchase/return activity"
"KP-365",TRUE,3,1,0,2,2,0,1,3,3,ACTIVE_WITH_PURCHASE_HISTORY,"Keep: Has active purchase/return activity"
"KP-372",TRUE,3,1,0,0,0,0,3,3,3,ACTIVE_WITH_PURCHASE_HISTORY,"Keep: Has active purchase/return activity"
"KP-395",TRUE,3,1,0,0,0,0,3,3,3,ACTIVE_WITH_PURCHASE_HISTORY,"Keep: Has active purchase/return activity"
"KP-402",TRUE,6,2,0,4,4,0,2,6,6,ACTIVE_WITH_PURCHASE_HISTORY,"Keep: Has active purchase/return activity"
"KP-415",TRUE,3,1,0,3,3,0,0,3,3,ACTIVE_WITH_PURCHASE_HISTORY,"Keep: Has active purchase/return activity"
"KP-419",TRUE,3,1,0,1,1,0,2,3,3,ACTIVE_WITH_PURCHASE_HISTORY,"Keep: Has active purchase/return activity"
"KP-428",TRUE,3,1,0,2,2,0,1,3,3,ACTIVE_WITH_PURCHASE_HISTORY,"Keep: Has active purchase/return activity"
"KP272",TRUE,3,1,0,1,1,0,2,3,3,ACTIVE_WITH_PURCHASE_HISTORY,"Keep: Has active purchase/return activity"
"KP321",TRUE,3,1,0,4,4,1,1,5,3,ACTIVE_WITH_PURCHASE_HISTORY,"Keep: Has active purchase/return activity"
"KP327",TRUE,3,1,0,3,3,0,2,5,3,ACTIVE_WITH_PURCHASE_HISTORY,"Keep: Has active purchase/return activity"
"KP3602",TRUE,3,1,0,1,1,0,2,3,3,ACTIVE_WITH_PURCHASE_HISTORY,"Keep: Has active purchase/return activity"
"KP3607",TRUE,3,1,0,0,0,0,3,3,3,ACTIVE_WITH_PURCHASE_HISTORY,"Keep: Has active purchase/return activity"
"KP380",TRUE,3,1,0,3,3,0,2,5,3,ACTIVE_WITH_PURCHASE_HISTORY,"Keep: Has active purchase/return activity"
"KR-314",TRUE,2,1,0,1,1,0,1,2,1,ACTIVE_WITH_PURCHASE_HISTORY,"Keep: Has active purchase/return activity"
"KRKD-75",TRUE,1,1,0,0,0,0,1,1,1,ACTIVE_WITH_PURCHASE_HISTORY,"Keep: Has active purchase/return activity"
"KRUPA-G",TRUE,1,1,0,1,1,0,0,1,1,ACTIVE_WITH_PURCHASE_HISTORY,"Keep: Has active purchase/return activity"
"KRUPA-P",TRUE,1,1,0,0,0,0,1,1,1,ACTIVE_WITH_PURCHASE_HISTORY,"Keep: Has active purchase/return activity"
"KRUPA-R",TRUE,1,1,0,0,0,0,1,1,1,ACTIVE_WITH_PURCHASE_HISTORY,"Keep: Has active purchase/return activity"
"KS",TRUE,1,1,0,1,1,0,0,1,1,ACTIVE_WITH_PURCHASE_HISTORY,"Keep: Has active purchase/return activity"
"KS-526 W",TRUE,5,1,0,3,3,0,2,5,5,ACTIVE_WITH_PURCHASE_HISTORY,"Keep: Has active purchase/return activity"
"KS-602 BR",TRUE,5,1,0,4,4,0,5,9,5,ACTIVE_WITH_PURCHASE_HISTORY,"Keep: Has active purchase/return activity"
"KS-602 WH",TRUE,5,1,0,3,3,0,6,9,5,ACTIVE_WITH_PURCHASE_HISTORY,"Keep: Has active purchase/return activity"
"KS-610",TRUE,3,1,0,0,0,0,3,3,3,ACTIVE_WITH_PURCHASE_HISTORY,"Keep: Has active purchase/return activity"
"KS-610-B",TRUE,2,1,0,0,0,0,2,2,2,ACTIVE_WITH_PURCHASE_HISTORY,"Keep: Has active purchase/return activity"
"KS-611 BR",TRUE,5,1,0,1,1,0,4,5,5,ACTIVE_WITH_PURCHASE_HISTORY,"Keep: Has active purchase/return activity"
"KS-611 YL",TRUE,5,1,0,2,2,0,7,9,5,ACTIVE_WITH_PURCHASE_HISTORY,"Keep: Has active purchase/return activity"
"KS-623 BR",TRUE,5,1,0,5,5,0,0,5,5,ACTIVE_WITH_PURCHASE_HISTORY,"Keep: Has active purchase/return activity"
"KS-631",TRUE,1,1,0,1,1,0,0,1,1,ACTIVE_WITH_PURCHASE_HISTORY,"Keep: Has active purchase/return activity"
"KS-631 PK",TRUE,5,1,0,4,4,0,3,7,5,ACTIVE_WITH_PURCHASE_HISTORY,"Keep: Has active purchase/return activity"
"KS-631 YL",TRUE,5,1,0,3,3,0,4,7,5,ACTIVE_WITH_PURCHASE_HISTORY,"Keep: Has active purchase/return activity"
"KS-639 P",TRUE,5,1,0,4,4,0,1,5,5,ACTIVE_WITH_PURCHASE_HISTORY,"Keep: Has active purchase/return activity"
"KS138",TRUE,3,1,0,1,1,0,2,3,3,ACTIVE_WITH_PURCHASE_HISTORY,"Keep: Has active purchase/return activity"
"KSD-12-GREEN",TRUE,1,1,0,0,0,0,1,1,1,ACTIVE_WITH_PURCHASE_HISTORY,"Keep: Has active purchase/return activity"
"KSD-12-GREY",TRUE,1,1,0,0,0,0,1,1,1,ACTIVE_WITH_PURCHASE_HISTORY,"Keep: Has active purchase/return activity"
"KSD-12-PINK",TRUE,1,1,0,0,0,0,1,1,1,ACTIVE_WITH_PURCHASE_HISTORY,"Keep: Has active purchase/return activity"
"KSD-12-YELLOW",TRUE,1,1,0,0,0,0,1,1,1,ACTIVE_WITH_PURCHASE_HISTORY,"Keep: Has active purchase/return activity"
"KSD-19-GREEN",TRUE,1,1,0,0,0,0,1,1,1,ACTIVE_WITH_PURCHASE_HISTORY,"Keep: Has active purchase/return activity"
"KSD-19-GREY",TRUE,1,1,0,0,0,0,1,1,1,ACTIVE_WITH_PURCHASE_HISTORY,"Keep: Has active purchase/return activity"
"KSD-19-PEACH",TRUE,1,1,0,0,0,0,1,1,1,ACTIVE_WITH_PURCHASE_HISTORY,"Keep: Has active purchase/return activity"
"KSD-19-YELLOW",TRUE,1,1,0,0,0,0,1,1,1,ACTIVE_WITH_PURCHASE_HISTORY,"Keep: Has active purchase/return activity"
"KSS-132",TRUE,1,1,0,0,0,0,1,1,1,ACTIVE_WITH_PURCHASE_HISTORY,"Keep: Has active purchase/return activity"
"KSS-137",TRUE,1,1,0,0,0,0,1,1,1,ACTIVE_WITH_PURCHASE_HISTORY,"Keep: Has active purchase/return activity"
"KSS-165",TRUE,1,1,0,0,0,0,1,1,1,ACTIVE_WITH_PURCHASE_HISTORY,"Keep: Has active purchase/return activity"
"KSS-301",TRUE,1,1,0,0,0,0,1,1,1,ACTIVE_WITH_PURCHASE_HISTORY,"Keep: Has active purchase/return activity"
"KSW-2108  GY",TRUE,1,1,0,0,0,0,1,1,1,ACTIVE_WITH_PURCHASE_HISTORY,"Keep: Has active purchase/return activity"
"KSW-2108 BR",TRUE,1,1,0,0,0,0,1,1,1,ACTIVE_WITH_PURCHASE_HISTORY,"Keep: Has active purchase/return activity"
"KSW-2108 GD",TRUE,1,1,0,1,1,0,0,1,1,ACTIVE_WITH_PURCHASE_HISTORY,"Keep: Has active purchase/return activity"
"KSW-2108 GR",TRUE,1,1,0,0,0,0,1,1,1,ACTIVE_WITH_PURCHASE_HISTORY,"Keep: Has active purchase/return activity"
"KT-18-A",TRUE,0,0,0,0,0,0,1,1,1,ORPHAN_WITH_STOCK,"Audit: Has physical stock/printed barcodes but no purchase record"
"KT-18-A-B",TRUE,0,0,0,0,0,0,1,1,2,ORPHAN_WITH_STOCK,"Audit: Has physical stock/printed barcodes but no purchase record"
"KU-119F",TRUE,1,1,0,0,0,0,1,1,1,ACTIVE_WITH_PURCHASE_HISTORY,"Keep: Has active purchase/return activity"
"KU-177",TRUE,1,1,0,0,0,0,1,1,1,ACTIVE_WITH_PURCHASE_HISTORY,"Keep: Has active purchase/return activity"
"KU-248C",TRUE,1,1,0,0,0,0,1,1,1,ACTIVE_WITH_PURCHASE_HISTORY,"Keep: Has active purchase/return activity"
"KU-248F",TRUE,1,1,0,0,0,0,1,1,1,ACTIVE_WITH_PURCHASE_HISTORY,"Keep: Has active purchase/return activity"
"KU-253",TRUE,1,1,0,0,0,0,1,1,1,ACTIVE_WITH_PURCHASE_HISTORY,"Keep: Has active purchase/return activity"
"KU-253 2",TRUE,1,1,0,0,0,0,1,1,1,ACTIVE_WITH_PURCHASE_HISTORY,"Keep: Has active purchase/return activity"
"KU-253 3",TRUE,1,1,0,1,1,0,0,1,1,ACTIVE_WITH_PURCHASE_HISTORY,"Keep: Has active purchase/return activity"
"KU-302 i",TRUE,1,1,0,1,1,0,0,1,1,ACTIVE_WITH_PURCHASE_HISTORY,"Keep: Has active purchase/return activity"
"KU-302A",TRUE,1,1,0,1,1,0,0,1,1,ACTIVE_WITH_PURCHASE_HISTORY,"Keep: Has active purchase/return activity"
"KU-319G",TRUE,1,1,0,1,1,0,0,1,1,ACTIVE_WITH_PURCHASE_HISTORY,"Keep: Has active purchase/return activity"
"KW-2511-PL P",TRUE,5,1,0,5,4,0,2,7,5,ACTIVE_WITH_PURCHASE_HISTORY,"Keep: Has active purchase/return activity"
"KW-2511/PL B",TRUE,5,1,0,4,4,0,1,5,5,ACTIVE_WITH_PURCHASE_HISTORY,"Keep: Has active purchase/return activity"
"KW-639 G",TRUE,5,1,0,4,4,0,3,7,5,ACTIVE_WITH_PURCHASE_HISTORY,"Keep: Has active purchase/return activity"
"KX-304J",TRUE,1,1,0,0,0,0,1,1,1,ACTIVE_WITH_PURCHASE_HISTORY,"Keep: Has active purchase/return activity"
"KX-304P",TRUE,1,1,0,1,1,0,0,1,1,ACTIVE_WITH_PURCHASE_HISTORY,"Keep: Has active purchase/return activity"
"KX-312EE",TRUE,1,1,0,1,1,0,0,1,1,ACTIVE_WITH_PURCHASE_HISTORY,"Keep: Has active purchase/return activity"
"KX-312P",TRUE,1,1,0,0,0,0,1,1,1,ACTIVE_WITH_PURCHASE_HISTORY,"Keep: Has active purchase/return activity"
"L-22D",TRUE,0,0,0,0,0,0,0,0,0,SAFE_TO_DELETE_IDLE,"Safe to Delete: No purchases, returns, sales, or stock"
"L-922D",TRUE,1,1,0,0,0,0,2,2,2,ACTIVE_WITH_PURCHASE_HISTORY,"Keep: Has active purchase/return activity"
"L-926",TRUE,1,1,0,0,0,0,1,1,1,ACTIVE_WITH_PURCHASE_HISTORY,"Keep: Has active purchase/return activity"
"L-927",TRUE,1,1,0,0,0,0,1,1,1,ACTIVE_WITH_PURCHASE_HISTORY,"Keep: Has active purchase/return activity"
"L-939",TRUE,1,1,0,1,1,0,0,1,1,ACTIVE_WITH_PURCHASE_HISTORY,"Keep: Has active purchase/return activity"
"L-947",TRUE,1,1,0,0,0,0,1,1,1,ACTIVE_WITH_PURCHASE_HISTORY,"Keep: Has active purchase/return activity"
"L01",TRUE,1,1,0,1,1,0,0,1,1,ACTIVE_WITH_PURCHASE_HISTORY,"Keep: Has active purchase/return activity"
"L02",TRUE,1,1,0,1,1,0,0,1,1,ACTIVE_WITH_PURCHASE_HISTORY,"Keep: Has active purchase/return activity"
"L03",TRUE,1,1,0,1,1,0,0,1,1,ACTIVE_WITH_PURCHASE_HISTORY,"Keep: Has active purchase/return activity"
"L04",TRUE,1,1,0,1,1,0,0,1,1,ACTIVE_WITH_PURCHASE_HISTORY,"Keep: Has active purchase/return activity"
"L05",TRUE,1,1,0,0,0,0,1,1,1,ACTIVE_WITH_PURCHASE_HISTORY,"Keep: Has active purchase/return activity"
"L06",TRUE,1,1,0,0,0,0,1,1,1,ACTIVE_WITH_PURCHASE_HISTORY,"Keep: Has active purchase/return activity"
"LCS-044",TRUE,5,1,0,0,0,0,5,5,5,ACTIVE_WITH_PURCHASE_HISTORY,"Keep: Has active purchase/return activity"
"LFD-025",TRUE,6,1,0,4,4,0,2,6,6,ACTIVE_WITH_PURCHASE_HISTORY,"Keep: Has active purchase/return activity"
"LFD-027",TRUE,5,1,0,6,6,1,0,5,5,ACTIVE_WITH_PURCHASE_HISTORY,"Keep: Has active purchase/return activity"
"LGB-01-BLUE",TRUE,1,1,0,0,0,0,1,1,1,ACTIVE_WITH_PURCHASE_HISTORY,"Keep: Has active purchase/return activity"
"LGB-01-GREEN",TRUE,1,1,0,0,0,0,1,1,1,ACTIVE_WITH_PURCHASE_HISTORY,"Keep: Has active purchase/return activity"
"LGB-01-GREY",TRUE,1,1,0,0,0,0,1,1,1,ACTIVE_WITH_PURCHASE_HISTORY,"Keep: Has active purchase/return activity"
"LGB-01-LAVENDER",TRUE,1,1,0,0,0,0,1,1,1,ACTIVE_WITH_PURCHASE_HISTORY,"Keep: Has active purchase/return activity"
"LGB-01-PINK",TRUE,1,1,0,0,0,0,1,1,1,ACTIVE_WITH_PURCHASE_HISTORY,"Keep: Has active purchase/return activity"
"LGN-376",TRUE,1,1,0,1,1,0,0,1,1,ACTIVE_WITH_PURCHASE_HISTORY,"Keep: Has active purchase/return activity"
"LGN-406",TRUE,1,1,0,1,1,0,0,1,1,ACTIVE_WITH_PURCHASE_HISTORY,"Keep: Has active purchase/return activity"
"LH 3106",TRUE,1,1,0,0,0,0,1,1,1,ACTIVE_WITH_PURCHASE_HISTORY,"Keep: Has active purchase/return activity"
"LH 3113",TRUE,1,1,0,0,0,0,1,1,1,ACTIVE_WITH_PURCHASE_HISTORY,"Keep: Has active purchase/return activity"
"LH 3115",TRUE,1,1,0,0,0,0,1,1,1,ACTIVE_WITH_PURCHASE_HISTORY,"Keep: Has active purchase/return activity"
"LH 3117",TRUE,1,1,0,0,0,0,1,1,1,ACTIVE_WITH_PURCHASE_HISTORY,"Keep: Has active purchase/return activity"
"LH 3121",TRUE,1,1,0,1,1,0,0,1,1,ACTIVE_WITH_PURCHASE_HISTORY,"Keep: Has active purchase/return activity"
"LH 3163",TRUE,1,1,0,0,0,0,1,1,1,ACTIVE_WITH_PURCHASE_HISTORY,"Keep: Has active purchase/return activity"
"LH 5219",TRUE,1,1,0,0,0,0,1,1,1,ACTIVE_WITH_PURCHASE_HISTORY,"Keep: Has active purchase/return activity"
"LH 5254",TRUE,1,1,0,0,0,0,1,1,1,ACTIVE_WITH_PURCHASE_HISTORY,"Keep: Has active purchase/return activity"
"LH 5266",TRUE,0,0,1,0,0,0,0,1,1,ACTIVE_WITH_PURCHASE_HISTORY,"Keep: Has active purchase/return activity"
"LH 5266-A",TRUE,1,1,0,0,0,0,1,1,1,ACTIVE_WITH_PURCHASE_HISTORY,"Keep: Has active purchase/return activity"
"LH 5272",TRUE,1,1,0,0,0,0,1,1,1,ACTIVE_WITH_PURCHASE_HISTORY,"Keep: Has active purchase/return activity"
"LH 905",TRUE,1,1,0,0,0,0,1,1,1,ACTIVE_WITH_PURCHASE_HISTORY,"Keep: Has active purchase/return activity"
"LILY-3003",TRUE,5,1,0,4,4,0,1,5,5,ACTIVE_WITH_PURCHASE_HISTORY,"Keep: Has active purchase/return activity"
"LILY-3009",TRUE,5,1,0,5,5,0,0,5,5,ACTIVE_WITH_PURCHASE_HISTORY,"Keep: Has active purchase/return activity"
"LJ171A",TRUE,1,1,0,0,0,0,1,1,1,ACTIVE_WITH_PURCHASE_HISTORY,"Keep: Has active purchase/return activity"
"LJ29A",TRUE,2,1,0,1,1,0,1,2,1,ACTIVE_WITH_PURCHASE_HISTORY,"Keep: Has active purchase/return activity"
"LJ44A",TRUE,2,1,0,0,0,0,2,2,1,ACTIVE_WITH_PURCHASE_HISTORY,"Keep: Has active purchase/return activity"
"LK153",TRUE,5,1,0,0,0,0,5,5,5,ACTIVE_WITH_PURCHASE_HISTORY,"Keep: Has active purchase/return activity"
"LK165",TRUE,9,1,0,0,0,0,17,17,11,ACTIVE_WITH_PURCHASE_HISTORY,"Keep: Has active purchase/return activity"
"LKS-014K",TRUE,6,1,0,3,3,0,15,18,6,ACTIVE_WITH_PURCHASE_HISTORY,"Keep: Has active purchase/return activity"
"LM-113",TRUE,5,2,0,4,4,1,2,5,5,ACTIVE_WITH_PURCHASE_HISTORY,"Keep: Has active purchase/return activity"
"LM-254",TRUE,2,1,0,1,1,0,1,2,2,ACTIVE_WITH_PURCHASE_HISTORY,"Keep: Has active purchase/return activity"
"LM-257",TRUE,2,1,0,0,0,0,2,2,2,ACTIVE_WITH_PURCHASE_HISTORY,"Keep: Has active purchase/return activity"
"LS-503",TRUE,4,1,0,0,0,0,4,4,4,ACTIVE_WITH_PURCHASE_HISTORY,"Keep: Has active purchase/return activity"
"LS-505",TRUE,2,1,0,0,0,0,2,2,2,ACTIVE_WITH_PURCHASE_HISTORY,"Keep: Has active purchase/return activity"
"LS-505-B",TRUE,2,1,0,0,0,0,2,2,2,ACTIVE_WITH_PURCHASE_HISTORY,"Keep: Has active purchase/return activity"
"LS-506-01",TRUE,3,1,0,0,0,0,3,3,3,ACTIVE_WITH_PURCHASE_HISTORY,"Keep: Has active purchase/return activity"
"LS-506-02",TRUE,1,1,0,0,0,0,1,1,1,ACTIVE_WITH_PURCHASE_HISTORY,"Keep: Has active purchase/return activity"
"LS-531",TRUE,3,1,0,0,0,0,3,3,3,ACTIVE_WITH_PURCHASE_HISTORY,"Keep: Has active purchase/return activity"
"LS-531-B",TRUE,2,1,0,0,0,0,2,2,2,ACTIVE_WITH_PURCHASE_HISTORY,"Keep: Has active purchase/return activity"
"LS-538",TRUE,3,1,0,0,0,0,3,3,3,ACTIVE_WITH_PURCHASE_HISTORY,"Keep: Has active purchase/return activity"
"LS-538-B",TRUE,2,1,0,0,0,0,2,2,2,ACTIVE_WITH_PURCHASE_HISTORY,"Keep: Has active purchase/return activity"
"LST-020",TRUE,5,1,0,5,5,0,0,5,5,ACTIVE_WITH_PURCHASE_HISTORY,"Keep: Has active purchase/return activity"
"LST-021",TRUE,5,1,0,4,4,0,1,5,5,ACTIVE_WITH_PURCHASE_HISTORY,"Keep: Has active purchase/return activity"
"LST-022",TRUE,1,1,0,0,0,0,1,1,1,ACTIVE_WITH_PURCHASE_HISTORY,"Keep: Has active purchase/return activity"
"LST-023-A",TRUE,3,1,0,0,0,0,3,3,3,ACTIVE_WITH_PURCHASE_HISTORY,"Keep: Has active purchase/return activity"
"LST-023-B",TRUE,2,1,0,0,0,0,2,2,2,ACTIVE_WITH_PURCHASE_HISTORY,"Keep: Has active purchase/return activity"
"LV-CT 11426",TRUE,2,1,0,0,0,0,2,2,2,ACTIVE_WITH_PURCHASE_HISTORY,"Keep: Has active purchase/return activity"
"LV-CT 7734",TRUE,3,1,0,0,0,0,3,3,1,ACTIVE_WITH_PURCHASE_HISTORY,"Keep: Has active purchase/return activity"
"LV-CT 8494",TRUE,2,1,0,0,0,0,2,2,1,ACTIVE_WITH_PURCHASE_HISTORY,"Keep: Has active purchase/return activity"
"LV-CT 8909",TRUE,2,1,0,0,0,0,2,2,1,ACTIVE_WITH_PURCHASE_HISTORY,"Keep: Has active purchase/return activity"
"LV-CT 9548",TRUE,2,1,0,0,0,0,2,2,2,ACTIVE_WITH_PURCHASE_HISTORY,"Keep: Has active purchase/return activity"
"LV-CT 9569",TRUE,3,1,0,0,0,0,3,3,1,ACTIVE_WITH_PURCHASE_HISTORY,"Keep: Has active purchase/return activity"
"LV-CT 9656",TRUE,2,1,0,0,0,0,2,2,1,ACTIVE_WITH_PURCHASE_HISTORY,"Keep: Has active purchase/return activity"
"LV-CT 9671",TRUE,3,1,0,0,0,0,3,3,3,ACTIVE_WITH_PURCHASE_HISTORY,"Keep: Has active purchase/return activity"
"LV-US-7714-B",TRUE,1,1,0,0,0,0,1,1,1,ACTIVE_WITH_PURCHASE_HISTORY,"Keep: Has active purchase/return activity"
"LV-US-7714-G",TRUE,3,1,0,0,0,0,2,2,2,ACTIVE_WITH_PURCHASE_HISTORY,"Keep: Has active purchase/return activity"
"LV-US-7714-P",TRUE,1,1,0,0,0,0,1,1,1,ACTIVE_WITH_PURCHASE_HISTORY,"Keep: Has active purchase/return activity"
"LV-US3715",TRUE,8,1,0,2,2,0,6,8,1,ACTIVE_WITH_PURCHASE_HISTORY,"Keep: Has active purchase/return activity"
"LV-US7556S",TRUE,1,1,0,1,1,0,0,1,1,ACTIVE_WITH_PURCHASE_HISTORY,"Keep: Has active purchase/return activity"
"M-502",TRUE,1,1,0,0,0,0,1,1,1,ACTIVE_WITH_PURCHASE_HISTORY,"Keep: Has active purchase/return activity"
"M-515",TRUE,1,1,0,0,0,0,1,1,1,ACTIVE_WITH_PURCHASE_HISTORY,"Keep: Has active purchase/return activity"
"M-568 B",TRUE,1,1,0,0,0,0,1,1,1,ACTIVE_WITH_PURCHASE_HISTORY,"Keep: Has active purchase/return activity"
"M-748",FALSE,1,1,0,0,0,0,0,0,0,ACTIVE_WITH_PURCHASE_HISTORY,"Keep: Has active purchase/return activity"
"M-748 ",TRUE,0,0,0,0,0,0,1,1,1,ORPHAN_WITH_STOCK,"Audit: Has physical stock/printed barcodes but no purchase record"
"M-772",FALSE,1,1,0,0,0,0,0,0,0,ACTIVE_WITH_PURCHASE_HISTORY,"Keep: Has active purchase/return activity"
"M-772 ",TRUE,0,0,0,0,0,0,1,1,1,ORPHAN_WITH_STOCK,"Audit: Has physical stock/printed barcodes but no purchase record"
"M-781 BR",TRUE,1,1,0,0,0,0,1,1,1,ACTIVE_WITH_PURCHASE_HISTORY,"Keep: Has active purchase/return activity"
"M-819",TRUE,1,1,0,0,0,0,1,1,1,ACTIVE_WITH_PURCHASE_HISTORY,"Keep: Has active purchase/return activity"
"M-824",TRUE,1,1,0,0,0,0,1,1,1,ACTIVE_WITH_PURCHASE_HISTORY,"Keep: Has active purchase/return activity"
"M-842",TRUE,1,1,0,0,0,0,1,1,1,ACTIVE_WITH_PURCHASE_HISTORY,"Keep: Has active purchase/return activity"
"M-851",TRUE,1,1,0,1,1,0,0,1,1,ACTIVE_WITH_PURCHASE_HISTORY,"Keep: Has active purchase/return activity"
"M-8881",TRUE,1,1,0,0,0,0,1,1,1,ACTIVE_WITH_PURCHASE_HISTORY,"Keep: Has active purchase/return activity"
"M-9122",TRUE,1,1,0,0,0,0,1,1,1,ACTIVE_WITH_PURCHASE_HISTORY,"Keep: Has active purchase/return activity"
"M-9125",TRUE,1,1,0,0,0,0,1,1,1,ACTIVE_WITH_PURCHASE_HISTORY,"Keep: Has active purchase/return activity"
"MARIGOLD-1023",TRUE,9,1,0,8,7,0,1,9,9,ACTIVE_WITH_PURCHASE_HISTORY,"Keep: Has active purchase/return activity"
"MARIGOLD-1037",TRUE,4,1,0,3,3,1,1,4,4,ACTIVE_WITH_PURCHASE_HISTORY,"Keep: Has active purchase/return activity"
"MARIGOLD-1052",TRUE,4,1,0,4,4,0,0,4,4,ACTIVE_WITH_PURCHASE_HISTORY,"Keep: Has active purchase/return activity"
"MARIGOLD-1074-A",TRUE,3,1,0,1,1,0,2,3,3,ACTIVE_WITH_PURCHASE_HISTORY,"Keep: Has active purchase/return activity"
"MARIGOLD-1074-B",TRUE,2,1,0,0,0,0,2,2,2,ACTIVE_WITH_PURCHASE_HISTORY,"Keep: Has active purchase/return activity"
"MARIGOLD-2009",TRUE,4,1,0,4,4,1,0,4,4,ACTIVE_WITH_PURCHASE_HISTORY,"Keep: Has active purchase/return activity"
"MARIGOLD-2028-A",TRUE,3,1,0,0,0,0,3,3,3,ACTIVE_WITH_PURCHASE_HISTORY,"Keep: Has active purchase/return activity"
"MARIGOLD-2028-B",TRUE,2,1,0,1,1,0,1,2,2,ACTIVE_WITH_PURCHASE_HISTORY,"Keep: Has active purchase/return activity"
"MARIGOLD-3039",TRUE,8,1,0,10,10,3,0,8,8,ACTIVE_WITH_PURCHASE_HISTORY,"Keep: Has active purchase/return activity"
"MARIGOLD-3072",TRUE,3,1,0,3,3,1,6,8,6,ACTIVE_WITH_PURCHASE_HISTORY,"Keep: Has active purchase/return activity"
"MARIGOLD-3122",TRUE,4,1,0,2,2,0,2,4,4,ACTIVE_WITH_PURCHASE_HISTORY,"Keep: Has active purchase/return activity"
"MARIGOLD-3137",TRUE,4,1,0,5,5,1,0,4,4,ACTIVE_WITH_PURCHASE_HISTORY,"Keep: Has active purchase/return activity"
"MARIGOLD-3159",TRUE,4,1,0,5,5,2,0,4,4,ACTIVE_WITH_PURCHASE_HISTORY,"Keep: Has active purchase/return activity"
"MARIGOLD-6016",TRUE,3,1,0,1,1,0,2,3,3,ACTIVE_WITH_PURCHASE_HISTORY,"Keep: Has active purchase/return activity"
"MARIGOLD 3072",TRUE,1,1,0,1,1,0,0,1,1,ACTIVE_WITH_PURCHASE_HISTORY,"Keep: Has active purchase/return activity"
"MASABA SUIT-2",TRUE,1,1,0,0,0,0,1,1,1,ACTIVE_WITH_PURCHASE_HISTORY,"Keep: Has active purchase/return activity"
"MB-396",TRUE,1,1,0,1,1,0,0,1,1,ACTIVE_WITH_PURCHASE_HISTORY,"Keep: Has active purchase/return activity"
"MB 396",TRUE,1,1,0,1,1,0,0,1,1,ACTIVE_WITH_PURCHASE_HISTORY,"Keep: Has active purchase/return activity"
"MCWLS-25038-8389",TRUE,1,1,0,0,0,0,1,1,1,ACTIVE_WITH_PURCHASE_HISTORY,"Keep: Has active purchase/return activity"
"MCWLS-25129-8389",TRUE,1,1,0,0,0,0,1,1,1,ACTIVE_WITH_PURCHASE_HISTORY,"Keep: Has active purchase/return activity"
"ME-01",TRUE,1,1,0,0,0,0,1,1,1,ACTIVE_WITH_PURCHASE_HISTORY,"Keep: Has active purchase/return activity"
"ME-6007",TRUE,3,1,0,0,0,0,3,3,3,ACTIVE_WITH_PURCHASE_HISTORY,"Keep: Has active purchase/return activity"
"MEGHA",TRUE,1,1,0,0,0,0,1,1,1,ACTIVE_WITH_PURCHASE_HISTORY,"Keep: Has active purchase/return activity"
"MG-8834",TRUE,1,1,0,1,1,0,0,1,1,ACTIVE_WITH_PURCHASE_HISTORY,"Keep: Has active purchase/return activity"
"MHA-247",TRUE,1,1,0,0,0,0,1,1,1,ACTIVE_WITH_PURCHASE_HISTORY,"Keep: Has active purchase/return activity"
"MHA-324",TRUE,1,1,0,0,0,0,1,1,1,ACTIVE_WITH_PURCHASE_HISTORY,"Keep: Has active purchase/return activity"
"MHA-325",TRUE,1,1,0,0,0,0,1,1,1,ACTIVE_WITH_PURCHASE_HISTORY,"Keep: Has active purchase/return activity"
"MHA-326",TRUE,1,1,0,0,0,0,1,1,1,ACTIVE_WITH_PURCHASE_HISTORY,"Keep: Has active purchase/return activity"
"MHA210",TRUE,5,1,0,1,1,0,4,5,5,ACTIVE_WITH_PURCHASE_HISTORY,"Keep: Has active purchase/return activity"
"MIS-B",TRUE,18,2,0,11,11,0,7,18,2,ACTIVE_WITH_PURCHASE_HISTORY,"Keep: Has active purchase/return activity"
"MIS-P",TRUE,9,1,0,4,4,0,5,9,1,ACTIVE_WITH_PURCHASE_HISTORY,"Keep: Has active purchase/return activity"
"MIS-Y",TRUE,10,1,0,10,10,0,0,10,1,ACTIVE_WITH_PURCHASE_HISTORY,"Keep: Has active purchase/return activity"
"MK01",TRUE,1,1,0,0,0,0,1,1,1,ACTIVE_WITH_PURCHASE_HISTORY,"Keep: Has active purchase/return activity"
"MMK01",TRUE,1,1,0,0,0,0,1,1,1,ACTIVE_WITH_PURCHASE_HISTORY,"Keep: Has active purchase/return activity"
"MNM-237",TRUE,3,1,1,2,2,0,0,3,3,ACTIVE_WITH_PURCHASE_HISTORY,"Keep: Has active purchase/return activity"
"MNM-282",TRUE,3,1,0,0,0,0,3,3,3,ACTIVE_WITH_PURCHASE_HISTORY,"Keep: Has active purchase/return activity"
"MNM-328",TRUE,3,1,0,1,1,0,2,3,3,ACTIVE_WITH_PURCHASE_HISTORY,"Keep: Has active purchase/return activity"
"MNM-377",TRUE,5,3,0,4,4,0,1,5,5,ACTIVE_WITH_PURCHASE_HISTORY,"Keep: Has active purchase/return activity"
"MNM-387",TRUE,3,1,0,0,0,0,3,3,3,ACTIVE_WITH_PURCHASE_HISTORY,"Keep: Has active purchase/return activity"
"MNM111",TRUE,3,1,0,3,3,0,0,3,3,ACTIVE_WITH_PURCHASE_HISTORY,"Keep: Has active purchase/return activity"
"MNM130",TRUE,3,1,0,0,0,0,4,4,3,ACTIVE_WITH_PURCHASE_HISTORY,"Keep: Has active purchase/return activity"
"MNM162",TRUE,3,1,0,0,0,0,5,5,3,ACTIVE_WITH_PURCHASE_HISTORY,"Keep: Has active purchase/return activity"
"MP1037",TRUE,4,1,0,0,0,0,4,4,1,ACTIVE_WITH_PURCHASE_HISTORY,"Keep: Has active purchase/return activity"
"MR-13",TRUE,3,1,0,0,0,0,3,3,3,ACTIVE_WITH_PURCHASE_HISTORY,"Keep: Has active purchase/return activity"
"MS-4223",TRUE,3,1,3,0,0,0,0,3,1,ACTIVE_WITH_PURCHASE_HISTORY,"Keep: Has active purchase/return activity"
"MS-4224",TRUE,2,1,2,0,0,0,0,2,2,ACTIVE_WITH_PURCHASE_HISTORY,"Keep: Has active purchase/return activity"
"MS-4452",TRUE,1,1,0,1,1,0,0,1,1,ACTIVE_WITH_PURCHASE_HISTORY,"Keep: Has active purchase/return activity"
"MS-4454",TRUE,1,1,0,1,1,0,0,1,1,ACTIVE_WITH_PURCHASE_HISTORY,"Keep: Has active purchase/return activity"
"MS-4492-2/1",TRUE,1,1,0,0,0,0,1,1,1,ACTIVE_WITH_PURCHASE_HISTORY,"Keep: Has active purchase/return activity"
"MS-4492-2/2",TRUE,1,1,0,0,0,0,1,1,1,ACTIVE_WITH_PURCHASE_HISTORY,"Keep: Has active purchase/return activity"
"MS-4492-2/3",TRUE,1,1,0,0,0,0,1,1,1,ACTIVE_WITH_PURCHASE_HISTORY,"Keep: Has active purchase/return activity"
"MS-4492-2/4",TRUE,1,1,0,1,1,0,0,1,1,ACTIVE_WITH_PURCHASE_HISTORY,"Keep: Has active purchase/return activity"
"MS-453-Y",TRUE,2,1,2,0,0,0,0,2,1,ACTIVE_WITH_PURCHASE_HISTORY,"Keep: Has active purchase/return activity"
"MS-4534",TRUE,5,1,5,0,0,0,0,5,1,ACTIVE_WITH_PURCHASE_HISTORY,"Keep: Has active purchase/return activity"
"MSA-49",TRUE,1,1,0,0,0,0,1,1,1,ACTIVE_WITH_PURCHASE_HISTORY,"Keep: Has active purchase/return activity"
"MSD-4805-3/1",TRUE,1,1,0,0,0,0,1,1,1,ACTIVE_WITH_PURCHASE_HISTORY,"Keep: Has active purchase/return activity"
"MSD-4805-3/2",TRUE,1,1,0,0,0,0,1,1,1,ACTIVE_WITH_PURCHASE_HISTORY,"Keep: Has active purchase/return activity"
"MSD-4805-3/3",TRUE,1,1,0,0,0,0,1,1,1,ACTIVE_WITH_PURCHASE_HISTORY,"Keep: Has active purchase/return activity"
"MSD-4805-3/4",TRUE,1,1,0,0,0,0,1,1,1,ACTIVE_WITH_PURCHASE_HISTORY,"Keep: Has active purchase/return activity"
"MSD-4805-3/5",TRUE,1,1,0,1,1,0,0,1,1,ACTIVE_WITH_PURCHASE_HISTORY,"Keep: Has active purchase/return activity"
"MSD-4840",TRUE,1,1,0,0,0,0,1,1,1,ACTIVE_WITH_PURCHASE_HISTORY,"Keep: Has active purchase/return activity"
"MSQ-018N",TRUE,1,1,0,0,0,0,1,1,1,ACTIVE_WITH_PURCHASE_HISTORY,"Keep: Has active purchase/return activity"
"MTF1326",TRUE,1,1,0,1,1,0,0,1,1,ACTIVE_WITH_PURCHASE_HISTORY,"Keep: Has active purchase/return activity"
"MTPUS-327",TRUE,1,1,0,1,1,0,0,1,1,ACTIVE_WITH_PURCHASE_HISTORY,"Keep: Has active purchase/return activity"
"N-577",TRUE,2,1,0,0,0,0,2,2,2,ACTIVE_WITH_PURCHASE_HISTORY,"Keep: Has active purchase/return activity"
"N-580",TRUE,2,1,0,0,0,0,2,2,2,ACTIVE_WITH_PURCHASE_HISTORY,"Keep: Has active purchase/return activity"
"N-581",TRUE,2,1,0,0,0,0,2,2,2,ACTIVE_WITH_PURCHASE_HISTORY,"Keep: Has active purchase/return activity"
"NA-8",TRUE,1,1,0,0,0,0,1,1,1,ACTIVE_WITH_PURCHASE_HISTORY,"Keep: Has active purchase/return activity"
"NB-10402",TRUE,0,0,0,0,0,0,0,0,0,SAFE_TO_DELETE_IDLE,"Safe to Delete: No purchases, returns, sales, or stock"
"NB-10486",TRUE,0,0,0,0,0,0,0,0,0,SAFE_TO_DELETE_IDLE,"Safe to Delete: No purchases, returns, sales, or stock"
"NB-10490",TRUE,0,0,0,0,0,0,0,0,0,SAFE_TO_DELETE_IDLE,"Safe to Delete: No purchases, returns, sales, or stock"
"NB-10504",TRUE,0,0,0,0,0,0,0,0,0,SAFE_TO_DELETE_IDLE,"Safe to Delete: No purchases, returns, sales, or stock"
"NB-10564",TRUE,0,0,0,0,0,0,0,0,0,SAFE_TO_DELETE_IDLE,"Safe to Delete: No purchases, returns, sales, or stock"
"NB-10568",TRUE,0,0,0,0,0,0,0,0,0,SAFE_TO_DELETE_IDLE,"Safe to Delete: No purchases, returns, sales, or stock"
"NB10493",TRUE,0,0,0,0,0,0,0,0,0,SAFE_TO_DELETE_IDLE,"Safe to Delete: No purchases, returns, sales, or stock"
"NB10504",TRUE,0,0,0,0,0,0,0,0,0,SAFE_TO_DELETE_IDLE,"Safe to Delete: No purchases, returns, sales, or stock"
"NB10510",TRUE,0,0,0,0,0,0,0,0,0,SAFE_TO_DELETE_IDLE,"Safe to Delete: No purchases, returns, sales, or stock"
"NB10580",TRUE,0,0,0,0,0,0,0,0,0,SAFE_TO_DELETE_IDLE,"Safe to Delete: No purchases, returns, sales, or stock"
"NB10581",TRUE,0,0,0,0,0,0,0,0,0,SAFE_TO_DELETE_IDLE,"Safe to Delete: No purchases, returns, sales, or stock"
"NB10607",TRUE,0,0,0,0,0,0,0,0,0,SAFE_TO_DELETE_IDLE,"Safe to Delete: No purchases, returns, sales, or stock"
"NDDS-08",TRUE,1,1,0,0,0,0,1,1,1,ACTIVE_WITH_PURCHASE_HISTORY,"Keep: Has active purchase/return activity"
"NDDS NOV 03",TRUE,1,1,0,1,1,0,0,1,1,ACTIVE_WITH_PURCHASE_HISTORY,"Keep: Has active purchase/return activity"
"NEHAL",TRUE,1,1,0,0,0,0,1,1,1,ACTIVE_WITH_PURCHASE_HISTORY,"Keep: Has active purchase/return activity"
"NH-329",TRUE,4,1,0,0,0,0,4,4,4,ACTIVE_WITH_PURCHASE_HISTORY,"Keep: Has active purchase/return activity"
"NO-046",TRUE,1,1,0,0,0,0,1,1,1,ACTIVE_WITH_PURCHASE_HISTORY,"Keep: Has active purchase/return activity"
"NO-046L",TRUE,1,1,0,0,0,0,1,1,1,ACTIVE_WITH_PURCHASE_HISTORY,"Keep: Has active purchase/return activity"
"NO-048",TRUE,1,1,0,1,1,0,0,1,1,ACTIVE_WITH_PURCHASE_HISTORY,"Keep: Has active purchase/return activity"
"NO-082",TRUE,1,1,0,1,1,0,0,1,1,ACTIVE_WITH_PURCHASE_HISTORY,"Keep: Has active purchase/return activity"
"NO-082-P",TRUE,1,1,0,1,1,0,0,1,1,ACTIVE_WITH_PURCHASE_HISTORY,"Keep: Has active purchase/return activity"
"NO-096",TRUE,1,1,0,0,0,0,1,1,1,ACTIVE_WITH_PURCHASE_HISTORY,"Keep: Has active purchase/return activity"
"NO-097",TRUE,1,1,0,0,0,0,1,1,1,ACTIVE_WITH_PURCHASE_HISTORY,"Keep: Has active purchase/return activity"
"NO-100",TRUE,1,1,0,1,1,0,0,1,1,ACTIVE_WITH_PURCHASE_HISTORY,"Keep: Has active purchase/return activity"
"NO-8250",TRUE,1,1,0,1,1,0,1,2,2,ACTIVE_WITH_PURCHASE_HISTORY,"Keep: Has active purchase/return activity"
"NRSM-02",TRUE,1,1,0,0,0,0,1,1,1,ACTIVE_WITH_PURCHASE_HISTORY,"Keep: Has active purchase/return activity"
"NS130",TRUE,3,1,0,0,0,0,3,3,1,ACTIVE_WITH_PURCHASE_HISTORY,"Keep: Has active purchase/return activity"
"NSM-03",TRUE,1,1,0,0,0,0,1,1,1,ACTIVE_WITH_PURCHASE_HISTORY,"Keep: Has active purchase/return activity"
"NSM-146",TRUE,1,1,0,0,0,0,1,1,1,ACTIVE_WITH_PURCHASE_HISTORY,"Keep: Has active purchase/return activity"
"NSM-167",TRUE,1,1,0,1,1,0,0,1,1,ACTIVE_WITH_PURCHASE_HISTORY,"Keep: Has active purchase/return activity"
"NSM-178",TRUE,1,1,0,0,0,0,1,1,1,ACTIVE_WITH_PURCHASE_HISTORY,"Keep: Has active purchase/return activity"
"NSM-196",TRUE,1,1,0,0,0,0,1,1,1,ACTIVE_WITH_PURCHASE_HISTORY,"Keep: Has active purchase/return activity"
"NSM-26",TRUE,2,1,0,0,0,0,2,2,2,ACTIVE_WITH_PURCHASE_HISTORY,"Keep: Has active purchase/return activity"
"NYR-17",TRUE,1,1,0,0,0,0,1,1,1,ACTIVE_WITH_PURCHASE_HISTORY,"Keep: Has active purchase/return activity"
"NYR-20",TRUE,2,1,0,0,0,0,2,2,2,ACTIVE_WITH_PURCHASE_HISTORY,"Keep: Has active purchase/return activity"
"OD-011",TRUE,1,1,0,0,0,0,1,1,1,ACTIVE_WITH_PURCHASE_HISTORY,"Keep: Has active purchase/return activity"
"OD2768",TRUE,1,1,0,0,0,0,1,1,1,ACTIVE_WITH_PURCHASE_HISTORY,"Keep: Has active purchase/return activity"
"OF-04",TRUE,1,1,0,0,0,0,1,1,1,ACTIVE_WITH_PURCHASE_HISTORY,"Keep: Has active purchase/return activity"
"OMKDS-36",TRUE,1,1,0,0,0,0,1,1,1,ACTIVE_WITH_PURCHASE_HISTORY,"Keep: Has active purchase/return activity"
"OMKL 176",TRUE,1,1,0,0,0,0,1,1,1,ACTIVE_WITH_PURCHASE_HISTORY,"Keep: Has active purchase/return activity"
"OMKL125",TRUE,1,1,0,0,0,0,1,1,1,ACTIVE_WITH_PURCHASE_HISTORY,"Keep: Has active purchase/return activity"
"OMKS-82",TRUE,1,1,0,0,0,0,1,1,1,ACTIVE_WITH_PURCHASE_HISTORY,"Keep: Has active purchase/return activity"
"OR--006--4FLOOR",TRUE,1,1,0,0,0,0,1,1,1,ACTIVE_WITH_PURCHASE_HISTORY,"Keep: Has active purchase/return activity"
"OR-002-4TH-FLOOR",TRUE,2,2,0,0,0,0,2,2,2,ACTIVE_WITH_PURCHASE_HISTORY,"Keep: Has active purchase/return activity"
"OR-002-GROUND-FLOOR",TRUE,1,1,0,0,0,0,1,1,1,ACTIVE_WITH_PURCHASE_HISTORY,"Keep: Has active purchase/return activity"
"OR-003-4TH-FLOOR",TRUE,1,1,0,0,0,0,1,1,1,ACTIVE_WITH_PURCHASE_HISTORY,"Keep: Has active purchase/return activity"
"OR-005",TRUE,1,1,0,0,0,0,1,1,1,ACTIVE_WITH_PURCHASE_HISTORY,"Keep: Has active purchase/return activity"
"OR-005-4TH-FLOOR",TRUE,1,1,0,0,0,0,1,1,1,ACTIVE_WITH_PURCHASE_HISTORY,"Keep: Has active purchase/return activity"
"OR-006",TRUE,1,1,0,1,1,0,1,2,2,ACTIVE_WITH_PURCHASE_HISTORY,"Keep: Has active purchase/return activity"
"OR-006-4FLOOR",TRUE,0,0,0,0,0,0,1,1,1,ORPHAN_WITH_STOCK,"Audit: Has physical stock/printed barcodes but no purchase record"
"OR-007",TRUE,1,1,0,1,1,0,0,1,1,ACTIVE_WITH_PURCHASE_HISTORY,"Keep: Has active purchase/return activity"
"OR-008-3RD-FLOOR",TRUE,1,1,0,0,0,0,1,1,1,ACTIVE_WITH_PURCHASE_HISTORY,"Keep: Has active purchase/return activity"
"OR-011",TRUE,1,1,0,1,1,0,0,1,1,ACTIVE_WITH_PURCHASE_HISTORY,"Keep: Has active purchase/return activity"
"OR-012-4TH-FLOOR",TRUE,1,1,0,0,0,0,1,1,1,ACTIVE_WITH_PURCHASE_HISTORY,"Keep: Has active purchase/return activity"
"OR-013",TRUE,1,1,0,0,0,0,2,2,2,ACTIVE_WITH_PURCHASE_HISTORY,"Keep: Has active purchase/return activity"
"OR-013-GROUND-FLOOR",TRUE,1,1,0,1,1,0,0,1,1,ACTIVE_WITH_PURCHASE_HISTORY,"Keep: Has active purchase/return activity"
"OR-013-THIRD FLOOR",TRUE,1,1,0,0,0,0,1,1,1,ACTIVE_WITH_PURCHASE_HISTORY,"Keep: Has active purchase/return activity"
"OR-019",TRUE,2,2,0,0,0,0,2,2,2,ACTIVE_WITH_PURCHASE_HISTORY,"Keep: Has active purchase/return activity"
"OR-020-3RD-FLOOR",TRUE,1,1,0,0,0,0,1,1,1,ACTIVE_WITH_PURCHASE_HISTORY,"Keep: Has active purchase/return activity"
"OR-024",TRUE,1,1,0,0,0,0,1,1,2,ACTIVE_WITH_PURCHASE_HISTORY,"Keep: Has active purchase/return activity"
"OR-024-B",TRUE,0,0,0,0,0,0,1,1,1,ORPHAN_WITH_STOCK,"Audit: Has physical stock/printed barcodes but no purchase record"
"OR-026",TRUE,0,0,0,0,0,0,1,1,1,ORPHAN_WITH_STOCK,"Audit: Has physical stock/printed barcodes but no purchase record"
"OR-026-THIRD FLOOR",TRUE,1,1,0,0,0,0,1,1,1,ACTIVE_WITH_PURCHASE_HISTORY,"Keep: Has active purchase/return activity"
"OR-027",TRUE,1,1,0,0,0,0,1,1,1,ACTIVE_WITH_PURCHASE_HISTORY,"Keep: Has active purchase/return activity"
"OR-027 3RD FLOOR",TRUE,1,1,0,0,0,0,1,1,1,ACTIVE_WITH_PURCHASE_HISTORY,"Keep: Has active purchase/return activity"
"OR-029-THIRD FLOOR",TRUE,1,1,0,0,0,0,1,1,1,ACTIVE_WITH_PURCHASE_HISTORY,"Keep: Has active purchase/return activity"
"OR-032 3RD FLOOR",TRUE,1,1,0,0,0,0,1,1,1,ACTIVE_WITH_PURCHASE_HISTORY,"Keep: Has active purchase/return activity"
"OR-035-4TH-FLOOR",TRUE,1,1,0,0,0,0,1,1,1,ACTIVE_WITH_PURCHASE_HISTORY,"Keep: Has active purchase/return activity"
"OR-038",TRUE,1,1,0,0,0,0,1,1,1,ACTIVE_WITH_PURCHASE_HISTORY,"Keep: Has active purchase/return activity"
"OR-105591",TRUE,1,1,0,0,0,0,1,1,1,ACTIVE_WITH_PURCHASE_HISTORY,"Keep: Has active purchase/return activity"
"OR-15",TRUE,1,1,0,0,0,0,1,1,1,ACTIVE_WITH_PURCHASE_HISTORY,"Keep: Has active purchase/return activity"
"OR-23-3TH FLOOR",TRUE,1,1,0,0,0,0,1,1,1,ACTIVE_WITH_PURCHASE_HISTORY,"Keep: Has active purchase/return activity"
"OR-23-4TH FLOOR",TRUE,0,0,0,0,0,0,1,1,1,ORPHAN_WITH_STOCK,"Audit: Has physical stock/printed barcodes but no purchase record"
"OR-25-3TH-FLOOR",TRUE,1,1,0,1,1,0,0,1,1,ACTIVE_WITH_PURCHASE_HISTORY,"Keep: Has active purchase/return activity"
"OR-301",TRUE,0,0,0,0,0,0,1,1,1,ORPHAN_WITH_STOCK,"Audit: Has physical stock/printed barcodes but no purchase record"
"OR-301-1-FLOOR",TRUE,1,1,0,1,1,0,0,1,1,ACTIVE_WITH_PURCHASE_HISTORY,"Keep: Has active purchase/return activity"
"OR-306",TRUE,1,1,0,1,1,0,0,1,1,ACTIVE_WITH_PURCHASE_HISTORY,"Keep: Has active purchase/return activity"
"OR-307",TRUE,1,1,0,0,0,0,1,1,1,ACTIVE_WITH_PURCHASE_HISTORY,"Keep: Has active purchase/return activity"
"OR-308 1ST FLOOR",TRUE,1,1,0,1,1,0,0,1,1,ACTIVE_WITH_PURCHASE_HISTORY,"Keep: Has active purchase/return activity"
"OR-310-1ST FLOOR",TRUE,1,1,0,0,0,0,1,1,1,ACTIVE_WITH_PURCHASE_HISTORY,"Keep: Has active purchase/return activity"
"OR-311-1ST-FLOOR-B",TRUE,0,0,0,0,0,0,1,1,1,ORPHAN_WITH_STOCK,"Audit: Has physical stock/printed barcodes but no purchase record"
"OR-311-1ST-FLOOR-G",TRUE,1,1,0,0,0,0,1,1,1,ACTIVE_WITH_PURCHASE_HISTORY,"Keep: Has active purchase/return activity"
"OR-315",TRUE,3,1,0,1,1,1,1,2,2,ACTIVE_WITH_PURCHASE_HISTORY,"Keep: Has active purchase/return activity"
"OR-322-1ST-FLOOR-B",TRUE,1,1,0,0,0,0,1,1,1,ACTIVE_WITH_PURCHASE_HISTORY,"Keep: Has active purchase/return activity"
"OR-323",TRUE,1,1,0,0,0,0,1,1,1,ACTIVE_WITH_PURCHASE_HISTORY,"Keep: Has active purchase/return activity"
"OR-325-1ST FLOOR",TRUE,1,1,0,0,0,0,1,1,1,ACTIVE_WITH_PURCHASE_HISTORY,"Keep: Has active purchase/return activity"
"OR-326",TRUE,1,1,0,0,0,0,1,1,1,ACTIVE_WITH_PURCHASE_HISTORY,"Keep: Has active purchase/return activity"
"OR-330-1ST-FLOOR",TRUE,1,1,0,0,0,0,1,1,1,ACTIVE_WITH_PURCHASE_HISTORY,"Keep: Has active purchase/return activity"
"OR-35-4TH-FLOOR",TRUE,0,0,0,0,0,0,1,1,1,ORPHAN_WITH_STOCK,"Audit: Has physical stock/printed barcodes but no purchase record"
"OR-810-1ST FLOOR",TRUE,0,0,0,0,0,0,1,1,1,ORPHAN_WITH_STOCK,"Audit: Has physical stock/printed barcodes but no purchase record"
"ORT-133",TRUE,6,1,0,0,0,0,6,6,6,ACTIVE_WITH_PURCHASE_HISTORY,"Keep: Has active purchase/return activity"
"ORT-133-G",TRUE,6,1,0,0,0,0,6,6,6,ACTIVE_WITH_PURCHASE_HISTORY,"Keep: Has active purchase/return activity"
"ORT-183",TRUE,2,1,0,0,0,0,2,2,2,ACTIVE_WITH_PURCHASE_HISTORY,"Keep: Has active purchase/return activity"
"ORT-184-L",TRUE,6,1,0,0,0,0,6,6,6,ACTIVE_WITH_PURCHASE_HISTORY,"Keep: Has active purchase/return activity"
"ORT-184-P",TRUE,6,1,0,0,0,0,6,6,6,ACTIVE_WITH_PURCHASE_HISTORY,"Keep: Has active purchase/return activity"
"ORT-192",TRUE,6,1,0,0,0,0,6,6,6,ACTIVE_WITH_PURCHASE_HISTORY,"Keep: Has active purchase/return activity"
"ORT-192-C",TRUE,6,1,0,0,0,0,6,6,6,ACTIVE_WITH_PURCHASE_HISTORY,"Keep: Has active purchase/return activity"
"ORT-211",TRUE,10,2,0,1,1,0,16,17,10,ACTIVE_WITH_PURCHASE_HISTORY,"Keep: Has active purchase/return activity"
"ORT-214",TRUE,4,1,0,0,0,0,4,4,4,ACTIVE_WITH_PURCHASE_HISTORY,"Keep: Has active purchase/return activity"
"ORT-214-B",TRUE,2,1,0,0,0,0,2,2,2,ACTIVE_WITH_PURCHASE_HISTORY,"Keep: Has active purchase/return activity"
"ORT 183",TRUE,4,1,0,2,2,0,2,4,4,ACTIVE_WITH_PURCHASE_HISTORY,"Keep: Has active purchase/return activity"
"ORT 211",TRUE,2,1,0,0,0,0,2,2,2,ACTIVE_WITH_PURCHASE_HISTORY,"Keep: Has active purchase/return activity"
"ORT/212",TRUE,1,1,0,0,0,0,1,1,1,ACTIVE_WITH_PURCHASE_HISTORY,"Keep: Has active purchase/return activity"
"P-2791 (R)",TRUE,1,1,0,0,0,0,1,1,1,ACTIVE_WITH_PURCHASE_HISTORY,"Keep: Has active purchase/return activity"
"P-2791(R)",TRUE,1,1,0,0,0,0,1,1,1,ACTIVE_WITH_PURCHASE_HISTORY,"Keep: Has active purchase/return activity"
"P-2791(XL)",TRUE,1,1,0,0,0,0,1,1,1,ACTIVE_WITH_PURCHASE_HISTORY,"Keep: Has active purchase/return activity"
"P-2806",TRUE,1,1,1,0,0,0,0,1,1,ACTIVE_WITH_PURCHASE_HISTORY,"Keep: Has active purchase/return activity"
"P-2831",TRUE,2,1,2,0,0,0,0,2,2,ACTIVE_WITH_PURCHASE_HISTORY,"Keep: Has active purchase/return activity"
"P-2896",TRUE,1,1,0,1,1,0,0,1,1,ACTIVE_WITH_PURCHASE_HISTORY,"Keep: Has active purchase/return activity"
"P-2896-G",TRUE,1,1,0,0,0,0,2,2,2,ACTIVE_WITH_PURCHASE_HISTORY,"Keep: Has active purchase/return activity"
"P-2896-P",TRUE,1,1,0,0,0,0,2,2,2,ACTIVE_WITH_PURCHASE_HISTORY,"Keep: Has active purchase/return activity"
"P-2896-R",TRUE,1,1,0,0,0,0,2,2,2,ACTIVE_WITH_PURCHASE_HISTORY,"Keep: Has active purchase/return activity"
"P-2911",TRUE,3,2,0,1,1,0,2,3,3,ACTIVE_WITH_PURCHASE_HISTORY,"Keep: Has active purchase/return activity"
"P-2911-B",TRUE,1,1,1,0,0,0,1,2,2,ACTIVE_WITH_PURCHASE_HISTORY,"Keep: Has active purchase/return activity"
"P-2911-P",TRUE,1,1,0,0,0,0,2,2,2,ACTIVE_WITH_PURCHASE_HISTORY,"Keep: Has active purchase/return activity"
"P-2930-B",TRUE,0,0,0,0,0,0,2,2,2,ORPHAN_WITH_STOCK,"Audit: Has physical stock/printed barcodes but no purchase record"
"P-2932",TRUE,1,1,0,0,0,0,1,1,1,ACTIVE_WITH_PURCHASE_HISTORY,"Keep: Has active purchase/return activity"
"P-2960",TRUE,2,1,0,2,2,0,0,1,1,ACTIVE_WITH_PURCHASE_HISTORY,"Keep: Has active purchase/return activity"
"P-2960-P",TRUE,1,1,0,1,1,0,0,1,1,ACTIVE_WITH_PURCHASE_HISTORY,"Keep: Has active purchase/return activity"
"P-2972",TRUE,1,1,1,0,0,0,0,1,1,ACTIVE_WITH_PURCHASE_HISTORY,"Keep: Has active purchase/return activity"
"P-2977-B",TRUE,1,1,0,0,0,0,2,2,2,ACTIVE_WITH_PURCHASE_HISTORY,"Keep: Has active purchase/return activity"
"P-2977-W",TRUE,1,1,1,0,0,0,1,2,2,ACTIVE_WITH_PURCHASE_HISTORY,"Keep: Has active purchase/return activity"
"P-2980-B",TRUE,1,1,0,0,0,0,1,1,1,ACTIVE_WITH_PURCHASE_HISTORY,"Keep: Has active purchase/return activity"
"P-2980-G",TRUE,1,1,0,0,0,0,2,2,2,ACTIVE_WITH_PURCHASE_HISTORY,"Keep: Has active purchase/return activity"
"P-2989",TRUE,3,2,0,1,1,0,2,3,3,ACTIVE_WITH_PURCHASE_HISTORY,"Keep: Has active purchase/return activity"
"P-2989-XL",TRUE,1,1,0,1,1,1,0,1,1,ACTIVE_WITH_PURCHASE_HISTORY,"Keep: Has active purchase/return activity"
"P-3006-G",TRUE,2,1,2,0,0,0,0,2,2,ACTIVE_WITH_PURCHASE_HISTORY,"Keep: Has active purchase/return activity"
"P-3006-P",TRUE,1,1,1,0,0,0,0,1,1,ACTIVE_WITH_PURCHASE_HISTORY,"Keep: Has active purchase/return activity"
"P-3012-GR",TRUE,1,1,0,0,0,0,2,2,2,ACTIVE_WITH_PURCHASE_HISTORY,"Keep: Has active purchase/return activity"
"P-3012-GY",TRUE,1,1,0,0,0,0,2,2,2,ACTIVE_WITH_PURCHASE_HISTORY,"Keep: Has active purchase/return activity"
"P-3012-P",TRUE,1,1,0,0,0,0,2,2,2,ACTIVE_WITH_PURCHASE_HISTORY,"Keep: Has active purchase/return activity"
"P-3014(R)",TRUE,2,1,0,0,0,0,2,2,2,ACTIVE_WITH_PURCHASE_HISTORY,"Keep: Has active purchase/return activity"
"P-3014(XL)",TRUE,1,1,0,0,0,0,1,1,1,ACTIVE_WITH_PURCHASE_HISTORY,"Keep: Has active purchase/return activity"
"P-3020 R",TRUE,2,1,0,2,2,0,0,2,2,ACTIVE_WITH_PURCHASE_HISTORY,"Keep: Has active purchase/return activity"
"P-3033",TRUE,2,1,0,0,0,0,1,1,1,ACTIVE_WITH_PURCHASE_HISTORY,"Keep: Has active purchase/return activity"
"P-3033-XL",TRUE,1,1,0,1,1,0,0,1,1,ACTIVE_WITH_PURCHASE_HISTORY,"Keep: Has active purchase/return activity"
"P-3086",TRUE,3,1,1,1,1,0,1,3,3,ACTIVE_WITH_PURCHASE_HISTORY,"Keep: Has active purchase/return activity"
"P-4025",TRUE,1,1,0,1,1,0,0,1,1,ACTIVE_WITH_PURCHASE_HISTORY,"Keep: Has active purchase/return activity"
"P-5044",TRUE,1,1,0,0,0,0,1,1,1,ACTIVE_WITH_PURCHASE_HISTORY,"Keep: Has active purchase/return activity"
"PD0928",TRUE,1,1,0,0,0,0,1,1,1,ACTIVE_WITH_PURCHASE_HISTORY,"Keep: Has active purchase/return activity"
"PE-59",TRUE,1,1,0,0,0,0,1,1,1,ACTIVE_WITH_PURCHASE_HISTORY,"Keep: Has active purchase/return activity"
"PE-78",TRUE,1,1,0,0,0,0,1,1,1,ACTIVE_WITH_PURCHASE_HISTORY,"Keep: Has active purchase/return activity"
"PE-79",TRUE,1,1,0,0,0,0,1,1,1,ACTIVE_WITH_PURCHASE_HISTORY,"Keep: Has active purchase/return activity"
"PE 58",TRUE,1,1,0,1,1,0,0,1,1,ACTIVE_WITH_PURCHASE_HISTORY,"Keep: Has active purchase/return activity"
"PE55",TRUE,1,1,0,2,2,2,0,1,1,ACTIVE_WITH_PURCHASE_HISTORY,"Keep: Has active purchase/return activity"
"PG-212",TRUE,1,1,0,0,0,0,1,1,1,ACTIVE_WITH_PURCHASE_HISTORY,"Keep: Has active purchase/return activity"
"PG535",TRUE,1,1,0,0,0,0,1,1,1,ACTIVE_WITH_PURCHASE_HISTORY,"Keep: Has active purchase/return activity"
"PG590",TRUE,1,1,0,0,0,0,1,1,1,ACTIVE_WITH_PURCHASE_HISTORY,"Keep: Has active purchase/return activity"
"PG590/1685",TRUE,1,1,0,1,1,0,0,1,1,ACTIVE_WITH_PURCHASE_HISTORY,"Keep: Has active purchase/return activity"
"PN-7706A",TRUE,1,1,0,0,0,0,1,1,1,ACTIVE_WITH_PURCHASE_HISTORY,"Keep: Has active purchase/return activity"
"PN-7725A",TRUE,1,1,0,1,1,0,0,1,1,ACTIVE_WITH_PURCHASE_HISTORY,"Keep: Has active purchase/return activity"
"PN-7764 ( PU )",TRUE,1,1,0,0,0,0,1,1,1,ACTIVE_WITH_PURCHASE_HISTORY,"Keep: Has active purchase/return activity"
"PN-7766",TRUE,1,1,0,1,1,0,0,1,1,ACTIVE_WITH_PURCHASE_HISTORY,"Keep: Has active purchase/return activity"
"PN-7842 ( PK )",TRUE,1,1,0,0,0,0,1,1,1,ACTIVE_WITH_PURCHASE_HISTORY,"Keep: Has active purchase/return activity"
"PN-7844 ( PH )",TRUE,1,1,0,0,0,0,1,1,1,ACTIVE_WITH_PURCHASE_HISTORY,"Keep: Has active purchase/return activity"
"PN-7851",TRUE,1,1,0,0,0,0,1,1,1,ACTIVE_WITH_PURCHASE_HISTORY,"Keep: Has active purchase/return activity"
"PN-7860 ( BG )",TRUE,1,1,0,0,0,0,1,1,1,ACTIVE_WITH_PURCHASE_HISTORY,"Keep: Has active purchase/return activity"
"PN-7887",TRUE,1,1,0,0,0,0,1,1,1,ACTIVE_WITH_PURCHASE_HISTORY,"Keep: Has active purchase/return activity"
"PN-7888",TRUE,1,1,0,0,0,0,1,1,1,ACTIVE_WITH_PURCHASE_HISTORY,"Keep: Has active purchase/return activity"
"PN-7889",TRUE,1,1,0,0,0,0,1,1,1,ACTIVE_WITH_PURCHASE_HISTORY,"Keep: Has active purchase/return activity"
"PN-7899",TRUE,1,1,0,0,0,0,1,1,1,ACTIVE_WITH_PURCHASE_HISTORY,"Keep: Has active purchase/return activity"
"PN-7906",TRUE,1,1,0,0,0,0,1,1,1,ACTIVE_WITH_PURCHASE_HISTORY,"Keep: Has active purchase/return activity"
"PN-7910",TRUE,1,1,0,0,0,0,1,1,1,ACTIVE_WITH_PURCHASE_HISTORY,"Keep: Has active purchase/return activity"
"PS-1426",TRUE,2,2,0,1,1,0,1,2,2,ACTIVE_WITH_PURCHASE_HISTORY,"Keep: Has active purchase/return activity"
"Q-5018",TRUE,1,1,0,1,1,0,0,1,1,ACTIVE_WITH_PURCHASE_HISTORY,"Keep: Has active purchase/return activity"
"R-04",TRUE,1,1,0,0,0,0,1,1,1,ACTIVE_WITH_PURCHASE_HISTORY,"Keep: Has active purchase/return activity"
"R-1",TRUE,1,1,0,0,0,0,1,1,1,ACTIVE_WITH_PURCHASE_HISTORY,"Keep: Has active purchase/return activity"
"R-8709",TRUE,3,1,0,0,0,0,3,3,1,ACTIVE_WITH_PURCHASE_HISTORY,"Keep: Has active purchase/return activity"
"R-9569",TRUE,2,1,0,1,1,0,1,2,1,ACTIVE_WITH_PURCHASE_HISTORY,"Keep: Has active purchase/return activity"
"R/O-M-784",TRUE,1,1,0,0,0,0,1,1,1,ACTIVE_WITH_PURCHASE_HISTORY,"Keep: Has active purchase/return activity"
"R092",TRUE,1,1,0,0,0,0,1,1,1,ACTIVE_WITH_PURCHASE_HISTORY,"Keep: Has active purchase/return activity"
"R099",TRUE,1,1,0,1,1,0,0,1,1,ACTIVE_WITH_PURCHASE_HISTORY,"Keep: Has active purchase/return activity"
"RADHEY-005-B",TRUE,1,1,0,0,0,0,1,1,1,ACTIVE_WITH_PURCHASE_HISTORY,"Keep: Has active purchase/return activity"
"RADHEY-005-G",TRUE,1,1,0,0,0,0,1,1,1,ACTIVE_WITH_PURCHASE_HISTORY,"Keep: Has active purchase/return activity"
"RADHEY-005-P",TRUE,1,1,0,1,1,0,0,1,1,ACTIVE_WITH_PURCHASE_HISTORY,"Keep: Has active purchase/return activity"
"RADHEY-006-G",TRUE,2,1,0,1,1,0,1,2,2,ACTIVE_WITH_PURCHASE_HISTORY,"Keep: Has active purchase/return activity"
"RADHEY-006-P",TRUE,1,1,0,1,1,0,0,1,1,ACTIVE_WITH_PURCHASE_HISTORY,"Keep: Has active purchase/return activity"
"RADHEY-006-W",TRUE,1,1,0,0,0,0,1,1,1,ACTIVE_WITH_PURCHASE_HISTORY,"Keep: Has active purchase/return activity"
"RADHEY-007-B",TRUE,1,1,0,0,0,0,1,1,1,ACTIVE_WITH_PURCHASE_HISTORY,"Keep: Has active purchase/return activity"
"RADHEY-007-P",TRUE,1,1,0,1,1,0,0,1,1,ACTIVE_WITH_PURCHASE_HISTORY,"Keep: Has active purchase/return activity"
"RADHEY-007-Y",TRUE,1,1,0,1,1,0,0,1,1,ACTIVE_WITH_PURCHASE_HISTORY,"Keep: Has active purchase/return activity"
"RADHEY-014-G",TRUE,1,1,0,1,1,0,0,1,1,ACTIVE_WITH_PURCHASE_HISTORY,"Keep: Has active purchase/return activity"
"RADHEY-014-P",TRUE,1,1,0,1,1,0,0,1,1,ACTIVE_WITH_PURCHASE_HISTORY,"Keep: Has active purchase/return activity"
"RADHEY-014-Y",TRUE,1,1,0,1,1,0,0,1,1,ACTIVE_WITH_PURCHASE_HISTORY,"Keep: Has active purchase/return activity"
"RAMILA-G",TRUE,1,1,0,0,0,0,1,1,1,ACTIVE_WITH_PURCHASE_HISTORY,"Keep: Has active purchase/return activity"
"RAMILA-P",TRUE,1,1,0,1,1,0,0,1,1,ACTIVE_WITH_PURCHASE_HISTORY,"Keep: Has active purchase/return activity"
"RC/SS/571",TRUE,1,1,0,0,0,0,1,1,1,ACTIVE_WITH_PURCHASE_HISTORY,"Keep: Has active purchase/return activity"
"RDHBT54",TRUE,1,1,0,0,0,0,1,1,1,ACTIVE_WITH_PURCHASE_HISTORY,"Keep: Has active purchase/return activity"
"RDWH 363",TRUE,1,1,0,0,0,0,1,1,1,ACTIVE_WITH_PURCHASE_HISTORY,"Keep: Has active purchase/return activity"
"RDWH253",TRUE,2,1,0,0,0,0,2,2,2,ACTIVE_WITH_PURCHASE_HISTORY,"Keep: Has active purchase/return activity"
"RDWH268",TRUE,4,1,0,0,0,0,4,4,3,ACTIVE_WITH_PURCHASE_HISTORY,"Keep: Has active purchase/return activity"
"RDWH294",TRUE,5,1,0,3,3,0,2,5,3,ACTIVE_WITH_PURCHASE_HISTORY,"Keep: Has active purchase/return activity"
"RDWH294 B",TRUE,1,1,0,1,1,0,0,1,1,ACTIVE_WITH_PURCHASE_HISTORY,"Keep: Has active purchase/return activity"
"RDWH301",TRUE,4,1,0,1,1,0,1,2,2,ACTIVE_WITH_PURCHASE_HISTORY,"Keep: Has active purchase/return activity"
"RDWH337",TRUE,1,1,0,0,0,0,1,1,1,ACTIVE_WITH_PURCHASE_HISTORY,"Keep: Has active purchase/return activity"
"RDWH357",TRUE,3,1,0,2,1,0,1,3,3,ACTIVE_WITH_PURCHASE_HISTORY,"Keep: Has active purchase/return activity"
"RDWH368",TRUE,3,1,0,0,0,0,3,3,3,ACTIVE_WITH_PURCHASE_HISTORY,"Keep: Has active purchase/return activity"
"RE15987",TRUE,1,1,0,1,1,0,0,1,1,ACTIVE_WITH_PURCHASE_HISTORY,"Keep: Has active purchase/return activity"
"RE16527",TRUE,1,1,0,1,1,0,0,1,1,ACTIVE_WITH_PURCHASE_HISTORY,"Keep: Has active purchase/return activity"
"RGAJ-70",TRUE,2,1,0,1,1,0,1,2,1,ACTIVE_WITH_PURCHASE_HISTORY,"Keep: Has active purchase/return activity"
"RGIS-10045",TRUE,2,1,0,0,0,0,2,2,1,ACTIVE_WITH_PURCHASE_HISTORY,"Keep: Has active purchase/return activity"
"RGMU-5031",TRUE,2,1,2,0,0,0,0,2,1,ACTIVE_WITH_PURCHASE_HISTORY,"Keep: Has active purchase/return activity"
"RGMU-62",TRUE,2,1,0,0,0,0,2,2,1,ACTIVE_WITH_PURCHASE_HISTORY,"Keep: Has active purchase/return activity"
"RGMU-84",TRUE,2,1,2,0,0,0,0,2,1,ACTIVE_WITH_PURCHASE_HISTORY,"Keep: Has active purchase/return activity"
"RGNPC-156",TRUE,2,1,2,0,0,0,0,2,1,ACTIVE_WITH_PURCHASE_HISTORY,"Keep: Has active purchase/return activity"
"RGNPC-158",TRUE,2,1,2,0,0,0,0,2,1,ACTIVE_WITH_PURCHASE_HISTORY,"Keep: Has active purchase/return activity"
"RGPC-026",TRUE,2,1,0,0,0,0,2,2,1,ACTIVE_WITH_PURCHASE_HISTORY,"Keep: Has active purchase/return activity"
"RGVJ-5106",TRUE,2,1,2,0,0,0,0,2,1,ACTIVE_WITH_PURCHASE_HISTORY,"Keep: Has active purchase/return activity"
"RGVJ-5147",TRUE,2,1,2,0,0,0,0,2,1,ACTIVE_WITH_PURCHASE_HISTORY,"Keep: Has active purchase/return activity"
"RIS-101",TRUE,1,1,0,0,0,0,1,1,1,ACTIVE_WITH_PURCHASE_HISTORY,"Keep: Has active purchase/return activity"
"RIS 196",TRUE,1,1,0,0,0,0,1,1,1,ACTIVE_WITH_PURCHASE_HISTORY,"Keep: Has active purchase/return activity"
"RJ-1605",TRUE,1,1,0,0,0,0,1,1,1,ACTIVE_WITH_PURCHASE_HISTORY,"Keep: Has active purchase/return activity"
"RJ-1824",TRUE,1,1,0,1,1,0,0,1,1,ACTIVE_WITH_PURCHASE_HISTORY,"Keep: Has active purchase/return activity"
"RJ-2034",TRUE,1,1,0,0,0,0,1,1,1,ACTIVE_WITH_PURCHASE_HISTORY,"Keep: Has active purchase/return activity"
"RJ1508",TRUE,1,1,0,1,1,0,0,1,1,ACTIVE_WITH_PURCHASE_HISTORY,"Keep: Has active purchase/return activity"
"RJ1689",TRUE,1,1,0,0,0,0,1,1,1,ACTIVE_WITH_PURCHASE_HISTORY,"Keep: Has active purchase/return activity"
"RJ1736",TRUE,1,1,0,0,0,0,1,1,1,ACTIVE_WITH_PURCHASE_HISTORY,"Keep: Has active purchase/return activity"
"RJ1791",TRUE,1,1,0,0,0,0,1,1,1,ACTIVE_WITH_PURCHASE_HISTORY,"Keep: Has active purchase/return activity"
"RJ1811",TRUE,1,1,0,0,0,0,1,1,1,ACTIVE_WITH_PURCHASE_HISTORY,"Keep: Has active purchase/return activity"
"RJ1852",TRUE,1,1,0,0,0,0,1,1,1,ACTIVE_WITH_PURCHASE_HISTORY,"Keep: Has active purchase/return activity"
"RJ1919",TRUE,1,1,0,0,0,0,1,1,1,ACTIVE_WITH_PURCHASE_HISTORY,"Keep: Has active purchase/return activity"
"RJ1953",TRUE,1,1,0,0,0,0,1,1,1,ACTIVE_WITH_PURCHASE_HISTORY,"Keep: Has active purchase/return activity"
"RJ1965",TRUE,1,1,0,1,1,0,0,1,1,ACTIVE_WITH_PURCHASE_HISTORY,"Keep: Has active purchase/return activity"
"RJ1988",TRUE,1,1,0,0,0,0,1,1,1,ACTIVE_WITH_PURCHASE_HISTORY,"Keep: Has active purchase/return activity"
"RJ1994",TRUE,1,1,0,0,0,0,1,1,1,ACTIVE_WITH_PURCHASE_HISTORY,"Keep: Has active purchase/return activity"
"RJ1995",TRUE,1,1,0,1,1,0,0,1,1,ACTIVE_WITH_PURCHASE_HISTORY,"Keep: Has active purchase/return activity"
"RJ2024",TRUE,1,1,0,0,0,0,1,1,1,ACTIVE_WITH_PURCHASE_HISTORY,"Keep: Has active purchase/return activity"
"RJ2082",TRUE,1,1,0,0,0,0,1,1,1,ACTIVE_WITH_PURCHASE_HISTORY,"Keep: Has active purchase/return activity"
"RPT43",TRUE,1,1,0,1,1,0,0,1,1,ACTIVE_WITH_PURCHASE_HISTORY,"Keep: Has active purchase/return activity"
"RR-1209",TRUE,2,1,0,0,0,0,2,2,2,ACTIVE_WITH_PURCHASE_HISTORY,"Keep: Has active purchase/return activity"
"RR-1210",TRUE,2,1,0,0,0,0,2,2,2,ACTIVE_WITH_PURCHASE_HISTORY,"Keep: Has active purchase/return activity"
"RR-316",TRUE,2,1,0,2,2,4,0,2,1,ACTIVE_WITH_PURCHASE_HISTORY,"Keep: Has active purchase/return activity"
"RR1205",TRUE,2,1,0,0,0,0,2,2,2,ACTIVE_WITH_PURCHASE_HISTORY,"Keep: Has active purchase/return activity"
"RS/42/231",TRUE,1,1,0,0,0,0,1,1,1,ACTIVE_WITH_PURCHASE_HISTORY,"Keep: Has active purchase/return activity"
"RW-019",TRUE,1,1,0,0,0,0,1,1,1,ACTIVE_WITH_PURCHASE_HISTORY,"Keep: Has active purchase/return activity"
"S- 3448",TRUE,1,1,0,0,0,0,1,1,1,ACTIVE_WITH_PURCHASE_HISTORY,"Keep: Has active purchase/return activity"
"S-03991 MOONGA",TRUE,1,1,0,1,1,0,0,1,1,ACTIVE_WITH_PURCHASE_HISTORY,"Keep: Has active purchase/return activity"
"S-04130 BNS",TRUE,1,1,0,0,0,0,1,1,1,ACTIVE_WITH_PURCHASE_HISTORY,"Keep: Has active purchase/return activity"
"S-1013",TRUE,1,1,0,1,1,0,0,1,1,ACTIVE_WITH_PURCHASE_HISTORY,"Keep: Has active purchase/return activity"
"S-10711",TRUE,1,1,0,1,1,0,0,1,1,ACTIVE_WITH_PURCHASE_HISTORY,"Keep: Has active purchase/return activity"
"S-10740",TRUE,1,1,0,0,0,0,1,1,1,ACTIVE_WITH_PURCHASE_HISTORY,"Keep: Has active purchase/return activity"
"S-10803",TRUE,1,1,0,0,0,0,1,1,1,ACTIVE_WITH_PURCHASE_HISTORY,"Keep: Has active purchase/return activity"
"S-1800",TRUE,1,1,0,0,0,0,1,1,1,ACTIVE_WITH_PURCHASE_HISTORY,"Keep: Has active purchase/return activity"
"S-3089",TRUE,3,1,0,2,2,2,1,2,2,ACTIVE_WITH_PURCHASE_HISTORY,"Keep: Has active purchase/return activity"
"S-3160",TRUE,1,1,0,0,0,0,1,1,1,ACTIVE_WITH_PURCHASE_HISTORY,"Keep: Has active purchase/return activity"
"S-3160-02",TRUE,2,1,0,0,0,0,1,1,1,ACTIVE_WITH_PURCHASE_HISTORY,"Keep: Has active purchase/return activity"
"S-3387",TRUE,2,1,0,1,1,0,0,1,1,ACTIVE_WITH_PURCHASE_HISTORY,"Keep: Has active purchase/return activity"
"S-3387 (XL)",TRUE,1,1,0,0,0,0,1,1,1,ACTIVE_WITH_PURCHASE_HISTORY,"Keep: Has active purchase/return activity"
"S-3400",TRUE,1,1,0,0,0,0,1,1,1,ACTIVE_WITH_PURCHASE_HISTORY,"Keep: Has active purchase/return activity"
"S-3418",TRUE,1,1,0,0,0,0,1,1,1,ACTIVE_WITH_PURCHASE_HISTORY,"Keep: Has active purchase/return activity"
"S-3434",TRUE,1,1,0,1,1,0,0,1,1,ACTIVE_WITH_PURCHASE_HISTORY,"Keep: Has active purchase/return activity"
"S-3441",TRUE,5,2,0,3,3,0,2,4,3,ACTIVE_WITH_PURCHASE_HISTORY,"Keep: Has active purchase/return activity"
"S-3445",TRUE,2,1,0,2,2,1,0,1,1,ACTIVE_WITH_PURCHASE_HISTORY,"Keep: Has active purchase/return activity"
"S-3445 ( PURPLE )",TRUE,2,1,0,2,2,0,0,1,1,ACTIVE_WITH_PURCHASE_HISTORY,"Keep: Has active purchase/return activity"
"S-3445 (XL) PURPLE",TRUE,1,1,0,1,1,0,0,1,1,ACTIVE_WITH_PURCHASE_HISTORY,"Keep: Has active purchase/return activity"
"S-3445 XL",TRUE,1,1,0,1,1,0,0,1,1,ACTIVE_WITH_PURCHASE_HISTORY,"Keep: Has active purchase/return activity"
"S-3446",TRUE,1,1,0,0,0,0,1,1,1,ACTIVE_WITH_PURCHASE_HISTORY,"Keep: Has active purchase/return activity"
"S-3446 (XL)",TRUE,2,1,0,0,0,0,1,1,1,ACTIVE_WITH_PURCHASE_HISTORY,"Keep: Has active purchase/return activity"
"S-3450",TRUE,2,1,0,1,1,0,0,1,1,ACTIVE_WITH_PURCHASE_HISTORY,"Keep: Has active purchase/return activity"
"S-3450 (XL)",TRUE,1,1,0,1,1,0,0,1,1,ACTIVE_WITH_PURCHASE_HISTORY,"Keep: Has active purchase/return activity"
"S-3455",TRUE,2,1,0,0,0,0,1,1,1,ACTIVE_WITH_PURCHASE_HISTORY,"Keep: Has active purchase/return activity"
"S-3455-B",TRUE,1,1,0,0,0,0,1,1,1,ACTIVE_WITH_PURCHASE_HISTORY,"Keep: Has active purchase/return activity"
"S-3472",TRUE,2,1,0,0,0,0,1,1,1,ACTIVE_WITH_PURCHASE_HISTORY,"Keep: Has active purchase/return activity"
"S-3472-B",TRUE,1,1,0,0,0,0,1,1,1,ACTIVE_WITH_PURCHASE_HISTORY,"Keep: Has active purchase/return activity"
"S-3481",TRUE,2,1,0,0,0,0,1,1,1,ACTIVE_WITH_PURCHASE_HISTORY,"Keep: Has active purchase/return activity"
"S-3481 (XL)",TRUE,1,1,0,1,1,0,0,1,1,ACTIVE_WITH_PURCHASE_HISTORY,"Keep: Has active purchase/return activity"
"S-3491",TRUE,3,1,0,0,0,0,2,2,2,ACTIVE_WITH_PURCHASE_HISTORY,"Keep: Has active purchase/return activity"
"S-3492",TRUE,2,1,0,0,0,0,2,2,1,ACTIVE_WITH_PURCHASE_HISTORY,"Keep: Has active purchase/return activity"
"S-3494",TRUE,2,1,0,0,0,0,1,1,1,ACTIVE_WITH_PURCHASE_HISTORY,"Keep: Has active purchase/return activity"
"S-3494-02",TRUE,1,1,0,1,1,0,0,1,1,ACTIVE_WITH_PURCHASE_HISTORY,"Keep: Has active purchase/return activity"
"S-3498",TRUE,2,1,0,0,0,0,1,1,1,ACTIVE_WITH_PURCHASE_HISTORY,"Keep: Has active purchase/return activity"
"S-3498-B",TRUE,1,1,0,0,0,0,1,1,1,ACTIVE_WITH_PURCHASE_HISTORY,"Keep: Has active purchase/return activity"
"S-3499",TRUE,2,1,0,0,0,0,1,1,1,ACTIVE_WITH_PURCHASE_HISTORY,"Keep: Has active purchase/return activity"
"S-3499-B",TRUE,1,1,0,0,0,0,1,1,1,ACTIVE_WITH_PURCHASE_HISTORY,"Keep: Has active purchase/return activity"
"S-3500",TRUE,2,1,0,0,0,0,1,1,1,ACTIVE_WITH_PURCHASE_HISTORY,"Keep: Has active purchase/return activity"
"S-3500-B",TRUE,1,1,0,0,0,0,1,1,1,ACTIVE_WITH_PURCHASE_HISTORY,"Keep: Has active purchase/return activity"
"S-3501",TRUE,3,1,0,0,0,0,2,2,2,ACTIVE_WITH_PURCHASE_HISTORY,"Keep: Has active purchase/return activity"
"S-3502",TRUE,3,1,0,0,0,0,2,2,2,ACTIVE_WITH_PURCHASE_HISTORY,"Keep: Has active purchase/return activity"
"S-3503",TRUE,3,1,0,0,0,0,4,4,3,ACTIVE_WITH_PURCHASE_HISTORY,"Keep: Has active purchase/return activity"
"S-3504",TRUE,2,1,0,0,0,0,1,1,1,ACTIVE_WITH_PURCHASE_HISTORY,"Keep: Has active purchase/return activity"
"S-3504-02",TRUE,1,1,0,1,1,0,0,1,1,ACTIVE_WITH_PURCHASE_HISTORY,"Keep: Has active purchase/return activity"
"S-3523",TRUE,2,1,0,0,0,0,1,1,1,ACTIVE_WITH_PURCHASE_HISTORY,"Keep: Has active purchase/return activity"
"S-3523-02",TRUE,1,1,0,0,0,0,1,1,1,ACTIVE_WITH_PURCHASE_HISTORY,"Keep: Has active purchase/return activity"
"S-8556",TRUE,2,1,0,1,1,0,1,2,2,ACTIVE_WITH_PURCHASE_HISTORY,"Keep: Has active purchase/return activity"
"S-9678M",TRUE,1,1,0,0,0,0,1,1,1,ACTIVE_WITH_PURCHASE_HISTORY,"Keep: Has active purchase/return activity"
"S-BH86",TRUE,4,1,0,4,4,0,4,8,8,ACTIVE_WITH_PURCHASE_HISTORY,"Keep: Has active purchase/return activity"
"S - 3841 XL",TRUE,0,0,0,0,0,0,0,0,0,SAFE_TO_DELETE_IDLE,"Safe to Delete: No purchases, returns, sales, or stock"
"S 151-1213",TRUE,14,1,0,2,2,0,5,7,2,ACTIVE_WITH_PURCHASE_HISTORY,"Keep: Has active purchase/return activity"
"S 151-445",TRUE,27,1,0,3,3,0,24,27,27,ACTIVE_WITH_PURCHASE_HISTORY,"Keep: Has active purchase/return activity"
"S 2196",TRUE,2,1,0,0,0,0,2,2,1,ACTIVE_WITH_PURCHASE_HISTORY,"Keep: Has active purchase/return activity"
"S 2385",TRUE,1,1,0,0,0,0,1,1,1,ACTIVE_WITH_PURCHASE_HISTORY,"Keep: Has active purchase/return activity"
"S 2453",TRUE,2,1,0,0,0,0,2,2,1,ACTIVE_WITH_PURCHASE_HISTORY,"Keep: Has active purchase/return activity"
"S 2504",TRUE,3,1,0,1,1,0,2,3,3,ACTIVE_WITH_PURCHASE_HISTORY,"Keep: Has active purchase/return activity"
"S 2543",TRUE,0,0,0,0,0,0,2,2,1,ORPHAN_WITH_STOCK,"Audit: Has physical stock/printed barcodes but no purchase record"
"S 2571",TRUE,2,1,0,0,0,0,2,2,2,ACTIVE_WITH_PURCHASE_HISTORY,"Keep: Has active purchase/return activity"
"S 2630",TRUE,3,1,0,0,0,0,3,3,3,ACTIVE_WITH_PURCHASE_HISTORY,"Keep: Has active purchase/return activity"
"S 2693",TRUE,2,1,0,0,0,0,2,2,2,ACTIVE_WITH_PURCHASE_HISTORY,"Keep: Has active purchase/return activity"
"S 2780",TRUE,2,1,0,0,0,0,2,2,2,ACTIVE_WITH_PURCHASE_HISTORY,"Keep: Has active purchase/return activity"
"S 2817",TRUE,2,1,0,0,0,0,2,2,2,ACTIVE_WITH_PURCHASE_HISTORY,"Keep: Has active purchase/return activity"
"S 2818",TRUE,3,1,0,0,0,0,3,3,3,ACTIVE_WITH_PURCHASE_HISTORY,"Keep: Has active purchase/return activity"
"S 2895",TRUE,3,1,0,1,1,0,2,3,3,ACTIVE_WITH_PURCHASE_HISTORY,"Keep: Has active purchase/return activity"
"S/151-445M",TRUE,8,1,0,3,3,0,5,8,8,ACTIVE_WITH_PURCHASE_HISTORY,"Keep: Has active purchase/return activity"
"S/S/11/1095",TRUE,1,1,1,0,0,0,0,1,1,ACTIVE_WITH_PURCHASE_HISTORY,"Keep: Has active purchase/return activity"
"S/S/23/1072",TRUE,1,1,0,1,1,0,0,1,1,ACTIVE_WITH_PURCHASE_HISTORY,"Keep: Has active purchase/return activity"
"S088/S",TRUE,2,2,0,1,1,0,1,2,2,ACTIVE_WITH_PURCHASE_HISTORY,"Keep: Has active purchase/return activity"
"S088/SUIT",TRUE,1,1,0,1,1,0,0,1,1,ACTIVE_WITH_PURCHASE_HISTORY,"Keep: Has active purchase/return activity"
"S1",TRUE,3,1,0,0,0,0,3,3,3,ACTIVE_WITH_PURCHASE_HISTORY,"Keep: Has active purchase/return activity"
"S10",TRUE,2,1,0,0,0,0,2,2,2,ACTIVE_WITH_PURCHASE_HISTORY,"Keep: Has active purchase/return activity"
"S10069",TRUE,2,2,0,1,1,0,1,2,2,ACTIVE_WITH_PURCHASE_HISTORY,"Keep: Has active purchase/return activity"
"S10139",TRUE,1,1,0,0,0,0,1,1,1,ACTIVE_WITH_PURCHASE_HISTORY,"Keep: Has active purchase/return activity"
"S10139-2",TRUE,1,1,0,0,0,0,1,1,1,ACTIVE_WITH_PURCHASE_HISTORY,"Keep: Has active purchase/return activity"
"S10693",TRUE,1,1,0,0,0,0,1,1,1,ACTIVE_WITH_PURCHASE_HISTORY,"Keep: Has active purchase/return activity"
"S10711",TRUE,2,2,0,0,0,0,2,2,2,ACTIVE_WITH_PURCHASE_HISTORY,"Keep: Has active purchase/return activity"
"S10746",TRUE,1,1,0,0,0,0,1,1,1,ACTIVE_WITH_PURCHASE_HISTORY,"Keep: Has active purchase/return activity"
"S10746-02",TRUE,1,1,0,0,0,0,1,1,1,ACTIVE_WITH_PURCHASE_HISTORY,"Keep: Has active purchase/return activity"
"S10968",TRUE,1,1,0,1,1,0,0,1,1,ACTIVE_WITH_PURCHASE_HISTORY,"Keep: Has active purchase/return activity"
"S11-05",TRUE,2,1,0,0,0,0,2,2,1,ACTIVE_WITH_PURCHASE_HISTORY,"Keep: Has active purchase/return activity"
"S11-08C",TRUE,4,1,0,0,0,0,4,4,1,ACTIVE_WITH_PURCHASE_HISTORY,"Keep: Has active purchase/return activity"
"S11-40",TRUE,1,1,0,0,0,0,1,1,1,ACTIVE_WITH_PURCHASE_HISTORY,"Keep: Has active purchase/return activity"
"S11006",TRUE,1,1,0,1,1,0,0,1,1,ACTIVE_WITH_PURCHASE_HISTORY,"Keep: Has active purchase/return activity"
"S11034",TRUE,1,1,0,0,0,0,1,1,1,ACTIVE_WITH_PURCHASE_HISTORY,"Keep: Has active purchase/return activity"
"S11046",TRUE,1,1,0,1,1,0,0,1,1,ACTIVE_WITH_PURCHASE_HISTORY,"Keep: Has active purchase/return activity"
"S11047",TRUE,1,1,0,1,1,0,0,1,1,ACTIVE_WITH_PURCHASE_HISTORY,"Keep: Has active purchase/return activity"
"S11084",TRUE,1,1,0,1,1,0,0,1,1,ACTIVE_WITH_PURCHASE_HISTORY,"Keep: Has active purchase/return activity"
"S11135",TRUE,1,1,0,0,0,0,1,1,1,ACTIVE_WITH_PURCHASE_HISTORY,"Keep: Has active purchase/return activity"
"S11151",TRUE,2,2,0,2,2,0,0,2,2,ACTIVE_WITH_PURCHASE_HISTORY,"Keep: Has active purchase/return activity"
"S11154",TRUE,2,1,0,2,2,0,0,2,2,ACTIVE_WITH_PURCHASE_HISTORY,"Keep: Has active purchase/return activity"
"S11167",TRUE,1,1,0,0,0,0,1,1,1,ACTIVE_WITH_PURCHASE_HISTORY,"Keep: Has active purchase/return activity"
"S151-1141",TRUE,8,1,0,0,0,0,8,8,1,ACTIVE_WITH_PURCHASE_HISTORY,"Keep: Has active purchase/return activity"
"S151-2084",TRUE,8,1,0,0,0,0,8,8,1,ACTIVE_WITH_PURCHASE_HISTORY,"Keep: Has active purchase/return activity"
"S151-2297C",TRUE,6,1,0,0,0,0,6,6,1,ACTIVE_WITH_PURCHASE_HISTORY,"Keep: Has active purchase/return activity"
"S151-445",TRUE,13,3,0,4,4,0,10,14,13,ACTIVE_WITH_PURCHASE_HISTORY,"Keep: Has active purchase/return activity"
"S151-445M",TRUE,8,2,0,1,1,0,7,8,8,ACTIVE_WITH_PURCHASE_HISTORY,"Keep: Has active purchase/return activity"
"S151-700G",TRUE,7,1,0,2,2,0,5,7,1,ACTIVE_WITH_PURCHASE_HISTORY,"Keep: Has active purchase/return activity"
"S154-3070",TRUE,2,1,0,0,0,0,2,2,1,ACTIVE_WITH_PURCHASE_HISTORY,"Keep: Has active purchase/return activity"
"S16-15AT",TRUE,1,1,0,0,0,0,1,1,1,ACTIVE_WITH_PURCHASE_HISTORY,"Keep: Has active purchase/return activity"
"S1SS22",TRUE,1,1,0,0,0,0,1,1,1,ACTIVE_WITH_PURCHASE_HISTORY,"Keep: Has active purchase/return activity"
"S1SS23",TRUE,1,1,0,0,0,0,1,1,1,ACTIVE_WITH_PURCHASE_HISTORY,"Keep: Has active purchase/return activity"
"S1SS23 ROSY KALI",TRUE,1,1,0,0,0,0,1,1,1,ACTIVE_WITH_PURCHASE_HISTORY,"Keep: Has active purchase/return activity"
"S1ss24",TRUE,1,1,0,0,0,0,2,2,2,ACTIVE_WITH_PURCHASE_HISTORY,"Keep: Has active purchase/return activity"
"S1SS24",TRUE,1,1,0,1,1,0,0,1,1,ACTIVE_WITH_PURCHASE_HISTORY,"Keep: Has active purchase/return activity"
"S1SS24 AK",TRUE,1,1,0,0,0,0,1,1,1,ACTIVE_WITH_PURCHASE_HISTORY,"Keep: Has active purchase/return activity"
"S1SS24 AMBIKA KALI",TRUE,1,1,0,0,0,0,1,1,1,ACTIVE_WITH_PURCHASE_HISTORY,"Keep: Has active purchase/return activity"
"S1SS24CK",TRUE,1,1,0,0,0,0,1,1,1,ACTIVE_WITH_PURCHASE_HISTORY,"Keep: Has active purchase/return activity"
"S1ss25",TRUE,1,1,0,0,0,0,1,1,1,ACTIVE_WITH_PURCHASE_HISTORY,"Keep: Has active purchase/return activity"
"S1SS25",TRUE,2,2,0,0,0,0,2,2,2,ACTIVE_WITH_PURCHASE_HISTORY,"Keep: Has active purchase/return activity"
"S2",TRUE,2,1,0,0,0,0,2,2,2,ACTIVE_WITH_PURCHASE_HISTORY,"Keep: Has active purchase/return activity"
"S20/2031",TRUE,1,1,0,1,1,0,0,1,1,ACTIVE_WITH_PURCHASE_HISTORY,"Keep: Has active purchase/return activity"
"S20/2079",TRUE,1,1,0,1,1,0,0,1,1,ACTIVE_WITH_PURCHASE_HISTORY,"Keep: Has active purchase/return activity"
"S20/3052",TRUE,1,1,0,0,0,0,1,1,1,ACTIVE_WITH_PURCHASE_HISTORY,"Keep: Has active purchase/return activity"
"S20/3072",TRUE,1,1,0,1,1,0,0,1,1,ACTIVE_WITH_PURCHASE_HISTORY,"Keep: Has active purchase/return activity"
"S20/3111",TRUE,1,1,0,1,1,0,0,1,1,ACTIVE_WITH_PURCHASE_HISTORY,"Keep: Has active purchase/return activity"
"S20/3119",TRUE,1,1,0,0,0,0,1,1,1,ACTIVE_WITH_PURCHASE_HISTORY,"Keep: Has active purchase/return activity"
"S20/3172",TRUE,1,1,0,1,1,0,0,1,1,ACTIVE_WITH_PURCHASE_HISTORY,"Keep: Has active purchase/return activity"
"S20/3190",TRUE,1,1,0,0,0,0,1,1,1,ACTIVE_WITH_PURCHASE_HISTORY,"Keep: Has active purchase/return activity"
"S20/3227",TRUE,1,1,0,0,0,0,1,1,1,ACTIVE_WITH_PURCHASE_HISTORY,"Keep: Has active purchase/return activity"
"S20/3267",TRUE,1,1,0,0,0,0,1,1,1,ACTIVE_WITH_PURCHASE_HISTORY,"Keep: Has active purchase/return activity"
"S20/3403",TRUE,1,1,0,1,1,0,0,1,1,ACTIVE_WITH_PURCHASE_HISTORY,"Keep: Has active purchase/return activity"
"S20/3429",TRUE,1,1,0,1,1,0,0,1,1,ACTIVE_WITH_PURCHASE_HISTORY,"Keep: Has active purchase/return activity"
"S20/3430",TRUE,1,1,0,1,1,0,0,1,1,ACTIVE_WITH_PURCHASE_HISTORY,"Keep: Has active purchase/return activity"
"S20/3470",TRUE,1,1,0,0,0,0,1,1,1,ACTIVE_WITH_PURCHASE_HISTORY,"Keep: Has active purchase/return activity"
"S3",TRUE,1,1,0,0,0,0,1,1,1,ACTIVE_WITH_PURCHASE_HISTORY,"Keep: Has active purchase/return activity"
"S4",TRUE,1,1,0,0,0,0,1,1,1,ACTIVE_WITH_PURCHASE_HISTORY,"Keep: Has active purchase/return activity"
"S5",TRUE,1,1,0,0,0,0,1,1,1,ACTIVE_WITH_PURCHASE_HISTORY,"Keep: Has active purchase/return activity"
"S52-282",TRUE,1,1,0,0,0,0,1,1,1,ACTIVE_WITH_PURCHASE_HISTORY,"Keep: Has active purchase/return activity"
"S58-124",TRUE,4,1,0,0,0,0,4,4,4,ACTIVE_WITH_PURCHASE_HISTORY,"Keep: Has active purchase/return activity"
"S6",TRUE,2,1,0,0,0,0,2,2,2,ACTIVE_WITH_PURCHASE_HISTORY,"Keep: Has active purchase/return activity"
"S7",TRUE,2,1,0,0,0,0,2,2,2,ACTIVE_WITH_PURCHASE_HISTORY,"Keep: Has active purchase/return activity"
"S8",TRUE,2,1,0,2,2,0,0,2,2,ACTIVE_WITH_PURCHASE_HISTORY,"Keep: Has active purchase/return activity"
"S9",TRUE,2,1,0,0,0,0,2,2,2,ACTIVE_WITH_PURCHASE_HISTORY,"Keep: Has active purchase/return activity"
"S9678M",TRUE,1,1,0,1,1,0,0,1,1,ACTIVE_WITH_PURCHASE_HISTORY,"Keep: Has active purchase/return activity"
"S9844",TRUE,1,1,0,0,0,0,1,1,1,ACTIVE_WITH_PURCHASE_HISTORY,"Keep: Has active purchase/return activity"
"S9844-02",TRUE,1,1,0,1,1,0,0,1,1,ACTIVE_WITH_PURCHASE_HISTORY,"Keep: Has active purchase/return activity"
"SA-107",TRUE,1,1,0,0,0,0,1,1,1,ACTIVE_WITH_PURCHASE_HISTORY,"Keep: Has active purchase/return activity"
"SA-130",TRUE,1,1,0,0,0,0,1,1,1,ACTIVE_WITH_PURCHASE_HISTORY,"Keep: Has active purchase/return activity"
"SA-133",TRUE,1,1,0,0,0,0,1,1,1,ACTIVE_WITH_PURCHASE_HISTORY,"Keep: Has active purchase/return activity"
"SA-23288",TRUE,1,1,0,1,1,0,0,1,1,ACTIVE_WITH_PURCHASE_HISTORY,"Keep: Has active purchase/return activity"
"SA-23295",TRUE,1,1,0,1,1,0,0,1,1,ACTIVE_WITH_PURCHASE_HISTORY,"Keep: Has active purchase/return activity"
"SA-23296",TRUE,1,1,0,1,1,0,0,1,1,ACTIVE_WITH_PURCHASE_HISTORY,"Keep: Has active purchase/return activity"
"SA-23345",TRUE,1,1,0,1,1,0,0,1,1,ACTIVE_WITH_PURCHASE_HISTORY,"Keep: Has active purchase/return activity"
"SA-258",TRUE,1,1,0,1,1,0,0,1,1,ACTIVE_WITH_PURCHASE_HISTORY,"Keep: Has active purchase/return activity"
"SA-481",TRUE,1,1,0,1,1,0,0,1,1,ACTIVE_WITH_PURCHASE_HISTORY,"Keep: Has active purchase/return activity"
"SA-488",TRUE,1,1,0,1,1,0,0,1,1,ACTIVE_WITH_PURCHASE_HISTORY,"Keep: Has active purchase/return activity"
"SA-496",TRUE,2,1,0,1,1,0,1,2,2,ACTIVE_WITH_PURCHASE_HISTORY,"Keep: Has active purchase/return activity"
"SA-498",TRUE,1,1,0,0,0,0,1,1,1,ACTIVE_WITH_PURCHASE_HISTORY,"Keep: Has active purchase/return activity"
"SA-502",TRUE,1,1,0,1,1,0,0,1,1,ACTIVE_WITH_PURCHASE_HISTORY,"Keep: Has active purchase/return activity"
"SA-504",TRUE,1,1,0,1,1,0,0,1,1,ACTIVE_WITH_PURCHASE_HISTORY,"Keep: Has active purchase/return activity"
"SA-507",TRUE,2,1,0,2,2,0,0,2,2,ACTIVE_WITH_PURCHASE_HISTORY,"Keep: Has active purchase/return activity"
"SA-509",TRUE,2,1,0,1,1,0,1,2,2,ACTIVE_WITH_PURCHASE_HISTORY,"Keep: Has active purchase/return activity"
"SA-519",TRUE,2,1,0,2,2,0,0,2,2,ACTIVE_WITH_PURCHASE_HISTORY,"Keep: Has active purchase/return activity"
"SA/RS/1/121",TRUE,1,1,0,0,0,0,1,1,1,ACTIVE_WITH_PURCHASE_HISTORY,"Keep: Has active purchase/return activity"
"SA/SC/01/201",TRUE,1,1,0,0,0,0,1,1,1,ACTIVE_WITH_PURCHASE_HISTORY,"Keep: Has active purchase/return activity"
"SA/SC/01/568",TRUE,1,1,0,0,0,0,1,1,1,ACTIVE_WITH_PURCHASE_HISTORY,"Keep: Has active purchase/return activity"
"SA6704",TRUE,3,1,0,3,2,0,0,3,3,ACTIVE_WITH_PURCHASE_HISTORY,"Keep: Has active purchase/return activity"
"SA6712",TRUE,1,1,0,1,1,0,0,1,1,ACTIVE_WITH_PURCHASE_HISTORY,"Keep: Has active purchase/return activity"
"SA6871",TRUE,2,1,0,2,2,0,0,2,2,ACTIVE_WITH_PURCHASE_HISTORY,"Keep: Has active purchase/return activity"
"SAK-3765-A",TRUE,5,1,0,0,0,0,5,5,5,ACTIVE_WITH_PURCHASE_HISTORY,"Keep: Has active purchase/return activity"
"SAK-3765-B",TRUE,1,1,0,0,0,0,1,1,1,ACTIVE_WITH_PURCHASE_HISTORY,"Keep: Has active purchase/return activity"
"SAK-3794-A",TRUE,5,1,0,0,0,0,5,5,5,ACTIVE_WITH_PURCHASE_HISTORY,"Keep: Has active purchase/return activity"
"SAK-3794-B",TRUE,1,1,0,0,0,0,1,1,1,ACTIVE_WITH_PURCHASE_HISTORY,"Keep: Has active purchase/return activity"
"SAK-3825",TRUE,8,2,0,4,4,0,4,8,8,ACTIVE_WITH_PURCHASE_HISTORY,"Keep: Has active purchase/return activity"
"SAK-3825-A",TRUE,5,1,0,0,0,0,5,5,5,ACTIVE_WITH_PURCHASE_HISTORY,"Keep: Has active purchase/return activity"
"SAK-3825-B",TRUE,2,1,0,0,0,0,2,2,2,ACTIVE_WITH_PURCHASE_HISTORY,"Keep: Has active purchase/return activity"
"SAK-3826",TRUE,7,1,0,0,0,0,7,7,7,ACTIVE_WITH_PURCHASE_HISTORY,"Keep: Has active purchase/return activity"
"SAK-3826-A",TRUE,4,1,0,0,0,0,4,4,4,ACTIVE_WITH_PURCHASE_HISTORY,"Keep: Has active purchase/return activity"
"SAK-3826-B",TRUE,2,1,0,0,0,0,2,2,2,ACTIVE_WITH_PURCHASE_HISTORY,"Keep: Has active purchase/return activity"
"SAK-3827",TRUE,2,2,0,0,0,0,2,2,2,ACTIVE_WITH_PURCHASE_HISTORY,"Keep: Has active purchase/return activity"
"SAK-3838",TRUE,6,1,0,2,2,1,4,6,6,ACTIVE_WITH_PURCHASE_HISTORY,"Keep: Has active purchase/return activity"
"SAK-3858",TRUE,2,1,0,2,2,0,0,2,2,ACTIVE_WITH_PURCHASE_HISTORY,"Keep: Has active purchase/return activity"
"SAK-3867-A",TRUE,4,1,0,0,0,0,4,4,4,ACTIVE_WITH_PURCHASE_HISTORY,"Keep: Has active purchase/return activity"
"SAK-3867-B",TRUE,1,1,0,0,0,0,1,1,1,ACTIVE_WITH_PURCHASE_HISTORY,"Keep: Has active purchase/return activity"
"SAK-3872-D",TRUE,1,1,0,1,1,0,0,1,1,ACTIVE_WITH_PURCHASE_HISTORY,"Keep: Has active purchase/return activity"
"SAK-3874",TRUE,5,1,0,0,0,0,5,5,5,ACTIVE_WITH_PURCHASE_HISTORY,"Keep: Has active purchase/return activity"
"SAK-3874-B",TRUE,2,1,0,0,0,0,2,2,2,ACTIVE_WITH_PURCHASE_HISTORY,"Keep: Has active purchase/return activity"
"SAK-3876",TRUE,4,1,0,0,0,0,4,4,4,ACTIVE_WITH_PURCHASE_HISTORY,"Keep: Has active purchase/return activity"
"SAK-3876-02",TRUE,2,1,0,0,0,0,2,2,2,ACTIVE_WITH_PURCHASE_HISTORY,"Keep: Has active purchase/return activity"
"SAK-3877-A",TRUE,5,1,0,0,0,0,5,5,5,ACTIVE_WITH_PURCHASE_HISTORY,"Keep: Has active purchase/return activity"
"SAK-3877-B",TRUE,1,1,0,0,0,0,1,1,1,ACTIVE_WITH_PURCHASE_HISTORY,"Keep: Has active purchase/return activity"
"SAK-3890-A",TRUE,5,1,0,0,0,0,5,5,5,ACTIVE_WITH_PURCHASE_HISTORY,"Keep: Has active purchase/return activity"
"SAK-3890-B",TRUE,2,1,0,0,0,0,2,2,2,ACTIVE_WITH_PURCHASE_HISTORY,"Keep: Has active purchase/return activity"
"SAK-3891",TRUE,2,1,0,0,0,0,2,2,2,ACTIVE_WITH_PURCHASE_HISTORY,"Keep: Has active purchase/return activity"
"SAK-3891-B",TRUE,1,1,0,0,0,0,2,2,2,ACTIVE_WITH_PURCHASE_HISTORY,"Keep: Has active purchase/return activity"
"SAK-3892",TRUE,3,1,0,0,0,0,3,3,3,ACTIVE_WITH_PURCHASE_HISTORY,"Keep: Has active purchase/return activity"
"SAK-3892-B",TRUE,1,1,0,0,0,0,1,1,1,ACTIVE_WITH_PURCHASE_HISTORY,"Keep: Has active purchase/return activity"
"SAK-3893",TRUE,1,1,0,0,0,0,1,1,1,ACTIVE_WITH_PURCHASE_HISTORY,"Keep: Has active purchase/return activity"
"SAK-3894",TRUE,2,1,0,0,0,0,2,2,2,ACTIVE_WITH_PURCHASE_HISTORY,"Keep: Has active purchase/return activity"
"SAK-3896-BEIGE",TRUE,7,1,0,0,0,0,7,7,7,ACTIVE_WITH_PURCHASE_HISTORY,"Keep: Has active purchase/return activity"
"SAK-3896-BLUE",TRUE,7,1,0,0,0,0,7,7,7,ACTIVE_WITH_PURCHASE_HISTORY,"Keep: Has active purchase/return activity"
"SAL-1029",TRUE,1,1,0,0,0,0,1,1,1,ACTIVE_WITH_PURCHASE_HISTORY,"Keep: Has active purchase/return activity"
"SB-4HRG",TRUE,0,0,0,0,0,0,10,10,1,ORPHAN_WITH_STOCK,"Audit: Has physical stock/printed barcodes but no purchase record"
"SB-LHR-K",TRUE,31,1,0,0,0,0,31,31,1,ACTIVE_WITH_PURCHASE_HISTORY,"Keep: Has active purchase/return activity"
"SB-LHRG",TRUE,10,1,0,0,0,0,10,10,1,ACTIVE_WITH_PURCHASE_HISTORY,"Keep: Has active purchase/return activity"
"SB-MOTHRA",TRUE,10,1,0,0,0,0,10,10,1,ACTIVE_WITH_PURCHASE_HISTORY,"Keep: Has active purchase/return activity"
"SBF-227",TRUE,1,1,0,0,0,0,1,1,1,ACTIVE_WITH_PURCHASE_HISTORY,"Keep: Has active purchase/return activity"
"SBF-232",TRUE,3,1,0,1,1,0,2,3,1,ACTIVE_WITH_PURCHASE_HISTORY,"Keep: Has active purchase/return activity"
"SBS-101",TRUE,1,1,0,1,1,0,0,1,1,ACTIVE_WITH_PURCHASE_HISTORY,"Keep: Has active purchase/return activity"
"SBS-86",TRUE,1,1,0,0,0,0,1,1,1,ACTIVE_WITH_PURCHASE_HISTORY,"Keep: Has active purchase/return activity"
"SBS-91",TRUE,1,1,0,1,1,0,0,1,1,ACTIVE_WITH_PURCHASE_HISTORY,"Keep: Has active purchase/return activity"
"SC-100 BR",TRUE,4,1,0,1,1,0,3,4,1,ACTIVE_WITH_PURCHASE_HISTORY,"Keep: Has active purchase/return activity"
"SC-100 WH",TRUE,4,1,0,0,0,0,4,4,1,ACTIVE_WITH_PURCHASE_HISTORY,"Keep: Has active purchase/return activity"
"SC-101 BK",TRUE,1,1,0,0,0,0,1,1,1,ACTIVE_WITH_PURCHASE_HISTORY,"Keep: Has active purchase/return activity"
"SC-101 BR",TRUE,1,1,0,0,0,0,1,1,1,ACTIVE_WITH_PURCHASE_HISTORY,"Keep: Has active purchase/return activity"
"SC-101 WH",TRUE,1,1,0,1,1,0,0,1,1,ACTIVE_WITH_PURCHASE_HISTORY,"Keep: Has active purchase/return activity"
"SC-103 BK",TRUE,2,1,0,1,1,0,1,2,1,ACTIVE_WITH_PURCHASE_HISTORY,"Keep: Has active purchase/return activity"
"SC-103 BR",TRUE,0,0,0,0,0,0,0,0,0,SAFE_TO_DELETE_IDLE,"Safe to Delete: No purchases, returns, sales, or stock"
"SC-112 BK",TRUE,1,1,0,1,1,0,0,1,1,ACTIVE_WITH_PURCHASE_HISTORY,"Keep: Has active purchase/return activity"
"SC-112 BR",TRUE,0,0,0,0,0,0,0,0,0,SAFE_TO_DELETE_IDLE,"Safe to Delete: No purchases, returns, sales, or stock"
"SC-112 WH",TRUE,1,1,0,1,1,0,0,1,1,ACTIVE_WITH_PURCHASE_HISTORY,"Keep: Has active purchase/return activity"
"SC-35  WH",TRUE,2,1,0,0,0,0,2,2,1,ACTIVE_WITH_PURCHASE_HISTORY,"Keep: Has active purchase/return activity"
"SC-35 BL",TRUE,1,1,0,1,1,0,0,1,1,ACTIVE_WITH_PURCHASE_HISTORY,"Keep: Has active purchase/return activity"
"SC-35 BR",TRUE,1,1,0,0,0,0,1,1,1,ACTIVE_WITH_PURCHASE_HISTORY,"Keep: Has active purchase/return activity"
"SC-79 BK",TRUE,1,1,0,0,0,0,1,1,1,ACTIVE_WITH_PURCHASE_HISTORY,"Keep: Has active purchase/return activity"
"SC-79 BR",TRUE,1,1,0,1,1,0,0,1,1,ACTIVE_WITH_PURCHASE_HISTORY,"Keep: Has active purchase/return activity"
"SC-79 WH",TRUE,1,1,0,1,1,0,0,1,1,ACTIVE_WITH_PURCHASE_HISTORY,"Keep: Has active purchase/return activity"
"SC//01/138",TRUE,1,1,0,0,0,0,1,1,1,ACTIVE_WITH_PURCHASE_HISTORY,"Keep: Has active purchase/return activity"
"SC/43/127",TRUE,1,1,0,0,0,0,1,1,1,ACTIVE_WITH_PURCHASE_HISTORY,"Keep: Has active purchase/return activity"
"SD-3503-CREAM",TRUE,1,1,0,0,0,0,1,1,1,ACTIVE_WITH_PURCHASE_HISTORY,"Keep: Has active purchase/return activity"
"SD-3503-GREEN",TRUE,1,1,0,0,0,0,1,1,1,ACTIVE_WITH_PURCHASE_HISTORY,"Keep: Has active purchase/return activity"
"SD-3504",TRUE,3,1,0,3,2,0,0,3,3,ACTIVE_WITH_PURCHASE_HISTORY,"Keep: Has active purchase/return activity"
"SDM-101",TRUE,1,1,0,0,0,0,1,1,1,ACTIVE_WITH_PURCHASE_HISTORY,"Keep: Has active purchase/return activity"
"SF-05",TRUE,4,1,0,0,0,0,4,4,1,ACTIVE_WITH_PURCHASE_HISTORY,"Keep: Has active purchase/return activity"
"SF-1",TRUE,1,1,0,1,1,0,0,1,1,ACTIVE_WITH_PURCHASE_HISTORY,"Keep: Has active purchase/return activity"
"SF-10",TRUE,3,1,0,0,0,0,3,3,1,ACTIVE_WITH_PURCHASE_HISTORY,"Keep: Has active purchase/return activity"
"SF-1234",TRUE,2,1,0,2,2,0,0,2,2,ACTIVE_WITH_PURCHASE_HISTORY,"Keep: Has active purchase/return activity"
"SF-150",TRUE,1,1,0,0,0,0,1,1,1,ACTIVE_WITH_PURCHASE_HISTORY,"Keep: Has active purchase/return activity"
"SF-1730",TRUE,1,1,0,1,1,0,0,1,1,ACTIVE_WITH_PURCHASE_HISTORY,"Keep: Has active purchase/return activity"
"SF-1842",TRUE,3,1,0,1,1,0,2,3,3,ACTIVE_WITH_PURCHASE_HISTORY,"Keep: Has active purchase/return activity"
"SF-1870",TRUE,2,1,0,2,2,1,1,2,2,ACTIVE_WITH_PURCHASE_HISTORY,"Keep: Has active purchase/return activity"
"SF-1875",TRUE,2,1,0,2,2,0,0,2,2,ACTIVE_WITH_PURCHASE_HISTORY,"Keep: Has active purchase/return activity"
"SF-2",TRUE,1,1,0,1,1,0,0,1,1,ACTIVE_WITH_PURCHASE_HISTORY,"Keep: Has active purchase/return activity"
"SF-248",TRUE,4,1,0,1,1,1,3,4,1,ACTIVE_WITH_PURCHASE_HISTORY,"Keep: Has active purchase/return activity"
"SF-3-BLACK",TRUE,1,1,0,0,0,0,1,1,1,ACTIVE_WITH_PURCHASE_HISTORY,"Keep: Has active purchase/return activity"
"SF-3-BLUE",TRUE,1,1,0,0,0,0,1,1,1,ACTIVE_WITH_PURCHASE_HISTORY,"Keep: Has active purchase/return activity"
"SF-3-BROWN",TRUE,1,1,0,0,0,0,1,1,1,ACTIVE_WITH_PURCHASE_HISTORY,"Keep: Has active purchase/return activity"
"SF-3-GREEN",TRUE,1,1,0,0,0,0,1,1,1,ACTIVE_WITH_PURCHASE_HISTORY,"Keep: Has active purchase/return activity"
"SF-30-BLUE",TRUE,0,0,0,0,0,0,1,1,1,ORPHAN_WITH_STOCK,"Audit: Has physical stock/printed barcodes but no purchase record"
"SF-30-GREEN",TRUE,0,0,0,0,0,0,1,1,1,ORPHAN_WITH_STOCK,"Audit: Has physical stock/printed barcodes but no purchase record"
"SF-32-GOLDEN",TRUE,1,1,0,0,0,0,1,1,1,ACTIVE_WITH_PURCHASE_HISTORY,"Keep: Has active purchase/return activity"
"SF-32-GREY",TRUE,1,1,0,0,0,0,1,1,1,ACTIVE_WITH_PURCHASE_HISTORY,"Keep: Has active purchase/return activity"
"SF-32-PINK",TRUE,1,1,0,0,0,0,1,1,1,ACTIVE_WITH_PURCHASE_HISTORY,"Keep: Has active purchase/return activity"
"SF-32-SKY BLUE",TRUE,1,1,0,0,0,0,1,1,1,ACTIVE_WITH_PURCHASE_HISTORY,"Keep: Has active purchase/return activity"
"SF-70-BLUE",TRUE,1,1,0,0,0,0,1,1,1,ACTIVE_WITH_PURCHASE_HISTORY,"Keep: Has active purchase/return activity"
"SF-70-GREEN",TRUE,1,1,0,0,0,0,1,1,1,ACTIVE_WITH_PURCHASE_HISTORY,"Keep: Has active purchase/return activity"
"SF-70-PINK",TRUE,1,1,0,0,0,0,1,1,1,ACTIVE_WITH_PURCHASE_HISTORY,"Keep: Has active purchase/return activity"
"SF1870",TRUE,1,1,0,1,1,0,0,1,1,ACTIVE_WITH_PURCHASE_HISTORY,"Keep: Has active purchase/return activity"
"SFD-157",TRUE,5,1,0,0,0,0,5,5,5,ACTIVE_WITH_PURCHASE_HISTORY,"Keep: Has active purchase/return activity"
"SFD-157-B",TRUE,2,1,0,0,0,0,2,2,2,ACTIVE_WITH_PURCHASE_HISTORY,"Keep: Has active purchase/return activity"
"SFD-338",TRUE,1,1,1,0,0,0,0,1,1,ACTIVE_WITH_PURCHASE_HISTORY,"Keep: Has active purchase/return activity"
"SFD-346",TRUE,1,1,0,0,0,0,1,1,1,ACTIVE_WITH_PURCHASE_HISTORY,"Keep: Has active purchase/return activity"
"SFD-426",TRUE,6,1,0,6,6,1,1,6,6,ACTIVE_WITH_PURCHASE_HISTORY,"Keep: Has active purchase/return activity"
"SFD-460",TRUE,3,1,0,0,0,0,4,4,3,ACTIVE_WITH_PURCHASE_HISTORY,"Keep: Has active purchase/return activity"
"SFD-460-B",TRUE,1,1,0,0,0,0,1,1,1,ACTIVE_WITH_PURCHASE_HISTORY,"Keep: Has active purchase/return activity"
"SFD-551",TRUE,6,1,0,2,2,1,4,6,6,ACTIVE_WITH_PURCHASE_HISTORY,"Keep: Has active purchase/return activity"
"SFD-583",TRUE,2,1,0,2,2,0,0,2,2,ACTIVE_WITH_PURCHASE_HISTORY,"Keep: Has active purchase/return activity"
"SFD-588",TRUE,7,1,0,0,0,0,7,7,7,ACTIVE_WITH_PURCHASE_HISTORY,"Keep: Has active purchase/return activity"
"SFD-589",TRUE,5,1,0,0,0,0,5,5,5,ACTIVE_WITH_PURCHASE_HISTORY,"Keep: Has active purchase/return activity"
"SFD-589-B",TRUE,2,1,0,1,1,0,1,2,2,ACTIVE_WITH_PURCHASE_HISTORY,"Keep: Has active purchase/return activity"
"SFD-590",TRUE,5,1,0,0,0,0,5,5,5,ACTIVE_WITH_PURCHASE_HISTORY,"Keep: Has active purchase/return activity"
"SFD-590-B",TRUE,1,1,0,0,0,0,1,1,1,ACTIVE_WITH_PURCHASE_HISTORY,"Keep: Has active purchase/return activity"
"SFD-593",TRUE,7,1,0,4,4,0,3,7,7,ACTIVE_WITH_PURCHASE_HISTORY,"Keep: Has active purchase/return activity"
"SFD-596",TRUE,4,1,0,0,0,0,4,4,4,ACTIVE_WITH_PURCHASE_HISTORY,"Keep: Has active purchase/return activity"
"SFD-610",TRUE,5,1,0,0,0,0,5,5,5,ACTIVE_WITH_PURCHASE_HISTORY,"Keep: Has active purchase/return activity"
"SFD-611",TRUE,7,1,0,3,3,0,4,7,7,ACTIVE_WITH_PURCHASE_HISTORY,"Keep: Has active purchase/return activity"
"SFD-611-A",TRUE,2,1,0,1,1,0,1,2,2,ACTIVE_WITH_PURCHASE_HISTORY,"Keep: Has active purchase/return activity"
"SFD-611-B",TRUE,1,1,0,1,1,0,0,1,1,ACTIVE_WITH_PURCHASE_HISTORY,"Keep: Has active purchase/return activity"
"SFD-615",TRUE,6,2,0,4,4,1,3,6,6,ACTIVE_WITH_PURCHASE_HISTORY,"Keep: Has active purchase/return activity"
"SFD-616",TRUE,5,1,0,0,0,0,5,5,5,ACTIVE_WITH_PURCHASE_HISTORY,"Keep: Has active purchase/return activity"
"SFD-616-02",TRUE,2,1,0,0,0,0,2,2,2,ACTIVE_WITH_PURCHASE_HISTORY,"Keep: Has active purchase/return activity"
"SFD-620",TRUE,5,1,0,0,0,0,5,5,5,ACTIVE_WITH_PURCHASE_HISTORY,"Keep: Has active purchase/return activity"
"SFD-620-B",TRUE,1,1,0,0,0,0,1,1,1,ACTIVE_WITH_PURCHASE_HISTORY,"Keep: Has active purchase/return activity"
"SFD-621",TRUE,1,1,0,1,1,0,1,2,2,ACTIVE_WITH_PURCHASE_HISTORY,"Keep: Has active purchase/return activity"
"SFD-622",TRUE,5,2,1,3,3,0,1,5,5,ACTIVE_WITH_PURCHASE_HISTORY,"Keep: Has active purchase/return activity"
"SFD-622-A",TRUE,5,1,0,0,0,0,5,5,5,ACTIVE_WITH_PURCHASE_HISTORY,"Keep: Has active purchase/return activity"
"SFD-622-B",TRUE,2,1,0,0,0,0,2,2,2,ACTIVE_WITH_PURCHASE_HISTORY,"Keep: Has active purchase/return activity"
"SFD-GD-345",TRUE,1,1,0,0,0,0,1,1,1,ACTIVE_WITH_PURCHASE_HISTORY,"Keep: Has active purchase/return activity"
"SFD-GR-345",TRUE,1,1,0,0,0,0,1,1,1,ACTIVE_WITH_PURCHASE_HISTORY,"Keep: Has active purchase/return activity"
"SFD-P-365",TRUE,1,1,0,0,0,0,1,1,1,ACTIVE_WITH_PURCHASE_HISTORY,"Keep: Has active purchase/return activity"
"SFD-W-365",TRUE,1,1,0,0,0,0,1,1,1,ACTIVE_WITH_PURCHASE_HISTORY,"Keep: Has active purchase/return activity"
"SFH-2924",TRUE,1,1,0,0,0,0,1,1,1,ACTIVE_WITH_PURCHASE_HISTORY,"Keep: Has active purchase/return activity"
"SFN201",TRUE,3,1,0,2,2,0,2,3,2,ACTIVE_WITH_PURCHASE_HISTORY,"Keep: Has active purchase/return activity"
"SFS-224",TRUE,2,2,0,5,5,0,2,7,7,ACTIVE_WITH_PURCHASE_HISTORY,"Keep: Has active purchase/return activity"
"SFS-224-A",TRUE,4,1,0,1,1,0,3,4,4,ACTIVE_WITH_PURCHASE_HISTORY,"Keep: Has active purchase/return activity"
"SFS-252",TRUE,3,1,0,0,0,0,3,3,3,ACTIVE_WITH_PURCHASE_HISTORY,"Keep: Has active purchase/return activity"
"SFS-262-A",TRUE,5,1,0,0,0,0,5,5,5,ACTIVE_WITH_PURCHASE_HISTORY,"Keep: Has active purchase/return activity"
"SFS-262-B",TRUE,2,1,0,0,0,0,2,2,2,ACTIVE_WITH_PURCHASE_HISTORY,"Keep: Has active purchase/return activity"
"SFS-263-A",TRUE,5,1,0,0,0,0,5,5,5,ACTIVE_WITH_PURCHASE_HISTORY,"Keep: Has active purchase/return activity"
"SFS-263-B",TRUE,2,1,0,0,0,0,2,2,2,ACTIVE_WITH_PURCHASE_HISTORY,"Keep: Has active purchase/return activity"
"SFS-264",TRUE,2,1,0,0,0,0,2,2,2,ACTIVE_WITH_PURCHASE_HISTORY,"Keep: Has active purchase/return activity"
"SFS253-A",TRUE,5,1,0,3,3,0,2,5,5,ACTIVE_WITH_PURCHASE_HISTORY,"Keep: Has active purchase/return activity"
"SFS253-B",TRUE,2,1,0,0,0,0,2,2,2,ACTIVE_WITH_PURCHASE_HISTORY,"Keep: Has active purchase/return activity"
"SG-3022",TRUE,1,1,0,1,1,0,0,1,1,ACTIVE_WITH_PURCHASE_HISTORY,"Keep: Has active purchase/return activity"
"SGH-2836",TRUE,1,1,0,0,0,0,1,1,1,ACTIVE_WITH_PURCHASE_HISTORY,"Keep: Has active purchase/return activity"
"SGH-2853R",TRUE,1,1,0,0,0,0,1,1,1,ACTIVE_WITH_PURCHASE_HISTORY,"Keep: Has active purchase/return activity"
"SGH-2859R",TRUE,0,0,0,0,0,0,1,1,1,ORPHAN_WITH_STOCK,"Audit: Has physical stock/printed barcodes but no purchase record"
"SGH-2895R",TRUE,1,1,0,0,0,0,1,1,1,ACTIVE_WITH_PURCHASE_HISTORY,"Keep: Has active purchase/return activity"
"SGH-2912",TRUE,1,1,0,0,0,0,1,1,1,ACTIVE_WITH_PURCHASE_HISTORY,"Keep: Has active purchase/return activity"
"SGH-2918",TRUE,1,1,0,1,1,0,0,1,1,ACTIVE_WITH_PURCHASE_HISTORY,"Keep: Has active purchase/return activity"
"SGH-2919",TRUE,1,1,0,1,1,0,0,1,1,ACTIVE_WITH_PURCHASE_HISTORY,"Keep: Has active purchase/return activity"
"SGH-2931",TRUE,1,1,0,1,1,0,0,1,1,ACTIVE_WITH_PURCHASE_HISTORY,"Keep: Has active purchase/return activity"
"SGH-2941R",TRUE,1,1,0,0,0,0,1,1,1,ACTIVE_WITH_PURCHASE_HISTORY,"Keep: Has active purchase/return activity"
"SGH-2958R",TRUE,1,1,0,0,0,0,1,1,1,ACTIVE_WITH_PURCHASE_HISTORY,"Keep: Has active purchase/return activity"
"SGH-2985",TRUE,1,1,0,0,0,0,1,1,1,ACTIVE_WITH_PURCHASE_HISTORY,"Keep: Has active purchase/return activity"
"SGH2512",TRUE,1,1,0,1,1,0,0,1,1,ACTIVE_WITH_PURCHASE_HISTORY,"Keep: Has active purchase/return activity"
"SGH2822",TRUE,1,1,0,1,1,0,0,1,1,ACTIVE_WITH_PURCHASE_HISTORY,"Keep: Has active purchase/return activity"
"SGH2823",TRUE,1,1,0,0,0,0,1,1,1,ACTIVE_WITH_PURCHASE_HISTORY,"Keep: Has active purchase/return activity"
"SGH2837",TRUE,1,1,0,1,1,0,0,1,1,ACTIVE_WITH_PURCHASE_HISTORY,"Keep: Has active purchase/return activity"
"SGH2838",TRUE,1,1,0,1,1,0,0,1,1,ACTIVE_WITH_PURCHASE_HISTORY,"Keep: Has active purchase/return activity"
"SGH2875R",TRUE,1,1,0,0,0,0,1,1,1,ACTIVE_WITH_PURCHASE_HISTORY,"Keep: Has active purchase/return activity"
"SGH2876",TRUE,1,1,0,0,0,0,1,1,1,ACTIVE_WITH_PURCHASE_HISTORY,"Keep: Has active purchase/return activity"
"SGH2900",TRUE,1,1,0,1,1,0,0,1,1,ACTIVE_WITH_PURCHASE_HISTORY,"Keep: Has active purchase/return activity"
"SGH2923",TRUE,1,1,0,0,0,0,1,1,1,ACTIVE_WITH_PURCHASE_HISTORY,"Keep: Has active purchase/return activity"
"SGH2944",TRUE,1,1,0,0,0,0,1,1,1,ACTIVE_WITH_PURCHASE_HISTORY,"Keep: Has active purchase/return activity"
"SGH2946",TRUE,1,1,0,0,0,0,1,1,1,ACTIVE_WITH_PURCHASE_HISTORY,"Keep: Has active purchase/return activity"
"SGH2957R",TRUE,1,1,0,0,0,0,1,1,1,ACTIVE_WITH_PURCHASE_HISTORY,"Keep: Has active purchase/return activity"
"SGH3003",TRUE,1,1,0,0,0,0,1,1,1,ACTIVE_WITH_PURCHASE_HISTORY,"Keep: Has active purchase/return activity"
"SGN-117",TRUE,1,1,0,0,0,0,1,1,1,ACTIVE_WITH_PURCHASE_HISTORY,"Keep: Has active purchase/return activity"
"SGN-153",TRUE,1,1,0,0,0,0,1,1,1,ACTIVE_WITH_PURCHASE_HISTORY,"Keep: Has active purchase/return activity"
"SGN-187",TRUE,1,1,0,0,0,0,1,1,1,ACTIVE_WITH_PURCHASE_HISTORY,"Keep: Has active purchase/return activity"
"SGN-205",TRUE,1,1,0,1,1,0,0,1,1,ACTIVE_WITH_PURCHASE_HISTORY,"Keep: Has active purchase/return activity"
"SGN-221",TRUE,1,1,0,0,0,0,1,1,1,ACTIVE_WITH_PURCHASE_HISTORY,"Keep: Has active purchase/return activity"
"SH-140",TRUE,1,1,0,0,0,0,1,1,1,ACTIVE_WITH_PURCHASE_HISTORY,"Keep: Has active purchase/return activity"
"SH-30",TRUE,3,1,0,1,1,0,2,3,3,ACTIVE_WITH_PURCHASE_HISTORY,"Keep: Has active purchase/return activity"
"SH-30-G",TRUE,1,1,0,0,0,0,1,1,1,ACTIVE_WITH_PURCHASE_HISTORY,"Keep: Has active purchase/return activity"
"SH-30-R",TRUE,1,1,0,1,1,0,0,1,1,ACTIVE_WITH_PURCHASE_HISTORY,"Keep: Has active purchase/return activity"
"SHAN-01",TRUE,1,1,0,0,0,0,1,1,1,ACTIVE_WITH_PURCHASE_HISTORY,"Keep: Has active purchase/return activity"
"SHAN-02",TRUE,1,1,0,1,1,0,0,1,1,ACTIVE_WITH_PURCHASE_HISTORY,"Keep: Has active purchase/return activity"
"SHAN-03",TRUE,2,1,0,0,0,0,2,2,1,ACTIVE_WITH_PURCHASE_HISTORY,"Keep: Has active purchase/return activity"
"SI22SR",TRUE,1,1,0,0,0,0,1,1,1,ACTIVE_WITH_PURCHASE_HISTORY,"Keep: Has active purchase/return activity"
"SI54SR",TRUE,1,1,0,0,0,0,1,1,1,ACTIVE_WITH_PURCHASE_HISTORY,"Keep: Has active purchase/return activity"
"SI58SR",TRUE,1,1,0,1,1,0,0,1,1,ACTIVE_WITH_PURCHASE_HISTORY,"Keep: Has active purchase/return activity"
"SI69SR",TRUE,1,1,0,0,0,0,1,1,1,ACTIVE_WITH_PURCHASE_HISTORY,"Keep: Has active purchase/return activity"
"SI72SR",TRUE,1,1,0,0,0,0,1,1,1,ACTIVE_WITH_PURCHASE_HISTORY,"Keep: Has active purchase/return activity"
"SI93SR",TRUE,2,1,0,0,0,0,2,2,1,ACTIVE_WITH_PURCHASE_HISTORY,"Keep: Has active purchase/return activity"
"SIDDHI",TRUE,1,1,0,0,0,0,1,1,1,ACTIVE_WITH_PURCHASE_HISTORY,"Keep: Has active purchase/return activity"
"SK01",TRUE,1,1,0,0,0,0,1,1,1,ACTIVE_WITH_PURCHASE_HISTORY,"Keep: Has active purchase/return activity"
"SKD119",TRUE,3,1,0,0,0,0,3,3,3,ACTIVE_WITH_PURCHASE_HISTORY,"Keep: Has active purchase/return activity"
"SKE28185",TRUE,3,1,0,0,0,0,3,3,1,ACTIVE_WITH_PURCHASE_HISTORY,"Keep: Has active purchase/return activity"
"SKE28261",TRUE,4,1,0,3,3,0,1,4,1,ACTIVE_WITH_PURCHASE_HISTORY,"Keep: Has active purchase/return activity"
"SKE28274",TRUE,5,1,0,4,4,0,1,5,1,ACTIVE_WITH_PURCHASE_HISTORY,"Keep: Has active purchase/return activity"
"SKE28309",TRUE,4,1,0,2,2,0,2,4,1,ACTIVE_WITH_PURCHASE_HISTORY,"Keep: Has active purchase/return activity"
"SKW-2108 BL",TRUE,1,1,0,0,0,0,1,1,1,ACTIVE_WITH_PURCHASE_HISTORY,"Keep: Has active purchase/return activity"
"SKW-2108 WN",TRUE,1,1,0,1,1,0,0,1,1,ACTIVE_WITH_PURCHASE_HISTORY,"Keep: Has active purchase/return activity"
"SKW-2108 YL",TRUE,1,1,0,1,1,0,0,1,1,ACTIVE_WITH_PURCHASE_HISTORY,"Keep: Has active purchase/return activity"
"SLC-03-BLUE",TRUE,1,1,0,0,0,0,3,3,2,ACTIVE_WITH_PURCHASE_HISTORY,"Keep: Has active purchase/return activity"
"SLC-03-BLUE-02",TRUE,1,1,0,0,0,0,1,1,1,ACTIVE_WITH_PURCHASE_HISTORY,"Keep: Has active purchase/return activity"
"SLC-03-RANI",TRUE,1,1,0,0,0,0,1,1,1,ACTIVE_WITH_PURCHASE_HISTORY,"Keep: Has active purchase/return activity"
"SLC-03-RED",TRUE,1,1,0,0,0,0,1,1,1,ACTIVE_WITH_PURCHASE_HISTORY,"Keep: Has active purchase/return activity"
"SM-147",TRUE,3,1,0,1,1,0,2,3,3,ACTIVE_WITH_PURCHASE_HISTORY,"Keep: Has active purchase/return activity"
"SM-894",TRUE,3,1,0,0,0,0,3,3,3,ACTIVE_WITH_PURCHASE_HISTORY,"Keep: Has active purchase/return activity"
"SM2525377",TRUE,2,1,0,0,0,0,2,2,2,ACTIVE_WITH_PURCHASE_HISTORY,"Keep: Has active purchase/return activity"
"SM2526127",TRUE,2,1,0,0,0,0,2,2,2,ACTIVE_WITH_PURCHASE_HISTORY,"Keep: Has active purchase/return activity"
"SN-2342",TRUE,1,1,0,0,0,0,1,1,1,ACTIVE_WITH_PURCHASE_HISTORY,"Keep: Has active purchase/return activity"
"SN-2342-G",TRUE,1,1,0,0,0,0,1,1,1,ACTIVE_WITH_PURCHASE_HISTORY,"Keep: Has active purchase/return activity"
"SN-2445",TRUE,1,1,0,0,0,0,1,1,1,ACTIVE_WITH_PURCHASE_HISTORY,"Keep: Has active purchase/return activity"
"SN 2384",TRUE,3,1,0,1,1,0,1,2,2,ACTIVE_WITH_PURCHASE_HISTORY,"Keep: Has active purchase/return activity"
"SN 2384 GD",TRUE,0,0,0,0,0,0,0,0,0,SAFE_TO_DELETE_IDLE,"Safe to Delete: No purchases, returns, sales, or stock"
"SN 2384 GN",TRUE,0,0,0,0,0,0,0,0,0,SAFE_TO_DELETE_IDLE,"Safe to Delete: No purchases, returns, sales, or stock"
"SN 2384G",TRUE,3,1,0,1,1,0,2,3,2,ACTIVE_WITH_PURCHASE_HISTORY,"Keep: Has active purchase/return activity"
"SNL-64",TRUE,1,1,0,0,0,0,1,1,1,ACTIVE_WITH_PURCHASE_HISTORY,"Keep: Has active purchase/return activity"
"SP-1681",TRUE,1,1,0,0,0,0,1,1,1,ACTIVE_WITH_PURCHASE_HISTORY,"Keep: Has active purchase/return activity"
"SP1681",TRUE,1,1,0,0,0,0,3,3,1,ACTIVE_WITH_PURCHASE_HISTORY,"Keep: Has active purchase/return activity"
"SP1681 A",TRUE,1,1,0,0,0,0,1,1,1,ACTIVE_WITH_PURCHASE_HISTORY,"Keep: Has active purchase/return activity"
"SP1737",TRUE,1,1,0,0,0,0,1,1,1,ACTIVE_WITH_PURCHASE_HISTORY,"Keep: Has active purchase/return activity"
"SP1799",TRUE,1,1,0,0,0,0,1,1,1,ACTIVE_WITH_PURCHASE_HISTORY,"Keep: Has active purchase/return activity"
"SPS-080",TRUE,1,1,0,0,0,0,1,1,1,ACTIVE_WITH_PURCHASE_HISTORY,"Keep: Has active purchase/return activity"
"SR-479",TRUE,1,1,0,0,0,0,1,1,1,ACTIVE_WITH_PURCHASE_HISTORY,"Keep: Has active purchase/return activity"
"SR 499",TRUE,1,1,0,0,0,0,1,1,1,ACTIVE_WITH_PURCHASE_HISTORY,"Keep: Has active purchase/return activity"
"SR9/140/2346",TRUE,1,1,0,0,0,0,1,1,1,ACTIVE_WITH_PURCHASE_HISTORY,"Keep: Has active purchase/return activity"
"SRA/455/1481",TRUE,2,1,0,1,1,0,1,2,2,ACTIVE_WITH_PURCHASE_HISTORY,"Keep: Has active purchase/return activity"
"SRA/455/4541",TRUE,4,1,0,0,0,0,4,4,4,ACTIVE_WITH_PURCHASE_HISTORY,"Keep: Has active purchase/return activity"
"SRA/455/4557",TRUE,3,1,0,0,0,0,3,3,3,ACTIVE_WITH_PURCHASE_HISTORY,"Keep: Has active purchase/return activity"
"SRA/455/4685",TRUE,1,1,0,0,0,0,1,1,1,ACTIVE_WITH_PURCHASE_HISTORY,"Keep: Has active purchase/return activity"
"SRA/455/4813",TRUE,3,1,0,1,1,0,2,3,3,ACTIVE_WITH_PURCHASE_HISTORY,"Keep: Has active purchase/return activity"
"SRA/455/4921",TRUE,2,1,0,1,1,0,1,2,1,ACTIVE_WITH_PURCHASE_HISTORY,"Keep: Has active purchase/return activity"
"SRA/455/4924",TRUE,3,1,0,1,1,0,2,3,3,ACTIVE_WITH_PURCHASE_HISTORY,"Keep: Has active purchase/return activity"
"SRA/610/1618",TRUE,2,1,0,1,1,0,1,2,2,ACTIVE_WITH_PURCHASE_HISTORY,"Keep: Has active purchase/return activity"
"SRA/610/2315",TRUE,1,1,0,0,0,0,1,1,1,ACTIVE_WITH_PURCHASE_HISTORY,"Keep: Has active purchase/return activity"
"SRG-001128",TRUE,1,1,0,0,0,0,1,1,1,ACTIVE_WITH_PURCHASE_HISTORY,"Keep: Has active purchase/return activity"
"SRG-001143",TRUE,1,1,0,1,1,0,0,1,1,ACTIVE_WITH_PURCHASE_HISTORY,"Keep: Has active purchase/return activity"
"SRG-001307 KANJIVARAM",TRUE,1,1,0,0,0,0,1,1,1,ACTIVE_WITH_PURCHASE_HISTORY,"Keep: Has active purchase/return activity"
"SRG-001309 KANJIVARAM",TRUE,1,1,0,0,0,0,1,1,1,ACTIVE_WITH_PURCHASE_HISTORY,"Keep: Has active purchase/return activity"
"SRG-001343",TRUE,1,1,0,0,0,0,1,1,1,ACTIVE_WITH_PURCHASE_HISTORY,"Keep: Has active purchase/return activity"
"SRG-001419",TRUE,1,1,0,0,0,0,1,1,1,ACTIVE_WITH_PURCHASE_HISTORY,"Keep: Has active purchase/return activity"
"SRG-001423 GAJJI",TRUE,1,1,1,0,0,0,0,1,1,ACTIVE_WITH_PURCHASE_HISTORY,"Keep: Has active purchase/return activity"
"SRG-001521",TRUE,1,1,0,0,0,0,1,1,1,ACTIVE_WITH_PURCHASE_HISTORY,"Keep: Has active purchase/return activity"
"SRG-001575",TRUE,1,1,0,0,0,0,1,1,1,ACTIVE_WITH_PURCHASE_HISTORY,"Keep: Has active purchase/return activity"
"SRG-001580",TRUE,1,1,0,0,0,0,1,1,1,ACTIVE_WITH_PURCHASE_HISTORY,"Keep: Has active purchase/return activity"
"SRG-001609",TRUE,1,1,0,0,0,0,1,1,1,ACTIVE_WITH_PURCHASE_HISTORY,"Keep: Has active purchase/return activity"
"SRG-00161",TRUE,1,1,0,0,0,0,1,1,1,ACTIVE_WITH_PURCHASE_HISTORY,"Keep: Has active purchase/return activity"
"SRG-001715 PURE",TRUE,1,1,0,0,0,0,1,1,1,ACTIVE_WITH_PURCHASE_HISTORY,"Keep: Has active purchase/return activity"
"SRG-001758 TUSSER",TRUE,1,1,0,0,0,0,1,1,1,ACTIVE_WITH_PURCHASE_HISTORY,"Keep: Has active purchase/return activity"
"SRG-001776 SILK",TRUE,1,1,0,1,1,0,0,1,1,ACTIVE_WITH_PURCHASE_HISTORY,"Keep: Has active purchase/return activity"
"SRG-001793 CHINIYA",TRUE,1,1,0,1,1,0,0,1,1,ACTIVE_WITH_PURCHASE_HISTORY,"Keep: Has active purchase/return activity"
"SRG-00402",TRUE,1,1,0,1,1,0,0,1,1,ACTIVE_WITH_PURCHASE_HISTORY,"Keep: Has active purchase/return activity"
"SRG-00440",TRUE,1,1,0,0,0,0,1,1,1,ACTIVE_WITH_PURCHASE_HISTORY,"Keep: Has active purchase/return activity"
"SRG-00647",TRUE,1,1,0,0,0,0,1,1,1,ACTIVE_WITH_PURCHASE_HISTORY,"Keep: Has active purchase/return activity"
"SRG-00916",TRUE,1,1,0,0,0,0,1,1,1,ACTIVE_WITH_PURCHASE_HISTORY,"Keep: Has active purchase/return activity"
"SRG-00985",TRUE,1,1,0,0,0,0,1,1,1,ACTIVE_WITH_PURCHASE_HISTORY,"Keep: Has active purchase/return activity"
"SRKO-WEVGZF41",TRUE,1,1,0,0,0,0,1,1,1,ACTIVE_WITH_PURCHASE_HISTORY,"Keep: Has active purchase/return activity"
"SRKO-WEVGZF42",TRUE,1,1,0,0,0,0,1,1,1,ACTIVE_WITH_PURCHASE_HISTORY,"Keep: Has active purchase/return activity"
"SRP/490/195-RED",TRUE,1,1,0,0,0,0,1,1,1,ACTIVE_WITH_PURCHASE_HISTORY,"Keep: Has active purchase/return activity"
"SRP/490/201-BLU",TRUE,1,1,0,0,0,0,1,1,1,ACTIVE_WITH_PURCHASE_HISTORY,"Keep: Has active purchase/return activity"
"SRP/490/218-BEG",TRUE,1,1,0,0,0,0,1,1,1,ACTIVE_WITH_PURCHASE_HISTORY,"Keep: Has active purchase/return activity"
"SRP/490/233-PCH",TRUE,1,1,0,0,0,0,1,1,1,ACTIVE_WITH_PURCHASE_HISTORY,"Keep: Has active purchase/return activity"
"SRP/665/36-BLK",TRUE,1,1,0,0,0,0,1,1,1,ACTIVE_WITH_PURCHASE_HISTORY,"Keep: Has active purchase/return activity"
"SRP/K/AU/6734-GRN",TRUE,1,1,0,0,0,0,1,1,1,ACTIVE_WITH_PURCHASE_HISTORY,"Keep: Has active purchase/return activity"
"SRP/K/SU/7118",TRUE,1,1,0,1,1,0,0,1,1,ACTIVE_WITH_PURCHASE_HISTORY,"Keep: Has active purchase/return activity"
"SRP/M/SU/6682",TRUE,1,1,0,0,0,0,1,1,1,ACTIVE_WITH_PURCHASE_HISTORY,"Keep: Has active purchase/return activity"
"SRP/M/SU/7103",TRUE,1,1,0,1,1,0,0,1,1,ACTIVE_WITH_PURCHASE_HISTORY,"Keep: Has active purchase/return activity"
"SRS/FV186",TRUE,6,1,0,2,2,0,4,6,6,ACTIVE_WITH_PURCHASE_HISTORY,"Keep: Has active purchase/return activity"
"SRS/FV186 C",TRUE,1,1,0,0,0,0,1,1,1,ACTIVE_WITH_PURCHASE_HISTORY,"Keep: Has active purchase/return activity"
"SRS/FV186 P",TRUE,2,1,0,0,0,0,2,2,2,ACTIVE_WITH_PURCHASE_HISTORY,"Keep: Has active purchase/return activity"
"SRS/FV186 P2",TRUE,1,1,0,0,0,0,1,1,1,ACTIVE_WITH_PURCHASE_HISTORY,"Keep: Has active purchase/return activity"
"SRS/FV186 Y",TRUE,1,1,0,1,1,0,0,1,1,ACTIVE_WITH_PURCHASE_HISTORY,"Keep: Has active purchase/return activity"
"SRS/HJA229",TRUE,2,1,0,0,0,0,2,2,2,ACTIVE_WITH_PURCHASE_HISTORY,"Keep: Has active purchase/return activity"
"SRS/HJA243",TRUE,2,1,0,1,1,0,1,2,2,ACTIVE_WITH_PURCHASE_HISTORY,"Keep: Has active purchase/return activity"
"SRS/RDWH247",TRUE,3,1,0,0,0,0,3,3,3,ACTIVE_WITH_PURCHASE_HISTORY,"Keep: Has active purchase/return activity"
"SRS/RDWH328",TRUE,4,1,0,0,0,0,3,3,3,ACTIVE_WITH_PURCHASE_HISTORY,"Keep: Has active purchase/return activity"
"SRS/RDWH371",TRUE,3,1,0,0,0,0,3,3,3,ACTIVE_WITH_PURCHASE_HISTORY,"Keep: Has active purchase/return activity"
"SRS/RDWH371 G",TRUE,1,1,0,0,0,0,1,1,1,ACTIVE_WITH_PURCHASE_HISTORY,"Keep: Has active purchase/return activity"
"SRS/RDWH793",TRUE,3,1,0,1,1,0,2,3,3,ACTIVE_WITH_PURCHASE_HISTORY,"Keep: Has active purchase/return activity"
"SRS/RDWH793 P",TRUE,2,1,0,0,0,0,2,2,2,ACTIVE_WITH_PURCHASE_HISTORY,"Keep: Has active purchase/return activity"
"SRS/RDWH793 P2",TRUE,1,1,0,0,0,0,1,1,1,ACTIVE_WITH_PURCHASE_HISTORY,"Keep: Has active purchase/return activity"
"SS--15723",TRUE,0,0,0,2,2,0,1,3,2,ORPHAN_WITH_SALES,"Audit: Sold but lacks purchase invoice in database"
"SS-315",TRUE,1,1,0,0,0,0,1,1,1,ACTIVE_WITH_PURCHASE_HISTORY,"Keep: Has active purchase/return activity"
"SS-427",TRUE,1,1,0,0,0,0,1,1,1,ACTIVE_WITH_PURCHASE_HISTORY,"Keep: Has active purchase/return activity"
"SS-430",TRUE,1,1,0,0,0,0,1,1,1,ACTIVE_WITH_PURCHASE_HISTORY,"Keep: Has active purchase/return activity"
"SS-433",TRUE,1,1,0,0,0,0,1,1,1,ACTIVE_WITH_PURCHASE_HISTORY,"Keep: Has active purchase/return activity"
"SS-445",TRUE,1,1,0,0,0,0,1,1,1,ACTIVE_WITH_PURCHASE_HISTORY,"Keep: Has active purchase/return activity"
"SS-448",TRUE,1,1,0,0,0,0,1,1,1,ACTIVE_WITH_PURCHASE_HISTORY,"Keep: Has active purchase/return activity"
"SS 15719",TRUE,3,1,0,1,1,0,1,2,2,ACTIVE_WITH_PURCHASE_HISTORY,"Keep: Has active purchase/return activity"
"SS 15743 GD",TRUE,0,0,0,0,0,0,0,0,0,SAFE_TO_DELETE_IDLE,"Safe to Delete: No purchases, returns, sales, or stock"
"SS 15743 PK",TRUE,0,0,0,0,0,0,0,0,0,SAFE_TO_DELETE_IDLE,"Safe to Delete: No purchases, returns, sales, or stock"
"SS 15743G",TRUE,3,1,0,0,0,0,2,2,2,ACTIVE_WITH_PURCHASE_HISTORY,"Keep: Has active purchase/return activity"
"SS 15743P",TRUE,3,1,0,0,0,0,2,2,2,ACTIVE_WITH_PURCHASE_HISTORY,"Keep: Has active purchase/return activity"
"SS 306",TRUE,1,1,0,0,0,0,1,1,1,ACTIVE_WITH_PURCHASE_HISTORY,"Keep: Has active purchase/return activity"
"SS 361",TRUE,1,1,0,0,0,0,1,1,1,ACTIVE_WITH_PURCHASE_HISTORY,"Keep: Has active purchase/return activity"
"SS 369",TRUE,1,1,0,0,0,0,1,1,1,ACTIVE_WITH_PURCHASE_HISTORY,"Keep: Has active purchase/return activity"
"SS 375",TRUE,1,1,0,0,0,0,1,1,1,ACTIVE_WITH_PURCHASE_HISTORY,"Keep: Has active purchase/return activity"
"ss24",TRUE,1,1,0,0,0,0,1,1,1,ACTIVE_WITH_PURCHASE_HISTORY,"Keep: Has active purchase/return activity"
"SS25",TRUE,1,1,0,0,0,0,1,1,1,ACTIVE_WITH_PURCHASE_HISTORY,"Keep: Has active purchase/return activity"
"SSLC-424",TRUE,1,1,0,0,0,0,1,1,1,ACTIVE_WITH_PURCHASE_HISTORY,"Keep: Has active purchase/return activity"
"SSU-034-25",TRUE,58,1,0,8,8,0,50,58,57,ACTIVE_WITH_PURCHASE_HISTORY,"Keep: Has active purchase/return activity"
"SSU-034-40",TRUE,39,1,0,11,11,0,28,39,1,ACTIVE_WITH_PURCHASE_HISTORY,"Keep: Has active purchase/return activity"
"SSU-034-41",TRUE,21,1,0,1,1,0,20,21,1,ACTIVE_WITH_PURCHASE_HISTORY,"Keep: Has active purchase/return activity"
"SSU-034-42",TRUE,14,1,0,4,4,0,10,14,1,ACTIVE_WITH_PURCHASE_HISTORY,"Keep: Has active purchase/return activity"
"SSU-073-1",TRUE,22,1,0,1,1,0,21,22,1,ACTIVE_WITH_PURCHASE_HISTORY,"Keep: Has active purchase/return activity"
"SSU-085-27",TRUE,12,1,0,2,2,1,10,12,1,ACTIVE_WITH_PURCHASE_HISTORY,"Keep: Has active purchase/return activity"
"SSU-152",TRUE,22,1,0,0,0,0,22,22,1,ACTIVE_WITH_PURCHASE_HISTORY,"Keep: Has active purchase/return activity"
"ST-028",TRUE,1,1,0,0,0,0,1,1,1,ACTIVE_WITH_PURCHASE_HISTORY,"Keep: Has active purchase/return activity"
"ST-193",TRUE,1,1,0,0,0,0,1,1,1,ACTIVE_WITH_PURCHASE_HISTORY,"Keep: Has active purchase/return activity"
"ST-193D",TRUE,1,1,0,0,0,0,1,1,1,ACTIVE_WITH_PURCHASE_HISTORY,"Keep: Has active purchase/return activity"
"ST-236 A",TRUE,1,1,0,0,0,0,1,1,1,ACTIVE_WITH_PURCHASE_HISTORY,"Keep: Has active purchase/return activity"
"ST-236 C",TRUE,1,1,0,1,1,0,0,1,1,ACTIVE_WITH_PURCHASE_HISTORY,"Keep: Has active purchase/return activity"
"ST-312 B",TRUE,1,1,0,0,0,0,1,1,1,ACTIVE_WITH_PURCHASE_HISTORY,"Keep: Has active purchase/return activity"
"ST136",TRUE,10,1,0,5,5,1,6,10,9,ACTIVE_WITH_PURCHASE_HISTORY,"Keep: Has active purchase/return activity"
"ST157",TRUE,5,1,0,0,0,0,5,5,5,ACTIVE_WITH_PURCHASE_HISTORY,"Keep: Has active purchase/return activity"
"ST159",TRUE,9,1,0,7,7,2,2,8,8,ACTIVE_WITH_PURCHASE_HISTORY,"Keep: Has active purchase/return activity"
"STK-AMRIN-105-A",TRUE,1,1,0,1,1,0,0,1,1,ACTIVE_WITH_PURCHASE_HISTORY,"Keep: Has active purchase/return activity"
"STK-AMRIN-105-B",TRUE,1,1,0,0,0,0,1,1,1,ACTIVE_WITH_PURCHASE_HISTORY,"Keep: Has active purchase/return activity"
"STK-AMRIN-105-C",TRUE,1,1,0,1,1,0,0,1,1,ACTIVE_WITH_PURCHASE_HISTORY,"Keep: Has active purchase/return activity"
"STK-GULMO-103-B",TRUE,1,1,0,2,2,1,0,1,1,ACTIVE_WITH_PURCHASE_HISTORY,"Keep: Has active purchase/return activity"
"STK-GULMO-103-C",TRUE,1,1,0,0,0,0,1,1,1,ACTIVE_WITH_PURCHASE_HISTORY,"Keep: Has active purchase/return activity"
"STK-GULMO-103-Y",TRUE,1,1,0,0,0,0,1,1,1,ACTIVE_WITH_PURCHASE_HISTORY,"Keep: Has active purchase/return activity"
"STK-MASHKI-115",TRUE,1,1,0,0,0,0,1,1,1,ACTIVE_WITH_PURCHASE_HISTORY,"Keep: Has active purchase/return activity"
"STK-MASHKI-115-G",TRUE,1,1,0,0,0,0,1,1,1,ACTIVE_WITH_PURCHASE_HISTORY,"Keep: Has active purchase/return activity"
"STK-MISKI-120",TRUE,2,1,0,2,2,0,0,2,1,ACTIVE_WITH_PURCHASE_HISTORY,"Keep: Has active purchase/return activity"
"STK-MUKHIR-1-124-B",TRUE,1,1,0,0,0,0,1,1,1,ACTIVE_WITH_PURCHASE_HISTORY,"Keep: Has active purchase/return activity"
"STK-MUKHIR-1-124-P",TRUE,1,1,0,0,0,0,1,1,1,ACTIVE_WITH_PURCHASE_HISTORY,"Keep: Has active purchase/return activity"
"STK-SAACHI-119",TRUE,3,1,0,3,2,0,0,3,3,ACTIVE_WITH_PURCHASE_HISTORY,"Keep: Has active purchase/return activity"
"STK-SHAKHI-119-B",TRUE,1,1,0,1,1,0,0,1,1,ACTIVE_WITH_PURCHASE_HISTORY,"Keep: Has active purchase/return activity"
"STK-SHAKHI-119-G",TRUE,1,1,0,1,1,0,0,1,1,ACTIVE_WITH_PURCHASE_HISTORY,"Keep: Has active purchase/return activity"
"STK-SHAKHI-119-Y",TRUE,1,1,0,0,0,0,1,1,1,ACTIVE_WITH_PURCHASE_HISTORY,"Keep: Has active purchase/return activity"
"STK-TAMSIN-114",TRUE,1,1,0,0,0,0,1,1,1,ACTIVE_WITH_PURCHASE_HISTORY,"Keep: Has active purchase/return activity"
"STK-TAMSIN-114-G",TRUE,1,1,0,0,0,0,1,1,1,ACTIVE_WITH_PURCHASE_HISTORY,"Keep: Has active purchase/return activity"
"SU  2272D",TRUE,1,1,0,1,1,0,0,1,1,ACTIVE_WITH_PURCHASE_HISTORY,"Keep: Has active purchase/return activity"
"SU 2471A",TRUE,1,1,0,0,0,0,1,1,1,ACTIVE_WITH_PURCHASE_HISTORY,"Keep: Has active purchase/return activity"
"SU 2471B",TRUE,1,1,0,0,0,0,1,1,1,ACTIVE_WITH_PURCHASE_HISTORY,"Keep: Has active purchase/return activity"
"SU 2488A",TRUE,2,1,0,0,0,0,2,2,2,ACTIVE_WITH_PURCHASE_HISTORY,"Keep: Has active purchase/return activity"
"SU 2491A",TRUE,1,1,0,0,0,0,1,1,1,ACTIVE_WITH_PURCHASE_HISTORY,"Keep: Has active purchase/return activity"
"SU 2498A",TRUE,2,1,0,0,0,0,2,2,2,ACTIVE_WITH_PURCHASE_HISTORY,"Keep: Has active purchase/return activity"
"SU 2510",TRUE,2,1,0,0,0,0,2,2,2,ACTIVE_WITH_PURCHASE_HISTORY,"Keep: Has active purchase/return activity"
"SU 2522",TRUE,1,1,0,1,1,0,0,1,1,ACTIVE_WITH_PURCHASE_HISTORY,"Keep: Has active purchase/return activity"
"SU 2522A",TRUE,1,1,0,0,0,0,1,1,1,ACTIVE_WITH_PURCHASE_HISTORY,"Keep: Has active purchase/return activity"
"SU 2607",TRUE,1,1,0,0,0,0,1,1,1,ACTIVE_WITH_PURCHASE_HISTORY,"Keep: Has active purchase/return activity"
"SU 6121",TRUE,1,1,0,0,0,0,1,1,1,ACTIVE_WITH_PURCHASE_HISTORY,"Keep: Has active purchase/return activity"
"SU 6129",TRUE,1,1,0,0,0,0,1,1,1,ACTIVE_WITH_PURCHASE_HISTORY,"Keep: Has active purchase/return activity"
"SU 6181",TRUE,1,1,0,0,0,0,1,1,1,ACTIVE_WITH_PURCHASE_HISTORY,"Keep: Has active purchase/return activity"
"SU 6192",TRUE,1,1,0,0,0,0,1,1,1,ACTIVE_WITH_PURCHASE_HISTORY,"Keep: Has active purchase/return activity"
"SU 6207",TRUE,1,1,0,0,0,0,1,1,1,ACTIVE_WITH_PURCHASE_HISTORY,"Keep: Has active purchase/return activity"
"SUKOON-601-B",TRUE,2,1,0,0,0,0,2,2,2,ACTIVE_WITH_PURCHASE_HISTORY,"Keep: Has active purchase/return activity"
"SUKOON-601-M",TRUE,1,1,0,0,0,0,1,1,1,ACTIVE_WITH_PURCHASE_HISTORY,"Keep: Has active purchase/return activity"
"SUKOON-602-B",TRUE,2,1,0,1,1,0,1,2,2,ACTIVE_WITH_PURCHASE_HISTORY,"Keep: Has active purchase/return activity"
"SUKOON-602-BK",TRUE,1,1,0,1,1,0,0,1,1,ACTIVE_WITH_PURCHASE_HISTORY,"Keep: Has active purchase/return activity"
"SUKOON-603-B",TRUE,2,1,0,0,0,0,2,2,2,ACTIVE_WITH_PURCHASE_HISTORY,"Keep: Has active purchase/return activity"
"SUKOON-603-M",TRUE,1,1,0,1,1,0,0,1,1,ACTIVE_WITH_PURCHASE_HISTORY,"Keep: Has active purchase/return activity"
"SUKOON-603-Y",TRUE,1,1,0,1,1,0,0,1,1,ACTIVE_WITH_PURCHASE_HISTORY,"Keep: Has active purchase/return activity"
"SUKOON-604-B",TRUE,1,1,0,0,0,0,1,1,1,ACTIVE_WITH_PURCHASE_HISTORY,"Keep: Has active purchase/return activity"
"SUKOON-604-G",TRUE,1,1,0,0,0,0,1,1,1,ACTIVE_WITH_PURCHASE_HISTORY,"Keep: Has active purchase/return activity"
"SUKOON-604-M",TRUE,1,1,0,0,0,0,1,1,1,ACTIVE_WITH_PURCHASE_HISTORY,"Keep: Has active purchase/return activity"
"SUKTARA KALI",TRUE,1,1,0,0,0,0,1,1,1,ACTIVE_WITH_PURCHASE_HISTORY,"Keep: Has active purchase/return activity"
"SZ-483",TRUE,1,1,0,1,1,0,0,1,1,ACTIVE_WITH_PURCHASE_HISTORY,"Keep: Has active purchase/return activity"
"T-4021",TRUE,2,2,0,1,1,0,1,2,2,ACTIVE_WITH_PURCHASE_HISTORY,"Keep: Has active purchase/return activity"
"T-4037",TRUE,1,1,0,1,1,0,0,1,1,ACTIVE_WITH_PURCHASE_HISTORY,"Keep: Has active purchase/return activity"
"T-4059",TRUE,1,1,0,0,0,0,1,1,1,ACTIVE_WITH_PURCHASE_HISTORY,"Keep: Has active purchase/return activity"
"T-7908",TRUE,1,1,0,1,1,0,0,1,1,ACTIVE_WITH_PURCHASE_HISTORY,"Keep: Has active purchase/return activity"
"T/455/BSD-08",TRUE,4,1,0,0,0,0,4,4,1,ACTIVE_WITH_PURCHASE_HISTORY,"Keep: Has active purchase/return activity"
"T/455/BSD-10",TRUE,3,1,0,1,1,0,2,3,1,ACTIVE_WITH_PURCHASE_HISTORY,"Keep: Has active purchase/return activity"
"T/560/OF-86",TRUE,1,1,0,0,0,0,1,1,1,ACTIVE_WITH_PURCHASE_HISTORY,"Keep: Has active purchase/return activity"
"T/584/KKP-933",TRUE,0,0,0,0,0,0,1,1,1,ORPHAN_WITH_STOCK,"Audit: Has physical stock/printed barcodes but no purchase record"
"T/584/KKP-933-B",TRUE,1,1,0,0,0,0,1,1,1,ACTIVE_WITH_PURCHASE_HISTORY,"Keep: Has active purchase/return activity"
"T/584/KKP-933-G",TRUE,3,1,0,0,0,0,1,1,1,ACTIVE_WITH_PURCHASE_HISTORY,"Keep: Has active purchase/return activity"
"TA-444",TRUE,1,1,0,0,0,0,1,1,1,ACTIVE_WITH_PURCHASE_HISTORY,"Keep: Has active purchase/return activity"
"TA-449",TRUE,1,1,0,0,0,0,1,1,1,ACTIVE_WITH_PURCHASE_HISTORY,"Keep: Has active purchase/return activity"
"TA-449-02",TRUE,1,1,0,0,0,0,1,1,1,ACTIVE_WITH_PURCHASE_HISTORY,"Keep: Has active purchase/return activity"
"TA-455",TRUE,1,1,0,0,0,0,1,1,1,ACTIVE_WITH_PURCHASE_HISTORY,"Keep: Has active purchase/return activity"
"TA-455-02",TRUE,1,1,0,0,0,0,1,1,1,ACTIVE_WITH_PURCHASE_HISTORY,"Keep: Has active purchase/return activity"
"TB-5019",TRUE,1,1,0,1,1,0,0,1,1,ACTIVE_WITH_PURCHASE_HISTORY,"Keep: Has active purchase/return activity"
"TB-5288",TRUE,1,1,1,0,0,0,0,1,1,ACTIVE_WITH_PURCHASE_HISTORY,"Keep: Has active purchase/return activity"
"tc-491",TRUE,2,1,0,1,1,0,1,2,2,ACTIVE_WITH_PURCHASE_HISTORY,"Keep: Has active purchase/return activity"
"TP15",TRUE,7,1,0,3,3,0,4,7,1,ACTIVE_WITH_PURCHASE_HISTORY,"Keep: Has active purchase/return activity"
"TP20",TRUE,6,1,0,4,4,0,1,5,4,ACTIVE_WITH_PURCHASE_HISTORY,"Keep: Has active purchase/return activity"
"TR-513",TRUE,1,1,0,0,0,0,1,1,1,ACTIVE_WITH_PURCHASE_HISTORY,"Keep: Has active purchase/return activity"
"TRK01",TRUE,1,1,0,0,0,0,1,1,1,ACTIVE_WITH_PURCHASE_HISTORY,"Keep: Has active purchase/return activity"
"TS-620",TRUE,3,1,0,0,0,0,3,3,3,ACTIVE_WITH_PURCHASE_HISTORY,"Keep: Has active purchase/return activity"
"TS-620-B",TRUE,2,1,0,0,0,0,2,2,2,ACTIVE_WITH_PURCHASE_HISTORY,"Keep: Has active purchase/return activity"
"TS-638 B",TRUE,5,1,0,5,5,2,2,5,5,ACTIVE_WITH_PURCHASE_HISTORY,"Keep: Has active purchase/return activity"
"TS157",TRUE,3,1,0,0,0,0,3,3,1,ACTIVE_WITH_PURCHASE_HISTORY,"Keep: Has active purchase/return activity"
"TW-032C",TRUE,8,1,0,5,5,0,5,10,5,ACTIVE_WITH_PURCHASE_HISTORY,"Keep: Has active purchase/return activity"
"TW-032C-A",TRUE,1,1,0,0,0,0,1,1,1,ACTIVE_WITH_PURCHASE_HISTORY,"Keep: Has active purchase/return activity"
"UKA-3-GREEN",TRUE,1,1,0,0,0,0,1,1,1,ACTIVE_WITH_PURCHASE_HISTORY,"Keep: Has active purchase/return activity"
"UKA-3-RANI",TRUE,1,1,0,1,1,0,0,1,1,ACTIVE_WITH_PURCHASE_HISTORY,"Keep: Has active purchase/return activity"
"UKA-4-BLUE",TRUE,1,1,0,0,0,0,1,1,1,ACTIVE_WITH_PURCHASE_HISTORY,"Keep: Has active purchase/return activity"
"UKA-4-ORANGE",TRUE,1,1,0,0,0,0,1,1,1,ACTIVE_WITH_PURCHASE_HISTORY,"Keep: Has active purchase/return activity"
"UKA-4-PINK",TRUE,1,1,0,0,0,0,1,1,1,ACTIVE_WITH_PURCHASE_HISTORY,"Keep: Has active purchase/return activity"
"UKA-4-PURPLE",TRUE,1,1,0,0,0,0,1,1,1,ACTIVE_WITH_PURCHASE_HISTORY,"Keep: Has active purchase/return activity"
"UKA-4-RANI",TRUE,1,1,0,0,0,0,1,1,1,ACTIVE_WITH_PURCHASE_HISTORY,"Keep: Has active purchase/return activity"
"UKA-4-YELLOW",TRUE,2,1,0,0,0,0,2,2,1,ACTIVE_WITH_PURCHASE_HISTORY,"Keep: Has active purchase/return activity"
"UKA-5-BLACK",TRUE,1,1,0,0,0,0,1,1,1,ACTIVE_WITH_PURCHASE_HISTORY,"Keep: Has active purchase/return activity"
"UKA-5-GOLDEN",TRUE,2,1,0,0,0,0,2,2,1,ACTIVE_WITH_PURCHASE_HISTORY,"Keep: Has active purchase/return activity"
"UKA-5-GREEN",TRUE,1,1,0,0,0,0,1,1,1,ACTIVE_WITH_PURCHASE_HISTORY,"Keep: Has active purchase/return activity"
"UKA-5-GREY",TRUE,2,1,0,0,0,0,2,2,1,ACTIVE_WITH_PURCHASE_HISTORY,"Keep: Has active purchase/return activity"
"UKA-5-PINK",TRUE,1,1,0,0,0,0,1,1,1,ACTIVE_WITH_PURCHASE_HISTORY,"Keep: Has active purchase/return activity"
"UKA-5-PURPLE",TRUE,1,1,0,0,0,0,1,1,1,ACTIVE_WITH_PURCHASE_HISTORY,"Keep: Has active purchase/return activity"
"UKA-5-RED",TRUE,1,1,0,0,0,0,1,1,1,ACTIVE_WITH_PURCHASE_HISTORY,"Keep: Has active purchase/return activity"
"UKA-5-YELLOW",TRUE,1,1,0,1,1,0,0,1,1,ACTIVE_WITH_PURCHASE_HISTORY,"Keep: Has active purchase/return activity"
"UKA-6-GREEN",TRUE,1,1,0,0,0,0,1,1,1,ACTIVE_WITH_PURCHASE_HISTORY,"Keep: Has active purchase/return activity"
"UKA-6-ORANGE",TRUE,1,1,0,0,0,0,1,1,1,ACTIVE_WITH_PURCHASE_HISTORY,"Keep: Has active purchase/return activity"
"UKB-5-GOLDEN",TRUE,3,1,0,0,0,0,3,3,1,ACTIVE_WITH_PURCHASE_HISTORY,"Keep: Has active purchase/return activity"
"UKB-5-RANI",TRUE,1,1,0,0,0,0,1,1,1,ACTIVE_WITH_PURCHASE_HISTORY,"Keep: Has active purchase/return activity"
"UR 2548",TRUE,1,1,0,0,0,0,1,1,1,ACTIVE_WITH_PURCHASE_HISTORY,"Keep: Has active purchase/return activity"
"UR/535/1800",TRUE,1,1,0,0,0,0,1,1,1,ACTIVE_WITH_PURCHASE_HISTORY,"Keep: Has active purchase/return activity"
"US-295",TRUE,1,1,0,1,1,0,0,1,1,ACTIVE_WITH_PURCHASE_HISTORY,"Keep: Has active purchase/return activity"
"US-298",TRUE,1,1,0,0,0,0,1,1,1,ACTIVE_WITH_PURCHASE_HISTORY,"Keep: Has active purchase/return activity"
"US-327",TRUE,2,1,0,1,1,1,1,2,1,ACTIVE_WITH_PURCHASE_HISTORY,"Keep: Has active purchase/return activity"
"US-436",TRUE,1,1,0,0,0,0,1,1,1,ACTIVE_WITH_PURCHASE_HISTORY,"Keep: Has active purchase/return activity"
"US0354",TRUE,3,1,0,3,3,0,0,3,3,ACTIVE_WITH_PURCHASE_HISTORY,"Keep: Has active purchase/return activity"
"US0370",TRUE,4,1,0,4,2,0,0,4,4,ACTIVE_WITH_PURCHASE_HISTORY,"Keep: Has active purchase/return activity"
"US0376",TRUE,1,1,0,0,0,0,1,1,1,ACTIVE_WITH_PURCHASE_HISTORY,"Keep: Has active purchase/return activity"
"US0492",TRUE,1,1,0,1,1,0,0,1,1,ACTIVE_WITH_PURCHASE_HISTORY,"Keep: Has active purchase/return activity"
"US0673",TRUE,5,1,0,1,1,0,3,4,3,ACTIVE_WITH_PURCHASE_HISTORY,"Keep: Has active purchase/return activity"
"US0694",TRUE,2,1,0,0,0,0,2,2,2,ACTIVE_WITH_PURCHASE_HISTORY,"Keep: Has active purchase/return activity"
"US0699",TRUE,3,1,0,0,0,0,3,3,1,ACTIVE_WITH_PURCHASE_HISTORY,"Keep: Has active purchase/return activity"
"US327",TRUE,1,1,0,0,0,0,1,1,1,ACTIVE_WITH_PURCHASE_HISTORY,"Keep: Has active purchase/return activity"
"US431",TRUE,1,1,0,0,0,0,1,1,1,ACTIVE_WITH_PURCHASE_HISTORY,"Keep: Has active purchase/return activity"
"US431-02",TRUE,1,1,0,0,0,0,1,1,1,ACTIVE_WITH_PURCHASE_HISTORY,"Keep: Has active purchase/return activity"
"USAS-2",TRUE,4,1,0,0,0,0,4,4,2,ACTIVE_WITH_PURCHASE_HISTORY,"Keep: Has active purchase/return activity"
"USAS-4",TRUE,4,1,0,0,0,0,4,4,2,ACTIVE_WITH_PURCHASE_HISTORY,"Keep: Has active purchase/return activity"
"USAS-5",TRUE,3,1,0,0,0,0,3,3,2,ACTIVE_WITH_PURCHASE_HISTORY,"Keep: Has active purchase/return activity"
"UV2",TRUE,6,1,0,0,0,0,5,5,1,ACTIVE_WITH_PURCHASE_HISTORY,"Keep: Has active purchase/return activity"
"UV2 1042",TRUE,6,1,0,0,0,0,6,6,6,ACTIVE_WITH_PURCHASE_HISTORY,"Keep: Has active purchase/return activity"
"UV2 481",TRUE,20,2,0,0,0,0,12,12,11,ACTIVE_WITH_PURCHASE_HISTORY,"Keep: Has active purchase/return activity"
"UV2A",TRUE,10,1,0,0,0,0,5,5,1,ACTIVE_WITH_PURCHASE_HISTORY,"Keep: Has active purchase/return activity"
"UV2A SHOO",TRUE,10,1,0,0,0,0,10,10,10,ACTIVE_WITH_PURCHASE_HISTORY,"Keep: Has active purchase/return activity"
"UV3A",TRUE,23,3,0,0,0,0,10,10,10,ACTIVE_WITH_PURCHASE_HISTORY,"Keep: Has active purchase/return activity"
"UV3A 1149",TRUE,5,1,0,0,0,0,5,5,1,ACTIVE_WITH_PURCHASE_HISTORY,"Keep: Has active purchase/return activity"
"UV3A 1158",TRUE,5,1,0,2,2,0,3,5,1,ACTIVE_WITH_PURCHASE_HISTORY,"Keep: Has active purchase/return activity"
"UV3A 1167",TRUE,8,1,0,3,3,0,5,8,1,ACTIVE_WITH_PURCHASE_HISTORY,"Keep: Has active purchase/return activity"
"UV3A 1174",TRUE,7,1,0,0,0,0,7,7,1,ACTIVE_WITH_PURCHASE_HISTORY,"Keep: Has active purchase/return activity"
"UV3A 1191",TRUE,5,1,0,0,0,0,5,5,1,ACTIVE_WITH_PURCHASE_HISTORY,"Keep: Has active purchase/return activity"
"UV3A 1197",TRUE,1,1,0,0,0,0,5,5,1,ACTIVE_WITH_PURCHASE_HISTORY,"Keep: Has active purchase/return activity"
"UV3A 1215",TRUE,5,1,0,0,0,0,5,5,1,ACTIVE_WITH_PURCHASE_HISTORY,"Keep: Has active purchase/return activity"
"UV3A HSOO",TRUE,4,1,0,0,0,0,4,4,4,ACTIVE_WITH_PURCHASE_HISTORY,"Keep: Has active purchase/return activity"
"UV3A RP",TRUE,5,1,0,0,0,0,5,5,5,ACTIVE_WITH_PURCHASE_HISTORY,"Keep: Has active purchase/return activity"
"UV3A RPOO",TRUE,5,1,0,0,0,0,5,5,5,ACTIVE_WITH_PURCHASE_HISTORY,"Keep: Has active purchase/return activity"
"UV6",TRUE,21,1,0,9,8,0,12,21,1,ACTIVE_WITH_PURCHASE_HISTORY,"Keep: Has active purchase/return activity"
"UV6-40GM",TRUE,20,1,0,1,1,0,19,20,1,ACTIVE_WITH_PURCHASE_HISTORY,"Keep: Has active purchase/return activity"
"UV6 33G",TRUE,14,1,0,3,3,0,11,14,1,ACTIVE_WITH_PURCHASE_HISTORY,"Keep: Has active purchase/return activity"
"UV7-60G",TRUE,23,1,0,1,1,0,22,23,1,ACTIVE_WITH_PURCHASE_HISTORY,"Keep: Has active purchase/return activity"
"UV7 60G",TRUE,27,1,0,2,2,1,25,27,1,ACTIVE_WITH_PURCHASE_HISTORY,"Keep: Has active purchase/return activity"
"V-1010L",TRUE,1,1,0,0,0,0,1,1,1,ACTIVE_WITH_PURCHASE_HISTORY,"Keep: Has active purchase/return activity"
"V-1021",TRUE,2,1,0,2,2,0,0,1,1,ACTIVE_WITH_PURCHASE_HISTORY,"Keep: Has active purchase/return activity"
"V-1021-XL",TRUE,1,1,0,0,0,0,1,1,1,ACTIVE_WITH_PURCHASE_HISTORY,"Keep: Has active purchase/return activity"
"V-1043L",TRUE,1,1,0,1,1,0,0,1,1,ACTIVE_WITH_PURCHASE_HISTORY,"Keep: Has active purchase/return activity"
"V-1044L",TRUE,1,1,0,1,1,0,0,1,1,ACTIVE_WITH_PURCHASE_HISTORY,"Keep: Has active purchase/return activity"
"V-1045L",TRUE,1,1,0,1,1,0,0,1,1,ACTIVE_WITH_PURCHASE_HISTORY,"Keep: Has active purchase/return activity"
"V-1055L",TRUE,1,1,0,0,0,0,1,1,1,ACTIVE_WITH_PURCHASE_HISTORY,"Keep: Has active purchase/return activity"
"V-1076",TRUE,3,1,0,0,0,0,2,2,2,ACTIVE_WITH_PURCHASE_HISTORY,"Keep: Has active purchase/return activity"
"V-1085",TRUE,2,1,0,2,2,0,0,1,1,ACTIVE_WITH_PURCHASE_HISTORY,"Keep: Has active purchase/return activity"
"V-1085 (XL)",TRUE,1,1,0,0,0,0,1,1,1,ACTIVE_WITH_PURCHASE_HISTORY,"Keep: Has active purchase/return activity"
"V-1087-B",TRUE,2,1,0,0,0,0,1,1,1,ACTIVE_WITH_PURCHASE_HISTORY,"Keep: Has active purchase/return activity"
"V-1087-B-XL",TRUE,1,1,0,1,1,0,0,1,1,ACTIVE_WITH_PURCHASE_HISTORY,"Keep: Has active purchase/return activity"
"V-1087-P",TRUE,2,1,0,0,0,0,1,1,1,ACTIVE_WITH_PURCHASE_HISTORY,"Keep: Has active purchase/return activity"
"V-1087-P-XL",TRUE,1,1,0,0,0,0,1,1,1,ACTIVE_WITH_PURCHASE_HISTORY,"Keep: Has active purchase/return activity"
"V-1088-G",TRUE,2,1,0,0,0,0,1,1,1,ACTIVE_WITH_PURCHASE_HISTORY,"Keep: Has active purchase/return activity"
"V-1088-G-XL",TRUE,1,1,0,0,0,0,1,1,1,ACTIVE_WITH_PURCHASE_HISTORY,"Keep: Has active purchase/return activity"
"V-1088-Y",TRUE,2,1,0,0,0,0,1,1,1,ACTIVE_WITH_PURCHASE_HISTORY,"Keep: Has active purchase/return activity"
"V-1088-Y-XL",TRUE,1,1,0,0,0,0,1,1,1,ACTIVE_WITH_PURCHASE_HISTORY,"Keep: Has active purchase/return activity"
"V-1094",TRUE,2,1,0,0,0,0,1,1,1,ACTIVE_WITH_PURCHASE_HISTORY,"Keep: Has active purchase/return activity"
"V-1094-B",TRUE,1,1,0,1,1,0,0,1,1,ACTIVE_WITH_PURCHASE_HISTORY,"Keep: Has active purchase/return activity"
"V-1095",TRUE,3,1,0,1,1,0,1,2,2,ACTIVE_WITH_PURCHASE_HISTORY,"Keep: Has active purchase/return activity"
"V-1098",TRUE,1,1,0,0,0,0,1,1,1,ACTIVE_WITH_PURCHASE_HISTORY,"Keep: Has active purchase/return activity"
"V-1098 (XL)",TRUE,2,1,0,0,0,0,1,1,1,ACTIVE_WITH_PURCHASE_HISTORY,"Keep: Has active purchase/return activity"
"V-1109",TRUE,6,1,0,1,1,0,5,6,4,ACTIVE_WITH_PURCHASE_HISTORY,"Keep: Has active purchase/return activity"
"V-11099",TRUE,0,0,0,0,0,0,1,1,1,ORPHAN_WITH_STOCK,"Audit: Has physical stock/printed barcodes but no purchase record"
"V-1115-RANI",TRUE,2,1,0,0,0,0,1,1,1,ACTIVE_WITH_PURCHASE_HISTORY,"Keep: Has active purchase/return activity"
"V-1115-RANI-B",TRUE,1,1,0,0,0,0,1,1,1,ACTIVE_WITH_PURCHASE_HISTORY,"Keep: Has active purchase/return activity"
"V-1115-YELLOW",TRUE,2,1,0,0,0,0,1,1,1,ACTIVE_WITH_PURCHASE_HISTORY,"Keep: Has active purchase/return activity"
"V-1115-YELLOW-B",TRUE,1,1,0,0,0,0,1,1,1,ACTIVE_WITH_PURCHASE_HISTORY,"Keep: Has active purchase/return activity"
"V-1117",TRUE,3,2,0,0,0,0,3,3,2,ACTIVE_WITH_PURCHASE_HISTORY,"Keep: Has active purchase/return activity"
"V-1821RL",TRUE,1,1,0,0,0,0,1,1,1,ACTIVE_WITH_PURCHASE_HISTORY,"Keep: Has active purchase/return activity"
"V-1928S",TRUE,1,1,0,0,0,0,1,1,1,ACTIVE_WITH_PURCHASE_HISTORY,"Keep: Has active purchase/return activity"
"V-1930S",TRUE,1,1,0,1,1,0,0,1,1,ACTIVE_WITH_PURCHASE_HISTORY,"Keep: Has active purchase/return activity"
"V-1931S",TRUE,1,1,0,0,0,0,1,1,1,ACTIVE_WITH_PURCHASE_HISTORY,"Keep: Has active purchase/return activity"
"V-1932S",TRUE,1,1,0,0,0,0,1,1,1,ACTIVE_WITH_PURCHASE_HISTORY,"Keep: Has active purchase/return activity"
"V-1937-WS",TRUE,1,1,0,0,0,0,1,1,1,ACTIVE_WITH_PURCHASE_HISTORY,"Keep: Has active purchase/return activity"
"V-1937WS",TRUE,1,1,0,0,0,0,1,1,1,ACTIVE_WITH_PURCHASE_HISTORY,"Keep: Has active purchase/return activity"
"V-1948NL",TRUE,1,1,0,1,1,0,0,1,1,ACTIVE_WITH_PURCHASE_HISTORY,"Keep: Has active purchase/return activity"
"V-2005",TRUE,1,1,0,0,0,0,1,1,1,ACTIVE_WITH_PURCHASE_HISTORY,"Keep: Has active purchase/return activity"
"V-2013",TRUE,2,2,0,0,0,0,2,2,2,ACTIVE_WITH_PURCHASE_HISTORY,"Keep: Has active purchase/return activity"
"V-2045",TRUE,1,1,0,0,0,0,1,1,1,ACTIVE_WITH_PURCHASE_HISTORY,"Keep: Has active purchase/return activity"
"V-2108",TRUE,1,1,0,0,0,0,1,1,1,ACTIVE_WITH_PURCHASE_HISTORY,"Keep: Has active purchase/return activity"
"V-2121L",TRUE,1,1,0,1,1,0,0,1,1,ACTIVE_WITH_PURCHASE_HISTORY,"Keep: Has active purchase/return activity"
"V-2444",TRUE,1,1,0,0,0,0,1,1,1,ACTIVE_WITH_PURCHASE_HISTORY,"Keep: Has active purchase/return activity"
"V-2848SH",TRUE,1,1,0,1,1,1,0,1,1,ACTIVE_WITH_PURCHASE_HISTORY,"Keep: Has active purchase/return activity"
"V-4020L",TRUE,1,1,0,1,1,0,0,1,1,ACTIVE_WITH_PURCHASE_HISTORY,"Keep: Has active purchase/return activity"
"V-4044",TRUE,1,1,0,0,0,0,1,1,1,ACTIVE_WITH_PURCHASE_HISTORY,"Keep: Has active purchase/return activity"
"V-4051NL",TRUE,1,1,0,0,0,0,1,1,1,ACTIVE_WITH_PURCHASE_HISTORY,"Keep: Has active purchase/return activity"
"V-4056L",TRUE,1,1,0,1,1,0,0,1,1,ACTIVE_WITH_PURCHASE_HISTORY,"Keep: Has active purchase/return activity"
"V-4065SH",TRUE,1,1,0,0,0,0,1,1,1,ACTIVE_WITH_PURCHASE_HISTORY,"Keep: Has active purchase/return activity"
"V-4075L",TRUE,1,1,0,1,1,0,0,1,1,ACTIVE_WITH_PURCHASE_HISTORY,"Keep: Has active purchase/return activity"
"V-4088L",TRUE,1,1,0,0,0,0,1,1,1,ACTIVE_WITH_PURCHASE_HISTORY,"Keep: Has active purchase/return activity"
"V-5025NSH",TRUE,1,1,0,0,0,0,1,1,1,ACTIVE_WITH_PURCHASE_HISTORY,"Keep: Has active purchase/return activity"
"V-5098S",TRUE,2,2,0,0,0,0,2,2,2,ACTIVE_WITH_PURCHASE_HISTORY,"Keep: Has active purchase/return activity"
"V-6001",TRUE,1,1,0,0,0,0,1,1,1,ACTIVE_WITH_PURCHASE_HISTORY,"Keep: Has active purchase/return activity"
"V-6030L",TRUE,1,1,0,0,0,0,1,1,1,ACTIVE_WITH_PURCHASE_HISTORY,"Keep: Has active purchase/return activity"
"V-6034L",TRUE,1,1,0,0,0,0,1,1,1,ACTIVE_WITH_PURCHASE_HISTORY,"Keep: Has active purchase/return activity"
"V-7001L",TRUE,1,1,0,1,1,0,0,1,1,ACTIVE_WITH_PURCHASE_HISTORY,"Keep: Has active purchase/return activity"
"V-7019",TRUE,1,1,0,0,0,0,1,1,1,ACTIVE_WITH_PURCHASE_HISTORY,"Keep: Has active purchase/return activity"
"V-F1095",TRUE,0,0,0,0,0,0,1,1,1,ORPHAN_WITH_STOCK,"Audit: Has physical stock/printed barcodes but no purchase record"
"V1925S",TRUE,1,1,0,1,1,0,0,1,1,ACTIVE_WITH_PURCHASE_HISTORY,"Keep: Has active purchase/return activity"
"V1934S",TRUE,1,1,0,0,0,0,1,1,1,ACTIVE_WITH_PURCHASE_HISTORY,"Keep: Has active purchase/return activity"
"V1935S",TRUE,1,1,0,0,0,0,1,1,1,ACTIVE_WITH_PURCHASE_HISTORY,"Keep: Has active purchase/return activity"
"V2849SH",TRUE,1,1,0,0,0,0,1,1,1,ACTIVE_WITH_PURCHASE_HISTORY,"Keep: Has active purchase/return activity"
"V2853SH",TRUE,1,1,0,0,0,0,1,1,1,ACTIVE_WITH_PURCHASE_HISTORY,"Keep: Has active purchase/return activity"
"VA-115",TRUE,4,2,0,0,0,0,4,4,4,ACTIVE_WITH_PURCHASE_HISTORY,"Keep: Has active purchase/return activity"
"VA-117",TRUE,5,2,0,2,2,0,3,5,5,ACTIVE_WITH_PURCHASE_HISTORY,"Keep: Has active purchase/return activity"
"VA-120",TRUE,7,3,0,4,4,1,3,7,7,ACTIVE_WITH_PURCHASE_HISTORY,"Keep: Has active purchase/return activity"
"VA-121",TRUE,2,1,0,0,0,0,2,2,2,ACTIVE_WITH_PURCHASE_HISTORY,"Keep: Has active purchase/return activity"
"VA-122",TRUE,3,2,0,2,2,0,1,3,3,ACTIVE_WITH_PURCHASE_HISTORY,"Keep: Has active purchase/return activity"
"VA-125-A",TRUE,1,1,0,0,0,0,1,1,1,ACTIVE_WITH_PURCHASE_HISTORY,"Keep: Has active purchase/return activity"
"VA-125-B",TRUE,1,1,0,0,0,0,1,1,1,ACTIVE_WITH_PURCHASE_HISTORY,"Keep: Has active purchase/return activity"
"VALW-63",TRUE,0,0,0,0,0,0,0,0,0,SAFE_TO_DELETE_IDLE,"Safe to Delete: No purchases, returns, sales, or stock"
"VALW-64",TRUE,0,0,0,0,0,0,0,0,0,SAFE_TO_DELETE_IDLE,"Safe to Delete: No purchases, returns, sales, or stock"
"VALW-88",TRUE,0,0,0,0,0,0,0,0,0,SAFE_TO_DELETE_IDLE,"Safe to Delete: No purchases, returns, sales, or stock"
"VALW-89",TRUE,0,0,0,0,0,0,0,0,0,SAFE_TO_DELETE_IDLE,"Safe to Delete: No purchases, returns, sales, or stock"
"VALW-ANKL-W-AL-12",TRUE,0,0,0,0,0,0,0,0,0,SAFE_TO_DELETE_IDLE,"Safe to Delete: No purchases, returns, sales, or stock"
"VALW-ANKL-W-AL-13",TRUE,0,0,0,0,0,0,0,0,0,SAFE_TO_DELETE_IDLE,"Safe to Delete: No purchases, returns, sales, or stock"
"VALW-ANKL-W-AL-14",TRUE,0,0,0,0,0,0,0,0,0,SAFE_TO_DELETE_IDLE,"Safe to Delete: No purchases, returns, sales, or stock"
"VALW-ANKL-W-AL-15",TRUE,0,0,0,0,0,0,0,0,0,SAFE_TO_DELETE_IDLE,"Safe to Delete: No purchases, returns, sales, or stock"
"VALW-GC-W-AL-101",TRUE,0,0,0,0,0,0,0,0,0,SAFE_TO_DELETE_IDLE,"Safe to Delete: No purchases, returns, sales, or stock"
"VALW-GC-W-AL-102",TRUE,0,0,0,0,0,0,0,0,0,SAFE_TO_DELETE_IDLE,"Safe to Delete: No purchases, returns, sales, or stock"
"VALW-GC-W-AL-138",TRUE,0,0,0,0,0,0,0,0,0,SAFE_TO_DELETE_IDLE,"Safe to Delete: No purchases, returns, sales, or stock"
"VALW-GC-W-AL-153",TRUE,0,0,0,0,0,0,0,0,0,SAFE_TO_DELETE_IDLE,"Safe to Delete: No purchases, returns, sales, or stock"
"VALW-GC-W-AL-154",TRUE,0,0,0,0,0,0,0,0,0,SAFE_TO_DELETE_IDLE,"Safe to Delete: No purchases, returns, sales, or stock"
"VALW-GC-W-AL139",TRUE,0,0,0,0,0,0,0,0,0,SAFE_TO_DELETE_IDLE,"Safe to Delete: No purchases, returns, sales, or stock"
"VARSHA",TRUE,1,1,0,0,0,0,1,1,1,ACTIVE_WITH_PURCHASE_HISTORY,"Keep: Has active purchase/return activity"
"VF-453",TRUE,2,1,0,2,2,0,0,2,1,ACTIVE_WITH_PURCHASE_HISTORY,"Keep: Has active purchase/return activity"
"VF-466",TRUE,3,1,0,0,0,0,3,3,1,ACTIVE_WITH_PURCHASE_HISTORY,"Keep: Has active purchase/return activity"
"VS-101",TRUE,1,1,0,0,0,0,1,1,1,ACTIVE_WITH_PURCHASE_HISTORY,"Keep: Has active purchase/return activity"
"VS-101-2",TRUE,1,1,0,1,1,0,0,1,1,ACTIVE_WITH_PURCHASE_HISTORY,"Keep: Has active purchase/return activity"
"VTA-100",TRUE,4,1,0,1,1,0,3,4,2,ACTIVE_WITH_PURCHASE_HISTORY,"Keep: Has active purchase/return activity"
"VTA-154",TRUE,4,1,0,4,3,0,2,4,4,ACTIVE_WITH_PURCHASE_HISTORY,"Keep: Has active purchase/return activity"
"VTA-21",TRUE,4,1,0,3,3,0,2,4,2,ACTIVE_WITH_PURCHASE_HISTORY,"Keep: Has active purchase/return activity"
"VTA-63",TRUE,2,1,0,1,1,0,1,2,2,ACTIVE_WITH_PURCHASE_HISTORY,"Keep: Has active purchase/return activity"
"VTA-83",TRUE,3,1,0,2,2,0,1,3,2,ACTIVE_WITH_PURCHASE_HISTORY,"Keep: Has active purchase/return activity"
"VTA123",TRUE,3,1,0,0,0,0,3,3,2,ACTIVE_WITH_PURCHASE_HISTORY,"Keep: Has active purchase/return activity"
"VTA173",TRUE,3,1,0,0,0,0,6,6,6,ACTIVE_WITH_PURCHASE_HISTORY,"Keep: Has active purchase/return activity"
"VTA33",TRUE,5,1,0,0,0,0,9,9,6,ACTIVE_WITH_PURCHASE_HISTORY,"Keep: Has active purchase/return activity"
"VTA34",TRUE,4,1,0,0,0,0,8,8,8,ACTIVE_WITH_PURCHASE_HISTORY,"Keep: Has active purchase/return activity"
"VTA36",TRUE,4,1,0,3,3,0,3,6,4,ACTIVE_WITH_PURCHASE_HISTORY,"Keep: Has active purchase/return activity"
"VTA79",TRUE,4,1,0,0,0,0,4,4,2,ACTIVE_WITH_PURCHASE_HISTORY,"Keep: Has active purchase/return activity"
"VTA80",TRUE,4,1,0,0,0,0,4,4,2,ACTIVE_WITH_PURCHASE_HISTORY,"Keep: Has active purchase/return activity"
"VTA87",TRUE,3,1,0,0,0,0,6,6,4,ACTIVE_WITH_PURCHASE_HISTORY,"Keep: Has active purchase/return activity"
"VTA95",TRUE,2,1,0,1,1,0,1,2,2,ACTIVE_WITH_PURCHASE_HISTORY,"Keep: Has active purchase/return activity"
"W-11061",TRUE,2,1,0,1,1,0,1,2,2,ACTIVE_WITH_PURCHASE_HISTORY,"Keep: Has active purchase/return activity"
"W-215",TRUE,1,1,0,0,0,0,1,1,1,ACTIVE_WITH_PURCHASE_HISTORY,"Keep: Has active purchase/return activity"
"W-309",TRUE,1,1,0,0,0,0,1,1,1,ACTIVE_WITH_PURCHASE_HISTORY,"Keep: Has active purchase/return activity"
"W-354",TRUE,2,1,0,0,0,0,2,2,2,ACTIVE_WITH_PURCHASE_HISTORY,"Keep: Has active purchase/return activity"
"W1161",TRUE,1,1,0,0,0,0,1,1,1,ACTIVE_WITH_PURCHASE_HISTORY,"Keep: Has active purchase/return activity"
"W1270",TRUE,1,1,0,0,0,0,1,1,1,ACTIVE_WITH_PURCHASE_HISTORY,"Keep: Has active purchase/return activity"
"W1380",TRUE,1,1,0,1,1,0,0,1,1,ACTIVE_WITH_PURCHASE_HISTORY,"Keep: Has active purchase/return activity"
"W1423",TRUE,1,1,0,0,0,0,1,1,1,ACTIVE_WITH_PURCHASE_HISTORY,"Keep: Has active purchase/return activity"
"W1426",TRUE,1,1,0,1,1,0,0,1,1,ACTIVE_WITH_PURCHASE_HISTORY,"Keep: Has active purchase/return activity"
"WSS-91",TRUE,3,1,0,0,0,0,3,3,3,ACTIVE_WITH_PURCHASE_HISTORY,"Keep: Has active purchase/return activity"
"WSS-92",TRUE,2,1,0,0,0,0,2,2,2,ACTIVE_WITH_PURCHASE_HISTORY,"Keep: Has active purchase/return activity"
"XN-864",TRUE,1,1,0,0,0,0,1,1,1,ACTIVE_WITH_PURCHASE_HISTORY,"Keep: Has active purchase/return activity"
"Y-363",TRUE,5,1,0,2,2,0,3,5,5,ACTIVE_WITH_PURCHASE_HISTORY,"Keep: Has active purchase/return activity"
"YSH-011",TRUE,1,1,0,1,1,0,0,1,1,ACTIVE_WITH_PURCHASE_HISTORY,"Keep: Has active purchase/return activity"
"YSH-06",TRUE,2,1,0,2,2,0,0,2,2,ACTIVE_WITH_PURCHASE_HISTORY,"Keep: Has active purchase/return activity"
"Z-111",TRUE,1,1,0,1,1,0,0,1,1,ACTIVE_WITH_PURCHASE_HISTORY,"Keep: Has active purchase/return activity"
"Z-7362",TRUE,1,1,0,1,1,0,0,1,1,ACTIVE_WITH_PURCHASE_HISTORY,"Keep: Has active purchase/return activity"
"Z-7624-B",TRUE,1,1,0,0,0,0,1,1,1,ACTIVE_WITH_PURCHASE_HISTORY,"Keep: Has active purchase/return activity"
"Z-7624-P",TRUE,1,1,0,1,1,0,0,1,1,ACTIVE_WITH_PURCHASE_HISTORY,"Keep: Has active purchase/return activity"
"Z-8105",TRUE,1,1,0,1,1,0,0,1,1,ACTIVE_WITH_PURCHASE_HISTORY,"Keep: Has active purchase/return activity"
"Z-8121",TRUE,1,1,0,1,1,0,0,1,1,ACTIVE_WITH_PURCHASE_HISTORY,"Keep: Has active purchase/return activity"
"Z-8453",TRUE,1,1,0,1,1,0,0,1,1,ACTIVE_WITH_PURCHASE_HISTORY,"Keep: Has active purchase/return activity"
"Z-8508",TRUE,1,1,0,1,1,0,0,1,1,ACTIVE_WITH_PURCHASE_HISTORY,"Keep: Has active purchase/return activity"
"Z-8553",TRUE,1,1,0,0,0,0,1,1,1,ACTIVE_WITH_PURCHASE_HISTORY,"Keep: Has active purchase/return activity"
"Z-8612",TRUE,1,1,0,1,1,0,0,1,1,ACTIVE_WITH_PURCHASE_HISTORY,"Keep: Has active purchase/return activity"
"Z-9027",TRUE,1,1,0,1,1,0,0,1,1,ACTIVE_WITH_PURCHASE_HISTORY,"Keep: Has active purchase/return activity"
"Z-9075",TRUE,2,1,0,1,1,0,1,2,2,ACTIVE_WITH_PURCHASE_HISTORY,"Keep: Has active purchase/return activity"
"Z-9095",TRUE,1,1,0,1,1,0,0,1,1,ACTIVE_WITH_PURCHASE_HISTORY,"Keep: Has active purchase/return activity"
"Z05918",TRUE,1,1,0,0,0,0,1,1,1,ACTIVE_WITH_PURCHASE_HISTORY,"Keep: Has active purchase/return activity"
"Z1",TRUE,2,1,0,0,0,0,1,1,1,ACTIVE_WITH_PURCHASE_HISTORY,"Keep: Has active purchase/return activity"
"Z10",TRUE,1,1,0,0,0,0,1,1,1,ACTIVE_WITH_PURCHASE_HISTORY,"Keep: Has active purchase/return activity"
"Z11",TRUE,3,1,0,0,0,0,3,3,3,ACTIVE_WITH_PURCHASE_HISTORY,"Keep: Has active purchase/return activity"
"Z12",TRUE,1,1,0,0,0,0,1,1,1,ACTIVE_WITH_PURCHASE_HISTORY,"Keep: Has active purchase/return activity"
"Z13",TRUE,1,1,0,0,0,0,1,1,1,ACTIVE_WITH_PURCHASE_HISTORY,"Keep: Has active purchase/return activity"
"Z2",TRUE,2,1,0,0,0,0,2,2,2,ACTIVE_WITH_PURCHASE_HISTORY,"Keep: Has active purchase/return activity"
"Z3",TRUE,6,1,0,2,2,0,4,6,6,ACTIVE_WITH_PURCHASE_HISTORY,"Keep: Has active purchase/return activity"
"Z4",TRUE,2,1,0,0,0,0,2,2,2,ACTIVE_WITH_PURCHASE_HISTORY,"Keep: Has active purchase/return activity"
"Z5",TRUE,16,1,0,4,2,0,12,16,16,ACTIVE_WITH_PURCHASE_HISTORY,"Keep: Has active purchase/return activity"
"Z6",TRUE,8,1,0,2,2,0,6,8,8,ACTIVE_WITH_PURCHASE_HISTORY,"Keep: Has active purchase/return activity"
"Z7",TRUE,4,1,0,0,0,0,4,4,4,ACTIVE_WITH_PURCHASE_HISTORY,"Keep: Has active purchase/return activity"
"Z8",TRUE,5,1,0,2,2,0,3,5,5,ACTIVE_WITH_PURCHASE_HISTORY,"Keep: Has active purchase/return activity"
"Z9",TRUE,3,1,0,1,1,0,2,3,3,ACTIVE_WITH_PURCHASE_HISTORY,"Keep: Has active purchase/return activity"
"ZA-199C",TRUE,1,1,0,0,0,0,1,1,1,ACTIVE_WITH_PURCHASE_HISTORY,"Keep: Has active purchase/return activity"
"ZA-199F",TRUE,1,1,0,0,0,0,1,1,1,ACTIVE_WITH_PURCHASE_HISTORY,"Keep: Has active purchase/return activity"
"ZA-336D",TRUE,1,1,0,1,1,0,0,1,1,ACTIVE_WITH_PURCHASE_HISTORY,"Keep: Has active purchase/return activity"
"ZA-336J",TRUE,1,1,0,1,1,0,0,1,1,ACTIVE_WITH_PURCHASE_HISTORY,"Keep: Has active purchase/return activity"